{"type":"FeatureCollection","features":[{"type":"Feature","id":1,"geometry":{"type":"Point","coordinates":[-77.69599999999997,7.2180000000000746]},"properties":{"OBJECTID":1,"evento_id":"25425","fecha_utc":"1924-07-06T19:18:51+00:00","anio":1924,"magnitud":6.4299999999999997,"magnitud_clase":"6.0 - 6.9","profundidad_km":20,"profundidad_clase":"Superficial (\u003c70 km)","depto_codigo":"27","mun_codigo":"27372","fuente_magnitud":"ISC-GEM"}},{"type":"Feature","id":2,"geometry":{"type":"Point","coordinates":[-76.314999999999941,3.9570000000000505]},"properties":{"OBJECTID":2,"evento_id":"25643","fecha_utc":"1925-06-08T04:41:46+00:00","anio":1925,"magnitud":6.1000000000000005,"magnitud_clase":"6.0 - 6.9","profundidad_km":120,"profundidad_clase":"Intermedio (70-300 km)","depto_codigo":"76","mun_codigo":"76111","fuente_magnitud":"SGC"}},{"type":"Feature","id":3,"geometry":{"type":"Point","coordinates":[-77.759999999999934,0.94000000000005457]},"properties":{"OBJECTID":3,"evento_id":"26332","fecha_utc":"1926-12-19T06:50:00+00:00","anio":1926,"magnitud":6,"magnitud_clase":"6.0 - 6.9","profundidad_km":10,"profundidad_clase":"Superficial (\u003c70 km)","depto_codigo":"52","mun_codigo":"52317","fuente_magnitud":"SGC"}},{"type":"Feature","id":4,"geometry":{"type":"Point","coordinates":[-73.865999999999985,3.7250000000000227]},"properties":{"OBJECTID":4,"evento_id":"25404","fecha_utc":"1917-08-30T08:24:19+00:00","anio":1917,"magnitud":6.4299999999999997,"magnitud_clase":"6.0 - 6.9","profundidad_km":15,"profundidad_clase":"Superficial (\u003c70 km)","depto_codigo":"50","mun_codigo":"50270","fuente_magnitud":"ISC-GEM"}},{"type":"Feature","id":5,"geometry":{"type":"Point","coordinates":[-73.648999999999944,3.79200000000003]},"properties":{"OBJECTID":5,"evento_id":"25405","fecha_utc":"1917-08-31T16:36:24+00:00","anio":1917,"magnitud":7.0499999999999998,"magnitud_clase":"\u003e= 7.0","profundidad_km":15,"profundidad_clase":"Superficial (\u003c70 km)","depto_codigo":"50","mun_codigo":"50150","fuente_magnitud":"ISC-GEM"}},{"type":"Feature","id":6,"geometry":{"type":"Point","coordinates":[-72.255999999999972,-0.62499999999994316]},"properties":{"OBJECTID":6,"evento_id":"25638","fecha_utc":"1918-12-21T14:24:55+00:00","anio":1918,"magnitud":6.2000000000000002,"magnitud_clase":"6.0 - 6.9","profundidad_km":35,"profundidad_clase":"Superficial (\u003c70 km)","depto_codigo":"91","mun_codigo":"91669","fuente_magnitud":"ISC-GEM"}},{"type":"Feature","id":7,"geometry":{"type":"Point","coordinates":[-77.468999999999937,3.1560000000000628]},"properties":{"OBJECTID":7,"evento_id":"25409","fecha_utc":"1920-01-30T23:26:47+00:00","anio":1920,"magnitud":6.3500000000000005,"magnitud_clase":"6.0 - 6.9","profundidad_km":35,"profundidad_clase":"Superficial (\u003c70 km)","depto_codigo":"19","mun_codigo":"19418","fuente_magnitud":"ISC-GEM"}},{"type":"Feature","id":8,"geometry":{"type":"Point","coordinates":[-71.458999999999946,11.829000000000065]},"properties":{"OBJECTID":8,"evento_id":"25413","fecha_utc":"1921-11-13T13:40:57+00:00","anio":1921,"magnitud":6.3500000000000005,"magnitud_clase":"6.0 - 6.9","profundidad_km":15,"profundidad_clase":"Superficial (\u003c70 km)","depto_codigo":"44","mun_codigo":"44847","fuente_magnitud":"ISC-GEM"}},{"type":"Feature","id":9,"geometry":{"type":"Point","coordinates":[-73.508999999999958,4.5600000000000591]},"properties":{"OBJECTID":9,"evento_id":"25417","fecha_utc":"1923-12-22T14:56:12+00:00","anio":1923,"magnitud":6.3799999999999999,"magnitud_clase":"6.0 - 6.9","profundidad_km":15,"profundidad_clase":"Superficial (\u003c70 km)","depto_codigo":"25","mun_codigo":"25438","fuente_magnitud":"ISC-GEM"}},{"type":"Feature","id":10,"geometry":{"type":"Point","coordinates":[-78.327999999999975,2.0940000000000509]},"properties":{"OBJECTID":10,"evento_id":"25390","fecha_utc":"1907-06-05T08:18:08+00:00","anio":1907,"magnitud":6.4699999999999998,"magnitud_clase":"6.0 - 6.9","profundidad_km":35,"profundidad_clase":"Superficial (\u003c70 km)","depto_codigo":"52","mun_codigo":"52490","fuente_magnitud":"ISC-GEM"}},{"type":"Feature","id":11,"geometry":{"type":"Point","coordinates":[-74.41599999999994,7.5410000000000537]},"properties":{"OBJECTID":11,"evento_id":"25391","fecha_utc":"1911-04-10T23:38:32+00:00","anio":1911,"magnitud":6.3799999999999999,"magnitud_clase":"6.0 - 6.9","profundidad_km":70,"profundidad_clase":"Intermedio (70-300 km)","depto_codigo":"13","mun_codigo":"13688","fuente_magnitud":"ISC-GEM"}},{"type":"Feature","id":12,"geometry":{"type":"Point","coordinates":[-76.539999999999964,2.8800000000000523]},"properties":{"OBJECTID":12,"evento_id":"26330","fecha_utc":"1885-05-26T01:05:00+00:00","anio":1885,"magnitud":6.4000000000000004,"magnitud_clase":"6.0 - 6.9","profundidad_km":20,"profundidad_clase":"Superficial (\u003c70 km)","depto_codigo":"19","mun_codigo":"19698","fuente_magnitud":"SGC"}},{"type":"Feature","id":13,"geometry":{"type":"Point","coordinates":[-72.639999999999986,7.3700000000000614]},"properties":{"OBJECTID":13,"evento_id":"26314","fecha_utc":"1644-01-16T15:00:00+00:00","anio":1644,"magnitud":6.5,"magnitud_clase":"6.0 - 6.9","profundidad_km":15,"profundidad_clase":"Superficial (\u003c70 km)","depto_codigo":"54","mun_codigo":"54518","fuente_magnitud":"SGC"}},{"type":"Feature","id":14,"geometry":{"type":"Point","coordinates":[-74.129999999999939,5.5200000000000387]},"properties":{"OBJECTID":14,"evento_id":"26316","fecha_utc":"1646-04-03T12:00:00+00:00","anio":1646,"magnitud":6,"magnitud_clase":"6.0 - 6.9","profundidad_km":15,"profundidad_clase":"Superficial (\u003c70 km)","depto_codigo":"15","mun_codigo":"15480","fuente_magnitud":"SGC"}},{"type":"Feature","id":15,"geometry":{"type":"Point","coordinates":[-76.499999999999943,2.5000000000000568]},"properties":{"OBJECTID":15,"evento_id":"26317","fecha_utc":"1736-02-02T19:00:00+00:00","anio":1736,"magnitud":6,"magnitud_clase":"6.0 - 6.9","profundidad_km":15,"profundidad_clase":"Superficial (\u003c70 km)","depto_codigo":"19","mun_codigo":"19824","fuente_magnitud":"SGC"}},{"type":"Feature","id":16,"geometry":{"type":"Point","coordinates":[-73.829999999999984,4.4400000000000546]},"properties":{"OBJECTID":16,"evento_id":"26318","fecha_utc":"1743-10-18T20:45:00+00:00","anio":1743,"magnitud":6.2000000000000002,"magnitud_clase":"6.0 - 6.9","profundidad_km":15,"profundidad_clase":"Superficial (\u003c70 km)","depto_codigo":"25","mun_codigo":"25279","fuente_magnitud":"SGC"}},{"type":"Feature","id":17,"geometry":{"type":"Point","coordinates":[-76.399999999999977,3.82000000000005]},"properties":{"OBJECTID":17,"evento_id":"26319","fecha_utc":"1766-07-10T02:00:00+00:00","anio":1766,"magnitud":6.5,"magnitud_clase":"6.0 - 6.9","profundidad_km":15,"profundidad_clase":"Superficial (\u003c70 km)","depto_codigo":"76","mun_codigo":"76890","fuente_magnitud":"SGC"}},{"type":"Feature","id":18,"geometry":{"type":"Point","coordinates":[-74.309999999999945,2.9700000000000273]},"properties":{"OBJECTID":18,"evento_id":"26320","fecha_utc":"1785-07-12T17:45:00+00:00","anio":1785,"magnitud":7.1000000000000005,"magnitud_clase":"\u003e= 7.0","profundidad_km":10,"profundidad_clase":"Superficial (\u003c70 km)","depto_codigo":"50","mun_codigo":"50370","fuente_magnitud":"SGC"}},{"type":"Feature","id":19,"geometry":{"type":"Point","coordinates":[-74.869999999999948,5.3700000000000614]},"properties":{"OBJECTID":19,"evento_id":"26322","fecha_utc":"1805-06-16T13:15:00+00:00","anio":1805,"magnitud":6.1000000000000005,"magnitud_clase":"6.0 - 6.9","profundidad_km":15,"profundidad_clase":"Superficial (\u003c70 km)","depto_codigo":"17","mun_codigo":"17867","fuente_magnitud":"SGC"}},{"type":"Feature","id":20,"geometry":{"type":"Point","coordinates":[-73.589999999999975,5.0100000000000477]},"properties":{"OBJECTID":20,"evento_id":"26323","fecha_utc":"1826-06-18T08:30:00+00:00","anio":1826,"magnitud":6.5,"magnitud_clase":"6.0 - 6.9","profundidad_km":15,"profundidad_clase":"Superficial (\u003c70 km)","depto_codigo":"25","mun_codigo":"25426","fuente_magnitud":"SGC"}},{"type":"Feature","id":21,"geometry":{"type":"Point","coordinates":[-75.519999999999982,1.8000000000000682]},"properties":{"OBJECTID":21,"evento_id":"26324","fecha_utc":"1827-11-17T04:00:00+00:00","anio":1827,"magnitud":7.1000000000000005,"magnitud_clase":"\u003e= 7.0","profundidad_km":15,"profundidad_clase":"Superficial (\u003c70 km)","depto_codigo":"18","mun_codigo":"18001","fuente_magnitud":"SGC"}},{"type":"Feature","id":22,"geometry":{"type":"Point","coordinates":[-76.92999999999995,1.1000000000000227]},"properties":{"OBJECTID":22,"evento_id":"26325","fecha_utc":"1834-01-20T17:00:00+00:00","anio":1834,"magnitud":6.7000000000000002,"magnitud_clase":"6.0 - 6.9","profundidad_km":15,"profundidad_clase":"Superficial (\u003c70 km)","depto_codigo":"86","mun_codigo":"86755","fuente_magnitud":"SGC"}},{"type":"Feature","id":23,"geometry":{"type":"Point","coordinates":[-76.321999999999946,4.6230000000000473]},"properties":{"OBJECTID":23,"evento_id":"18125","fecha_utc":"2019-03-24T00:21:17+00:00","anio":2019,"magnitud":6.0802000000000005,"magnitud_clase":"6.0 - 6.9","profundidad_km":127.40000000000001,"profundidad_clase":"Intermedio (70-300 km)","depto_codigo":"27","mun_codigo":"27745","fuente_magnitud":"GCMT"}},{"type":"Feature","id":24,"geometry":{"type":"Point","coordinates":[-73.126999999999953,6.8370000000000459]},"properties":{"OBJECTID":24,"evento_id":"14089","fecha_utc":"2015-03-11T01:55:44+00:00","anio":2015,"magnitud":6.2492000000000001,"magnitud_clase":"6.0 - 6.9","profundidad_km":161.20000000000002,"profundidad_clase":"Intermedio (70-300 km)","depto_codigo":"68","mun_codigo":"68418","fuente_magnitud":"GCMT"}},{"type":"Feature","id":25,"geometry":{"type":"Point","coordinates":[-77.586999999999989,1.1440000000000623]},"properties":{"OBJECTID":25,"evento_id":"12594","fecha_utc":"2013-02-09T19:16:05+00:00","anio":2013,"magnitud":6.9748000000000001,"magnitud_clase":"6.0 - 6.9","profundidad_km":163.70000000000002,"profundidad_clase":"Intermedio (70-300 km)","depto_codigo":"52","mun_codigo":"52838","fuente_magnitud":"GCMT"}},{"type":"Feature","id":26,"geometry":{"type":"Point","coordinates":[-76.458999999999946,1.9670000000000414]},"properties":{"OBJECTID":26,"evento_id":"12437","fecha_utc":"2012-09-30T21:31:35+00:00","anio":2012,"magnitud":7.2365000000000004,"magnitud_clase":"\u003e= 7.0","profundidad_km":167.09999999999999,"profundidad_clase":"Intermedio (70-300 km)","depto_codigo":"41","mun_codigo":"41668","fuente_magnitud":"GCMT"}},{"type":"Feature","id":27,"geometry":{"type":"Point","coordinates":[-77.70999999999998,7.2430000000000518]},"properties":{"OBJECTID":27,"evento_id":"7765","fecha_utc":"2000-11-08T12:00:02+00:00","anio":2000,"magnitud":6.4992000000000001,"magnitud_clase":"6.0 - 6.9","profundidad_km":40.200000000000003,"profundidad_clase":"Superficial (\u003c70 km)","depto_codigo":"27","mun_codigo":"27372","fuente_magnitud":"GCMT"}},{"type":"Feature","id":28,"geometry":{"type":"Point","coordinates":[-75.664999999999964,4.3910000000000764]},"properties":{"OBJECTID":28,"evento_id":"7263","fecha_utc":"1999-01-25T23:19:18+00:00","anio":1999,"magnitud":6.1355000000000004,"magnitud_clase":"6.0 - 6.9","profundidad_km":0,"profundidad_clase":"Superficial (\u003c70 km)","depto_codigo":"63","mun_codigo":"63212","fuente_magnitud":"GCMT"}},{"type":"Feature","id":29,"geometry":{"type":"Point","coordinates":[-75.849999999999966,3.9880000000000564]},"properties":{"OBJECTID":29,"evento_id":"6980","fecha_utc":"1997-12-11T12:56:30+00:00","anio":1997,"magnitud":6.3362000000000007,"magnitud_clase":"6.0 - 6.9","profundidad_km":207.80000000000001,"profundidad_clase":"Intermedio (70-300 km)","depto_codigo":"76","mun_codigo":"76834","fuente_magnitud":"GCMT"}},{"type":"Feature","id":30,"geometry":{"type":"Point","coordinates":[-75.786999999999978,3.9140000000000441]},"properties":{"OBJECTID":30,"evento_id":"6918","fecha_utc":"1997-09-02T17:13:21+00:00","anio":1997,"magnitud":6.7397,"magnitud_clase":"6.0 - 6.9","profundidad_km":228,"profundidad_clase":"Intermedio (70-300 km)","depto_codigo":"73","mun_codigo":"73168","fuente_magnitud":"GCMT"}},{"type":"Feature","id":31,"geometry":{"type":"Point","coordinates":[-77.435999999999979,7.3580000000000609]},"properties":{"OBJECTID":31,"evento_id":"6655","fecha_utc":"1996-11-04T22:24:58+00:00","anio":1996,"magnitud":6.2562000000000006,"magnitud_clase":"6.0 - 6.9","profundidad_km":0,"profundidad_clase":"Superficial (\u003c70 km)","depto_codigo":"27","mun_codigo":"27615","fuente_magnitud":"GCMT"}},{"type":"Feature","id":32,"geometry":{"type":"Point","coordinates":[-75.68199999999996,5.1110000000000468]},"properties":{"OBJECTID":32,"evento_id":"6106","fecha_utc":"1995-08-20T02:43:33+00:00","anio":1995,"magnitud":6.5251000000000001,"magnitud_clase":"6.0 - 6.9","profundidad_km":117.8,"profundidad_clase":"Intermedio (70-300 km)","depto_codigo":"17","mun_codigo":"17524","fuente_magnitud":"GCMT"}},{"type":"Feature","id":33,"geometry":{"type":"Point","coordinates":[-76.687999999999988,4.1030000000000655]},"properties":{"OBJECTID":33,"evento_id":"5942","fecha_utc":"1995-02-08T23:40:28+00:00","anio":1995,"magnitud":6.3411,"magnitud_clase":"6.0 - 6.9","profundidad_km":46,"profundidad_clase":"Superficial (\u003c70 km)","depto_codigo":"27","mun_codigo":"27250","fuente_magnitud":"GCMT"}},{"type":"Feature","id":34,"geometry":{"type":"Point","coordinates":[-72.993999999999971,5.0330000000000723]},"properties":{"OBJECTID":34,"evento_id":"5914","fecha_utc":"1995-01-19T20:05:06+00:00","anio":1995,"magnitud":6.4996,"magnitud_clase":"6.0 - 6.9","profundidad_km":4,"profundidad_clase":"Superficial (\u003c70 km)","depto_codigo":"15","mun_codigo":"15514","fuente_magnitud":"GCMT"}},{"type":"Feature","id":35,"geometry":{"type":"Point","coordinates":[-76.739999999999952,7.2190000000000509]},"properties":{"OBJECTID":35,"evento_id":"5828","fecha_utc":"1994-09-13T15:01:35+00:00","anio":1994,"magnitud":6.0202,"magnitud_clase":"6.0 - 6.9","profundidad_km":31.100000000000001,"profundidad_clase":"Superficial (\u003c70 km)","depto_codigo":"27","mun_codigo":"27086","fuente_magnitud":"GCMT"}},{"type":"Feature","id":36,"geometry":{"type":"Point","coordinates":[-76.043999999999983,2.9280000000000541]},"properties":{"OBJECTID":36,"evento_id":"5768","fecha_utc":"1994-06-07T01:47:40+00:00","anio":1994,"magnitud":6.7765000000000004,"magnitud_clase":"6.0 - 6.9","profundidad_km":0,"profundidad_clase":"Superficial (\u003c70 km)","depto_codigo":"19","mun_codigo":"19517","fuente_magnitud":"GCMT"}},{"type":"Feature","id":37,"geometry":{"type":"Point","coordinates":[-70.978999999999985,6.4040000000000532]},"properties":{"OBJECTID":37,"evento_id":"5582","fecha_utc":"1993-07-22T09:57:07+00:00","anio":1993,"magnitud":6.0137,"magnitud_clase":"6.0 - 6.9","profundidad_km":12,"profundidad_clase":"Superficial (\u003c70 km)","depto_codigo":"81","mun_codigo":"81591","fuente_magnitud":"GCMT"}},{"type":"Feature","id":38,"geometry":{"type":"Point","coordinates":[-76.797999999999945,7.0790000000000646]},"properties":{"OBJECTID":38,"evento_id":"5281","fecha_utc":"1992-10-18T19:12:02+00:00","anio":1992,"magnitud":7.1044,"magnitud_clase":"\u003e= 7.0","profundidad_km":21.100000000000001,"profundidad_clase":"Superficial (\u003c70 km)","depto_codigo":"27","mun_codigo":"27150","fuente_magnitud":"GCMT"}},{"type":"Feature","id":39,"geometry":{"type":"Point","coordinates":[-76.732999999999947,6.8540000000000418]},"properties":{"OBJECTID":39,"evento_id":"5267","fecha_utc":"1992-10-17T12:32:41+00:00","anio":1992,"magnitud":6.6349,"magnitud_clase":"6.0 - 6.9","profundidad_km":12.800000000000001,"profundidad_clase":"Superficial (\u003c70 km)","depto_codigo":"5","mun_codigo":"5475","fuente_magnitud":"GCMT"}},{"type":"Feature","id":40,"geometry":{"type":"Point","coordinates":[-75.766999999999939,4.4530000000000314]},"properties":{"OBJECTID":40,"evento_id":"3029","fecha_utc":"1980-06-25T17:04:58+00:00","anio":1980,"magnitud":6.3289,"magnitud_clase":"6.0 - 6.9","profundidad_km":164.59999999999999,"profundidad_clase":"Intermedio (70-300 km)","depto_codigo":"63","mun_codigo":"63001","fuente_magnitud":"GCMT"}},{"type":"Feature","id":41,"geometry":{"type":"Point","coordinates":[-76.208999999999946,4.7900000000000205]},"properties":{"OBJECTID":41,"evento_id":"2803","fecha_utc":"1979-11-24T04:40:30+00:00","anio":1979,"magnitud":7.1981000000000002,"magnitud_clase":"\u003e= 7.0","profundidad_km":104.5,"profundidad_clase":"Intermedio (70-300 km)","depto_codigo":"76","mun_codigo":"76246","fuente_magnitud":"GCMT"}},{"type":"Feature","id":42,"geometry":{"type":"Point","coordinates":[-76.16599999999994,7.3390000000000555]},"properties":{"OBJECTID":42,"evento_id":"2434","fecha_utc":"1977-08-31T05:42:05+00:00","anio":1977,"magnitud":6.5167000000000002,"magnitud_clase":"6.0 - 6.9","profundidad_km":24.100000000000001,"profundidad_clase":"Superficial (\u003c70 km)","depto_codigo":"5","mun_codigo":"5361","fuente_magnitud":"GCMT"}},{"type":"Feature","id":43,"geometry":{"type":"Point","coordinates":[-77.765999999999963,7.1370000000000573]},"properties":{"OBJECTID":43,"evento_id":"1927","fecha_utc":"1975-01-25T07:08:41+00:00","anio":1975,"magnitud":6.4400000000000004,"magnitud_clase":"6.0 - 6.9","profundidad_km":25,"profundidad_clase":"Superficial (\u003c70 km)","depto_codigo":"27","mun_codigo":"27372","fuente_magnitud":"ISC-GEM"}},{"type":"Feature","id":44,"geometry":{"type":"Point","coordinates":[-71.366999999999962,2.6520000000000437]},"properties":{"OBJECTID":44,"evento_id":"1867","fecha_utc":"1974-09-27T09:08:59+00:00","anio":1974,"magnitud":6.2999999999999998,"magnitud_clase":"6.0 - 6.9","profundidad_km":17.600000000000001,"profundidad_clase":"Superficial (\u003c70 km)","depto_codigo":"95","mun_codigo":"95001","fuente_magnitud":"ISC-GEM"}},{"type":"Feature","id":45,"geometry":{"type":"Point","coordinates":[-72.800999999999988,7.2200000000000273]},"properties":{"OBJECTID":45,"evento_id":"1657","fecha_utc":"1973-08-30T23:25:43+00:00","anio":1973,"magnitud":6.2842000000000002,"magnitud_clase":"6.0 - 6.9","profundidad_km":179.59999999999999,"profundidad_clase":"Intermedio (70-300 km)","depto_codigo":"54","mun_codigo":"54743","fuente_magnitud":"GCMT"}},{"type":"Feature","id":46,"geometry":{"type":"Point","coordinates":[-75.664999999999964,4.6100000000000705]},"properties":{"OBJECTID":46,"evento_id":"1569","fecha_utc":"1973-04-03T18:54:02+00:00","anio":1973,"magnitud":6.2456000000000005,"magnitud_clase":"6.0 - 6.9","profundidad_km":150.40000000000001,"profundidad_clase":"Intermedio (70-300 km)","depto_codigo":"63","mun_codigo":"63190","fuente_magnitud":"GCMT"}},{"type":"Feature","id":47,"geometry":{"type":"Point","coordinates":[-72.599999999999966,-1.4979999999999336]},"properties":{"OBJECTID":47,"evento_id":"1185","fecha_utc":"1970-07-31T22:08:05+00:00","anio":1970,"magnitud":8,"magnitud_clase":"\u003e= 7.0","profundidad_km":644.10000000000002,"profundidad_clase":"Profundo (\u003e300 km)","depto_codigo":"91","mun_codigo":"91405","fuente_magnitud":"ISC-GEM"}},{"type":"Feature","id":48,"geometry":{"type":"Point","coordinates":[-73.089999999999975,6.7830000000000723]},"properties":{"OBJECTID":48,"evento_id":"708","fecha_utc":"1967-07-29T15:24:26+00:00","anio":1967,"magnitud":6.7702,"magnitud_clase":"6.0 - 6.9","profundidad_km":163,"profundidad_clase":"Intermedio (70-300 km)","depto_codigo":"68","mun_codigo":"68418","fuente_magnitud":"GCMT"}},{"type":"Feature","id":49,"geometry":{"type":"Point","coordinates":[-74.801999999999964,2.9010000000000673]},"properties":{"OBJECTID":49,"evento_id":"602","fecha_utc":"1967-02-09T20:24:46+00:00","anio":1967,"magnitud":7,"magnitud_clase":"\u003e= 7.0","profundidad_km":35,"profundidad_clase":"Superficial (\u003c70 km)","depto_codigo":"18","mun_codigo":"18753","fuente_magnitud":"ISC-GEM"}},{"type":"Feature","id":50,"geometry":{"type":"Point","coordinates":[-76.351999999999975,5.1730000000000587]},"properties":{"OBJECTID":50,"evento_id":"25616","fecha_utc":"1962-07-31T01:18:53+00:00","anio":1962,"magnitud":6.5099999999999998,"magnitud_clase":"6.0 - 6.9","profundidad_km":64,"profundidad_clase":"Superficial (\u003c70 km)","depto_codigo":"27","mun_codigo":"27580","fuente_magnitud":"ISC-GEM"}},{"type":"Feature","id":51,"geometry":{"type":"Point","coordinates":[-77.541999999999973,6.8380000000000223]},"properties":{"OBJECTID":51,"evento_id":"25604","fecha_utc":"1960-09-20T00:01:24+00:00","anio":1960,"magnitud":6.2599999999999998,"magnitud_clase":"6.0 - 6.9","profundidad_km":15,"profundidad_clase":"Superficial (\u003c70 km)","depto_codigo":"27","mun_codigo":"27615","fuente_magnitud":"ISC-GEM"}},{"type":"Feature","id":52,"geometry":{"type":"Point","coordinates":[-72.09499999999997,6.8680000000000518]},"properties":{"OBJECTID":52,"evento_id":"25575","fecha_utc":"1957-04-22T02:12:31+00:00","anio":1957,"magnitud":6.6400000000000006,"magnitud_clase":"6.0 - 6.9","profundidad_km":25,"profundidad_clase":"Superficial (\u003c70 km)","depto_codigo":"15","mun_codigo":"15223","fuente_magnitud":"ISC-GEM"}},{"type":"Feature","id":53,"geometry":{"type":"Point","coordinates":[-76.751999999999953,3.7000000000000455]},"properties":{"OBJECTID":53,"evento_id":"25576","fecha_utc":"1957-05-24T07:37:50+00:00","anio":1957,"magnitud":6.1200000000000001,"magnitud_clase":"6.0 - 6.9","profundidad_km":52.300000000000004,"profundidad_clase":"Superficial (\u003c70 km)","depto_codigo":"76","mun_codigo":"76233","fuente_magnitud":"ISC-GEM"}},{"type":"Feature","id":54,"geometry":{"type":"Point","coordinates":[-72.612999999999943,7.7970000000000255]},"properties":{"OBJECTID":54,"evento_id":"25776","fecha_utc":"1950-07-09T07:35:33+00:00","anio":1950,"magnitud":6.1000000000000005,"magnitud_clase":"6.0 - 6.9","profundidad_km":15,"profundidad_clase":"Superficial (\u003c70 km)","depto_codigo":"54","mun_codigo":"54673","fuente_magnitud":"SGC"}},{"type":"Feature","id":55,"geometry":{"type":"Point","coordinates":[-71.940999999999974,7.0130000000000337]},"properties":{"OBJECTID":55,"evento_id":"25548","fecha_utc":"1952-04-19T14:58:56+00:00","anio":1952,"magnitud":6.4500000000000002,"magnitud_clase":"6.0 - 6.9","profundidad_km":28.199999999999999,"profundidad_clase":"Superficial (\u003c70 km)","depto_codigo":"81","mun_codigo":"81736","fuente_magnitud":"ISC-GEM"}},{"type":"Feature","id":56,"geometry":{"type":"Point","coordinates":[-77.229999999999961,1.3000000000000682]},"properties":{"OBJECTID":56,"evento_id":"26337","fecha_utc":"1947-07-14T12:00:00+00:00","anio":1947,"magnitud":6,"magnitud_clase":"6.0 - 6.9","profundidad_km":10,"profundidad_clase":"Superficial (\u003c70 km)","depto_codigo":"52","mun_codigo":"52110","fuente_magnitud":"SGC"}},{"type":"Feature","id":57,"geometry":{"type":"Point","coordinates":[-75.523999999999944,9.2760000000000673]},"properties":{"OBJECTID":57,"evento_id":"25525","fecha_utc":"1942-12-26T17:31:50+00:00","anio":1942,"magnitud":6.25,"magnitud_clase":"6.0 - 6.9","profundidad_km":15,"profundidad_clase":"Superficial (\u003c70 km)","depto_codigo":"70","mun_codigo":"70523","fuente_magnitud":"ISC-GEM"}},{"type":"Feature","id":58,"geometry":{"type":"Point","coordinates":[-77.599999999999966,1.1000000000000227]},"properties":{"OBJECTID":58,"evento_id":"26336","fecha_utc":"1936-07-17T22:30:00+00:00","anio":1936,"magnitud":6.2999999999999998,"magnitud_clase":"6.0 - 6.9","profundidad_km":10,"profundidad_clase":"Superficial (\u003c70 km)","depto_codigo":"52","mun_codigo":"52838","fuente_magnitud":"SGC"}},{"type":"Feature","id":59,"geometry":{"type":"Point","coordinates":[-77.339999999999975,1.1100000000000705]},"properties":{"OBJECTID":59,"evento_id":"26341","fecha_utc":"1935-08-07T14:00:00+00:00","anio":1935,"magnitud":6.1000000000000005,"magnitud_clase":"6.0 - 6.9","profundidad_km":10,"profundidad_clase":"Superficial (\u003c70 km)","depto_codigo":"52","mun_codigo":"52788","fuente_magnitud":"SGC"}},{"type":"Feature","id":60,"geometry":{"type":"Point","coordinates":[-76.077999999999975,5.0990000000000464]},"properties":{"OBJECTID":60,"evento_id":"25477","fecha_utc":"1935-09-18T09:57:55+00:00","anio":1935,"magnitud":6.0700000000000003,"magnitud_clase":"6.0 - 6.9","profundidad_km":15,"profundidad_clase":"Superficial (\u003c70 km)","depto_codigo":"66","mun_codigo":"66687","fuente_magnitud":"ISC-GEM"}},{"type":"Feature","id":61,"geometry":{"type":"Point","coordinates":[-81.699999999999989,-3.27699999999993]},"properties":{"OBJECTID":61,"evento_id":"25420","fecha_utc":"1924-03-12T03:44:25+00:00","anio":1924,"magnitud":6.04,"magnitud_clase":"6.0 - 6.9","profundidad_km":15,"profundidad_clase":"Superficial (\u003c70 km)","depto_codigo":null,"mun_codigo":null,"fuente_magnitud":"ISC-GEM"}},{"type":"Feature","id":62,"geometry":{"type":"Point","coordinates":[-83.961999999999989,10.531000000000063]},"properties":{"OBJECTID":62,"evento_id":"25423","fecha_utc":"1924-03-25T20:03:34+00:00","anio":1924,"magnitud":6.0099999999999998,"magnitud_clase":"6.0 - 6.9","profundidad_km":25,"profundidad_clase":"Superficial (\u003c70 km)","depto_codigo":null,"mun_codigo":null,"fuente_magnitud":"ISC-GEM"}},{"type":"Feature","id":63,"geometry":{"type":"Point","coordinates":[-78.916999999999973,-1.2479999999999336]},"properties":{"OBJECTID":63,"evento_id":"25426","fecha_utc":"1924-07-22T09:04:00+00:00","anio":1924,"magnitud":6.2300000000000004,"magnitud_clase":"6.0 - 6.9","profundidad_km":15,"profundidad_clase":"Superficial (\u003c70 km)","depto_codigo":null,"mun_codigo":null,"fuente_magnitud":"ISC-GEM"}},{"type":"Feature","id":64,"geometry":{"type":"Point","coordinates":[-79.884999999999934,2.95900000000006]},"properties":{"OBJECTID":64,"evento_id":"25427","fecha_utc":"1924-10-19T04:05:31+00:00","anio":1924,"magnitud":6.0700000000000003,"magnitud_clase":"6.0 - 6.9","profundidad_km":15,"profundidad_clase":"Superficial (\u003c70 km)","depto_codigo":null,"mun_codigo":null,"fuente_magnitud":"ISC-GEM"}},{"type":"Feature","id":65,"geometry":{"type":"Point","coordinates":[-83.326999999999941,8.4640000000000555]},"properties":{"OBJECTID":65,"evento_id":"25428","fecha_utc":"1925-01-27T00:02:20+00:00","anio":1925,"magnitud":6.2400000000000002,"magnitud_clase":"6.0 - 6.9","profundidad_km":15,"profundidad_clase":"Superficial (\u003c70 km)","depto_codigo":null,"mun_codigo":null,"fuente_magnitud":"ISC-GEM"}},{"type":"Feature","id":66,"geometry":{"type":"Point","coordinates":[-81.642999999999972,9.730000000000075]},"properties":{"OBJECTID":66,"evento_id":"25429","fecha_utc":"1925-01-28T15:58:45+00:00","anio":1925,"magnitud":6.2000000000000002,"magnitud_clase":"6.0 - 6.9","profundidad_km":15,"profundidad_clase":"Superficial (\u003c70 km)","depto_codigo":null,"mun_codigo":null,"fuente_magnitud":"ISC-GEM"}},{"type":"Feature","id":67,"geometry":{"type":"Point","coordinates":[-77.829999999999984,7.8790000000000759]},"properties":{"OBJECTID":67,"evento_id":"25430","fecha_utc":"1925-03-30T02:12:35+00:00","anio":1925,"magnitud":6.4000000000000004,"magnitud_clase":"6.0 - 6.9","profundidad_km":15,"profundidad_clase":"Superficial (\u003c70 km)","depto_codigo":null,"mun_codigo":null,"fuente_magnitud":"ISC-GEM"}},{"type":"Feature","id":68,"geometry":{"type":"Point","coordinates":[-82.064999999999941,11.987000000000023]},"properties":{"OBJECTID":68,"evento_id":"25432","fecha_utc":"1926-03-17T16:53:42+00:00","anio":1926,"magnitud":6.71,"magnitud_clase":"6.0 - 6.9","profundidad_km":25,"profundidad_clase":"Superficial (\u003c70 km)","depto_codigo":null,"mun_codigo":null,"fuente_magnitud":"ISC-GEM"}},{"type":"Feature","id":69,"geometry":{"type":"Point","coordinates":[-82.242999999999938,11.031000000000063]},"properties":{"OBJECTID":69,"evento_id":"25434","fecha_utc":"1926-10-20T01:48:43+00:00","anio":1926,"magnitud":6.0099999999999998,"magnitud_clase":"6.0 - 6.9","profundidad_km":15,"profundidad_clase":"Superficial (\u003c70 km)","depto_codigo":null,"mun_codigo":null,"fuente_magnitud":"ISC-GEM"}},{"type":"Feature","id":70,"geometry":{"type":"Point","coordinates":[-82.745999999999981,6.8040000000000305]},"properties":{"OBJECTID":70,"evento_id":"25435","fecha_utc":"1927-03-09T21:13:11+00:00","anio":1927,"magnitud":6.1200000000000001,"magnitud_clase":"6.0 - 6.9","profundidad_km":15,"profundidad_clase":"Superficial (\u003c70 km)","depto_codigo":null,"mun_codigo":null,"fuente_magnitud":"ISC-GEM"}},{"type":"Feature","id":71,"geometry":{"type":"Point","coordinates":[-71.866999999999962,7.6840000000000259]},"properties":{"OBJECTID":71,"evento_id":"25408","fecha_utc":"1919-07-11T05:30:40+00:00","anio":1919,"magnitud":6.2199999999999998,"magnitud_clase":"6.0 - 6.9","profundidad_km":15,"profundidad_clase":"Superficial (\u003c70 km)","depto_codigo":null,"mun_codigo":null,"fuente_magnitud":"ISC-GEM"}},{"type":"Feature","id":72,"geometry":{"type":"Point","coordinates":[-82.586999999999989,6.3190000000000737]},"properties":{"OBJECTID":72,"evento_id":"25411","fecha_utc":"1920-09-25T02:55:09+00:00","anio":1920,"magnitud":6.2700000000000005,"magnitud_clase":"6.0 - 6.9","profundidad_km":15,"profundidad_clase":"Superficial (\u003c70 km)","depto_codigo":null,"mun_codigo":null,"fuente_magnitud":"ISC-GEM"}},{"type":"Feature","id":73,"geometry":{"type":"Point","coordinates":[-82.48399999999998,6.8710000000000377]},"properties":{"OBJECTID":73,"evento_id":"25412","fecha_utc":"1921-10-25T20:45:34+00:00","anio":1921,"magnitud":6.0099999999999998,"magnitud_clase":"6.0 - 6.9","profundidad_km":15,"profundidad_clase":"Superficial (\u003c70 km)","depto_codigo":null,"mun_codigo":null,"fuente_magnitud":"ISC-GEM"}},{"type":"Feature","id":74,"geometry":{"type":"Point","coordinates":[-71.519999999999982,-3.9179999999999495]},"properties":{"OBJECTID":74,"evento_id":"25414","fecha_utc":"1921-12-18T20:29:27+00:00","anio":1921,"magnitud":7.2999999999999998,"magnitud_clase":"\u003e= 7.0","profundidad_km":540,"profundidad_clase":"Profundo (\u003e300 km)","depto_codigo":null,"mun_codigo":null,"fuente_magnitud":"ISC-GEM"}},{"type":"Feature","id":75,"geometry":{"type":"Point","coordinates":[-71.437999999999988,-2.8529999999999518]},"properties":{"OBJECTID":75,"evento_id":"25415","fecha_utc":"1922-01-17T08:50:28+00:00","anio":1922,"magnitud":7.9000000000000004,"magnitud_clase":"\u003e= 7.0","profundidad_km":475,"profundidad_clase":"Profundo (\u003e300 km)","depto_codigo":null,"mun_codigo":null,"fuente_magnitud":"ISC-GEM"}},{"type":"Feature","id":76,"geometry":{"type":"Point","coordinates":[-78.189999999999941,0.69100000000003092]},"properties":{"OBJECTID":76,"evento_id":"25416","fecha_utc":"1923-12-14T15:31:19+00:00","anio":1923,"magnitud":6.2599999999999998,"magnitud_clase":"6.0 - 6.9","profundidad_km":10,"profundidad_clase":"Superficial (\u003c70 km)","depto_codigo":null,"mun_codigo":null,"fuente_magnitud":"ISC-GEM"}},{"type":"Feature","id":77,"geometry":{"type":"Point","coordinates":[-80.532999999999959,5.3840000000000714]},"properties":{"OBJECTID":77,"evento_id":"25629","fecha_utc":"1904-12-02T07:15:28+00:00","anio":1904,"magnitud":6.4900000000000002,"magnitud_clase":"6.0 - 6.9","profundidad_km":15,"profundidad_clase":"Superficial (\u003c70 km)","depto_codigo":null,"mun_codigo":null,"fuente_magnitud":"ISC-GEM"}},{"type":"Feature","id":78,"geometry":{"type":"Point","coordinates":[-79.34699999999998,0.98800000000005639]},"properties":{"OBJECTID":78,"evento_id":"25388","fecha_utc":"1906-01-31T20:32:27+00:00","anio":1906,"magnitud":8.4499999999999993,"magnitud_clase":"\u003e= 7.0","profundidad_km":20,"profundidad_clase":"Superficial (\u003c70 km)","depto_codigo":null,"mun_codigo":null,"fuente_magnitud":"ISC-GEM"}},{"type":"Feature","id":79,"geometry":{"type":"Point","coordinates":[-79.951999999999941,1.4940000000000282]},"properties":{"OBJECTID":79,"evento_id":"25389","fecha_utc":"1907-06-01T13:36:53+00:00","anio":1907,"magnitud":6.6200000000000001,"magnitud_clase":"6.0 - 6.9","profundidad_km":15,"profundidad_clase":"Superficial (\u003c70 km)","depto_codigo":null,"mun_codigo":null,"fuente_magnitud":"ISC-GEM"}},{"type":"Feature","id":80,"geometry":{"type":"Point","coordinates":[-83.869999999999948,9.8010000000000446]},"properties":{"OBJECTID":80,"evento_id":"25633","fecha_utc":"1910-05-05T05:23:54+00:00","anio":1910,"magnitud":6.1299999999999999,"magnitud_clase":"6.0 - 6.9","profundidad_km":15,"profundidad_clase":"Superficial (\u003c70 km)","depto_codigo":null,"mun_codigo":null,"fuente_magnitud":"ISC-GEM"}},{"type":"Feature","id":81,"geometry":{"type":"Point","coordinates":[-80.490999999999985,-4.8959999999999582]},"properties":{"OBJECTID":81,"evento_id":"25392","fecha_utc":"1912-07-24T16:55:34+00:00","anio":1912,"magnitud":6.7999999999999998,"magnitud_clase":"6.0 - 6.9","profundidad_km":35,"profundidad_clase":"Superficial (\u003c70 km)","depto_codigo":null,"mun_codigo":null,"fuente_magnitud":"ISC-GEM"}},{"type":"Feature","id":82,"geometry":{"type":"Point","coordinates":[-80.814999999999941,12.47100000000006]},"properties":{"OBJECTID":82,"evento_id":"25393","fecha_utc":"1913-07-25T17:34:24+00:00","anio":1913,"magnitud":6.1500000000000004,"magnitud_clase":"6.0 - 6.9","profundidad_km":15,"profundidad_clase":"Superficial (\u003c70 km)","depto_codigo":null,"mun_codigo":null,"fuente_magnitud":"ISC-GEM"}},{"type":"Feature","id":83,"geometry":{"type":"Point","coordinates":[-79.837999999999965,7.5750000000000455]},"properties":{"OBJECTID":83,"evento_id":"25394","fecha_utc":"1913-10-02T09:19:53+00:00","anio":1913,"magnitud":6.6299999999999999,"magnitud_clase":"6.0 - 6.9","profundidad_km":15,"profundidad_clase":"Superficial (\u003c70 km)","depto_codigo":null,"mun_codigo":null,"fuente_magnitud":"ISC-GEM"}},{"type":"Feature","id":84,"geometry":{"type":"Point","coordinates":[-78.683999999999969,4.7200000000000273]},"properties":{"OBJECTID":84,"evento_id":"25395","fecha_utc":"1914-04-20T18:26:13+00:00","anio":1914,"magnitud":6.5300000000000002,"magnitud_clase":"6.0 - 6.9","profundidad_km":15,"profundidad_clase":"Superficial (\u003c70 km)","depto_codigo":null,"mun_codigo":null,"fuente_magnitud":"ISC-GEM"}},{"type":"Feature","id":85,"geometry":{"type":"Point","coordinates":[-78.337999999999965,9.8730000000000473]},"properties":{"OBJECTID":85,"evento_id":"25396","fecha_utc":"1914-05-28T08:20:14+00:00","anio":1914,"magnitud":6.5300000000000002,"magnitud_clase":"6.0 - 6.9","profundidad_km":35,"profundidad_clase":"Superficial (\u003c70 km)","depto_codigo":null,"mun_codigo":null,"fuente_magnitud":"ISC-GEM"}},{"type":"Feature","id":86,"geometry":{"type":"Point","coordinates":[-80.423999999999978,-4.6149999999999523]},"properties":{"OBJECTID":86,"evento_id":"25397","fecha_utc":"1914-09-25T15:27:00+00:00","anio":1914,"magnitud":6.1699999999999999,"magnitud_clase":"6.0 - 6.9","profundidad_km":35,"profundidad_clase":"Superficial (\u003c70 km)","depto_codigo":null,"mun_codigo":null,"fuente_magnitud":"ISC-GEM"}},{"type":"Feature","id":87,"geometry":{"type":"Point","coordinates":[-81.950999999999965,0.32000000000005002]},"properties":{"OBJECTID":87,"evento_id":"25398","fecha_utc":"1914-11-18T14:34:16+00:00","anio":1914,"magnitud":6.5300000000000002,"magnitud_clase":"6.0 - 6.9","profundidad_km":15,"profundidad_clase":"Superficial (\u003c70 km)","depto_codigo":null,"mun_codigo":null,"fuente_magnitud":"ISC-GEM"}},{"type":"Feature","id":88,"geometry":{"type":"Point","coordinates":[-83.563999999999965,10.11000000000007]},"properties":{"OBJECTID":88,"evento_id":"25399","fecha_utc":"1916-04-24T13:02:10+00:00","anio":1916,"magnitud":7.1400000000000006,"magnitud_clase":"\u003e= 7.0","profundidad_km":15,"profundidad_clase":"Superficial (\u003c70 km)","depto_codigo":null,"mun_codigo":null,"fuente_magnitud":"ISC-GEM"}},{"type":"Feature","id":89,"geometry":{"type":"Point","coordinates":[-82.45799999999997,9.5110000000000241]},"properties":{"OBJECTID":89,"evento_id":"25400","fecha_utc":"1916-04-26T07:21:28+00:00","anio":1916,"magnitud":6.7400000000000002,"magnitud_clase":"6.0 - 6.9","profundidad_km":10,"profundidad_clase":"Superficial (\u003c70 km)","depto_codigo":null,"mun_codigo":null,"fuente_magnitud":"ISC-GEM"}},{"type":"Feature","id":90,"geometry":{"type":"Point","coordinates":[-80.012999999999977,0.73300000000006094]},"properties":{"OBJECTID":90,"evento_id":"25401","fecha_utc":"1916-06-30T08:00:27+00:00","anio":1916,"magnitud":6.75,"magnitud_clase":"6.0 - 6.9","profundidad_km":15,"profundidad_clase":"Superficial (\u003c70 km)","depto_codigo":null,"mun_codigo":null,"fuente_magnitud":"ISC-GEM"}},{"type":"Feature","id":91,"geometry":{"type":"Point","coordinates":[-80.687999999999988,-2.394999999999925]},"properties":{"OBJECTID":91,"evento_id":"25634","fecha_utc":"1917-03-29T07:01:30+00:00","anio":1917,"magnitud":6.2199999999999998,"magnitud_clase":"6.0 - 6.9","profundidad_km":15,"profundidad_clase":"Superficial (\u003c70 km)","depto_codigo":null,"mun_codigo":null,"fuente_magnitud":"ISC-GEM"}},{"type":"Feature","id":92,"geometry":{"type":"Point","coordinates":[-79.878999999999962,6.8670000000000755]},"properties":{"OBJECTID":92,"evento_id":"25403","fecha_utc":"1917-06-30T22:50:29+00:00","anio":1917,"magnitud":6.1600000000000001,"magnitud_clase":"6.0 - 6.9","profundidad_km":15,"profundidad_clase":"Superficial (\u003c70 km)","depto_codigo":null,"mun_codigo":null,"fuente_magnitud":"ISC-GEM"}},{"type":"Feature","id":93,"geometry":{"type":"Point","coordinates":[-78.999999999999943,10.000000000000057]},"properties":{"OBJECTID":93,"evento_id":"26328","fecha_utc":"1882-09-07T13:20:00+00:00","anio":1882,"magnitud":6.5,"magnitud_clase":"6.0 - 6.9","profundidad_km":15,"profundidad_clase":"Superficial (\u003c70 km)","depto_codigo":null,"mun_codigo":null,"fuente_magnitud":"SGC"}},{"type":"Feature","id":94,"geometry":{"type":"Point","coordinates":[-71.699999999999989,8.7000000000000455]},"properties":{"OBJECTID":94,"evento_id":"26356","fecha_utc":"1894-04-28T05:00:00+00:00","anio":1894,"magnitud":7.5600000000000005,"magnitud_clase":"\u003e= 7.0","profundidad_km":0,"profundidad_clase":"Superficial (\u003c70 km)","depto_codigo":null,"mun_codigo":null,"fuente_magnitud":"SGC"}},{"type":"Feature","id":95,"geometry":{"type":"Point","coordinates":[-71.649999999999977,8.4500000000000455]},"properties":{"OBJECTID":95,"evento_id":"26343","fecha_utc":"1610-02-03T05:00:00+00:00","anio":1610,"magnitud":7.6000000000000005,"magnitud_clase":"\u003e= 7.0","profundidad_km":0,"profundidad_clase":"Superficial (\u003c70 km)","depto_codigo":null,"mun_codigo":null,"fuente_magnitud":"SGC"}},{"type":"Feature","id":96,"geometry":{"type":"Point","coordinates":[-79.549999999999955,8.9700000000000273]},"properties":{"OBJECTID":96,"evento_id":"26344","fecha_utc":"1621-05-02T05:00:00+00:00","anio":1621,"magnitud":6.9000000000000004,"magnitud_clase":"6.0 - 6.9","profundidad_km":0,"profundidad_clase":"Superficial (\u003c70 km)","depto_codigo":null,"mun_codigo":null,"fuente_magnitud":"SGC"}},{"type":"Feature","id":97,"geometry":{"type":"Point","coordinates":[-78.799999999999955,-1.7299999999999613]},"properties":{"OBJECTID":97,"evento_id":"26345","fecha_utc":"1645-03-15T05:00:00+00:00","anio":1645,"magnitud":7,"magnitud_clase":"\u003e= 7.0","profundidad_km":0,"profundidad_clase":"Superficial (\u003c70 km)","depto_codigo":null,"mun_codigo":null,"fuente_magnitud":"SGC"}},{"type":"Feature","id":98,"geometry":{"type":"Point","coordinates":[-70.799999999999955,8.9500000000000455]},"properties":{"OBJECTID":98,"evento_id":"26346","fecha_utc":"1674-03-16T05:00:00+00:00","anio":1674,"magnitud":7.4000000000000004,"magnitud_clase":"\u003e= 7.0","profundidad_km":0,"profundidad_clase":"Superficial (\u003c70 km)","depto_codigo":null,"mun_codigo":null,"fuente_magnitud":"SGC"}},{"type":"Feature","id":99,"geometry":{"type":"Point","coordinates":[-78.799999999999955,-1.3999999999999773]},"properties":{"OBJECTID":99,"evento_id":"26347","fecha_utc":"1698-06-20T05:00:00+00:00","anio":1698,"magnitud":7.2999999999999998,"magnitud_clase":"\u003e= 7.0","profundidad_km":0,"profundidad_clase":"Superficial (\u003c70 km)","depto_codigo":null,"mun_codigo":null,"fuente_magnitud":"SGC"}},{"type":"Feature","id":100,"geometry":{"type":"Point","coordinates":[-78.599999999999966,-1.4999999999999432]},"properties":{"OBJECTID":100,"evento_id":"26348","fecha_utc":"1797-02-04T17:45:00+00:00","anio":1797,"magnitud":7.6000000000000005,"magnitud_clase":"\u003e= 7.0","profundidad_km":0,"profundidad_clase":"Superficial (\u003c70 km)","depto_codigo":null,"mun_codigo":null,"fuente_magnitud":"SGC"}},{"type":"Feature","id":101,"geometry":{"type":"Point","coordinates":[-80.399999999999977,7.5000000000000568]},"properties":{"OBJECTID":101,"evento_id":"26349","fecha_utc":"1802-10-25T05:00:00+00:00","anio":1802,"magnitud":6.7000000000000002,"magnitud_clase":"6.0 - 6.9","profundidad_km":10,"profundidad_clase":"Superficial (\u003c70 km)","depto_codigo":null,"mun_codigo":null,"fuente_magnitud":"SGC"}},{"type":"Feature","id":102,"geometry":{"type":"Point","coordinates":[-68.949999999999989,10.200000000000045]},"properties":{"OBJECTID":102,"evento_id":"26350","fecha_utc":"1812-03-27T01:07:00+00:00","anio":1812,"magnitud":7.4000000000000004,"magnitud_clase":"\u003e= 7.0","profundidad_km":0,"profundidad_clase":"Superficial (\u003c70 km)","depto_codigo":null,"mun_codigo":null,"fuente_magnitud":"SGC"}},{"type":"Feature","id":103,"geometry":{"type":"Point","coordinates":[-67.099999999999966,10.600000000000023]},"properties":{"OBJECTID":103,"evento_id":"26351","fecha_utc":"1812-03-27T01:07:00+00:00","anio":1812,"magnitud":7.1000000000000005,"magnitud_clase":"\u003e= 7.0","profundidad_km":0,"profundidad_clase":"Superficial (\u003c70 km)","depto_codigo":null,"mun_codigo":null,"fuente_magnitud":"SGC"}},{"type":"Feature","id":104,"geometry":{"type":"Point","coordinates":[-83.149999999999977,9.6300000000000523]},"properties":{"OBJECTID":104,"evento_id":"26352","fecha_utc":"1822-05-07T05:00:00+00:00","anio":1822,"magnitud":7.6000000000000005,"magnitud_clase":"\u003e= 7.0","profundidad_km":20,"profundidad_clase":"Superficial (\u003c70 km)","depto_codigo":null,"mun_codigo":null,"fuente_magnitud":"SGC"}},{"type":"Feature","id":105,"geometry":{"type":"Point","coordinates":[-74.069999999999936,11.490000000000066]},"properties":{"OBJECTID":105,"evento_id":"26326","fecha_utc":"1834-05-22T13:00:00+00:00","anio":1834,"magnitud":6.4000000000000004,"magnitud_clase":"6.0 - 6.9","profundidad_km":10,"profundidad_clase":"Superficial (\u003c70 km)","depto_codigo":null,"mun_codigo":null,"fuente_magnitud":"SGC"}},{"type":"Feature","id":106,"geometry":{"type":"Point","coordinates":[-78.749999999999943,0.020000000000038654]},"properties":{"OBJECTID":106,"evento_id":"26353","fecha_utc":"1859-03-22T05:00:00+00:00","anio":1859,"magnitud":7.2000000000000002,"magnitud_clase":"\u003e= 7.0","profundidad_km":0,"profundidad_clase":"Superficial (\u003c70 km)","depto_codigo":null,"mun_codigo":null,"fuente_magnitud":"SGC"}},{"type":"Feature","id":107,"geometry":{"type":"Point","coordinates":[-77.919999999999959,0.70000000000004547]},"properties":{"OBJECTID":107,"evento_id":"26354","fecha_utc":"1868-08-15T05:00:00+00:00","anio":1868,"magnitud":6.6000000000000005,"magnitud_clase":"6.0 - 6.9","profundidad_km":0,"profundidad_clase":"Superficial (\u003c70 km)","depto_codigo":null,"mun_codigo":null,"fuente_magnitud":"SGC"}},{"type":"Feature","id":108,"geometry":{"type":"Point","coordinates":[-78.42999999999995,0.3800000000000523]},"properties":{"OBJECTID":108,"evento_id":"26355","fecha_utc":"1868-08-16T05:00:00+00:00","anio":1868,"magnitud":7.2700000000000005,"magnitud_clase":"\u003e= 7.0","profundidad_km":0,"profundidad_clase":"Superficial (\u003c70 km)","depto_codigo":null,"mun_codigo":null,"fuente_magnitud":"SGC"}},{"type":"Feature","id":109,"geometry":{"type":"Point","coordinates":[-72.419999999999959,7.8600000000000705]},"properties":{"OBJECTID":109,"evento_id":"26327","fecha_utc":"1875-05-18T21:15:00+00:00","anio":1875,"magnitud":6.7999999999999998,"magnitud_clase":"6.0 - 6.9","profundidad_km":15,"profundidad_clase":"Superficial (\u003c70 km)","depto_codigo":null,"mun_codigo":null,"fuente_magnitud":"SGC"}},{"type":"Feature","id":110,"geometry":{"type":"Point","coordinates":[-82.805099999999982,8.3435000000000628]},"properties":{"OBJECTID":110,"evento_id":"18445","fecha_utc":"2019-06-26T10:23:49+00:00","anio":2019,"magnitud":6.2613000000000003,"magnitud_clase":"6.0 - 6.9","profundidad_km":31.300000000000001,"profundidad_clase":"Superficial (\u003c70 km)","depto_codigo":null,"mun_codigo":null,"fuente_magnitud":"GCMT"}},{"type":"Feature","id":111,"geometry":{"type":"Point","coordinates":[-75.245699999999943,-5.8926999999999339]},"properties":{"OBJECTID":111,"evento_id":"18372","fecha_utc":"2019-05-26T12:41:14+00:00","anio":2019,"magnitud":7.9928000000000008,"magnitud_clase":"\u003e= 7.0","profundidad_km":125.5,"profundidad_clase":"Intermedio (70-300 km)","depto_codigo":null,"mun_codigo":null,"fuente_magnitud":"GCMT"}},{"type":"Feature","id":112,"geometry":{"type":"Point","coordinates":[-82.845699999999965,8.5026000000000295]},"properties":{"OBJECTID":112,"evento_id":"18324","fecha_utc":"2019-05-13T00:24:49+00:00","anio":2019,"magnitud":6.0556999999999999,"magnitud_clase":"6.0 - 6.9","profundidad_km":19.100000000000001,"profundidad_clase":"Superficial (\u003c70 km)","depto_codigo":null,"mun_codigo":null,"fuente_magnitud":"GCMT"}},{"type":"Feature","id":113,"geometry":{"type":"Point","coordinates":[-80.964899999999943,-1.9991999999999734]},"properties":{"OBJECTID":113,"evento_id":"18146","fecha_utc":"2019-03-31T12:04:02+00:00","anio":2019,"magnitud":6.2355,"magnitud_clase":"6.0 - 6.9","profundidad_km":13.6,"profundidad_clase":"Superficial (\u003c70 km)","depto_codigo":null,"mun_codigo":null,"fuente_magnitud":"GCMT"}},{"type":"Feature","id":114,"geometry":{"type":"Point","coordinates":[-77.007299999999987,-2.2761999999999603]},"properties":{"OBJECTID":114,"evento_id":"18050","fecha_utc":"2019-02-22T15:17:22+00:00","anio":2019,"magnitud":7.4846000000000004,"magnitud_clase":"\u003e= 7.0","profundidad_km":149.90000000000001,"profundidad_clase":"Intermedio (70-300 km)","depto_codigo":null,"mun_codigo":null,"fuente_magnitud":"GCMT"}},{"type":"Feature","id":115,"geometry":{"type":"Point","coordinates":[-78.842999999999961,-2.2659999999999627]},"properties":{"OBJECTID":115,"evento_id":"17528","fecha_utc":"2018-09-07T07:12:04+00:00","anio":2018,"magnitud":6.2261000000000006,"magnitud_clase":"6.0 - 6.9","profundidad_km":102.40000000000001,"profundidad_clase":"Intermedio (70-300 km)","depto_codigo":null,"mun_codigo":null,"fuente_magnitud":"GCMT"}},{"type":"Feature","id":116,"geometry":{"type":"Point","coordinates":[-83.106999999999971,8.6530000000000769]},"properties":{"OBJECTID":116,"evento_id":"17454","fecha_utc":"2018-08-18T04:22:23+00:00","anio":2018,"magnitud":6.0949,"magnitud_clase":"6.0 - 6.9","profundidad_km":19.600000000000001,"profundidad_clase":"Superficial (\u003c70 km)","depto_codigo":null,"mun_codigo":null,"fuente_magnitud":"GCMT"}},{"type":"Feature","id":117,"geometry":{"type":"Point","coordinates":[-80.364999999999952,-0.46099999999995589]},"properties":{"OBJECTID":117,"evento_id":"16626","fecha_utc":"2017-12-03T16:19:06+00:00","anio":2017,"magnitud":6.1957000000000004,"magnitud_clase":"6.0 - 6.9","profundidad_km":28,"profundidad_clase":"Superficial (\u003c70 km)","depto_codigo":null,"mun_codigo":null,"fuente_magnitud":"GCMT"}},{"type":"Feature","id":118,"geometry":{"type":"Point","coordinates":[-80.463999999999942,-0.25399999999996226]},"properties":{"OBJECTID":118,"evento_id":"16228","fecha_utc":"2017-07-01T03:29:45+00:00","anio":2017,"magnitud":6.0068000000000001,"magnitud_clase":"6.0 - 6.9","profundidad_km":24.300000000000001,"profundidad_clase":"Superficial (\u003c70 km)","depto_codigo":null,"mun_codigo":null,"fuente_magnitud":"GCMT"}},{"type":"Feature","id":119,"geometry":{"type":"Point","coordinates":[-76.982999999999947,-5.6319999999999482]},"properties":{"OBJECTID":119,"evento_id":"15524","fecha_utc":"2016-09-10T15:08:18+00:00","anio":2016,"magnitud":6.1062000000000003,"magnitud_clase":"6.0 - 6.9","profundidad_km":120.90000000000001,"profundidad_clase":"Intermedio (70-300 km)","depto_codigo":null,"mun_codigo":null,"fuente_magnitud":"GCMT"}},{"type":"Feature","id":120,"geometry":{"type":"Point","coordinates":[-79.715999999999951,0.55000000000006821]},"properties":{"OBJECTID":120,"evento_id":"15366","fecha_utc":"2016-07-11T07:11:04+00:00","anio":2016,"magnitud":6.3367000000000004,"magnitud_clase":"6.0 - 6.9","profundidad_km":25.600000000000001,"profundidad_clase":"Superficial (\u003c70 km)","depto_codigo":null,"mun_codigo":null,"fuente_magnitud":"GCMT"}},{"type":"Feature","id":121,"geometry":{"type":"Point","coordinates":[-79.882999999999981,0.43100000000004002]},"properties":{"OBJECTID":121,"evento_id":"15234","fecha_utc":"2016-05-18T12:57:03+00:00","anio":2016,"magnitud":6.7000999999999999,"magnitud_clase":"6.0 - 6.9","profundidad_km":32.100000000000001,"profundidad_clase":"Superficial (\u003c70 km)","depto_codigo":null,"mun_codigo":null,"fuente_magnitud":"GCMT"}},{"type":"Feature","id":122,"geometry":{"type":"Point","coordinates":[-79.732999999999947,0.45200000000005502]},"properties":{"OBJECTID":122,"evento_id":"15237","fecha_utc":"2016-05-18T21:46:43+00:00","anio":2016,"magnitud":6.8684000000000003,"magnitud_clase":"6.0 - 6.9","profundidad_km":34.300000000000004,"profundidad_clase":"Superficial (\u003c70 km)","depto_codigo":null,"mun_codigo":null,"fuente_magnitud":"GCMT"}},{"type":"Feature","id":123,"geometry":{"type":"Point","coordinates":[-80.586999999999989,-0.2489999999999668]},"properties":{"OBJECTID":123,"evento_id":"15102","fecha_utc":"2016-04-22T08:03:41+00:00","anio":2016,"magnitud":6.0049999999999999,"magnitud_clase":"6.0 - 6.9","profundidad_km":19.5,"profundidad_clase":"Superficial (\u003c70 km)","depto_codigo":null,"mun_codigo":null,"fuente_magnitud":"GCMT"}},{"type":"Feature","id":124,"geometry":{"type":"Point","coordinates":[-80.245999999999981,0.70200000000005502]},"properties":{"OBJECTID":124,"evento_id":"15078","fecha_utc":"2016-04-20T13:33:45+00:00","anio":2016,"magnitud":6.0423,"magnitud_clase":"6.0 - 6.9","profundidad_km":10,"profundidad_clase":"Superficial (\u003c70 km)","depto_codigo":null,"mun_codigo":null,"fuente_magnitud":"GCMT"}},{"type":"Feature","id":125,"geometry":{"type":"Point","coordinates":[-80.139999999999986,0.68900000000002137]},"properties":{"OBJECTID":125,"evento_id":"15079","fecha_utc":"2016-04-20T13:35:09+00:00","anio":2016,"magnitud":6.0621,"magnitud_clase":"6.0 - 6.9","profundidad_km":12.4,"profundidad_clase":"Superficial (\u003c70 km)","depto_codigo":null,"mun_codigo":null,"fuente_magnitud":"GCMT"}},{"type":"Feature","id":126,"geometry":{"type":"Point","coordinates":[-79.908999999999935,0.2690000000000623]},"properties":{"OBJECTID":126,"evento_id":"15005","fecha_utc":"2016-04-17T04:58:35+00:00","anio":2016,"magnitud":7.7822000000000005,"magnitud_clase":"\u003e= 7.0","profundidad_km":11.300000000000001,"profundidad_clase":"Superficial (\u003c70 km)","depto_codigo":null,"mun_codigo":null,"fuente_magnitud":"GCMT"}},{"type":"Feature","id":127,"geometry":{"type":"Point","coordinates":[-82.79299999999995,5.7980000000000587]},"properties":{"OBJECTID":127,"evento_id":"13929","fecha_utc":"2015-01-07T10:07:03+00:00","anio":2015,"magnitud":6.4552000000000005,"magnitud_clase":"6.0 - 6.9","profundidad_km":28,"profundidad_clase":"Superficial (\u003c70 km)","depto_codigo":null,"mun_codigo":null,"fuente_magnitud":"GCMT"}},{"type":"Feature","id":128,"geometry":{"type":"Point","coordinates":[-82.703999999999951,7.9430000000000405]},"properties":{"OBJECTID":128,"evento_id":"13875","fecha_utc":"2014-12-08T13:54:52+00:00","anio":2014,"magnitud":6.5617000000000001,"magnitud_clase":"6.0 - 6.9","profundidad_km":18.800000000000001,"profundidad_clase":"Superficial (\u003c70 km)","depto_codigo":null,"mun_codigo":null,"fuente_magnitud":"GCMT"}},{"type":"Feature","id":129,"geometry":{"type":"Point","coordinates":[-82.308999999999969,7.1280000000000427]},"properties":{"OBJECTID":129,"evento_id":"13449","fecha_utc":"2014-05-13T11:35:23+00:00","anio":2014,"magnitud":6.4847999999999999,"magnitud_clase":"6.0 - 6.9","profundidad_km":10,"profundidad_clase":"Superficial (\u003c70 km)","depto_codigo":null,"mun_codigo":null,"fuente_magnitud":"GCMT"}},{"type":"Feature","id":130,"geometry":{"type":"Point","coordinates":[-80.905999999999949,-5.5669999999999504]},"properties":{"OBJECTID":130,"evento_id":"13324","fecha_utc":"2014-03-16T04:51:33+00:00","anio":2014,"magnitud":6.2808000000000002,"magnitud_clase":"6.0 - 6.9","profundidad_km":32.5,"profundidad_clase":"Superficial (\u003c70 km)","depto_codigo":null,"mun_codigo":null,"fuente_magnitud":"GCMT"}},{"type":"Feature","id":131,"geometry":{"type":"Point","coordinates":[-81.937999999999988,-5.3679999999999382]},"properties":{"OBJECTID":131,"evento_id":"12859","fecha_utc":"2013-08-12T14:49:32+00:00","anio":2013,"magnitud":6.2141999999999999,"magnitud_clase":"6.0 - 6.9","profundidad_km":15,"profundidad_clase":"Superficial (\u003c70 km)","depto_codigo":null,"mun_codigo":null,"fuente_magnitud":"GCMT"}},{"type":"Feature","id":132,"geometry":{"type":"Point","coordinates":[-78.262999999999977,5.7440000000000282]},"properties":{"OBJECTID":132,"evento_id":"12865","fecha_utc":"2013-08-13T20:43:12+00:00","anio":2013,"magnitud":6.6263000000000005,"magnitud_clase":"6.0 - 6.9","profundidad_km":4.0999999999999996,"profundidad_clase":"Superficial (\u003c70 km)","depto_codigo":null,"mun_codigo":null,"fuente_magnitud":"GCMT"}},{"type":"Feature","id":133,"geometry":{"type":"Point","coordinates":[-82.668999999999983,5.3780000000000427]},"properties":{"OBJECTID":133,"evento_id":"12295","fecha_utc":"2012-06-04T05:45:15+00:00","anio":2012,"magnitud":6.2882000000000007,"magnitud_clase":"6.0 - 6.9","profundidad_km":10,"profundidad_clase":"Superficial (\u003c70 km)","depto_codigo":null,"mun_codigo":null,"fuente_magnitud":"GCMT"}},{"type":"Feature","id":134,"geometry":{"type":"Point","coordinates":[-82.603999999999985,5.5310000000000628]},"properties":{"OBJECTID":134,"evento_id":"12296","fecha_utc":"2012-06-04T08:15:24+00:00","anio":2012,"magnitud":6.2847,"magnitud_clase":"6.0 - 6.9","profundidad_km":10,"profundidad_clase":"Superficial (\u003c70 km)","depto_codigo":null,"mun_codigo":null,"fuente_magnitud":"GCMT"}},{"type":"Feature","id":135,"geometry":{"type":"Point","coordinates":[-82.394999999999982,6.8370000000000459]},"properties":{"OBJECTID":135,"evento_id":"11535","fecha_utc":"2011-04-30T13:19:16+00:00","anio":2011,"magnitud":6.1823000000000006,"magnitud_clase":"6.0 - 6.9","profundidad_km":10,"profundidad_clase":"Superficial (\u003c70 km)","depto_codigo":null,"mun_codigo":null,"fuente_magnitud":"GCMT"}},{"type":"Feature","id":136,"geometry":{"type":"Point","coordinates":[-77.323999999999955,-1.2659999999999627]},"properties":{"OBJECTID":136,"evento_id":"11083","fecha_utc":"2010-08-12T16:54:15+00:00","anio":2010,"magnitud":7.0749000000000004,"magnitud_clase":"\u003e= 7.0","profundidad_km":209.90000000000001,"profundidad_clase":"Intermedio (70-300 km)","depto_codigo":null,"mun_codigo":null,"fuente_magnitud":"GCMT"}},{"type":"Feature","id":137,"geometry":{"type":"Point","coordinates":[-77.555999999999983,-5.1119999999999663]},"properties":{"OBJECTID":137,"evento_id":"10991","fecha_utc":"2010-05-19T09:15:42+00:00","anio":2010,"magnitud":6.0148000000000001,"magnitud_clase":"6.0 - 6.9","profundidad_km":131.59999999999999,"profundidad_clase":"Intermedio (70-300 km)","depto_codigo":null,"mun_codigo":null,"fuente_magnitud":"GCMT"}},{"type":"Feature","id":138,"geometry":{"type":"Point","coordinates":[-67.972999999999956,10.725000000000023]},"properties":{"OBJECTID":138,"evento_id":"10735","fecha_utc":"2009-09-13T01:06:24+00:00","anio":2009,"magnitud":6.3622000000000005,"magnitud_clase":"6.0 - 6.9","profundidad_km":10,"profundidad_clase":"Superficial (\u003c70 km)","depto_codigo":null,"mun_codigo":null,"fuente_magnitud":"GCMT"}},{"type":"Feature","id":139,"geometry":{"type":"Point","coordinates":[-78.948999999999955,9.6620000000000346]},"properties":{"OBJECTID":139,"evento_id":"10681","fecha_utc":"2009-07-04T11:49:36+00:00","anio":2009,"magnitud":6.0401000000000007,"magnitud_clase":"6.0 - 6.9","profundidad_km":49.300000000000004,"profundidad_clase":"Superficial (\u003c70 km)","depto_codigo":null,"mun_codigo":null,"fuente_magnitud":"GCMT"}},{"type":"Feature","id":140,"geometry":{"type":"Point","coordinates":[-82.645999999999958,5.7490000000000236]},"properties":{"OBJECTID":140,"evento_id":"10569","fecha_utc":"2009-03-13T04:23:38+00:00","anio":2009,"magnitud":6.2919,"magnitud_clase":"6.0 - 6.9","profundidad_km":23.400000000000002,"profundidad_clase":"Superficial (\u003c70 km)","depto_codigo":null,"mun_codigo":null,"fuente_magnitud":"GCMT"}},{"type":"Feature","id":141,"geometry":{"type":"Point","coordinates":[-80.888999999999953,-5.8829999999999814]},"properties":{"OBJECTID":141,"evento_id":"10526","fecha_utc":"2009-02-15T15:04:50+00:00","anio":2009,"magnitud":6.0457000000000001,"magnitud_clase":"6.0 - 6.9","profundidad_km":32.700000000000003,"profundidad_clase":"Superficial (\u003c70 km)","depto_codigo":null,"mun_codigo":null,"fuente_magnitud":"GCMT"}},{"type":"Feature","id":142,"geometry":{"type":"Point","coordinates":[-82.950999999999965,8.2910000000000537]},"properties":{"OBJECTID":142,"evento_id":"10442","fecha_utc":"2008-11-19T11:11:21+00:00","anio":2008,"magnitud":6.2524000000000006,"magnitud_clase":"6.0 - 6.9","profundidad_km":40,"profundidad_clase":"Superficial (\u003c70 km)","depto_codigo":null,"mun_codigo":null,"fuente_magnitud":"GCMT"}},{"type":"Feature","id":143,"geometry":{"type":"Point","coordinates":[-77.847999999999956,-2.3629999999999427]},"properties":{"OBJECTID":143,"evento_id":"10074","fecha_utc":"2007-11-16T08:12:59+00:00","anio":2007,"magnitud":6.7694000000000001,"magnitud_clase":"6.0 - 6.9","profundidad_km":120.3,"profundidad_clase":"Intermedio (70-300 km)","depto_codigo":null,"mun_codigo":null,"fuente_magnitud":"GCMT"}},{"type":"Feature","id":144,"geometry":{"type":"Point","coordinates":[-78.162999999999954,2.9340000000000259]},"properties":{"OBJECTID":144,"evento_id":"10012","fecha_utc":"2007-09-10T06:49:10+00:00","anio":2007,"magnitud":6.7471000000000005,"magnitud_clase":"6.0 - 6.9","profundidad_km":0.80000000000000004,"profundidad_clase":"Superficial (\u003c70 km)","depto_codigo":null,"mun_codigo":null,"fuente_magnitud":"GCMT"}},{"type":"Feature","id":145,"geometry":{"type":"Point","coordinates":[-78.764999999999986,4.6820000000000732]},"properties":{"OBJECTID":145,"evento_id":"9818","fecha_utc":"2007-03-18T03:43:09+00:00","anio":2007,"magnitud":6.0044000000000004,"magnitud_clase":"6.0 - 6.9","profundidad_km":28,"profundidad_clase":"Superficial (\u003c70 km)","depto_codigo":null,"mun_codigo":null,"fuente_magnitud":"GCMT"}},{"type":"Feature","id":146,"geometry":{"type":"Point","coordinates":[-78.617999999999938,4.7750000000000341]},"properties":{"OBJECTID":146,"evento_id":"9820","fecha_utc":"2007-03-18T07:11:04+00:00","anio":2007,"magnitud":6.2234000000000007,"magnitud_clase":"6.0 - 6.9","profundidad_km":3.1000000000000001,"profundidad_clase":"Superficial (\u003c70 km)","depto_codigo":null,"mun_codigo":null,"fuente_magnitud":"GCMT"}},{"type":"Feature","id":147,"geometry":{"type":"Point","coordinates":[-77.939999999999941,6.8540000000000418]},"properties":{"OBJECTID":147,"evento_id":"9461","fecha_utc":"2006-01-24T01:50:44+00:00","anio":2006,"magnitud":6.2239000000000004,"magnitud_clase":"6.0 - 6.9","profundidad_km":0,"profundidad_clase":"Superficial (\u003c70 km)","depto_codigo":null,"mun_codigo":null,"fuente_magnitud":"GCMT"}},{"type":"Feature","id":148,"geometry":{"type":"Point","coordinates":[-77.872999999999934,6.8490000000000464]},"properties":{"OBJECTID":148,"evento_id":"9462","fecha_utc":"2006-01-24T01:52:32+00:00","anio":2006,"magnitud":6.1699999999999999,"magnitud_clase":"6.0 - 6.9","profundidad_km":20,"profundidad_clase":"Superficial (\u003c70 km)","depto_codigo":null,"mun_codigo":null,"fuente_magnitud":"ISC-GEM"}},{"type":"Feature","id":149,"geometry":{"type":"Point","coordinates":[-82.396999999999935,6.6100000000000705]},"properties":{"OBJECTID":149,"evento_id":"9442","fecha_utc":"2006-01-06T08:39:58+00:00","anio":2006,"magnitud":6.0002000000000004,"magnitud_clase":"6.0 - 6.9","profundidad_km":10,"profundidad_clase":"Superficial (\u003c70 km)","depto_codigo":null,"mun_codigo":null,"fuente_magnitud":"GCMT"}},{"type":"Feature","id":150,"geometry":{"type":"Point","coordinates":[-82.265999999999963,7.5460000000000491]},"properties":{"OBJECTID":150,"evento_id":"9430","fecha_utc":"2005-12-30T23:26:43+00:00","anio":2005,"magnitud":6.0651999999999999,"magnitud_clase":"6.0 - 6.9","profundidad_km":10,"profundidad_clase":"Superficial (\u003c70 km)","depto_codigo":null,"mun_codigo":null,"fuente_magnitud":"GCMT"}},{"type":"Feature","id":151,"geometry":{"type":"Point","coordinates":[-77.585999999999956,-1.4349999999999454]},"properties":{"OBJECTID":151,"evento_id":"9419","fecha_utc":"2005-12-24T02:47:27+00:00","anio":2005,"magnitud":6.1150000000000002,"magnitud_clase":"6.0 - 6.9","profundidad_km":190.90000000000001,"profundidad_clase":"Intermedio (70-300 km)","depto_codigo":null,"mun_codigo":null,"fuente_magnitud":"GCMT"}},{"type":"Feature","id":152,"geometry":{"type":"Point","coordinates":[-76.405999999999949,-5.7379999999999427]},"properties":{"OBJECTID":152,"evento_id":"9345","fecha_utc":"2005-09-26T06:55:38+00:00","anio":2005,"magnitud":7.4930000000000003,"magnitud_clase":"\u003e= 7.0","profundidad_km":125,"profundidad_clase":"Intermedio (70-300 km)","depto_codigo":null,"mun_codigo":null,"fuente_magnitud":"GCMT"}},{"type":"Feature","id":153,"geometry":{"type":"Point","coordinates":[-82.482999999999947,6.7690000000000623]},"properties":{"OBJECTID":153,"evento_id":"9326","fecha_utc":"2005-08-27T23:38:20+00:00","anio":2005,"magnitud":6.0544000000000002,"magnitud_clase":"6.0 - 6.9","profundidad_km":10,"profundidad_clase":"Superficial (\u003c70 km)","depto_codigo":null,"mun_codigo":null,"fuente_magnitud":"GCMT"}},{"type":"Feature","id":154,"geometry":{"type":"Point","coordinates":[-80.944999999999936,-3.2779999999999632]},"properties":{"OBJECTID":154,"evento_id":"9244","fecha_utc":"2005-05-21T10:11:35+00:00","anio":2005,"magnitud":6.3456000000000001,"magnitud_clase":"6.0 - 6.9","profundidad_km":38.399999999999999,"profundidad_clase":"Superficial (\u003c70 km)","depto_codigo":null,"mun_codigo":null,"fuente_magnitud":"GCMT"}},{"type":"Feature","id":155,"geometry":{"type":"Point","coordinates":[-82.527999999999963,5.7110000000000696]},"properties":{"OBJECTID":155,"evento_id":"9221","fecha_utc":"2005-05-06T00:12:19+00:00","anio":2005,"magnitud":6.4682000000000004,"magnitud_clase":"6.0 - 6.9","profundidad_km":15,"profundidad_clase":"Superficial (\u003c70 km)","depto_codigo":null,"mun_codigo":null,"fuente_magnitud":"GCMT"}},{"type":"Feature","id":156,"geometry":{"type":"Point","coordinates":[-82.703999999999951,6.0460000000000491]},"properties":{"OBJECTID":156,"evento_id":"9222","fecha_utc":"2005-05-06T00:12:23+00:00","anio":2005,"magnitud":6.4699999999999998,"magnitud_clase":"6.0 - 6.9","profundidad_km":18,"profundidad_clase":"Superficial (\u003c70 km)","depto_codigo":null,"mun_codigo":null,"fuente_magnitud":"ISC-GEM"}},{"type":"Feature","id":157,"geometry":{"type":"Point","coordinates":[-80.871999999999957,-1.3849999999999341]},"properties":{"OBJECTID":157,"evento_id":"9083","fecha_utc":"2005-01-25T04:23:25+00:00","anio":2005,"magnitud":6.0972,"magnitud_clase":"6.0 - 6.9","profundidad_km":16,"profundidad_clase":"Superficial (\u003c70 km)","depto_codigo":null,"mun_codigo":null,"fuente_magnitud":"GCMT"}},{"type":"Feature","id":158,"geometry":{"type":"Point","coordinates":[-77.702999999999975,4.7950000000000728]},"properties":{"OBJECTID":158,"evento_id":"8987","fecha_utc":"2004-11-15T14:06:57+00:00","anio":2004,"magnitud":7.1863000000000001,"magnitud_clase":"\u003e= 7.0","profundidad_km":22.400000000000002,"profundidad_clase":"Superficial (\u003c70 km)","depto_codigo":null,"mun_codigo":null,"fuente_magnitud":"GCMT"}},{"type":"Feature","id":159,"geometry":{"type":"Point","coordinates":[-82.898999999999944,8.4000000000000341]},"properties":{"OBJECTID":159,"evento_id":"8756","fecha_utc":"2004-02-04T16:59:48+00:00","anio":2004,"magnitud":6.0705,"magnitud_clase":"6.0 - 6.9","profundidad_km":32.200000000000003,"profundidad_clase":"Superficial (\u003c70 km)","depto_codigo":null,"mun_codigo":null,"fuente_magnitud":"GCMT"}},{"type":"Feature","id":160,"geometry":{"type":"Point","coordinates":[-82.83499999999998,8.34800000000007]},"properties":{"OBJECTID":160,"evento_id":"8699","fecha_utc":"2003-12-25T12:11:12+00:00","anio":2003,"magnitud":6.4801000000000002,"magnitud_clase":"6.0 - 6.9","profundidad_km":29.300000000000001,"profundidad_clase":"Superficial (\u003c70 km)","depto_codigo":null,"mun_codigo":null,"fuente_magnitud":"GCMT"}},{"type":"Feature","id":161,"geometry":{"type":"Point","coordinates":[-82.359999999999957,6.9930000000000518]},"properties":{"OBJECTID":161,"evento_id":"8478","fecha_utc":"2003-04-11T11:12:57+00:00","anio":2003,"magnitud":6.0819999999999999,"magnitud_clase":"6.0 - 6.9","profundidad_km":20,"profundidad_clase":"Superficial (\u003c70 km)","depto_codigo":null,"mun_codigo":null,"fuente_magnitud":"GCMT"}},{"type":"Feature","id":162,"geometry":{"type":"Point","coordinates":[-82.793999999999983,7.9460000000000264]},"properties":{"OBJECTID":162,"evento_id":"8251","fecha_utc":"2002-07-31T05:16:48+00:00","anio":2002,"magnitud":6.4648000000000003,"magnitud_clase":"6.0 - 6.9","profundidad_km":26.600000000000001,"profundidad_clase":"Superficial (\u003c70 km)","depto_codigo":null,"mun_codigo":null,"fuente_magnitud":"GCMT"}},{"type":"Feature","id":163,"geometry":{"type":"Point","coordinates":[-83.932999999999936,8.7530000000000427]},"properties":{"OBJECTID":163,"evento_id":"8221","fecha_utc":"2002-06-16T07:46:12+00:00","anio":2002,"magnitud":6.3695000000000004,"magnitud_clase":"6.0 - 6.9","profundidad_km":14,"profundidad_clase":"Superficial (\u003c70 km)","depto_codigo":null,"mun_codigo":null,"fuente_magnitud":"GCMT"}},{"type":"Feature","id":164,"geometry":{"type":"Point","coordinates":[-82.248999999999967,9.7050000000000409]},"properties":{"OBJECTID":164,"evento_id":"8074","fecha_utc":"2001-11-09T05:47:56+00:00","anio":2001,"magnitud":6.0287000000000006,"magnitud_clase":"6.0 - 6.9","profundidad_km":10,"profundidad_clase":"Superficial (\u003c70 km)","depto_codigo":null,"mun_codigo":null,"fuente_magnitud":"GCMT"}},{"type":"Feature","id":165,"geometry":{"type":"Point","coordinates":[-82.763999999999953,7.6040000000000418]},"properties":{"OBJECTID":165,"evento_id":"8038","fecha_utc":"2001-08-25T07:02:02+00:00","anio":2001,"magnitud":6.0266000000000002,"magnitud_clase":"6.0 - 6.9","profundidad_km":16,"profundidad_clase":"Superficial (\u003c70 km)","depto_codigo":null,"mun_codigo":null,"fuente_magnitud":"GCMT"}},{"type":"Feature","id":166,"geometry":{"type":"Point","coordinates":[-82.701999999999941,5.7860000000000582]},"properties":{"OBJECTID":166,"evento_id":"7793","fecha_utc":"2000-12-12T10:26:46+00:00","anio":2000,"magnitud":6.0937000000000001,"magnitud_clase":"6.0 - 6.9","profundidad_km":9.5999999999999996,"profundidad_clase":"Superficial (\u003c70 km)","depto_codigo":null,"mun_codigo":null,"fuente_magnitud":"GCMT"}},{"type":"Feature","id":167,"geometry":{"type":"Point","coordinates":[-80.559999999999945,-0.27999999999997272]},"properties":{"OBJECTID":167,"evento_id":"7730","fecha_utc":"2000-09-29T04:23:43+00:00","anio":2000,"magnitud":6.3714000000000004,"magnitud_clase":"6.0 - 6.9","profundidad_km":16,"profundidad_clase":"Superficial (\u003c70 km)","depto_codigo":null,"mun_codigo":null,"fuente_magnitud":"GCMT"}},{"type":"Feature","id":168,"geometry":{"type":"Point","coordinates":[-78.656999999999982,9.3440000000000509]},"properties":{"OBJECTID":168,"evento_id":"7524","fecha_utc":"2000-02-26T23:24:41+00:00","anio":2000,"magnitud":6.0766,"magnitud_clase":"6.0 - 6.9","profundidad_km":69.200000000000003,"profundidad_clase":"Superficial (\u003c70 km)","depto_codigo":null,"mun_codigo":null,"fuente_magnitud":"GCMT"}},{"type":"Feature","id":169,"geometry":{"type":"Point","coordinates":[-82.736999999999966,5.6510000000000673]},"properties":{"OBJECTID":169,"evento_id":"7468","fecha_utc":"1999-12-28T17:47:00+00:00","anio":1999,"magnitud":6.1192000000000002,"magnitud_clase":"6.0 - 6.9","profundidad_km":10,"profundidad_clase":"Superficial (\u003c70 km)","depto_codigo":null,"mun_codigo":null,"fuente_magnitud":"GCMT"}},{"type":"Feature","id":170,"geometry":{"type":"Point","coordinates":[-77.505999999999972,-1.2579999999999245]},"properties":{"OBJECTID":170,"evento_id":"7409","fecha_utc":"1999-08-28T17:40:07+00:00","anio":1999,"magnitud":6.1998000000000006,"magnitud_clase":"6.0 - 6.9","profundidad_km":196.30000000000001,"profundidad_clase":"Intermedio (70-300 km)","depto_codigo":null,"mun_codigo":null,"fuente_magnitud":"GCMT"}},{"type":"Feature","id":171,"geometry":{"type":"Point","coordinates":[-77.69399999999996,-1.6549999999999727]},"properties":{"OBJECTID":171,"evento_id":"7331","fecha_utc":"1999-04-26T23:17:27+00:00","anio":1999,"magnitud":6.0196000000000005,"magnitud_clase":"6.0 - 6.9","profundidad_km":170.70000000000002,"profundidad_clase":"Intermedio (70-300 km)","depto_codigo":null,"mun_codigo":null,"fuente_magnitud":"GCMT"}},{"type":"Feature","id":172,"geometry":{"type":"Point","coordinates":[-82.765999999999963,5.8810000000000286]},"properties":{"OBJECTID":172,"evento_id":"7309","fecha_utc":"1999-03-31T10:54:44+00:00","anio":1999,"magnitud":6.3447000000000005,"magnitud_clase":"6.0 - 6.9","profundidad_km":10,"profundidad_clase":"Superficial (\u003c70 km)","depto_codigo":null,"mun_codigo":null,"fuente_magnitud":"GCMT"}},{"type":"Feature","id":173,"geometry":{"type":"Point","coordinates":[-80.322999999999979,-0.58599999999995589]},"properties":{"OBJECTID":173,"evento_id":"7163","fecha_utc":"1998-08-04T23:59:19+00:00","anio":1998,"magnitud":7.1361000000000008,"magnitud_clase":"\u003e= 7.0","profundidad_km":19.900000000000002,"profundidad_clase":"Superficial (\u003c70 km)","depto_codigo":null,"mun_codigo":null,"fuente_magnitud":"GCMT"}},{"type":"Feature","id":174,"geometry":{"type":"Point","coordinates":[-76.654999999999973,-4.3429999999999609]},"properties":{"OBJECTID":174,"evento_id":"6950","fecha_utc":"1997-10-28T11:15:20+00:00","anio":1997,"magnitud":7.1732000000000005,"magnitud_clase":"\u003e= 7.0","profundidad_km":129.09999999999999,"profundidad_clase":"Intermedio (70-300 km)","depto_codigo":null,"mun_codigo":null,"fuente_magnitud":"GCMT"}},{"type":"Feature","id":175,"geometry":{"type":"Point","coordinates":[-82.390999999999963,7.7580000000000382]},"properties":{"OBJECTID":175,"evento_id":"6802","fecha_utc":"1997-04-01T20:11:48+00:00","anio":1997,"magnitud":6.0602,"magnitud_clase":"6.0 - 6.9","profundidad_km":20.900000000000002,"profundidad_clase":"Superficial (\u003c70 km)","depto_codigo":null,"mun_codigo":null,"fuente_magnitud":"GCMT"}},{"type":"Feature","id":176,"geometry":{"type":"Point","coordinates":[-80.930999999999983,-1.94399999999996]},"properties":{"OBJECTID":176,"evento_id":"6600","fecha_utc":"1996-08-06T02:39:15+00:00","anio":1996,"magnitud":6.2825000000000006,"magnitud_clase":"6.0 - 6.9","profundidad_km":16,"profundidad_clase":"Superficial (\u003c70 km)","depto_codigo":null,"mun_codigo":null,"fuente_magnitud":"GCMT"}},{"type":"Feature","id":177,"geometry":{"type":"Point","coordinates":[-79.388999999999953,2.3490000000000464]},"properties":{"OBJECTID":177,"evento_id":"6492","fecha_utc":"1996-04-27T13:40:43+00:00","anio":1996,"magnitud":6.0621,"magnitud_clase":"6.0 - 6.9","profundidad_km":14.200000000000001,"profundidad_clase":"Superficial (\u003c70 km)","depto_codigo":null,"mun_codigo":null,"fuente_magnitud":"GCMT"}},{"type":"Feature","id":178,"geometry":{"type":"Point","coordinates":[-77.826999999999941,-2.797999999999945]},"properties":{"OBJECTID":178,"evento_id":"6163","fecha_utc":"1995-10-03T17:44:58+00:00","anio":1995,"magnitud":6.4205000000000005,"magnitud_clase":"6.0 - 6.9","profundidad_km":15.200000000000001,"profundidad_clase":"Superficial (\u003c70 km)","depto_codigo":null,"mun_codigo":null,"fuente_magnitud":"GCMT"}},{"type":"Feature","id":179,"geometry":{"type":"Point","coordinates":[-77.843999999999937,-2.7999999999999545]},"properties":{"OBJECTID":179,"evento_id":"6130","fecha_utc":"1995-10-03T06:51:25+00:00","anio":1995,"magnitud":6.9948000000000006,"magnitud_clase":"6.0 - 6.9","profundidad_km":25,"profundidad_clase":"Superficial (\u003c70 km)","depto_codigo":null,"mun_codigo":null,"fuente_magnitud":"GCMT"}},{"type":"Feature","id":180,"geometry":{"type":"Point","coordinates":[-76.875999999999976,-3.8409999999999513]},"properties":{"OBJECTID":180,"evento_id":"6022","fecha_utc":"1995-05-02T11:06:07+00:00","anio":1995,"magnitud":6.6692,"magnitud_clase":"6.0 - 6.9","profundidad_km":101.3,"profundidad_clase":"Intermedio (70-300 km)","depto_codigo":null,"mun_codigo":null,"fuente_magnitud":"GCMT"}},{"type":"Feature","id":181,"geometry":{"type":"Point","coordinates":[-82.708999999999946,6.9270000000000209]},"properties":{"OBJECTID":181,"evento_id":"5960","fecha_utc":"1995-03-01T02:12:12+00:00","anio":1995,"magnitud":6.0048000000000004,"magnitud_clase":"6.0 - 6.9","profundidad_km":10,"profundidad_clase":"Superficial (\u003c70 km)","depto_codigo":null,"mun_codigo":null,"fuente_magnitud":"GCMT"}},{"type":"Feature","id":182,"geometry":{"type":"Point","coordinates":[-79.226999999999975,5.7270000000000323]},"properties":{"OBJECTID":182,"evento_id":"5845","fecha_utc":"1994-09-28T04:04:47+00:00","anio":1994,"magnitud":6.1440000000000001,"magnitud_clase":"6.0 - 6.9","profundidad_km":2,"profundidad_clase":"Superficial (\u003c70 km)","depto_codigo":null,"mun_codigo":null,"fuente_magnitud":"GCMT"}},{"type":"Feature","id":183,"geometry":{"type":"Point","coordinates":[-76.636999999999944,-3.9079999999999586]},"properties":{"OBJECTID":183,"evento_id":"5213","fecha_utc":"1992-07-13T22:11:35+00:00","anio":1992,"magnitud":6.3058000000000005,"magnitud_clase":"6.0 - 6.9","profundidad_km":104.10000000000001,"profundidad_clase":"Intermedio (70-300 km)","depto_codigo":null,"mun_codigo":null,"fuente_magnitud":"GCMT"}},{"type":"Feature","id":184,"geometry":{"type":"Point","coordinates":[-82.329999999999984,7.3640000000000327]},"properties":{"OBJECTID":184,"evento_id":"5183","fecha_utc":"1992-05-19T03:19:20+00:00","anio":1992,"magnitud":6.2789999999999999,"magnitud_clase":"6.0 - 6.9","profundidad_km":13.1,"profundidad_clase":"Superficial (\u003c70 km)","depto_codigo":null,"mun_codigo":null,"fuente_magnitud":"GCMT"}},{"type":"Feature","id":185,"geometry":{"type":"Point","coordinates":[-77.349999999999966,4.5710000000000264]},"properties":{"OBJECTID":185,"evento_id":"5065","fecha_utc":"1991-11-20T03:28:51+00:00","anio":1991,"magnitud":7.1763000000000003,"magnitud_clase":"\u003e= 7.0","profundidad_km":16,"profundidad_clase":"Superficial (\u003c70 km)","depto_codigo":null,"mun_codigo":null,"fuente_magnitud":"GCMT"}},{"type":"Feature","id":186,"geometry":{"type":"Point","coordinates":[-82.450999999999965,9.5480000000000587]},"properties":{"OBJECTID":186,"evento_id":"4950","fecha_utc":"1991-05-04T08:42:56+00:00","anio":1991,"magnitud":6.1495000000000006,"magnitud_clase":"6.0 - 6.9","profundidad_km":10,"profundidad_clase":"Superficial (\u003c70 km)","depto_codigo":null,"mun_codigo":null,"fuente_magnitud":"GCMT"}},{"type":"Feature","id":187,"geometry":{"type":"Point","coordinates":[-83.538999999999987,9.7590000000000714]},"properties":{"OBJECTID":187,"evento_id":"4933","fecha_utc":"1991-04-25T00:13:03+00:00","anio":1991,"magnitud":6.1083000000000007,"magnitud_clase":"6.0 - 6.9","profundidad_km":11.6,"profundidad_clase":"Superficial (\u003c70 km)","depto_codigo":null,"mun_codigo":null,"fuente_magnitud":"GCMT"}},{"type":"Feature","id":188,"geometry":{"type":"Point","coordinates":[-79.730999999999938,2.5330000000000723]},"properties":{"OBJECTID":188,"evento_id":"4930","fecha_utc":"1991-04-24T10:13:11+00:00","anio":1991,"magnitud":6.1299999999999999,"magnitud_clase":"6.0 - 6.9","profundidad_km":25,"profundidad_clase":"Superficial (\u003c70 km)","depto_codigo":null,"mun_codigo":null,"fuente_magnitud":"ISC-GEM"}},{"type":"Feature","id":189,"geometry":{"type":"Point","coordinates":[-83.050999999999988,9.6630000000000678]},"properties":{"OBJECTID":189,"evento_id":"4912","fecha_utc":"1991-04-23T02:56:54+00:00","anio":1991,"magnitud":7.6132,"magnitud_clase":"\u003e= 7.0","profundidad_km":17.900000000000002,"profundidad_clase":"Superficial (\u003c70 km)","depto_codigo":null,"mun_codigo":null,"fuente_magnitud":"GCMT"}},{"type":"Feature","id":190,"geometry":{"type":"Point","coordinates":[-78.138999999999953,7.049000000000035]},"properties":{"OBJECTID":190,"evento_id":"4872","fecha_utc":"1991-04-04T08:22:57+00:00","anio":1991,"magnitud":6.1369000000000007,"magnitud_clase":"6.0 - 6.9","profundidad_km":20,"profundidad_clase":"Superficial (\u003c70 km)","depto_codigo":null,"mun_codigo":null,"fuente_magnitud":"GCMT"}},{"type":"Feature","id":191,"geometry":{"type":"Point","coordinates":[-77.097999999999956,-5.9799999999999613]},"properties":{"OBJECTID":191,"evento_id":"19767","fecha_utc":"1991-04-05T09:19:50+00:00","anio":1991,"magnitud":6.9132000000000007,"magnitud_clase":"6.0 - 6.9","profundidad_km":22.100000000000001,"profundidad_clase":"Superficial (\u003c70 km)","depto_codigo":null,"mun_codigo":null,"fuente_magnitud":"GCMT"}},{"type":"Feature","id":192,"geometry":{"type":"Point","coordinates":[-82.204999999999984,6.6080000000000609]},"properties":{"OBJECTID":192,"evento_id":"4798","fecha_utc":"1990-12-17T16:00:21+00:00","anio":1990,"magnitud":6.2335000000000003,"magnitud_clase":"6.0 - 6.9","profundidad_km":22,"profundidad_clase":"Superficial (\u003c70 km)","depto_codigo":null,"mun_codigo":null,"fuente_magnitud":"GCMT"}},{"type":"Feature","id":193,"geometry":{"type":"Point","coordinates":[-82.181699999999978,6.8407000000000266]},"properties":{"OBJECTID":193,"evento_id":"4799","fecha_utc":"1990-12-17T16:00:32+00:00","anio":1990,"magnitud":6.1900000000000004,"magnitud_clase":"6.0 - 6.9","profundidad_km":16.600000000000001,"profundidad_clase":"Superficial (\u003c70 km)","depto_codigo":null,"mun_codigo":null,"fuente_magnitud":"ISC-GEM"}},{"type":"Feature","id":194,"geometry":{"type":"Point","coordinates":[-80.243999999999971,-0.16499999999996362]},"properties":{"OBJECTID":194,"evento_id":"4737","fecha_utc":"1990-09-02T09:26:49+00:00","anio":1990,"magnitud":6.2065999999999999,"magnitud_clase":"6.0 - 6.9","profundidad_km":14.5,"profundidad_clase":"Superficial (\u003c70 km)","depto_codigo":null,"mun_codigo":null,"fuente_magnitud":"GCMT"}},{"type":"Feature","id":195,"geometry":{"type":"Point","coordinates":[-83.489999999999952,8.9220000000000255]},"properties":{"OBJECTID":195,"evento_id":"4662","fecha_utc":"1990-04-28T06:23:12+00:00","anio":1990,"magnitud":6.3481000000000005,"magnitud_clase":"6.0 - 6.9","profundidad_km":22.199999999999999,"profundidad_clase":"Superficial (\u003c70 km)","depto_codigo":null,"mun_codigo":null,"fuente_magnitud":"GCMT"}},{"type":"Feature","id":196,"geometry":{"type":"Point","coordinates":[-82.583999999999946,6.8900000000000432]},"properties":{"OBJECTID":196,"evento_id":"4666","fecha_utc":"1990-05-08T05:01:41+00:00","anio":1990,"magnitud":6.4398,"magnitud_clase":"6.0 - 6.9","profundidad_km":14.1,"profundidad_clase":"Superficial (\u003c70 km)","depto_codigo":null,"mun_codigo":null,"fuente_magnitud":"GCMT"}},{"type":"Feature","id":197,"geometry":{"type":"Point","coordinates":[-79.597999999999956,1.1110000000000468]},"properties":{"OBJECTID":197,"evento_id":"4512","fecha_utc":"1989-06-26T01:37:34+00:00","anio":1989,"magnitud":6.2868000000000004,"magnitud_clase":"6.0 - 6.9","profundidad_km":20,"profundidad_clase":"Superficial (\u003c70 km)","depto_codigo":null,"mun_codigo":null,"fuente_magnitud":"GCMT"}},{"type":"Feature","id":198,"geometry":{"type":"Point","coordinates":[-82.664999999999964,5.7500000000000568]},"properties":{"OBJECTID":198,"evento_id":"4443","fecha_utc":"1989-02-05T00:24:09+00:00","anio":1989,"magnitud":6.2764000000000006,"magnitud_clase":"6.0 - 6.9","profundidad_km":15,"profundidad_clase":"Superficial (\u003c70 km)","depto_codigo":null,"mun_codigo":null,"fuente_magnitud":"GCMT"}},{"type":"Feature","id":199,"geometry":{"type":"Point","coordinates":[-82.749999999999943,6.9120000000000346]},"properties":{"OBJECTID":199,"evento_id":"4413","fecha_utc":"1988-12-08T17:59:01+00:00","anio":1988,"magnitud":6.1295999999999999,"magnitud_clase":"6.0 - 6.9","profundidad_km":15,"profundidad_clase":"Superficial (\u003c70 km)","depto_codigo":null,"mun_codigo":null,"fuente_magnitud":"GCMT"}},{"type":"Feature","id":200,"geometry":{"type":"Point","coordinates":[-77.839999999999975,-1.4519999999999413]},"properties":{"OBJECTID":200,"evento_id":"4397","fecha_utc":"1988-09-15T23:48:02+00:00","anio":1988,"magnitud":6.1770000000000005,"magnitud_clase":"6.0 - 6.9","profundidad_km":173.59999999999999,"profundidad_clase":"Intermedio (70-300 km)","depto_codigo":null,"mun_codigo":null,"fuente_magnitud":"GCMT"}},{"type":"Feature","id":201,"geometry":{"type":"Point","coordinates":[-82.94399999999996,9.1070000000000277]},"properties":{"OBJECTID":201,"evento_id":"4331","fecha_utc":"1988-03-11T08:44:58+00:00","anio":1988,"magnitud":6.0072999999999999,"magnitud_clase":"6.0 - 6.9","profundidad_km":17.199999999999999,"profundidad_clase":"Superficial (\u003c70 km)","depto_codigo":null,"mun_codigo":null,"fuente_magnitud":"GCMT"}},{"type":"Feature","id":202,"geometry":{"type":"Point","coordinates":[-78.044999999999959,-1.0179999999999723]},"properties":{"OBJECTID":202,"evento_id":"4260","fecha_utc":"1987-09-22T18:43:39+00:00","anio":1987,"magnitud":6.3397000000000006,"magnitud_clase":"6.0 - 6.9","profundidad_km":15,"profundidad_clase":"Superficial (\u003c70 km)","depto_codigo":null,"mun_codigo":null,"fuente_magnitud":"GCMT"}},{"type":"Feature","id":203,"geometry":{"type":"Point","coordinates":[-77.80699999999996,0.070000000000050022]},"properties":{"OBJECTID":203,"evento_id":"4139","fecha_utc":"1987-03-06T09:10:44+00:00","anio":1987,"magnitud":7.1361000000000008,"magnitud_clase":"\u003e= 7.0","profundidad_km":20.600000000000001,"profundidad_clase":"Superficial (\u003c70 km)","depto_codigo":null,"mun_codigo":null,"fuente_magnitud":"GCMT"}},{"type":"Feature","id":204,"geometry":{"type":"Point","coordinates":[-77.669999999999959,0.0050000000000522959]},"properties":{"OBJECTID":204,"evento_id":"4138","fecha_utc":"1987-03-06T06:54:51+00:00","anio":1987,"magnitud":6.3935000000000004,"magnitud_clase":"6.0 - 6.9","profundidad_km":12.6,"profundidad_clase":"Superficial (\u003c70 km)","depto_codigo":null,"mun_codigo":null,"fuente_magnitud":"GCMT"}},{"type":"Feature","id":205,"geometry":{"type":"Point","coordinates":[-82.632999999999981,5.8580000000000609]},"properties":{"OBJECTID":205,"evento_id":"4114","fecha_utc":"1987-01-04T22:52:38+00:00","anio":1987,"magnitud":6.2737000000000007,"magnitud_clase":"6.0 - 6.9","profundidad_km":15.700000000000001,"profundidad_clase":"Superficial (\u003c70 km)","depto_codigo":null,"mun_codigo":null,"fuente_magnitud":"GCMT"}},{"type":"Feature","id":206,"geometry":{"type":"Point","coordinates":[-77.398999999999944,-3.4179999999999495]},"properties":{"OBJECTID":206,"evento_id":"4098","fecha_utc":"1986-11-23T06:39:24+00:00","anio":1986,"magnitud":6.7827999999999999,"magnitud_clase":"6.0 - 6.9","profundidad_km":105.7,"profundidad_clase":"Intermedio (70-300 km)","depto_codigo":null,"mun_codigo":null,"fuente_magnitud":"GCMT"}},{"type":"Feature","id":207,"geometry":{"type":"Point","coordinates":[-77.43199999999996,8.9780000000000655]},"properties":{"OBJECTID":207,"evento_id":"3857","fecha_utc":"1985-04-20T23:23:48+00:00","anio":1985,"magnitud":6.2894000000000005,"magnitud_clase":"6.0 - 6.9","profundidad_km":30.900000000000002,"profundidad_clase":"Superficial (\u003c70 km)","depto_codigo":null,"mun_codigo":null,"fuente_magnitud":"GCMT"}},{"type":"Feature","id":208,"geometry":{"type":"Point","coordinates":[-80.061999999999955,10.165000000000077]},"properties":{"OBJECTID":208,"evento_id":"3801","fecha_utc":"1985-01-05T16:11:31+00:00","anio":1985,"magnitud":6.1083000000000007,"magnitud_clase":"6.0 - 6.9","profundidad_km":25,"profundidad_clase":"Superficial (\u003c70 km)","depto_codigo":null,"mun_codigo":null,"fuente_magnitud":"GCMT"}},{"type":"Feature","id":209,"geometry":{"type":"Point","coordinates":[-82.311999999999955,7.3610000000000468]},"properties":{"OBJECTID":209,"evento_id":"3640","fecha_utc":"1983-11-27T01:18:25+00:00","anio":1983,"magnitud":6.2719000000000005,"magnitud_clase":"6.0 - 6.9","profundidad_km":14,"profundidad_clase":"Superficial (\u003c70 km)","depto_codigo":null,"mun_codigo":null,"fuente_magnitud":"GCMT"}},{"type":"Feature","id":210,"geometry":{"type":"Point","coordinates":[-79.800999999999988,0.47900000000004184]},"properties":{"OBJECTID":210,"evento_id":"3636","fecha_utc":"1983-11-22T19:21:00+00:00","anio":1983,"magnitud":6.7467000000000006,"magnitud_clase":"6.0 - 6.9","profundidad_km":25,"profundidad_clase":"Superficial (\u003c70 km)","depto_codigo":null,"mun_codigo":null,"fuente_magnitud":"GCMT"}},{"type":"Feature","id":211,"geometry":{"type":"Point","coordinates":[-83.638999999999953,9.6480000000000246]},"properties":{"OBJECTID":211,"evento_id":"3574","fecha_utc":"1983-07-03T22:14:22+00:00","anio":1983,"magnitud":6.3191000000000006,"magnitud_clase":"6.0 - 6.9","profundidad_km":15.300000000000001,"profundidad_clase":"Superficial (\u003c70 km)","depto_codigo":null,"mun_codigo":null,"fuente_magnitud":"GCMT"}},{"type":"Feature","id":212,"geometry":{"type":"Point","coordinates":[-82.946999999999946,8.2430000000000518]},"properties":{"OBJECTID":212,"evento_id":"3549","fecha_utc":"1983-05-09T20:53:02+00:00","anio":1983,"magnitud":6.2396000000000003,"magnitud_clase":"6.0 - 6.9","profundidad_km":25,"profundidad_clase":"Superficial (\u003c70 km)","depto_codigo":null,"mun_codigo":null,"fuente_magnitud":"GCMT"}},{"type":"Feature","id":213,"geometry":{"type":"Point","coordinates":[-78.090999999999951,-4.8479999999999563]},"properties":{"OBJECTID":213,"evento_id":"3536","fecha_utc":"1983-04-12T17:07:58+00:00","anio":1983,"magnitud":6.9652000000000003,"magnitud_clase":"6.0 - 6.9","profundidad_km":126.3,"profundidad_clase":"Intermedio (70-300 km)","depto_codigo":null,"mun_codigo":null,"fuente_magnitud":"GCMT"}},{"type":"Feature","id":214,"geometry":{"type":"Point","coordinates":[-83.074999999999989,8.7140000000000555]},"properties":{"OBJECTID":214,"evento_id":"3509","fecha_utc":"1983-04-03T07:50:00+00:00","anio":1983,"magnitud":7.4400000000000004,"magnitud_clase":"\u003e= 7.0","profundidad_km":25,"profundidad_clase":"Superficial (\u003c70 km)","depto_codigo":null,"mun_codigo":null,"fuente_magnitud":"GCMT"}},{"type":"Feature","id":215,"geometry":{"type":"Point","coordinates":[-76.643999999999949,-1.7429999999999382]},"properties":{"OBJECTID":215,"evento_id":"3449","fecha_utc":"1982-11-18T19:57:52+00:00","anio":1982,"magnitud":6.5422000000000002,"magnitud_clase":"6.0 - 6.9","profundidad_km":193.40000000000001,"profundidad_clase":"Intermedio (70-300 km)","depto_codigo":null,"mun_codigo":null,"fuente_magnitud":"GCMT"}},{"type":"Feature","id":216,"geometry":{"type":"Point","coordinates":[-82.647999999999968,6.7100000000000364]},"properties":{"OBJECTID":216,"evento_id":"3412","fecha_utc":"1982-08-19T20:59:04+00:00","anio":1982,"magnitud":6.7874000000000008,"magnitud_clase":"6.0 - 6.9","profundidad_km":16,"profundidad_clase":"Superficial (\u003c70 km)","depto_codigo":null,"mun_codigo":null,"fuente_magnitud":"GCMT"}},{"type":"Feature","id":217,"geometry":{"type":"Point","coordinates":[-79.885999999999967,-2.7209999999999468]},"properties":{"OBJECTID":217,"evento_id":"3415","fecha_utc":"1982-08-26T10:23:00+00:00","anio":1982,"magnitud":6.0115000000000007,"magnitud_clase":"6.0 - 6.9","profundidad_km":67.700000000000003,"profundidad_clase":"Superficial (\u003c70 km)","depto_codigo":null,"mun_codigo":null,"fuente_magnitud":"GCMT"}},{"type":"Feature","id":218,"geometry":{"type":"Point","coordinates":[-80.94199999999995,-1.9869999999999663]},"properties":{"OBJECTID":218,"evento_id":"3187","fecha_utc":"1981-05-07T02:36:05+00:00","anio":1981,"magnitud":6.4321000000000002,"magnitud_clase":"6.0 - 6.9","profundidad_km":15,"profundidad_clase":"Superficial (\u003c70 km)","depto_codigo":null,"mun_codigo":null,"fuente_magnitud":"GCMT"}},{"type":"Feature","id":219,"geometry":{"type":"Point","coordinates":[-78.113999999999976,3.2380000000000564]},"properties":{"OBJECTID":219,"evento_id":"3077","fecha_utc":"1980-09-04T03:12:39+00:00","anio":1980,"magnitud":6.1051000000000002,"magnitud_clase":"6.0 - 6.9","profundidad_km":29.699999999999999,"profundidad_clase":"Superficial (\u003c70 km)","depto_codigo":null,"mun_codigo":null,"fuente_magnitud":"GCMT"}},{"type":"Feature","id":220,"geometry":{"type":"Point","coordinates":[-82.663999999999987,5.2120000000000459]},"properties":{"OBJECTID":220,"evento_id":"3053","fecha_utc":"1980-07-30T11:56:19+00:00","anio":1980,"magnitud":6.2808000000000002,"magnitud_clase":"6.0 - 6.9","profundidad_km":17.100000000000001,"profundidad_clase":"Superficial (\u003c70 km)","depto_codigo":null,"mun_codigo":null,"fuente_magnitud":"GCMT"}},{"type":"Feature","id":221,"geometry":{"type":"Point","coordinates":[-79.022999999999968,2.0580000000000496]},"properties":{"OBJECTID":221,"evento_id":"2913","fecha_utc":"1980-01-01T04:07:23+00:00","anio":1980,"magnitud":6.0002000000000004,"magnitud_clase":"6.0 - 6.9","profundidad_km":25,"profundidad_clase":"Superficial (\u003c70 km)","depto_codigo":null,"mun_codigo":null,"fuente_magnitud":"GCMT"}},{"type":"Feature","id":222,"geometry":{"type":"Point","coordinates":[-79.487999999999943,2.4880000000000564]},"properties":{"OBJECTID":222,"evento_id":"2828","fecha_utc":"1979-12-13T10:37:50+00:00","anio":1979,"magnitud":6.2581000000000007,"magnitud_clase":"6.0 - 6.9","profundidad_km":32.299999999999997,"profundidad_clase":"Superficial (\u003c70 km)","depto_codigo":null,"mun_codigo":null,"fuente_magnitud":"GCMT"}},{"type":"Feature","id":223,"geometry":{"type":"Point","coordinates":[-79.371999999999957,1.5900000000000318]},"properties":{"OBJECTID":223,"evento_id":"2808","fecha_utc":"1979-12-12T12:59:04+00:00","anio":1979,"magnitud":8.0853000000000002,"magnitud_clase":"\u003e= 7.0","profundidad_km":23.800000000000001,"profundidad_clase":"Superficial (\u003c70 km)","depto_codigo":null,"mun_codigo":null,"fuente_magnitud":"GCMT"}},{"type":"Feature","id":224,"geometry":{"type":"Point","coordinates":[-83.482999999999947,8.91700000000003]},"properties":{"OBJECTID":224,"evento_id":"2763","fecha_utc":"1979-08-24T09:26:53+00:00","anio":1979,"magnitud":6.4403000000000006,"magnitud_clase":"6.0 - 6.9","profundidad_km":28.600000000000001,"profundidad_clase":"Superficial (\u003c70 km)","depto_codigo":null,"mun_codigo":null,"fuente_magnitud":"GCMT"}},{"type":"Feature","id":225,"geometry":{"type":"Point","coordinates":[-82.835999999999956,8.3760000000000332]},"properties":{"OBJECTID":225,"evento_id":"2721","fecha_utc":"1979-07-02T01:38:06+00:00","anio":1979,"magnitud":6.1707000000000001,"magnitud_clase":"6.0 - 6.9","profundidad_km":29.199999999999999,"profundidad_clase":"Superficial (\u003c70 km)","depto_codigo":null,"mun_codigo":null,"fuente_magnitud":"GCMT"}},{"type":"Feature","id":226,"geometry":{"type":"Point","coordinates":[-82.283999999999935,7.1400000000000432]},"properties":{"OBJECTID":226,"evento_id":"2717","fecha_utc":"1979-06-27T14:50:05+00:00","anio":1979,"magnitud":6.3454000000000006,"magnitud_clase":"6.0 - 6.9","profundidad_km":10,"profundidad_clase":"Superficial (\u003c70 km)","depto_codigo":null,"mun_codigo":null,"fuente_magnitud":"GCMT"}},{"type":"Feature","id":227,"geometry":{"type":"Point","coordinates":[-82.737999999999943,5.6960000000000264]},"properties":{"OBJECTID":227,"evento_id":"2557","fecha_utc":"1978-06-15T13:18:26+00:00","anio":1978,"magnitud":6.1412000000000004,"magnitud_clase":"6.0 - 6.9","profundidad_km":10,"profundidad_clase":"Superficial (\u003c70 km)","depto_codigo":null,"mun_codigo":null,"fuente_magnitud":"GCMT"}},{"type":"Feature","id":228,"geometry":{"type":"Point","coordinates":[-77.866999999999962,10.083000000000027]},"properties":{"OBJECTID":228,"evento_id":"2527","fecha_utc":"1978-04-05T02:11:44+00:00","anio":1978,"magnitud":6.2755000000000001,"magnitud_clase":"6.0 - 6.9","profundidad_km":40.100000000000001,"profundidad_clase":"Superficial (\u003c70 km)","depto_codigo":null,"mun_codigo":null,"fuente_magnitud":"GCMT"}},{"type":"Feature","id":229,"geometry":{"type":"Point","coordinates":[-78.077999999999975,7.3680000000000518]},"properties":{"OBJECTID":229,"evento_id":"2160","fecha_utc":"1976-07-12T01:41:51+00:00","anio":1976,"magnitud":7.2567000000000004,"magnitud_clase":"\u003e= 7.0","profundidad_km":18,"profundidad_clase":"Superficial (\u003c70 km)","depto_codigo":null,"mun_codigo":null,"fuente_magnitud":"GCMT"}},{"type":"Feature","id":230,"geometry":{"type":"Point","coordinates":[-78.254999999999939,7.4740000000000464]},"properties":{"OBJECTID":230,"evento_id":"2152","fecha_utc":"1976-07-11T21:54:32+00:00","anio":1976,"magnitud":6.7484999999999999,"magnitud_clase":"6.0 - 6.9","profundidad_km":10.800000000000001,"profundidad_clase":"Superficial (\u003c70 km)","depto_codigo":null,"mun_codigo":null,"fuente_magnitud":"GCMT"}},{"type":"Feature","id":231,"geometry":{"type":"Point","coordinates":[-79.605999999999938,0.83300000000002683]},"properties":{"OBJECTID":231,"evento_id":"2116","fecha_utc":"1976-04-09T12:08:50+00:00","anio":1976,"magnitud":6.6310000000000002,"magnitud_clase":"6.0 - 6.9","profundidad_km":20,"profundidad_clase":"Superficial (\u003c70 km)","depto_codigo":null,"mun_codigo":null,"fuente_magnitud":"GCMT"}},{"type":"Feature","id":232,"geometry":{"type":"Point","coordinates":[-82.658999999999935,6.4930000000000518]},"properties":{"OBJECTID":232,"evento_id":"2034","fecha_utc":"1975-10-05T04:12:25+00:00","anio":1975,"magnitud":6.0800000000000001,"magnitud_clase":"6.0 - 6.9","profundidad_km":15,"profundidad_clase":"Superficial (\u003c70 km)","depto_codigo":null,"mun_codigo":null,"fuente_magnitud":"ISC-GEM"}},{"type":"Feature","id":233,"geometry":{"type":"Point","coordinates":[-69.662999999999954,10.064000000000021]},"properties":{"OBJECTID":233,"evento_id":"1955","fecha_utc":"1975-04-05T14:34:36+00:00","anio":1975,"magnitud":6.04,"magnitud_clase":"6.0 - 6.9","profundidad_km":15,"profundidad_clase":"Superficial (\u003c70 km)","depto_codigo":null,"mun_codigo":null,"fuente_magnitud":"ISC-GEM"}},{"type":"Feature","id":234,"geometry":{"type":"Point","coordinates":[-77.014999999999986,-4.2749999999999773]},"properties":{"OBJECTID":234,"evento_id":"1948","fecha_utc":"1975-03-18T22:21:27+00:00","anio":1975,"magnitud":6.5899999999999999,"magnitud_clase":"6.0 - 6.9","profundidad_km":122.90000000000001,"profundidad_clase":"Intermedio (70-300 km)","depto_codigo":null,"mun_codigo":null,"fuente_magnitud":"ISC-GEM"}},{"type":"Feature","id":235,"geometry":{"type":"Point","coordinates":[-78.616999999999962,7.3920000000000528]},"properties":{"OBJECTID":235,"evento_id":"1913","fecha_utc":"1974-12-19T21:00:50+00:00","anio":1974,"magnitud":6.0099999999999998,"magnitud_clase":"6.0 - 6.9","profundidad_km":13.300000000000001,"profundidad_clase":"Superficial (\u003c70 km)","depto_codigo":null,"mun_codigo":null,"fuente_magnitud":"ISC-GEM"}},{"type":"Feature","id":236,"geometry":{"type":"Point","coordinates":[-77.640999999999963,7.7310000000000514]},"properties":{"OBJECTID":236,"evento_id":"1762","fecha_utc":"1974-07-13T06:18:23+00:00","anio":1974,"magnitud":7.1000000000000005,"magnitud_clase":"\u003e= 7.0","profundidad_km":10,"profundidad_clase":"Superficial (\u003c70 km)","depto_codigo":null,"mun_codigo":null,"fuente_magnitud":"ISC-GEM"}},{"type":"Feature","id":237,"geometry":{"type":"Point","coordinates":[-82.826999999999941,5.8290000000000646]},"properties":{"OBJECTID":237,"evento_id":"1744","fecha_utc":"1974-06-08T03:48:50+00:00","anio":1974,"magnitud":6.0700000000000003,"magnitud_clase":"6.0 - 6.9","profundidad_km":15,"profundidad_clase":"Superficial (\u003c70 km)","depto_codigo":null,"mun_codigo":null,"fuente_magnitud":"ISC-GEM"}},{"type":"Feature","id":238,"geometry":{"type":"Point","coordinates":[-78.119999999999948,4.9070000000000391]},"properties":{"OBJECTID":238,"evento_id":"1581","fecha_utc":"1973-04-25T02:30:07+00:00","anio":1973,"magnitud":6.4800000000000004,"magnitud_clase":"6.0 - 6.9","profundidad_km":25,"profundidad_clase":"Superficial (\u003c70 km)","depto_codigo":null,"mun_codigo":null,"fuente_magnitud":"ISC-GEM"}},{"type":"Feature","id":239,"geometry":{"type":"Point","coordinates":[-77.379999999999939,-2.8339999999999463]},"properties":{"OBJECTID":239,"evento_id":"1394","fecha_utc":"1971-07-27T07:02:48+00:00","anio":1971,"magnitud":7.4169,"magnitud_clase":"\u003e= 7.0","profundidad_km":113.3,"profundidad_clase":"Intermedio (70-300 km)","depto_codigo":null,"mun_codigo":null,"fuente_magnitud":"GCMT"}},{"type":"Feature","id":240,"geometry":{"type":"Point","coordinates":[-77.662999999999954,-1.6409999999999627]},"properties":{"OBJECTID":240,"evento_id":"1378","fecha_utc":"1971-05-17T16:04:07+00:00","anio":1971,"magnitud":6.6907000000000005,"magnitud_clase":"6.0 - 6.9","profundidad_km":171.20000000000002,"profundidad_clase":"Intermedio (70-300 km)","depto_codigo":null,"mun_codigo":null,"fuente_magnitud":"GCMT"}},{"type":"Feature","id":241,"geometry":{"type":"Point","coordinates":[-80.662999999999954,-4.0859999999999559]},"properties":{"OBJECTID":241,"evento_id":"1259","fecha_utc":"1970-12-10T09:34:38+00:00","anio":1970,"magnitud":7.2000000000000002,"magnitud_clase":"\u003e= 7.0","profundidad_km":19.199999999999999,"profundidad_clase":"Superficial (\u003c70 km)","depto_codigo":null,"mun_codigo":null,"fuente_magnitud":"ISC-GEM"}},{"type":"Feature","id":242,"geometry":{"type":"Point","coordinates":[-77.527999999999963,6.3820000000000618]},"properties":{"OBJECTID":242,"evento_id":"1210","fecha_utc":"1970-09-27T08:38:38+00:00","anio":1970,"magnitud":6.5200000000000005,"magnitud_clase":"6.0 - 6.9","profundidad_km":10,"profundidad_clase":"Superficial (\u003c70 km)","depto_codigo":null,"mun_codigo":null,"fuente_magnitud":"ISC-GEM"}},{"type":"Feature","id":243,"geometry":{"type":"Point","coordinates":[-77.474999999999966,6.3330000000000268]},"properties":{"OBJECTID":243,"evento_id":"1203","fecha_utc":"1970-09-26T17:02:31+00:00","anio":1970,"magnitud":6.5600000000000005,"magnitud_clase":"6.0 - 6.9","profundidad_km":9.4000000000000004,"profundidad_clase":"Superficial (\u003c70 km)","depto_codigo":null,"mun_codigo":null,"fuente_magnitud":"ISC-GEM"}},{"type":"Feature","id":244,"geometry":{"type":"Point","coordinates":[-82.646999999999935,5.5470000000000255]},"properties":{"OBJECTID":244,"evento_id":"846","fecha_utc":"1968-06-15T12:08:50+00:00","anio":1968,"magnitud":6.2000000000000002,"magnitud_clase":"6.0 - 6.9","profundidad_km":25.199999999999999,"profundidad_clase":"Superficial (\u003c70 km)","depto_codigo":null,"mun_codigo":null,"fuente_magnitud":"ISC-GEM"}},{"type":"Feature","id":245,"geometry":{"type":"Point","coordinates":[-77.178999999999974,-5.5609999999999786]},"properties":{"OBJECTID":245,"evento_id":"850","fecha_utc":"1968-06-19T13:13:34+00:00","anio":1968,"magnitud":6.7999999999999998,"magnitud_clase":"6.0 - 6.9","profundidad_km":15.5,"profundidad_clase":"Superficial (\u003c70 km)","depto_codigo":null,"mun_codigo":null,"fuente_magnitud":"ISC-GEM"}},{"type":"Feature","id":246,"geometry":{"type":"Point","coordinates":[-77.683999999999969,-2.7539999999999623]},"properties":{"OBJECTID":246,"evento_id":"758","fecha_utc":"1967-11-04T21:26:49+00:00","anio":1967,"magnitud":6.0899999999999999,"magnitud_clase":"6.0 - 6.9","profundidad_km":95.100000000000009,"profundidad_clase":"Intermedio (70-300 km)","depto_codigo":null,"mun_codigo":null,"fuente_magnitud":"ISC-GEM"}},{"type":"Feature","id":247,"geometry":{"type":"Point","coordinates":[-67.299999999999955,10.579000000000065]},"properties":{"OBJECTID":247,"evento_id":"709","fecha_utc":"1967-07-30T05:00:02+00:00","anio":1967,"magnitud":6.6000000000000005,"magnitud_clase":"6.0 - 6.9","profundidad_km":23,"profundidad_clase":"Superficial (\u003c70 km)","depto_codigo":null,"mun_codigo":null,"fuente_magnitud":"ISC-GEM"}},{"type":"Feature","id":248,"geometry":{"type":"Point","coordinates":[-82.753999999999962,5.6680000000000632]},"properties":{"OBJECTID":248,"evento_id":"699","fecha_utc":"1967-07-13T02:00:21+00:00","anio":1967,"magnitud":6.1299999999999999,"magnitud_clase":"6.0 - 6.9","profundidad_km":20.600000000000001,"profundidad_clase":"Superficial (\u003c70 km)","depto_codigo":null,"mun_codigo":null,"fuente_magnitud":"ISC-GEM"}},{"type":"Feature","id":249,"geometry":{"type":"Point","coordinates":[-78.614999999999952,-0.19799999999997908]},"properties":{"OBJECTID":249,"evento_id":"624","fecha_utc":"1967-03-02T07:47:33+00:00","anio":1967,"magnitud":6,"magnitud_clase":"6.0 - 6.9","profundidad_km":120.40000000000001,"profundidad_clase":"Intermedio (70-300 km)","depto_codigo":null,"mun_codigo":null,"fuente_magnitud":"ISC-GEM"}},{"type":"Feature","id":250,"geometry":{"type":"Point","coordinates":[-82.15399999999994,7.6160000000000423]},"properties":{"OBJECTID":250,"evento_id":"384","fecha_utc":"1965-12-16T04:05:23+00:00","anio":1965,"magnitud":6.3500000000000005,"magnitud_clase":"6.0 - 6.9","profundidad_km":20,"profundidad_clase":"Superficial (\u003c70 km)","depto_codigo":null,"mun_codigo":null,"fuente_magnitud":"ISC-GEM"}},{"type":"Feature","id":251,"geometry":{"type":"Point","coordinates":[-77.671999999999969,-1.4559999999999604]},"properties":{"OBJECTID":251,"evento_id":"336","fecha_utc":"1965-09-17T16:13:57+00:00","anio":1965,"magnitud":6.5144000000000002,"magnitud_clase":"6.0 - 6.9","profundidad_km":188.5,"profundidad_clase":"Intermedio (70-300 km)","depto_codigo":null,"mun_codigo":null,"fuente_magnitud":"GCMT"}},{"type":"Feature","id":252,"geometry":{"type":"Point","coordinates":[-80.312999999999988,-0.87699999999995271]},"properties":{"OBJECTID":252,"evento_id":"71","fecha_utc":"1964-05-20T04:03:38+00:00","anio":1964,"magnitud":6.2000000000000002,"magnitud_clase":"6.0 - 6.9","profundidad_km":25,"profundidad_clase":"Superficial (\u003c70 km)","depto_codigo":null,"mun_codigo":null,"fuente_magnitud":"ISC-GEM"}},{"type":"Feature","id":253,"geometry":{"type":"Point","coordinates":[-82.817999999999984,7.91700000000003]},"properties":{"OBJECTID":253,"evento_id":"25612","fecha_utc":"1962-03-12T16:40:18+00:00","anio":1962,"magnitud":6.5300000000000002,"magnitud_clase":"6.0 - 6.9","profundidad_km":25,"profundidad_clase":"Superficial (\u003c70 km)","depto_codigo":null,"mun_codigo":null,"fuente_magnitud":"ISC-GEM"}},{"type":"Feature","id":254,"geometry":{"type":"Point","coordinates":[-82.728999999999985,7.5120000000000573]},"properties":{"OBJECTID":254,"evento_id":"25615","fecha_utc":"1962-07-26T13:14:46+00:00","anio":1962,"magnitud":7.1799999999999997,"magnitud_clase":"\u003e= 7.0","profundidad_km":25,"profundidad_clase":"Superficial (\u003c70 km)","depto_codigo":null,"mun_codigo":null,"fuente_magnitud":"ISC-GEM"}},{"type":"Feature","id":255,"geometry":{"type":"Point","coordinates":[-82.296999999999969,7.5140000000000668]},"properties":{"OBJECTID":255,"evento_id":"25618","fecha_utc":"1962-09-18T05:29:09+00:00","anio":1962,"magnitud":6.7700000000000005,"magnitud_clase":"6.0 - 6.9","profundidad_km":30,"profundidad_clase":"Superficial (\u003c70 km)","depto_codigo":null,"mun_codigo":null,"fuente_magnitud":"ISC-GEM"}},{"type":"Feature","id":256,"geometry":{"type":"Point","coordinates":[-81.773999999999944,-4.5849999999999795]},"properties":{"OBJECTID":256,"evento_id":"25621","fecha_utc":"1963-03-04T20:43:02+00:00","anio":1963,"magnitud":6.0700000000000003,"magnitud_clase":"6.0 - 6.9","profundidad_km":15,"profundidad_clase":"Superficial (\u003c70 km)","depto_codigo":null,"mun_codigo":null,"fuente_magnitud":"ISC-GEM"}},{"type":"Feature","id":257,"geometry":{"type":"Point","coordinates":[-77.622999999999934,-2.1879999999999313]},"properties":{"OBJECTID":257,"evento_id":"25623","fecha_utc":"1963-05-11T03:22:43+00:00","anio":1963,"magnitud":6.6000000000000005,"magnitud_clase":"6.0 - 6.9","profundidad_km":20,"profundidad_clase":"Superficial (\u003c70 km)","depto_codigo":null,"mun_codigo":null,"fuente_magnitud":"ISC-GEM"}},{"type":"Feature","id":258,"geometry":{"type":"Point","coordinates":[-83.173999999999978,8.4270000000000209]},"properties":{"OBJECTID":258,"evento_id":"25626","fecha_utc":"1963-07-09T14:24:36+00:00","anio":1963,"magnitud":6.0099999999999998,"magnitud_clase":"6.0 - 6.9","profundidad_km":35,"profundidad_clase":"Superficial (\u003c70 km)","depto_codigo":null,"mun_codigo":null,"fuente_magnitud":"ISC-GEM"}},{"type":"Feature","id":259,"geometry":{"type":"Point","coordinates":[-77.704999999999984,-3.5459999999999354]},"properties":{"OBJECTID":259,"evento_id":"25627","fecha_utc":"1963-11-03T08:10:13+00:00","anio":1963,"magnitud":6.2000000000000002,"magnitud_clase":"6.0 - 6.9","profundidad_km":25,"profundidad_clase":"Superficial (\u003c70 km)","depto_codigo":null,"mun_codigo":null,"fuente_magnitud":"ISC-GEM"}},{"type":"Feature","id":260,"geometry":{"type":"Point","coordinates":[-82.614999999999952,6.577000000000055]},"properties":{"OBJECTID":260,"evento_id":"25595","fecha_utc":"1958-12-06T14:33:50+00:00","anio":1958,"magnitud":6,"magnitud_clase":"6.0 - 6.9","profundidad_km":15,"profundidad_clase":"Superficial (\u003c70 km)","depto_codigo":null,"mun_codigo":null,"fuente_magnitud":"ISC-GEM"}},{"type":"Feature","id":261,"geometry":{"type":"Point","coordinates":[-81.685999999999979,-3.8309999999999604]},"properties":{"OBJECTID":261,"evento_id":"25597","fecha_utc":"1959-02-07T14:36:57+00:00","anio":1959,"magnitud":6.9100000000000001,"magnitud_clase":"6.0 - 6.9","profundidad_km":30,"profundidad_clase":"Superficial (\u003c70 km)","depto_codigo":null,"mun_codigo":null,"fuente_magnitud":"ISC-GEM"}},{"type":"Feature","id":262,"geometry":{"type":"Point","coordinates":[-81.877999999999986,7.3880000000000337]},"properties":{"OBJECTID":262,"evento_id":"25602","fecha_utc":"1960-03-28T05:13:44+00:00","anio":1960,"magnitud":6.2599999999999998,"magnitud_clase":"6.0 - 6.9","profundidad_km":25,"profundidad_clase":"Superficial (\u003c70 km)","depto_codigo":null,"mun_codigo":null,"fuente_magnitud":"ISC-GEM"}},{"type":"Feature","id":263,"geometry":{"type":"Point","coordinates":[-82.906999999999982,8.5200000000000387]},"properties":{"OBJECTID":263,"evento_id":"25605","fecha_utc":"1960-12-06T13:56:14+00:00","anio":1960,"magnitud":6.25,"magnitud_clase":"6.0 - 6.9","profundidad_km":35,"profundidad_clase":"Superficial (\u003c70 km)","depto_codigo":null,"mun_codigo":null,"fuente_magnitud":"ISC-GEM"}},{"type":"Feature","id":264,"geometry":{"type":"Point","coordinates":[-77.034999999999968,-2.2869999999999777]},"properties":{"OBJECTID":264,"evento_id":"25607","fecha_utc":"1961-07-28T06:05:31+00:00","anio":1961,"magnitud":6.5700000000000003,"magnitud_clase":"6.0 - 6.9","profundidad_km":142.09999999999999,"profundidad_clase":"Intermedio (70-300 km)","depto_codigo":null,"mun_codigo":null,"fuente_magnitud":"ISC-GEM"}},{"type":"Feature","id":265,"geometry":{"type":"Point","coordinates":[-82.662999999999954,7.4840000000000373]},"properties":{"OBJECTID":265,"evento_id":"25577","fecha_utc":"1957-07-10T14:04:14+00:00","anio":1957,"magnitud":6.3399999999999999,"magnitud_clase":"6.0 - 6.9","profundidad_km":20,"profundidad_clase":"Superficial (\u003c70 km)","depto_codigo":null,"mun_codigo":null,"fuente_magnitud":"ISC-GEM"}},{"type":"Feature","id":266,"geometry":{"type":"Point","coordinates":[-80.989999999999952,-1.9249999999999545]},"properties":{"OBJECTID":266,"evento_id":"25578","fecha_utc":"1957-08-26T18:58:50+00:00","anio":1957,"magnitud":6.3399999999999999,"magnitud_clase":"6.0 - 6.9","profundidad_km":15,"profundidad_clase":"Superficial (\u003c70 km)","depto_codigo":null,"mun_codigo":null,"fuente_magnitud":"ISC-GEM"}},{"type":"Feature","id":267,"geometry":{"type":"Point","coordinates":[-82.639999999999986,6.6400000000000432]},"properties":{"OBJECTID":267,"evento_id":"25580","fecha_utc":"1957-10-31T15:08:02+00:00","anio":1957,"magnitud":6.3700000000000001,"magnitud_clase":"6.0 - 6.9","profundidad_km":25,"profundidad_clase":"Superficial (\u003c70 km)","depto_codigo":null,"mun_codigo":null,"fuente_magnitud":"ISC-GEM"}},{"type":"Feature","id":268,"geometry":{"type":"Point","coordinates":[-79.488999999999976,1.0110000000000241]},"properties":{"OBJECTID":268,"evento_id":"25581","fecha_utc":"1958-01-19T19:07:28+00:00","anio":1958,"magnitud":7.6000000000000005,"magnitud_clase":"\u003e= 7.0","profundidad_km":27.5,"profundidad_clase":"Superficial (\u003c70 km)","depto_codigo":null,"mun_codigo":null,"fuente_magnitud":"ISC-GEM"}},{"type":"Feature","id":269,"geometry":{"type":"Point","coordinates":[-79.54299999999995,1.15300000000002]},"properties":{"OBJECTID":269,"evento_id":"25582","fecha_utc":"1958-01-19T19:43:30+00:00","anio":1958,"magnitud":6.8500000000000005,"magnitud_clase":"6.0 - 6.9","profundidad_km":27.5,"profundidad_clase":"Superficial (\u003c70 km)","depto_codigo":null,"mun_codigo":null,"fuente_magnitud":"ISC-GEM"}},{"type":"Feature","id":270,"geometry":{"type":"Point","coordinates":[-79.337999999999965,1.5410000000000537]},"properties":{"OBJECTID":270,"evento_id":"25583","fecha_utc":"1958-02-01T21:10:16+00:00","anio":1958,"magnitud":6.9000000000000004,"magnitud_clase":"6.0 - 6.9","profundidad_km":15,"profundidad_clase":"Superficial (\u003c70 km)","depto_codigo":null,"mun_codigo":null,"fuente_magnitud":"ISC-GEM"}},{"type":"Feature","id":271,"geometry":{"type":"Point","coordinates":[-79.30499999999995,1.5500000000000682]},"properties":{"OBJECTID":271,"evento_id":"25584","fecha_utc":"1958-02-01T23:02:42+00:00","anio":1958,"magnitud":6.2599999999999998,"magnitud_clase":"6.0 - 6.9","profundidad_km":25,"profundidad_clase":"Superficial (\u003c70 km)","depto_codigo":null,"mun_codigo":null,"fuente_magnitud":"ISC-GEM"}},{"type":"Feature","id":272,"geometry":{"type":"Point","coordinates":[-79.145999999999958,1.4460000000000264]},"properties":{"OBJECTID":272,"evento_id":"25585","fecha_utc":"1958-02-02T01:45:49+00:00","anio":1958,"magnitud":6.3399999999999999,"magnitud_clase":"6.0 - 6.9","profundidad_km":25,"profundidad_clase":"Superficial (\u003c70 km)","depto_codigo":null,"mun_codigo":null,"fuente_magnitud":"ISC-GEM"}},{"type":"Feature","id":273,"geometry":{"type":"Point","coordinates":[-79.42799999999994,0.80100000000004457]},"properties":{"OBJECTID":273,"evento_id":"25587","fecha_utc":"1958-04-15T02:32:34+00:00","anio":1958,"magnitud":6.7999999999999998,"magnitud_clase":"6.0 - 6.9","profundidad_km":25,"profundidad_clase":"Superficial (\u003c70 km)","depto_codigo":null,"mun_codigo":null,"fuente_magnitud":"ISC-GEM"}},{"type":"Feature","id":274,"geometry":{"type":"Point","coordinates":[-79.58099999999996,0.90700000000003911]},"properties":{"OBJECTID":274,"evento_id":"25588","fecha_utc":"1958-04-15T06:30:49+00:00","anio":1958,"magnitud":6.1200000000000001,"magnitud_clase":"6.0 - 6.9","profundidad_km":25,"profundidad_clase":"Superficial (\u003c70 km)","depto_codigo":null,"mun_codigo":null,"fuente_magnitud":"ISC-GEM"}},{"type":"Feature","id":275,"geometry":{"type":"Point","coordinates":[-77.876999999999953,-3.2349999999999568]},"properties":{"OBJECTID":275,"evento_id":"25590","fecha_utc":"1958-05-26T02:11:45+00:00","anio":1958,"magnitud":6.1900000000000004,"magnitud_clase":"6.0 - 6.9","profundidad_km":45.800000000000004,"profundidad_clase":"Superficial (\u003c70 km)","depto_codigo":null,"mun_codigo":null,"fuente_magnitud":"ISC-GEM"}},{"type":"Feature","id":276,"geometry":{"type":"Point","coordinates":[-82.405999999999949,5.3160000000000309]},"properties":{"OBJECTID":276,"evento_id":"25592","fecha_utc":"1958-06-07T00:15:32+00:00","anio":1958,"magnitud":6.0600000000000005,"magnitud_clase":"6.0 - 6.9","profundidad_km":15,"profundidad_clase":"Superficial (\u003c70 km)","depto_codigo":null,"mun_codigo":null,"fuente_magnitud":"ISC-GEM"}},{"type":"Feature","id":277,"geometry":{"type":"Point","coordinates":[-80.635999999999967,-3.5519999999999641]},"properties":{"OBJECTID":277,"evento_id":"25564","fecha_utc":"1953-12-12T22:31:29+00:00","anio":1953,"magnitud":7.3200000000000003,"magnitud_clase":"\u003e= 7.0","profundidad_km":25,"profundidad_clase":"Superficial (\u003c70 km)","depto_codigo":null,"mun_codigo":null,"fuente_magnitud":"ISC-GEM"}},{"type":"Feature","id":278,"geometry":{"type":"Point","coordinates":[-82.605999999999938,5.6820000000000732]},"properties":{"OBJECTID":278,"evento_id":"25565","fecha_utc":"1954-04-27T15:06:31+00:00","anio":1954,"magnitud":6.3600000000000003,"magnitud_clase":"6.0 - 6.9","profundidad_km":35,"profundidad_clase":"Superficial (\u003c70 km)","depto_codigo":null,"mun_codigo":null,"fuente_magnitud":"ISC-GEM"}},{"type":"Feature","id":279,"geometry":{"type":"Point","coordinates":[-77.877999999999986,-0.22999999999996135]},"properties":{"OBJECTID":279,"evento_id":"25805","fecha_utc":"1955-05-11T16:04:04+00:00","anio":1955,"magnitud":6.4800000000000004,"magnitud_clase":"6.0 - 6.9","profundidad_km":15,"profundidad_clase":"Superficial (\u003c70 km)","depto_codigo":null,"mun_codigo":null,"fuente_magnitud":"ISC-GEM"}},{"type":"Feature","id":280,"geometry":{"type":"Point","coordinates":[-78.393999999999949,0.30300000000005411]},"properties":{"OBJECTID":280,"evento_id":"25566","fecha_utc":"1955-07-21T02:00:47+00:00","anio":1955,"magnitud":6,"magnitud_clase":"6.0 - 6.9","profundidad_km":15,"profundidad_clase":"Superficial (\u003c70 km)","depto_codigo":null,"mun_codigo":null,"fuente_magnitud":"ISC-GEM"}},{"type":"Feature","id":281,"geometry":{"type":"Point","coordinates":[-80.212999999999965,-0.72699999999997544]},"properties":{"OBJECTID":281,"evento_id":"25568","fecha_utc":"1956-01-17T04:37:45+00:00","anio":1956,"magnitud":6.9500000000000002,"magnitud_clase":"6.0 - 6.9","profundidad_km":20,"profundidad_clase":"Superficial (\u003c70 km)","depto_codigo":null,"mun_codigo":null,"fuente_magnitud":"ISC-GEM"}},{"type":"Feature","id":282,"geometry":{"type":"Point","coordinates":[-82.563999999999965,7.7540000000000759]},"properties":{"OBJECTID":282,"evento_id":"25569","fecha_utc":"1956-03-13T18:13:23+00:00","anio":1956,"magnitud":6.1699999999999999,"magnitud_clase":"6.0 - 6.9","profundidad_km":25,"profundidad_clase":"Superficial (\u003c70 km)","depto_codigo":null,"mun_codigo":null,"fuente_magnitud":"ISC-GEM"}},{"type":"Feature","id":283,"geometry":{"type":"Point","coordinates":[-71.180999999999983,8.3570000000000277]},"properties":{"OBJECTID":283,"evento_id":"25572","fecha_utc":"1956-11-16T16:53:59+00:00","anio":1956,"magnitud":6.1000000000000005,"magnitud_clase":"6.0 - 6.9","profundidad_km":15,"profundidad_clase":"Superficial (\u003c70 km)","depto_codigo":null,"mun_codigo":null,"fuente_magnitud":"ISC-GEM"}},{"type":"Feature","id":284,"geometry":{"type":"Point","coordinates":[-78.817999999999984,6.6220000000000709]},"properties":{"OBJECTID":284,"evento_id":"25550","fecha_utc":"1952-05-17T01:45:43+00:00","anio":1952,"magnitud":6.3100000000000005,"magnitud_clase":"6.0 - 6.9","profundidad_km":10,"profundidad_clase":"Superficial (\u003c70 km)","depto_codigo":null,"mun_codigo":null,"fuente_magnitud":"ISC-GEM"}},{"type":"Feature","id":285,"geometry":{"type":"Point","coordinates":[-82.381999999999948,6.9160000000000537]},"properties":{"OBJECTID":285,"evento_id":"25553","fecha_utc":"1952-07-09T23:15:19+00:00","anio":1952,"magnitud":6,"magnitud_clase":"6.0 - 6.9","profundidad_km":15,"profundidad_clase":"Superficial (\u003c70 km)","depto_codigo":null,"mun_codigo":null,"fuente_magnitud":"ISC-GEM"}},{"type":"Feature","id":286,"geometry":{"type":"Point","coordinates":[-80.803999999999974,-0.25399999999996226]},"properties":{"OBJECTID":286,"evento_id":"25561","fecha_utc":"1953-04-01T15:49:44+00:00","anio":1953,"magnitud":6.1000000000000005,"magnitud_clase":"6.0 - 6.9","profundidad_km":10,"profundidad_clase":"Superficial (\u003c70 km)","depto_codigo":null,"mun_codigo":null,"fuente_magnitud":"ISC-GEM"}},{"type":"Feature","id":287,"geometry":{"type":"Point","coordinates":[-80.684999999999945,-0.34399999999993724]},"properties":{"OBJECTID":287,"evento_id":"25562","fecha_utc":"1953-04-01T16:21:27+00:00","anio":1953,"magnitud":6.1600000000000001,"magnitud_clase":"6.0 - 6.9","profundidad_km":20,"profundidad_clase":"Superficial (\u003c70 km)","depto_codigo":null,"mun_codigo":null,"fuente_magnitud":"ISC-GEM"}},{"type":"Feature","id":288,"geometry":{"type":"Point","coordinates":[-77.119999999999948,-5.0079999999999245]},"properties":{"OBJECTID":288,"evento_id":"25799","fecha_utc":"1953-04-17T05:02:54+00:00","anio":1953,"magnitud":6.1200000000000001,"magnitud_clase":"6.0 - 6.9","profundidad_km":15,"profundidad_clase":"Superficial (\u003c70 km)","depto_codigo":null,"mun_codigo":null,"fuente_magnitud":"ISC-GEM"}},{"type":"Feature","id":289,"geometry":{"type":"Point","coordinates":[-69.81899999999996,9.7100000000000364]},"properties":{"OBJECTID":289,"evento_id":"25541","fecha_utc":"1950-08-04T03:18:21+00:00","anio":1950,"magnitud":6.4000000000000004,"magnitud_clase":"6.0 - 6.9","profundidad_km":15,"profundidad_clase":"Superficial (\u003c70 km)","depto_codigo":null,"mun_codigo":null,"fuente_magnitud":"ISC-GEM"}},{"type":"Feature","id":290,"geometry":{"type":"Point","coordinates":[-80.992999999999938,7.3290000000000646]},"properties":{"OBJECTID":290,"evento_id":"25545","fecha_utc":"1951-01-06T12:51:35+00:00","anio":1951,"magnitud":6.5899999999999999,"magnitud_clase":"6.0 - 6.9","profundidad_km":54.399999999999999,"profundidad_clase":"Superficial (\u003c70 km)","depto_codigo":null,"mun_codigo":null,"fuente_magnitud":"ISC-GEM"}},{"type":"Feature","id":291,"geometry":{"type":"Point","coordinates":[-77.366999999999962,5.6850000000000591]},"properties":{"OBJECTID":291,"evento_id":"25787","fecha_utc":"1951-12-06T19:29:22+00:00","anio":1951,"magnitud":6.0800000000000001,"magnitud_clase":"6.0 - 6.9","profundidad_km":15,"profundidad_clase":"Superficial (\u003c70 km)","depto_codigo":null,"mun_codigo":null,"fuente_magnitud":"ISC-GEM"}},{"type":"Feature","id":292,"geometry":{"type":"Point","coordinates":[-81.142999999999972,-4.2069999999999368]},"properties":{"OBJECTID":292,"evento_id":"25788","fecha_utc":"1952-01-15T12:00:57+00:00","anio":1952,"magnitud":6.2999999999999998,"magnitud_clase":"6.0 - 6.9","profundidad_km":35,"profundidad_clase":"Superficial (\u003c70 km)","depto_codigo":null,"mun_codigo":null,"fuente_magnitud":"ISC-GEM"}},{"type":"Feature","id":293,"geometry":{"type":"Point","coordinates":[-82.648999999999944,5.2730000000000246]},"properties":{"OBJECTID":293,"evento_id":"25537","fecha_utc":"1948-08-20T00:59:03+00:00","anio":1948,"magnitud":6.0099999999999998,"magnitud_clase":"6.0 - 6.9","profundidad_km":15,"profundidad_clase":"Superficial (\u003c70 km)","depto_codigo":null,"mun_codigo":null,"fuente_magnitud":"ISC-GEM"}},{"type":"Feature","id":294,"geometry":{"type":"Point","coordinates":[-83.748999999999967,9.4330000000000496]},"properties":{"OBJECTID":294,"evento_id":"25538","fecha_utc":"1948-11-19T06:04:20+00:00","anio":1948,"magnitud":6.3399999999999999,"magnitud_clase":"6.0 - 6.9","profundidad_km":25,"profundidad_clase":"Superficial (\u003c70 km)","depto_codigo":null,"mun_codigo":null,"fuente_magnitud":"ISC-GEM"}},{"type":"Feature","id":295,"geometry":{"type":"Point","coordinates":[-78.30499999999995,-1.2369999999999663]},"properties":{"OBJECTID":295,"evento_id":"25539","fecha_utc":"1949-08-06T00:08:51+00:00","anio":1949,"magnitud":6.4500000000000002,"magnitud_clase":"6.0 - 6.9","profundidad_km":15,"profundidad_clase":"Superficial (\u003c70 km)","depto_codigo":null,"mun_codigo":null,"fuente_magnitud":"ISC-GEM"}},{"type":"Feature","id":296,"geometry":{"type":"Point","coordinates":[-82.968999999999937,8.4070000000000391]},"properties":{"OBJECTID":296,"evento_id":"25540","fecha_utc":"1949-08-18T18:33:30+00:00","anio":1949,"magnitud":6.1299999999999999,"magnitud_clase":"6.0 - 6.9","profundidad_km":35,"profundidad_clase":"Superficial (\u003c70 km)","depto_codigo":null,"mun_codigo":null,"fuente_magnitud":"ISC-GEM"}},{"type":"Feature","id":297,"geometry":{"type":"Point","coordinates":[-82.264999999999986,6.8680000000000518]},"properties":{"OBJECTID":297,"evento_id":"25729","fecha_utc":"1945-08-11T05:33:54+00:00","anio":1945,"magnitud":6.1299999999999999,"magnitud_clase":"6.0 - 6.9","profundidad_km":15,"profundidad_clase":"Superficial (\u003c70 km)","depto_codigo":null,"mun_codigo":null,"fuente_magnitud":"ISC-GEM"}},{"type":"Feature","id":298,"geometry":{"type":"Point","coordinates":[-81.067999999999984,-1.5999999999999659]},"properties":{"OBJECTID":298,"evento_id":"25536","fecha_utc":"1946-03-29T12:26:07+00:00","anio":1946,"magnitud":6.5600000000000005,"magnitud_clase":"6.0 - 6.9","profundidad_km":15,"profundidad_clase":"Superficial (\u003c70 km)","depto_codigo":null,"mun_codigo":null,"fuente_magnitud":"ISC-GEM"}},{"type":"Feature","id":299,"geometry":{"type":"Point","coordinates":[-79.296999999999969,0.76700000000005275]},"properties":{"OBJECTID":299,"evento_id":"25533","fecha_utc":"1944-10-24T04:40:10+00:00","anio":1944,"magnitud":6.6000000000000005,"magnitud_clase":"6.0 - 6.9","profundidad_km":20,"profundidad_clase":"Superficial (\u003c70 km)","depto_codigo":null,"mun_codigo":null,"fuente_magnitud":"ISC-GEM"}},{"type":"Feature","id":300,"geometry":{"type":"Point","coordinates":[-78.583999999999946,6.5310000000000628]},"properties":{"OBJECTID":300,"evento_id":"25534","fecha_utc":"1945-03-18T04:57:58+00:00","anio":1945,"magnitud":6.4100000000000001,"magnitud_clase":"6.0 - 6.9","profundidad_km":15,"profundidad_clase":"Superficial (\u003c70 km)","depto_codigo":null,"mun_codigo":null,"fuente_magnitud":"ISC-GEM"}},{"type":"Feature","id":301,"geometry":{"type":"Point","coordinates":[-82.674999999999955,8.3770000000000664]},"properties":{"OBJECTID":301,"evento_id":"25535","fecha_utc":"1945-06-03T18:05:39+00:00","anio":1945,"magnitud":6.46,"magnitud_clase":"6.0 - 6.9","profundidad_km":34.399999999999999,"profundidad_clase":"Superficial (\u003c70 km)","depto_codigo":null,"mun_codigo":null,"fuente_magnitud":"ISC-GEM"}},{"type":"Feature","id":302,"geometry":{"type":"Point","coordinates":[-81.329999999999984,-0.11199999999996635]},"properties":{"OBJECTID":302,"evento_id":"25524","fecha_utc":"1942-12-15T14:09:09+00:00","anio":1942,"magnitud":6.3100000000000005,"magnitud_clase":"6.0 - 6.9","profundidad_km":15,"profundidad_clase":"Superficial (\u003c70 km)","depto_codigo":null,"mun_codigo":null,"fuente_magnitud":"ISC-GEM"}},{"type":"Feature","id":303,"geometry":{"type":"Point","coordinates":[-80.146999999999935,-2.0509999999999309]},"properties":{"OBJECTID":303,"evento_id":"25526","fecha_utc":"1943-01-30T10:33:04+00:00","anio":1943,"magnitud":6.2199999999999998,"magnitud_clase":"6.0 - 6.9","profundidad_km":58.700000000000003,"profundidad_clase":"Superficial (\u003c70 km)","depto_codigo":null,"mun_codigo":null,"fuente_magnitud":"ISC-GEM"}},{"type":"Feature","id":304,"geometry":{"type":"Point","coordinates":[-82.230999999999938,5.1340000000000714]},"properties":{"OBJECTID":304,"evento_id":"25527","fecha_utc":"1943-03-05T05:31:45+00:00","anio":1943,"magnitud":6.3399999999999999,"magnitud_clase":"6.0 - 6.9","profundidad_km":12.5,"profundidad_clase":"Superficial (\u003c70 km)","depto_codigo":null,"mun_codigo":null,"fuente_magnitud":"ISC-GEM"}},{"type":"Feature","id":305,"geometry":{"type":"Point","coordinates":[-80.361999999999966,6.7670000000000528]},"properties":{"OBJECTID":305,"evento_id":"25528","fecha_utc":"1943-05-02T22:18:10+00:00","anio":1943,"magnitud":6.96,"magnitud_clase":"6.0 - 6.9","profundidad_km":20,"profundidad_clase":"Superficial (\u003c70 km)","depto_codigo":null,"mun_codigo":null,"fuente_magnitud":"ISC-GEM"}},{"type":"Feature","id":306,"geometry":{"type":"Point","coordinates":[-71.215999999999951,12.775000000000034]},"properties":{"OBJECTID":306,"evento_id":"25530","fecha_utc":"1943-12-21T18:46:21+00:00","anio":1943,"magnitud":6.1200000000000001,"magnitud_clase":"6.0 - 6.9","profundidad_km":15,"profundidad_clase":"Superficial (\u003c70 km)","depto_codigo":null,"mun_codigo":null,"fuente_magnitud":"ISC-GEM"}},{"type":"Feature","id":307,"geometry":{"type":"Point","coordinates":[-71.130999999999972,12.853000000000065]},"properties":{"OBJECTID":307,"evento_id":"25531","fecha_utc":"1943-12-22T17:53:11+00:00","anio":1943,"magnitud":6.2199999999999998,"magnitud_clase":"6.0 - 6.9","profundidad_km":15,"profundidad_clase":"Superficial (\u003c70 km)","depto_codigo":null,"mun_codigo":null,"fuente_magnitud":"ISC-GEM"}},{"type":"Feature","id":308,"geometry":{"type":"Point","coordinates":[-71.188999999999965,12.717000000000041]},"properties":{"OBJECTID":308,"evento_id":"25532","fecha_utc":"1943-12-23T20:56:06+00:00","anio":1943,"magnitud":6.2700000000000005,"magnitud_clase":"6.0 - 6.9","profundidad_km":15,"profundidad_clase":"Superficial (\u003c70 km)","depto_codigo":null,"mun_codigo":null,"fuente_magnitud":"ISC-GEM"}},{"type":"Feature","id":309,"geometry":{"type":"Point","coordinates":[-79.981999999999971,-0.013999999999953161]},"properties":{"OBJECTID":309,"evento_id":"25510","fecha_utc":"1942-05-14T07:13:27+00:00","anio":1942,"magnitud":7.7999999999999998,"magnitud_clase":"\u003e= 7.0","profundidad_km":20,"profundidad_clase":"Superficial (\u003c70 km)","depto_codigo":null,"mun_codigo":null,"fuente_magnitud":"ISC-GEM"}},{"type":"Feature","id":310,"geometry":{"type":"Point","coordinates":[-80.044999999999959,0.55600000000004002]},"properties":{"OBJECTID":310,"evento_id":"25511","fecha_utc":"1942-05-15T16:51:25+00:00","anio":1942,"magnitud":6.29,"magnitud_clase":"6.0 - 6.9","profundidad_km":15,"profundidad_clase":"Superficial (\u003c70 km)","depto_codigo":null,"mun_codigo":null,"fuente_magnitud":"ISC-GEM"}},{"type":"Feature","id":311,"geometry":{"type":"Point","coordinates":[-80.248999999999967,0.53200000000003911]},"properties":{"OBJECTID":311,"evento_id":"25512","fecha_utc":"1942-05-17T20:14:21+00:00","anio":1942,"magnitud":6.4299999999999997,"magnitud_clase":"6.0 - 6.9","profundidad_km":15,"profundidad_clase":"Superficial (\u003c70 km)","depto_codigo":null,"mun_codigo":null,"fuente_magnitud":"ISC-GEM"}},{"type":"Feature","id":312,"geometry":{"type":"Point","coordinates":[-76.876999999999953,-2.08299999999997]},"properties":{"OBJECTID":312,"evento_id":"25514","fecha_utc":"1942-06-12T15:21:34+00:00","anio":1942,"magnitud":6.25,"magnitud_clase":"6.0 - 6.9","profundidad_km":15,"profundidad_clase":"Superficial (\u003c70 km)","depto_codigo":null,"mun_codigo":null,"fuente_magnitud":"ISC-GEM"}},{"type":"Feature","id":313,"geometry":{"type":"Point","coordinates":[-80.654999999999973,0.56900000000007367]},"properties":{"OBJECTID":313,"evento_id":"25515","fecha_utc":"1942-06-17T02:05:18+00:00","anio":1942,"magnitud":6.2300000000000004,"magnitud_clase":"6.0 - 6.9","profundidad_km":15,"profundidad_clase":"Superficial (\u003c70 km)","depto_codigo":null,"mun_codigo":null,"fuente_magnitud":"ISC-GEM"}},{"type":"Feature","id":314,"geometry":{"type":"Point","coordinates":[-80.461999999999989,0.61200000000002319]},"properties":{"OBJECTID":314,"evento_id":"25516","fecha_utc":"1942-07-04T06:53:10+00:00","anio":1942,"magnitud":6.0700000000000003,"magnitud_clase":"6.0 - 6.9","profundidad_km":15,"profundidad_clase":"Superficial (\u003c70 km)","depto_codigo":null,"mun_codigo":null,"fuente_magnitud":"ISC-GEM"}},{"type":"Feature","id":315,"geometry":{"type":"Point","coordinates":[-80.192999999999984,0.78500000000002501]},"properties":{"OBJECTID":315,"evento_id":"25518","fecha_utc":"1942-07-07T17:37:50+00:00","anio":1942,"magnitud":6.2000000000000002,"magnitud_clase":"6.0 - 6.9","profundidad_km":15,"profundidad_clase":"Superficial (\u003c70 km)","depto_codigo":null,"mun_codigo":null,"fuente_magnitud":"ISC-GEM"}},{"type":"Feature","id":316,"geometry":{"type":"Point","coordinates":[-80.168999999999983,0.7550000000000523]},"properties":{"OBJECTID":316,"evento_id":"25519","fecha_utc":"1942-07-09T03:31:00+00:00","anio":1942,"magnitud":6.2999999999999998,"magnitud_clase":"6.0 - 6.9","profundidad_km":15,"profundidad_clase":"Superficial (\u003c70 km)","depto_codigo":null,"mun_codigo":null,"fuente_magnitud":"ISC-GEM"}},{"type":"Feature","id":317,"geometry":{"type":"Point","coordinates":[-79.877999999999986,-0.13399999999995771]},"properties":{"OBJECTID":317,"evento_id":"25520","fecha_utc":"1942-07-12T10:05:20+00:00","anio":1942,"magnitud":6.5600000000000005,"magnitud_clase":"6.0 - 6.9","profundidad_km":15,"profundidad_clase":"Superficial (\u003c70 km)","depto_codigo":null,"mun_codigo":null,"fuente_magnitud":"ISC-GEM"}},{"type":"Feature","id":318,"geometry":{"type":"Point","coordinates":[-80.666999999999973,0.011000000000024102]},"properties":{"OBJECTID":318,"evento_id":"25521","fecha_utc":"1942-11-12T20:26:22+00:00","anio":1942,"magnitud":6.4000000000000004,"magnitud_clase":"6.0 - 6.9","profundidad_km":15,"profundidad_clase":"Superficial (\u003c70 km)","depto_codigo":null,"mun_codigo":null,"fuente_magnitud":"ISC-GEM"}},{"type":"Feature","id":319,"geometry":{"type":"Point","coordinates":[-81.599999999999966,-0.46399999999994179]},"properties":{"OBJECTID":319,"evento_id":"25522","fecha_utc":"1942-11-19T13:51:58+00:00","anio":1942,"magnitud":6.46,"magnitud_clase":"6.0 - 6.9","profundidad_km":15,"profundidad_clase":"Superficial (\u003c70 km)","depto_codigo":null,"mun_codigo":null,"fuente_magnitud":"ISC-GEM"}},{"type":"Feature","id":320,"geometry":{"type":"Point","coordinates":[-81.855999999999938,-0.73299999999994725]},"properties":{"OBJECTID":320,"evento_id":"25523","fecha_utc":"1942-11-19T14:08:51+00:00","anio":1942,"magnitud":6.3900000000000006,"magnitud_clase":"6.0 - 6.9","profundidad_km":15,"profundidad_clase":"Superficial (\u003c70 km)","depto_codigo":null,"mun_codigo":null,"fuente_magnitud":"ISC-GEM"}},{"type":"Feature","id":321,"geometry":{"type":"Point","coordinates":[-83.781999999999982,9.8750000000000568]},"properties":{"OBJECTID":321,"evento_id":"25494","fecha_utc":"1939-06-18T21:46:01+00:00","anio":1939,"magnitud":6.04,"magnitud_clase":"6.0 - 6.9","profundidad_km":15,"profundidad_clase":"Superficial (\u003c70 km)","depto_codigo":null,"mun_codigo":null,"fuente_magnitud":"ISC-GEM"}},{"type":"Feature","id":322,"geometry":{"type":"Point","coordinates":[-82.15399999999994,7.8970000000000482]},"properties":{"OBJECTID":322,"evento_id":"25500","fecha_utc":"1940-07-13T21:47:30+00:00","anio":1940,"magnitud":6.4100000000000001,"magnitud_clase":"6.0 - 6.9","profundidad_km":15,"profundidad_clase":"Superficial (\u003c70 km)","depto_codigo":null,"mun_codigo":null,"fuente_magnitud":"ISC-GEM"}},{"type":"Feature","id":323,"geometry":{"type":"Point","coordinates":[-82.66599999999994,5.2440000000000282]},"properties":{"OBJECTID":323,"evento_id":"25507","fecha_utc":"1941-07-11T06:16:37+00:00","anio":1941,"magnitud":6.1400000000000006,"magnitud_clase":"6.0 - 6.9","profundidad_km":15,"profundidad_clase":"Superficial (\u003c70 km)","depto_codigo":null,"mun_codigo":null,"fuente_magnitud":"ISC-GEM"}},{"type":"Feature","id":324,"geometry":{"type":"Point","coordinates":[-83.69399999999996,8.3290000000000646]},"properties":{"OBJECTID":324,"evento_id":"25508","fecha_utc":"1941-12-06T01:47:03+00:00","anio":1941,"magnitud":7.4699999999999998,"magnitud_clase":"\u003e= 7.0","profundidad_km":20,"profundidad_clase":"Superficial (\u003c70 km)","depto_codigo":null,"mun_codigo":null,"fuente_magnitud":"ISC-GEM"}},{"type":"Feature","id":325,"geometry":{"type":"Point","coordinates":[-79.744999999999948,9.7010000000000218]},"properties":{"OBJECTID":325,"evento_id":"25479","fecha_utc":"1935-11-30T08:39:51+00:00","anio":1935,"magnitud":6.3300000000000001,"magnitud_clase":"6.0 - 6.9","profundidad_km":35,"profundidad_clase":"Superficial (\u003c70 km)","depto_codigo":null,"mun_codigo":null,"fuente_magnitud":"ISC-GEM"}},{"type":"Feature","id":326,"geometry":{"type":"Point","coordinates":[-79.17999999999995,2.7280000000000655]},"properties":{"OBJECTID":326,"evento_id":"25480","fecha_utc":"1935-12-24T17:24:12+00:00","anio":1935,"magnitud":6.3100000000000005,"magnitud_clase":"6.0 - 6.9","profundidad_km":25,"profundidad_clase":"Superficial (\u003c70 km)","depto_codigo":null,"mun_codigo":null,"fuente_magnitud":"ISC-GEM"}},{"type":"Feature","id":327,"geometry":{"type":"Point","coordinates":[-82.148999999999944,6.8030000000000541]},"properties":{"OBJECTID":327,"evento_id":"25482","fecha_utc":"1936-10-29T10:53:00+00:00","anio":1936,"magnitud":6.1100000000000003,"magnitud_clase":"6.0 - 6.9","profundidad_km":15,"profundidad_clase":"Superficial (\u003c70 km)","depto_codigo":null,"mun_codigo":null,"fuente_magnitud":"ISC-GEM"}},{"type":"Feature","id":328,"geometry":{"type":"Point","coordinates":[-83.95599999999996,10.578000000000031]},"properties":{"OBJECTID":328,"evento_id":"25483","fecha_utc":"1936-11-26T07:12:02+00:00","anio":1936,"magnitud":6.1000000000000005,"magnitud_clase":"6.0 - 6.9","profundidad_km":15,"profundidad_clase":"Superficial (\u003c70 km)","depto_codigo":null,"mun_codigo":null,"fuente_magnitud":"ISC-GEM"}},{"type":"Feature","id":329,"geometry":{"type":"Point","coordinates":[-83.444999999999936,8.8500000000000227]},"properties":{"OBJECTID":329,"evento_id":"25484","fecha_utc":"1937-03-09T20:40:24+00:00","anio":1937,"magnitud":6.4000000000000004,"magnitud_clase":"6.0 - 6.9","profundidad_km":20,"profundidad_clase":"Superficial (\u003c70 km)","depto_codigo":null,"mun_codigo":null,"fuente_magnitud":"ISC-GEM"}},{"type":"Feature","id":330,"geometry":{"type":"Point","coordinates":[-83.69399999999996,8.1540000000000532]},"properties":{"OBJECTID":330,"evento_id":"25488","fecha_utc":"1937-06-24T18:13:33+00:00","anio":1937,"magnitud":6.1000000000000005,"magnitud_clase":"6.0 - 6.9","profundidad_km":15,"profundidad_clase":"Superficial (\u003c70 km)","depto_codigo":null,"mun_codigo":null,"fuente_magnitud":"ISC-GEM"}},{"type":"Feature","id":331,"geometry":{"type":"Point","coordinates":[-80.819999999999936,-1.40199999999993]},"properties":{"OBJECTID":331,"evento_id":"25491","fecha_utc":"1938-02-08T12:16:14+00:00","anio":1938,"magnitud":6.29,"magnitud_clase":"6.0 - 6.9","profundidad_km":15,"profundidad_clase":"Superficial (\u003c70 km)","depto_codigo":null,"mun_codigo":null,"fuente_magnitud":"ISC-GEM"}},{"type":"Feature","id":332,"geometry":{"type":"Point","coordinates":[-81.225999999999942,-1.52699999999993]},"properties":{"OBJECTID":332,"evento_id":"25492","fecha_utc":"1938-02-08T19:21:28+00:00","anio":1938,"magnitud":6.29,"magnitud_clase":"6.0 - 6.9","profundidad_km":15,"profundidad_clase":"Superficial (\u003c70 km)","depto_codigo":null,"mun_codigo":null,"fuente_magnitud":"ISC-GEM"}},{"type":"Feature","id":333,"geometry":{"type":"Point","coordinates":[-80.746999999999957,-1.8199999999999363]},"properties":{"OBJECTID":333,"evento_id":"25460","fecha_utc":"1933-10-02T20:29:27+00:00","anio":1933,"magnitud":6.79,"magnitud_clase":"6.0 - 6.9","profundidad_km":15,"profundidad_clase":"Superficial (\u003c70 km)","depto_codigo":null,"mun_codigo":null,"fuente_magnitud":"ISC-GEM"}},{"type":"Feature","id":334,"geometry":{"type":"Point","coordinates":[-83.000999999999976,7.3370000000000459]},"properties":{"OBJECTID":334,"evento_id":"25463","fecha_utc":"1933-11-22T04:48:40+00:00","anio":1933,"magnitud":6.1600000000000001,"magnitud_clase":"6.0 - 6.9","profundidad_km":15,"profundidad_clase":"Superficial (\u003c70 km)","depto_codigo":null,"mun_codigo":null,"fuente_magnitud":"ISC-GEM"}},{"type":"Feature","id":335,"geometry":{"type":"Point","coordinates":[-83.130999999999972,8.0100000000000477]},"properties":{"OBJECTID":335,"evento_id":"25465","fecha_utc":"1933-11-23T23:57:50+00:00","anio":1933,"magnitud":6.1600000000000001,"magnitud_clase":"6.0 - 6.9","profundidad_km":25,"profundidad_clase":"Superficial (\u003c70 km)","depto_codigo":null,"mun_codigo":null,"fuente_magnitud":"ISC-GEM"}},{"type":"Feature","id":336,"geometry":{"type":"Point","coordinates":[-82.623999999999967,7.8150000000000546]},"properties":{"OBJECTID":336,"evento_id":"25466","fecha_utc":"1933-11-29T10:03:27+00:00","anio":1933,"magnitud":6.0200000000000005,"magnitud_clase":"6.0 - 6.9","profundidad_km":25,"profundidad_clase":"Superficial (\u003c70 km)","depto_codigo":null,"mun_codigo":null,"fuente_magnitud":"ISC-GEM"}},{"type":"Feature","id":337,"geometry":{"type":"Point","coordinates":[-82.512999999999977,7.8530000000000655]},"properties":{"OBJECTID":337,"evento_id":"25469","fecha_utc":"1934-07-18T06:36:31+00:00","anio":1934,"magnitud":7.5,"magnitud_clase":"\u003e= 7.0","profundidad_km":30,"profundidad_clase":"Superficial (\u003c70 km)","depto_codigo":null,"mun_codigo":null,"fuente_magnitud":"ISC-GEM"}},{"type":"Feature","id":338,"geometry":{"type":"Point","coordinates":[-82.885999999999967,7.9610000000000696]},"properties":{"OBJECTID":338,"evento_id":"25470","fecha_utc":"1934-07-18T09:00:40+00:00","anio":1934,"magnitud":6.6200000000000001,"magnitud_clase":"6.0 - 6.9","profundidad_km":20,"profundidad_clase":"Superficial (\u003c70 km)","depto_codigo":null,"mun_codigo":null,"fuente_magnitud":"ISC-GEM"}},{"type":"Feature","id":339,"geometry":{"type":"Point","coordinates":[-82.381999999999948,7.4580000000000268]},"properties":{"OBJECTID":339,"evento_id":"25472","fecha_utc":"1934-07-18T21:59:45+00:00","anio":1934,"magnitud":6.8300000000000001,"magnitud_clase":"6.0 - 6.9","profundidad_km":25,"profundidad_clase":"Superficial (\u003c70 km)","depto_codigo":null,"mun_codigo":null,"fuente_magnitud":"ISC-GEM"}},{"type":"Feature","id":340,"geometry":{"type":"Point","coordinates":[-82.47399999999999,8.1730000000000587]},"properties":{"OBJECTID":340,"evento_id":"25473","fecha_utc":"1934-07-21T15:39:14+00:00","anio":1934,"magnitud":6.7599999999999998,"magnitud_clase":"6.0 - 6.9","profundidad_km":25,"profundidad_clase":"Superficial (\u003c70 km)","depto_codigo":null,"mun_codigo":null,"fuente_magnitud":"ISC-GEM"}},{"type":"Feature","id":341,"geometry":{"type":"Point","coordinates":[-82.465999999999951,7.2480000000000473]},"properties":{"OBJECTID":341,"evento_id":"25438","fecha_utc":"1927-08-10T06:35:32+00:00","anio":1927,"magnitud":6.6100000000000003,"magnitud_clase":"6.0 - 6.9","profundidad_km":15,"profundidad_clase":"Superficial (\u003c70 km)","depto_codigo":null,"mun_codigo":null,"fuente_magnitud":"ISC-GEM"}},{"type":"Feature","id":342,"geometry":{"type":"Point","coordinates":[-81.948999999999955,5.2860000000000582]},"properties":{"OBJECTID":342,"evento_id":"25439","fecha_utc":"1927-08-21T04:54:31+00:00","anio":1927,"magnitud":6.71,"magnitud_clase":"6.0 - 6.9","profundidad_km":10,"profundidad_clase":"Superficial (\u003c70 km)","depto_codigo":null,"mun_codigo":null,"fuente_magnitud":"ISC-GEM"}},{"type":"Feature","id":343,"geometry":{"type":"Point","coordinates":[-78.657999999999959,-5.4489999999999554]},"properties":{"OBJECTID":343,"evento_id":"25441","fecha_utc":"1928-05-15T03:14:48+00:00","anio":1928,"magnitud":7.2800000000000002,"magnitud_clase":"\u003e= 7.0","profundidad_km":10,"profundidad_clase":"Superficial (\u003c70 km)","depto_codigo":null,"mun_codigo":null,"fuente_magnitud":"ISC-GEM"}},{"type":"Feature","id":344,"geometry":{"type":"Point","coordinates":[-78.732999999999947,-5.3439999999999372]},"properties":{"OBJECTID":344,"evento_id":"25442","fecha_utc":"1928-05-15T07:36:18+00:00","anio":1928,"magnitud":6.2700000000000005,"magnitud_clase":"6.0 - 6.9","profundidad_km":35,"profundidad_clase":"Superficial (\u003c70 km)","depto_codigo":null,"mun_codigo":null,"fuente_magnitud":"ISC-GEM"}},{"type":"Feature","id":345,"geometry":{"type":"Point","coordinates":[-78.981999999999971,-5.7319999999999709]},"properties":{"OBJECTID":345,"evento_id":"25447","fecha_utc":"1928-07-19T00:05:09+00:00","anio":1928,"magnitud":7.0899999999999999,"magnitud_clase":"\u003e= 7.0","profundidad_km":35,"profundidad_clase":"Superficial (\u003c70 km)","depto_codigo":null,"mun_codigo":null,"fuente_magnitud":"ISC-GEM"}},{"type":"Feature","id":346,"geometry":{"type":"Point","coordinates":[-82.579999999999984,5.0240000000000578]},"properties":{"OBJECTID":346,"evento_id":"25449","fecha_utc":"1929-08-16T00:56:26+00:00","anio":1929,"magnitud":6.2000000000000002,"magnitud_clase":"6.0 - 6.9","profundidad_km":15,"profundidad_clase":"Superficial (\u003c70 km)","depto_codigo":null,"mun_codigo":null,"fuente_magnitud":"ISC-GEM"}},{"type":"Feature","id":347,"geometry":{"type":"Point","coordinates":[-80.117999999999938,13.33600000000007]},"properties":{"OBJECTID":347,"evento_id":"25450","fecha_utc":"1930-02-02T00:04:00+00:00","anio":1930,"magnitud":6.04,"magnitud_clase":"6.0 - 6.9","profundidad_km":15,"profundidad_clase":"Superficial (\u003c70 km)","depto_codigo":null,"mun_codigo":null,"fuente_magnitud":"ISC-GEM"}},{"type":"Feature","id":348,"geometry":{"type":"Point","coordinates":[-82.354999999999961,7.3000000000000682]},"properties":{"OBJECTID":348,"evento_id":"25454","fecha_utc":"1931-10-12T08:57:28+00:00","anio":1931,"magnitud":6.0099999999999998,"magnitud_clase":"6.0 - 6.9","profundidad_km":15,"profundidad_clase":"Superficial (\u003c70 km)","depto_codigo":null,"mun_codigo":null,"fuente_magnitud":"ISC-GEM"}},{"type":"Feature","id":349,"geometry":{"type":"Point","coordinates":[-71.996999999999957,7.9540000000000646]},"properties":{"OBJECTID":349,"evento_id":"25456","fecha_utc":"1932-03-15T03:42:52+00:00","anio":1932,"magnitud":6.2700000000000005,"magnitud_clase":"6.0 - 6.9","profundidad_km":15,"profundidad_clase":"Superficial (\u003c70 km)","depto_codigo":null,"mun_codigo":null,"fuente_magnitud":"ISC-GEM"}},{"type":"Feature","id":350,"geometry":{"type":"Point","coordinates":[-82.491999999999962,5.7630000000000337]},"properties":{"OBJECTID":350,"evento_id":"25457","fecha_utc":"1933-05-06T10:33:38+00:00","anio":1933,"magnitud":6.29,"magnitud_clase":"6.0 - 6.9","profundidad_km":15,"profundidad_clase":"Superficial (\u003c70 km)","depto_codigo":null,"mun_codigo":null,"fuente_magnitud":"ISC-GEM"}}]}