{"type":"FeatureCollection","features":[{"type":"Feature","id":1,"geometry":{"type":"Polygon","coordinates":[[[-76.381166834999988,8.7942089800000645],[-76.413604579999969,8.8739737200000377],[-76.631769345999942,8.731315175000077],[-76.649674305999952,8.6711717640000643],[-76.885245184999974,8.6230963250000627],[-76.938261788999966,8.5533698630000572],[-76.825077410999938,8.4966172660000439],[-76.759262092999961,8.3995528780000654],[-76.762530086999959,8.1199203930000294],[-76.714761013999976,8.0616436070000645],[-76.756626023999956,7.9149588460000473],[-76.922248000999957,7.9175939470000571],[-76.924827178999976,8.0246435830000564],[-76.834189131999949,8.0198273080000604],[-76.873155233999967,8.0680606870000702],[-76.812705995999977,8.1316585600000622],[-76.931869050999978,8.0915291860000593],[-76.950336402999937,8.1447647110000503],[-76.910250824999935,8.190805947000058],[-76.957358670999952,8.1847649050000655],[-76.941789516999961,8.2485128600000621],[-76.980189751999944,8.2552817940000409],[-76.93907106599994,8.062839623000059],[-77.122139252999943,7.7880158460000644],[-76.942957602999968,7.5888601670000639],[-76.801160769999967,7.5720925940000257],[-76.660699083999987,7.4481369890000337],[-76.617894594999939,7.3152147800000762],[-76.530261886999938,7.2552638350000507],[-76.485270380999964,7.1354342230000611],[-76.571308743999964,6.9796769330000643],[-76.675568016999989,7.0298537250000663],[-76.834637080999983,6.9992686010000398],[-76.785537937999948,6.8775290850000488],[-76.835285324999973,6.8286840880000454],[-76.877700667999989,6.8521644280000373],[-76.970304946999988,6.8127349330000584],[-76.933648120999976,6.7109187940000652],[-76.964122578999934,6.6808833910000658],[-76.898083117999988,6.6682182440000588],[-76.909028637999938,6.6293854380000425],[-76.857993959999988,6.6184399170000461],[-76.894516793999969,6.5701527040000656],[-76.767985007999982,6.4779914530000724],[-76.790245406999986,6.3202367330000584],[-76.716942689999939,6.171485179000058],[-76.209468045999984,6.1845486080000569],[-76.172651579999979,6.0173911960000623],[-76.104852580999989,6.0184018270000479],[-76.051127991999977,5.9513282460000596],[-76.099024399999962,5.8491988350000383],[-76.06118167599999,5.7579556770000409],[-76.086953989999984,5.6886422780000316],[-76.005150472999958,5.6219181520000348],[-76.009080947999962,5.5676492860000621],[-75.959267909999937,5.5050815930000567],[-75.868024125999966,5.4902421250000657],[-75.730266798999935,5.5640989770000715],[-75.689108012999952,5.519317185000034],[-75.57102905499994,5.520572497000046],[-75.598441560999959,5.7374540500000535],[-75.478161410999974,5.6642843780000476],[-75.428931723999938,5.6966028690000599],[-75.376892558999941,5.6741914750000433],[-75.275929513999984,5.4185583890000544],[-75.091623341999934,5.585212499000022],[-75.093652791999943,5.6553698200000326],[-74.993301027999962,5.715334121000069],[-74.865121184999964,5.7472074790000534],[-74.771544071999983,5.6898139360000641],[-74.713674924999964,5.7723780320000628],[-74.664960425999936,5.7685365860000388],[-74.585386636999942,5.9030618040000604],[-74.61237676099995,5.9698799230000645],[-74.563317408999978,5.9976338620000433],[-74.561747844999957,6.0782957870000587],[-74.610694789999968,6.1331971780000458],[-74.526571021999985,6.2736410810000507],[-74.369497962999958,6.4122173230000499],[-74.404735995999943,6.5938546690000521],[-74.115146008999943,6.765573502000052],[-74.010646477999956,6.9132793980000429],[-73.885707899999943,7.0020324710000637],[-73.938768012999958,7.1767693600000371],[-73.915852334999954,7.2955837900000233],[-74.245768978999934,7.0026739430000475],[-74.355695754999942,7.009898842000041],[-74.402911071999938,7.3302328020000687],[-74.319827227999951,7.441404460000058],[-74.369323962999943,7.4798033500000543],[-74.412448716999961,7.4603508200000306],[-74.419405670999936,7.3885856690000651],[-74.490969353999958,7.3434600200000659],[-74.588706096999942,7.445478094000066],[-74.564129401999935,7.640252022000027],[-74.476467162999938,7.6821591380000314],[-74.525299093999934,7.7825694290000342],[-74.520450620999952,7.9032878360000609],[-74.602570887999946,8.0373784180000598],[-74.773561000999962,8.1217788330000644],[-74.830583445999935,8.1999453290000588],[-74.865138965999961,8.1997822450000513],[-74.92792783799996,8.0745976320000636],[-75.047405906999984,8.0424040040000477],[-75.226761548999946,8.0629767140000581],[-75.336715724999976,7.9481001720000677],[-75.346754324999949,7.8749675670000556],[-75.465569886999958,7.8276917360000766],[-75.555224328999941,7.6243058060000521],[-75.619385266999984,7.5826785090000612],[-75.765253722999944,7.60194378500006],[-75.845496013999934,7.3470872690000419],[-76.383933823999939,7.3922938450000402],[-76.514530127999933,7.5866646490000562],[-76.496631203999982,7.7497156000000587],[-76.421117384999945,7.9118252260000759],[-76.424971536999976,8.0742938080000499],[-76.331147758999975,8.1514593920000493],[-76.353356158999986,8.194239021000044],[-76.303430392999985,8.3111790620000647],[-76.180445272999975,8.397311061000039],[-76.266057423999939,8.6388070970000399],[-76.345626204999974,8.6398215410000603],[-76.419565911999939,8.7549941570000556],[-76.381166834999988,8.7942089800000645]]]},"properties":{"OBJECTID":1,"depto_codigo":"05","depto_nombre":"ANTIOQUIA","area_km2":62788.733068449998,"eventos_total":407,"magnitud_max":6.6349,"magnitud_media":4.3563243243243219,"profundidad_media":25.794348894348911,"evento_clase":"Alta","Shape_Length":17.088874417289968,"Shape_Area":5.1559374145916799}},{"type":"Feature","id":2,"geometry":{"type":"Polygon","coordinates":[[[-74.718388111999957,10.909236330000056],[-74.851860531999989,11.105367257000069],[-74.84680773499997,11.058423651000055],[-75.048789410999973,10.947944147000044],[-75.050771095999949,10.895825900000034],[-75.270836601999974,10.778479788000027],[-75.227251892999959,10.77184402000006],[-75.233745702999954,10.479513752000059],[-75.12654624399994,10.398535414000037],[-75.073954746999959,10.408986488000039],[-74.910797062999961,10.254181059000075],[-74.724210574999972,10.60870404800005],[-74.718388111999957,10.909236330000056]]]},"properties":{"OBJECTID":2,"depto_codigo":"08","depto_nombre":"ATLÁNTICO","area_km2":3324.2957616100002,"eventos_total":7,"magnitud_max":4.5221999999999998,"magnitud_media":3.9939714285714283,"profundidad_media":30.914285714285715,"evento_clase":"Baja","Shape_Length":2.2668114257447733,"Shape_Area":0.28061990109104018}},{"type":"Feature","id":3,"geometry":{"type":"Polygon","coordinates":[[[-74.049558181999942,4.8350108130000535],[-74.172257528999978,4.711364364000076],[-74.158500006999986,4.6628483820000497],[-74.222568672999955,4.6294017930000564],[-74.173632590999944,4.5408502160000239],[-74.204269137999972,4.2397066360000508],[-74.245641633999981,4.1032476430000315],[-74.329886607999981,4.1305402580000532],[-74.359557239999958,3.9137447380000481],[-74.439587156999949,3.7306330990000447],[-74.415926210999942,3.7408261140000718],[-74.296616633999975,3.8189038460000688],[-74.317046029999972,3.8807533210000429],[-74.217382980999957,4.0108961770000633],[-74.150674597999966,4.0048490730000594],[-74.109406167999964,4.1333342050000397],[-74.152711009999962,4.2545554230000562],[-74.098225210999942,4.3456192480000482],[-74.112147426999968,4.4331349090000458],[-73.986125792999985,4.6290749740000479],[-74.031557559999953,4.6457860200000596],[-74.000306881999961,4.8055297830000541],[-74.049558181999942,4.8350108130000535]]]},"properties":{"OBJECTID":3,"depto_codigo":"11","depto_nombre":"BOGOTÁ, D.C.","area_km2":1620.5408343300001,"eventos_total":3,"magnitud_max":5.5,"magnitud_media":5.2061333333333337,"profundidad_media":13.333333333333334,"evento_clase":"Baja","Shape_Length":2.7749152544771372,"Shape_Area":0.12219724459581384}},{"type":"Feature","id":4,"geometry":{"type":"MultiPolygon","coordinates":[[[[-75.227251892999959,10.77184402000006],[-75.270836601999974,10.778479788000027],[-75.277716579999947,10.712877520000063],[-75.394244588999982,10.682668890000059],[-75.512670689999936,10.571081516000049],[-75.492221125999947,10.486403879000022],[-75.566424024999947,10.396584404000066],[-75.524023302999979,10.404870279000022],[-75.503126159999965,10.301087944000074],[-75.561494383999957,10.263300761000039],[-75.586805615999936,10.297978586000056],[-75.622217627999987,10.251406880000047],[-75.586185820999958,10.22618082200006],[-75.655065257999979,10.163463812000032],[-75.675624600999981,10.159704382000029],[-75.704462818999957,10.141690095000058],[-75.683261087999938,10.14067312800006],[-75.536117102999981,10.242690159000063],[-75.520850116999952,10.173352249000061],[-75.554493182999977,10.178277515000048],[-75.573624493999944,10.08642806000006],[-75.497477587999981,10.145482637000043],[-75.543322736999983,10.040149365000048],[-75.476109761999965,10.018560557000058],[-75.46550715099994,9.8917699700000412],[-75.430853765999984,9.9127340330000493],[-75.338261452999973,9.8282269930000439],[-75.373857903999976,9.6300829860000476],[-75.327082391999966,9.6167076190000671],[-75.276457124999979,9.6862587900000676],[-75.164505657999939,9.6464661480000586],[-75.181059506999986,9.6019130830000563],[-75.012394431999951,9.5282936740000537],[-75.032229270999949,9.4665687550000257],[-74.890778328999943,9.4309640620000437],[-74.950514104999968,9.3479474430000664],[-74.903027549999933,9.1634822350000604],[-74.823764952999966,9.057419909000032],[-74.639360847999967,8.977455864000035],[-74.539659315999984,8.8052908290000573],[-74.610733817999972,8.7559379030000741],[-74.539732083999979,8.4263925200000358],[-74.577420710999945,8.3856124570000361],[-74.614535946999979,8.4065438110000628],[-74.653487850999966,8.2789956420000408],[-74.780945392999968,8.2778817910000271],[-74.830583445999935,8.1999453290000588],[-74.773561000999962,8.1217788330000644],[-74.602570887999946,8.0373784180000598],[-74.520450620999952,7.9032878360000609],[-74.525299093999934,7.7825694290000342],[-74.476467162999938,7.6821591380000314],[-74.564129401999935,7.640252022000027],[-74.588706096999942,7.445478094000066],[-74.490969353999958,7.3434600200000659],[-74.419405670999936,7.3885856690000651],[-74.412448716999961,7.4603508200000306],[-74.369323962999943,7.4798033500000543],[-74.319827227999951,7.441404460000058],[-74.402911071999938,7.3302328020000687],[-74.355695754999942,7.009898842000041],[-74.245768978999934,7.0026739430000475],[-73.915852334999954,7.2955837900000233],[-73.913080976999936,7.4935966490000396],[-73.849234384999988,7.5346661600000289],[-73.797314048999965,7.6543949670000302],[-73.866897714999936,8.0678749650000441],[-73.775261006999983,8.1450101360000531],[-73.746004312999958,8.462057962000074],[-73.817950441999983,8.6386834290000252],[-73.794844961999956,8.8151188880000291],[-73.867655127999967,8.9364891790000343],[-74.035593826999957,9.0443918410000492],[-74.139412896999943,9.0298615270000369],[-74.117939226999965,9.04888141400005],[-74.248277824999946,9.1646527820000756],[-74.298246908999943,9.1598349080000503],[-74.34752151899994,9.2329094640000449],[-74.403030607999938,9.2137485260000744],[-74.434986184999957,9.2741471970000475],[-74.529905072999952,9.2414713050000614],[-74.672406186999979,9.4130786770000441],[-74.763337320999938,9.463752472000067],[-74.802827072999946,9.4436696520000396],[-74.787645983999937,9.6968648220000659],[-74.882369863999941,9.8728512490000639],[-74.872625373999938,9.9367491780000705],[-74.78765238699998,10.008209233000059],[-74.943711459999975,10.124509129000046],[-74.910797062999961,10.254181059000075],[-75.073954746999959,10.408986488000039],[-75.12654624399994,10.398535414000037],[-75.233745702999954,10.479513752000059],[-75.227251892999959,10.77184402000006]]],[[[-76.174700300999973,9.3985719150000477],[-76.188912974999937,9.3929670340000371],[-76.185618573999989,9.3800371840000594],[-76.174700300999973,9.3985719150000477]]],[[[-75.75253754299996,9.7388853670000231],[-75.747704325999962,9.7343841370000632],[-75.739685011999939,9.7376063350000663],[-75.75253754299996,9.7388853670000231]]],[[[-75.871778285999937,9.7838908830000264],[-75.875877442999979,9.7798112160000414],[-75.868803713999966,9.7806301890000213],[-75.871778285999937,9.7838908830000264]]],[[[-75.859449260999952,9.7865012450000677],[-75.859333152999966,9.7853127250000398],[-75.85828750099995,9.7857179770000471],[-75.859449260999952,9.7865012450000677]]],[[[-75.853532101999974,9.7935412240000232],[-75.854397409999933,9.7932945510000309],[-75.853510469999947,9.7924601240000584],[-75.853532101999974,9.7935412240000232]]],[[[-75.853880006999987,9.7950067480000484],[-75.854710729999965,9.7949220130000754],[-75.854458300999966,9.7940976850000538],[-75.853880006999987,9.7950067480000484]]],[[[-75.856975534999947,9.795819750000021],[-75.857527499999946,9.795772022000051],[-75.857191526999941,9.7949537640000699],[-75.856975534999947,9.795819750000021]]],[[[-75.855651664999982,9.7963132190000692],[-75.855838507999977,9.7954028070000732],[-75.854569009999977,9.7958313800000383],[-75.855651664999982,9.7963132190000692]]],[[[-75.853313130999936,9.7969026130000429],[-75.854028422999988,9.7975802810000232],[-75.854146077999985,9.7967300600000726],[-75.853313130999936,9.7969026130000429]]],[[[-75.851376339999945,9.804575777000025],[-75.85231781799996,9.7942153630000348],[-75.856158305999941,9.7884620770000765],[-75.827696776999971,9.7906247180000605],[-75.851376339999945,9.804575777000025]]],[[[-75.727311139999983,10.14633595500004],[-75.727910320999968,10.145297184000071],[-75.726956086999962,10.144365827000058],[-75.727311139999983,10.14633595500004]]],[[[-75.692368328999976,10.149621746000037],[-75.693339638999987,10.149372921000065],[-75.693192137999972,10.148733007000033],[-75.692368328999976,10.149621746000037]]],[[[-75.675604430999954,10.161158357000033],[-75.677591051999968,10.160634194000068],[-75.67407577299997,10.16104077500006],[-75.675604430999954,10.161158357000033]]],[[[-75.775803835999966,10.163942837000036],[-75.776032403999977,10.164422430000059],[-75.776151705999951,10.163669567000056],[-75.775803835999966,10.163942837000036]]],[[[-75.659641850999947,10.164245196000024],[-75.660200136999947,10.16414442100006],[-75.659870202999969,10.163930009000069],[-75.659641850999947,10.164245196000024]]],[[[-75.671230646999959,10.164626991000034],[-75.672611523999933,10.163826867000068],[-75.67220051299995,10.161161332000063],[-75.671230646999959,10.164626991000034]]],[[[-75.654843399999947,10.165282294000065],[-75.655385419999959,10.165141377000054],[-75.654838988999984,10.164387887000032],[-75.654843399999947,10.165282294000065]]],[[[-75.661526734999939,10.165587967000022],[-75.661842965999938,10.165214337000066],[-75.66151509499997,10.165311201000065],[-75.661526734999939,10.165587967000022]]],[[[-75.789379743999973,10.167122635000055],[-75.79651109699995,10.167037246000064],[-75.790323677999936,10.156583004000026],[-75.789379743999973,10.167122635000055]]],[[[-75.662796473999947,10.167232556000044],[-75.663290729999972,10.166425710000055],[-75.662763095999935,10.166474084000072],[-75.662796473999947,10.167232556000044]]],[[[-75.667227224999976,10.166883932000076],[-75.667228607999959,10.165991689000066],[-75.665995377999934,10.166989644000068],[-75.667227224999976,10.166883932000076]]],[[[-75.797100688999933,10.168042571000058],[-75.797324046999961,10.16743196300007],[-75.796566471999938,10.167173815000069],[-75.797100688999933,10.168042571000058]]],[[[-75.654415662999952,10.172626820000062],[-75.668315785999937,10.168046907000075],[-75.669292688999974,10.163725224000075],[-75.667589126999985,10.167991225000037],[-75.653524641999979,10.167186167000068],[-75.654415662999952,10.172626820000062]]],[[[-75.768350553999937,10.175067321000029],[-75.768470810999986,10.173649720000071],[-75.766926840999986,10.173680294000064],[-75.768350553999937,10.175067321000029]]],[[[-75.759017889999939,10.175993688000062],[-75.758838705999949,10.175689602000034],[-75.758407930999965,10.175723878000042],[-75.759017889999939,10.175993688000062]]],[[[-75.771954475999962,10.177468175000058],[-75.772441889999982,10.177351590000058],[-75.771880955999961,10.177000492000047],[-75.771954475999962,10.177468175000058]]],[[[-75.770993731999965,10.177630458000067],[-75.772430450999934,10.176255037000033],[-75.771237425999971,10.176248697000062],[-75.770993731999965,10.177630458000067]]],[[[-75.758515999999986,10.17769871400003],[-75.758269392999978,10.178414204000035],[-75.759260337999933,10.176689447000058],[-75.758515999999986,10.17769871400003]]],[[[-75.765801741999951,10.178667737000069],[-75.766191363999951,10.178710673000069],[-75.766002872999934,10.178241981000042],[-75.765801741999951,10.178667737000069]]],[[[-75.776602922999984,10.178810663000036],[-75.776766050999981,10.178301773000044],[-75.776210022999976,10.177906703000076],[-75.776602922999984,10.178810663000036]]],[[[-75.754568985999981,10.179005356000062],[-75.754781801999968,10.173382960000026],[-75.751146312999936,10.176074141000072],[-75.754568985999981,10.179005356000062]]],[[[-75.670372199999974,10.179466654000066],[-75.671179005999988,10.178425515000072],[-75.669430807999959,10.177514639000037],[-75.670372199999974,10.179466654000066]]],[[[-75.778361876999952,10.179392542000073],[-75.77773332999999,10.178496417000076],[-75.777455304999989,10.179269418000047],[-75.778361876999952,10.179392542000073]]],[[[-75.77681956899994,10.179324565000059],[-75.777050455999984,10.179942458000028],[-75.776836084999957,10.179064194000034],[-75.77681956899994,10.179324565000059]]],[[[-75.749836778999963,10.180073368000023],[-75.749650160999977,10.174882973000024],[-75.748668972999951,10.18048531900007],[-75.749836778999963,10.180073368000023]]],[[[-75.775605349999978,10.180671326000038],[-75.77592601799995,10.180535932000055],[-75.775635095999974,10.180457323000041],[-75.775605349999978,10.180671326000038]]],[[[-75.777300773999968,10.18077908500004],[-75.777571270999942,10.180682392000051],[-75.77738377999998,10.180160353000076],[-75.777300773999968,10.18077908500004]]],[[[-75.77159175099996,10.181129082000041],[-75.771947549999936,10.180962371000021],[-75.771461508999948,10.180714548000026],[-75.77159175099996,10.181129082000041]]],[[[-75.748665692999964,10.181509438000035],[-75.748937357999978,10.182292446000076],[-75.748905653999941,10.181886783000039],[-75.748665692999964,10.181509438000035]]],[[[-75.717862391999972,10.183133973000054],[-75.717969547999985,10.18286110400004],[-75.717302989999951,10.182966789000034],[-75.717862391999972,10.183133973000054]]],[[[-75.721539562999965,10.18393889500004],[-75.722478541999976,10.183373234000044],[-75.722111481999946,10.182108377000077],[-75.721539562999965,10.18393889500004]]],[[[-75.737232578999965,10.184083550000025],[-75.747243412999978,10.172277104000045],[-75.723434230999942,10.181108519000077],[-75.737232578999965,10.184083550000025]]],[[[-75.726159694999978,10.184783658000072],[-75.726495409999984,10.184933632000025],[-75.726419781999937,10.184630915000071],[-75.726159694999978,10.184783658000072]]],[[[-75.72783310899996,10.184871108000038],[-75.728154683999946,10.18488493600006],[-75.727498572999934,10.184487972000056],[-75.72783310899996,10.184871108000038]]],[[[-75.717536775999974,10.185012510000035],[-75.717828711999971,10.184484733000033],[-75.717480918999968,10.184695335000072],[-75.717536775999974,10.185012510000035]]],[[[-75.737127344999976,10.185233819000075],[-75.737045950999971,10.185274512000035],[-75.73712590599996,10.185392568000054],[-75.737127344999976,10.185233819000075]]],[[[-75.73803808599996,10.185433339000042],[-75.738023828999985,10.185165915000027],[-75.737687952999977,10.185254785000041],[-75.73803808599996,10.185433339000042]]],[[[-75.577620384999989,10.313711315000035],[-75.57829275399996,10.314903439000034],[-75.576613710999936,10.31188789600003],[-75.577620384999989,10.313711315000035]]],[[[-75.575372534999985,10.381356956000047],[-75.582126818999939,10.318005478000032],[-75.537455152999939,10.357024467000031],[-75.575372534999985,10.381356956000047]]]]},"properties":{"OBJECTID":4,"depto_codigo":"13","depto_nombre":"BOLÍVAR","area_km2":26680.806449259999,"eventos_total":75,"magnitud_max":6.3799999999999999,"magnitud_media":4.2602306666666667,"profundidad_media":50.42799999999999,"evento_clase":"Baja","Shape_Length":12.353530392068972,"Shape_Area":2.1886175056609578}},{"type":"Feature","id":5,"geometry":{"type":"Polygon","coordinates":[[[-72.113510953999935,6.9970949120000228],[-72.19064545599997,7.0474738710000224],[-72.24424683899997,6.9770258490000288],[-72.276524007999967,7.0127923720000354],[-72.392327985999941,6.8722144930000582],[-72.502941499999963,6.9081587660000423],[-72.485535246999973,6.6571011210000393],[-72.542665031999945,6.582811495000044],[-72.539237454999977,6.4879731730000572],[-72.649069809999958,6.4364005680000673],[-72.719137196999952,6.5526977660000512],[-72.808580573999961,6.5595278100000201],[-72.724883535999936,6.4567018170000665],[-72.744677534999937,6.2291821980000464],[-72.915975069999945,6.107376271000021],[-73.01124344699997,5.9631050160000427],[-73.032009384999981,6.023000191000051],[-73.10077675499997,5.9622609590000479],[-73.199314539999989,6.0031342780000614],[-73.221846271999937,5.8972679700000299],[-73.186447730999987,5.8461893960000566],[-73.246890904999987,5.8159593850000419],[-73.351471712999967,5.8725718550000465],[-73.389323962999981,5.7511851960000513],[-73.473477579999951,5.8168308680000678],[-73.370708697999987,6.0052321750000601],[-73.497415416999957,6.1080321600000502],[-73.635900282999955,5.9111623790000749],[-73.60017153299998,5.8689905270000509],[-73.646785012999942,5.7133166150000534],[-73.714382500999989,5.7817008660000511],[-73.812531616999934,5.7149679800000399],[-73.982611220999956,5.7209101680000458],[-74.026030333999984,5.8068224330000362],[-74.180416438999941,5.9110885680000251],[-74.197303855999962,5.8529415480000466],[-74.265016720999938,5.8341014070000483],[-74.22222488999995,5.9679102120000493],[-74.258716229999948,6.0655244070000549],[-74.383058811999945,6.0402778920000628],[-74.451694646999954,6.0992856500000698],[-74.526571021999985,6.2736410810000507],[-74.610694789999968,6.1331971780000458],[-74.561747844999957,6.0782957870000587],[-74.563317408999978,5.9976338620000433],[-74.61237676099995,5.9698799230000645],[-74.585386636999942,5.9030618040000604],[-74.664960425999936,5.7685365860000388],[-74.661024699999984,5.7523781240000744],[-74.516391789999943,5.7914227600000459],[-74.430913552999982,5.7580137050000531],[-74.333096554999941,5.8370428400000378],[-74.275977464999983,5.692185246000065],[-74.314957095999944,5.6205078040000558],[-74.240291678999938,5.539196023000045],[-74.253873556999963,5.4876159570000596],[-74.201923750999981,5.4970105910000484],[-74.125473282999963,5.4289698890000295],[-74.096931808999955,5.4706352950000223],[-74.020968678999964,5.3662941970000588],[-73.901200689999939,5.447743072000037],[-73.906798693999974,5.5281758210000476],[-73.804670544999965,5.5713977840000553],[-73.768831042999977,5.4865962830000399],[-73.592724051999937,5.3988485350000701],[-73.599366076999956,5.3188127440000699],[-73.534180753999976,5.2822989490000509],[-73.477203624999959,5.1480944830000226],[-73.538677287999974,4.8965687970000431],[-73.40200348999997,4.8799334990000602],[-73.306297098999949,4.7313875530000473],[-73.222344612999962,4.7325782350000623],[-73.220947215999956,4.6767820120000465],[-73.105697530999976,4.6597913330000438],[-73.052556954999943,4.7363248040000485],[-73.077719152999975,4.8107419890000642],[-73.030513017999965,4.9823056180000549],[-72.975283643999944,4.9747581550000746],[-72.903821233999963,5.0679319750000218],[-72.973890668999957,5.1503644050000617],[-72.896207021999942,5.2620837110000593],[-72.88271031499994,5.3632279450000624],[-72.798322193999979,5.3801428630000601],[-72.700566651999964,5.2732784470000524],[-72.579750460999946,5.3503341910000586],[-72.420904495999935,5.5632379500000297],[-72.300896106999971,5.5059723690000624],[-72.272138092999967,5.6622160450000365],[-72.221904474999974,5.6725814550000564],[-72.307595744999958,5.7927985890000286],[-72.462984609999978,5.8479684810000663],[-72.415549557999952,5.9040113590000374],[-72.327662734999933,5.9017147050000744],[-72.365505679999956,6.0367034180000587],[-72.321204092999949,6.0882043220000241],[-72.36663860699997,6.0768348290000631],[-72.418946395999967,6.1866868890000433],[-72.338539337999975,6.3455518990000428],[-72.26787216699995,6.4415794200000391],[-72.235082613999964,6.4219612370000618],[-72.130895136999982,6.5205889060000572],[-72.100122388999978,6.7471937370000319],[-72.05060356499996,6.7688958490000459],[-71.94885388199998,7.0113230870000507],[-72.047673348999979,7.0383025880000218],[-72.113510953999935,6.9970949120000228]]]},"properties":{"OBJECTID":5,"depto_codigo":"15","depto_nombre":"BOYACÁ","area_km2":23073.396960059999,"eventos_total":134,"magnitud_max":6.6400000000000006,"magnitud_media":4.2796022388059711,"profundidad_media":49.508208955223878,"evento_clase":"Media","Shape_Length":12.582789385804659,"Shape_Area":1.8659682433221569}},{"type":"Feature","id":6,"geometry":{"type":"Polygon","coordinates":[[[-74.664960425999936,5.7685365860000388],[-74.713674924999964,5.7723780320000628],[-74.771544071999983,5.6898139360000641],[-74.865121184999964,5.7472074790000534],[-74.993301027999962,5.715334121000069],[-75.093652791999943,5.6553698200000326],[-75.091623341999934,5.585212499000022],[-75.275929513999984,5.4185583890000544],[-75.376892558999941,5.6741914750000433],[-75.428931723999938,5.6966028690000599],[-75.478161410999974,5.6642843780000476],[-75.598441560999959,5.7374540500000535],[-75.57102905499994,5.520572497000046],[-75.689108012999952,5.519317185000034],[-75.730266798999935,5.5640989770000715],[-75.868024125999966,5.4902421250000657],[-75.860677984999938,5.3717089540000416],[-75.725226508999981,5.3971415400000637],[-75.648146034999968,5.3075720110000475],[-75.692638346999956,5.2551851820000479],[-75.823664143999963,5.2701181110000448],[-75.802375203999986,5.2003593290000367],[-75.836568820999958,5.1147818640000651],[-75.891828253999961,5.1309969980000574],[-75.917351667999981,5.078686350000055],[-75.892160092999973,4.9615304230000561],[-75.814807085999973,4.9194384780000746],[-75.74681297099994,5.0468190200000436],[-75.702384784999936,4.9455003000000488],[-75.639505012999962,4.9749981580000622],[-75.617061078999939,4.9314051700000618],[-75.480085240999983,4.9164642070000468],[-75.426866772999972,4.8163908730000458],[-75.375499069999989,4.802684968000051],[-75.31872212199994,4.8880720570000449],[-75.344752430999961,5.0807849470000406],[-75.287908293999976,5.1383065120000424],[-75.116234929999962,5.1605644230000394],[-75.056626924999989,5.2755243180000662],[-74.939376963999962,5.3130304210000645],[-74.734275757999967,5.2868647270000224],[-74.64934778099996,5.4429323520000708],[-74.674572596999951,5.5146506580000505],[-74.627455956999938,5.6960377350000613],[-74.661024699999984,5.7523781240000744],[-74.664960425999936,5.7685365860000388]]]},"properties":{"OBJECTID":6,"depto_codigo":"17","depto_nombre":"CALDAS","area_km2":7421.9383885300003,"eventos_total":25,"magnitud_max":6.5251000000000001,"magnitud_media":4.5786319999999998,"profundidad_media":76.391999999999996,"evento_clase":"Baja","Shape_Length":5.1877409015414777,"Shape_Area":0.60652800380951011}},{"type":"Feature","id":7,"geometry":{"type":"Polygon","coordinates":[[[-74.769374844999959,2.8731249510000225],[-74.800003052999955,2.938333516000057],[-74.910625451999977,2.8835418240000763],[-74.933346809999989,2.9094260420000637],[-75.070344334999959,2.7421463210000638],[-75.147097103999954,2.7220032990000504],[-75.132691700999942,2.5951513880000334],[-75.180558087999941,2.5077083380000431],[-75.227103282999963,2.5116703580000603],[-75.310147186999984,2.3616131650000511],[-75.388556871999981,2.3126244070000439],[-75.442364011999985,2.1470153100000289],[-75.534984280999936,2.1176607210000498],[-75.737149242999976,1.7824643980000587],[-75.912236604999975,1.7119590460000609],[-76.034377528999983,1.5827672570000573],[-76.119815895999977,1.552125171000057],[-76.169746814999939,1.5879815780000399],[-76.149168850999956,1.5368618240000274],[-76.214113775999976,1.3205578720000517],[-76.303149942999937,1.2362445830000297],[-76.302722640999946,1.1767157210000505],[-76.26034815099996,1.1226112540000486],[-76.159506947999944,1.1161632620000432],[-76.08495151599999,1.0575518800000623],[-75.994012235999946,1.0272294070000498],[-75.994205761999979,1.0725865170000475],[-75.925184301999934,1.0342575500000635],[-75.945694267999954,0.98092269100004614],[-75.762279796999962,0.83776203700006135],[-75.636356938999938,0.87673839100006035],[-75.508044281999958,0.76816422100006321],[-75.409048399999961,0.73778412700005447],[-75.339806614999986,0.76923491300004798],[-75.265601467999943,0.72563764600005243],[-75.276166843999988,0.66741686200003869],[-75.207258042999968,0.60147059100006572],[-75.217670482999949,0.48745840400005136],[-75.101177505999942,0.51193994400006204],[-75.105859067999972,0.47376099600006683],[-75.033861361999982,0.48426237700005004],[-74.986197097999934,0.4185072500000615],[-75.003888042999961,0.27320301900005006],[-74.680234811999981,0.16497137400006068],[-74.675520722999977,0.099246585000059895],[-74.713509433999945,0.095274861000063993],[-74.656164947999969,0.073307408000061969],[-74.70457343399994,0.041480283000055351],[-74.656370589999938,-0.011572679999972024],[-74.677344409999989,-0.060500077999961377],[-74.631364896999969,-0.044054763999952229],[-74.631768068999975,-0.088456816999951116],[-74.532318719999978,-0.12568054999997003],[-74.51896252399996,-0.088610213999970711],[-74.497156421999989,-0.13737966199994389],[-74.454371893999962,-0.070759151999936876],[-74.423359489999939,-0.097954902999958904],[-74.446274190999986,-0.13959590199993954],[-74.341865997999946,-0.1096543459999566],[-74.266785991999939,-0.14254821599996603],[-74.289423933999956,-0.20035814599992818],[-74.240452024999968,-0.23469541199995092],[-74.200307984999938,-0.20977886099996113],[-74.168464918999973,-0.26652597299994341],[-74.111568960999989,-0.23507611699994868],[-74.00723131999996,-0.34058314199995721],[-73.841317932999971,-0.39797757899992803],[-73.71316587299998,-0.38285720899995113],[-73.639259264999964,-0.41886027799995418],[-73.651398225999969,-0.45716883999995162],[-73.584649313999989,-0.44911619299995209],[-73.564129483999977,-0.5178214919999391],[-73.53613715299997,-0.48750991799994381],[-73.488746538999976,-0.52814576599996599],[-73.331876292999937,-0.50610045199994147],[-73.202984210999944,-0.6264768029999459],[-73.074792014999957,-0.62128879999994524],[-73.026370287999953,-0.52686918899996726],[-72.91727826999994,-0.61550951799995346],[-72.749728811999944,-0.55499562599993624],[-72.556372203999956,-0.70584004399995592],[-72.424969998999984,-0.5622897959999591],[-72.318313456999988,-0.65174473199994054],[-72.249072643999966,-0.61372071799996775],[-72.153444339999965,-0.35532606299994995],[-72.062722244999975,-0.32470382699995071],[-72.041849574999958,-0.26916761599994743],[-71.830867813999987,-0.2763044169999489],[-71.711326069999984,-0.23437788199993292],[-71.736458009999978,-0.15453441599993312],[-71.704826313999945,-0.067293848999952388],[-71.577219759999934,0.015743614000029993],[-71.453751901999965,-0.012226562999956059],[-71.253845903999945,0.059518811000032201],[-71.399596211999949,0.18586302700003898],[-71.449593002999961,0.13903314900005626],[-71.473513299999979,0.18498707400004832],[-71.529709153999988,0.11989691200005836],[-71.531461062999938,0.16524440500006676],[-71.58994787499995,0.16625512200005232],[-71.56077185099997,0.21625191400005406],[-71.636148829999968,0.18297210900004757],[-71.624111359999972,0.21587327900004993],[-71.726303160999976,0.28097588800005724],[-71.705007247999959,0.31842239800005245],[-71.73724486499998,0.28569517500005759],[-71.789071304999936,0.33567910500005382],[-71.766961209999977,0.36960015000005342],[-71.853133885999966,0.3523561660000496],[-71.823417540999969,0.40574165000003859],[-71.858992116999957,0.45700116600005458],[-71.919369682999957,0.45100120200004312],[-71.92929087899995,0.55342574200005856],[-71.989762931999962,0.56301623100006282],[-71.981474240999944,0.63201441100005695],[-72.033192222999958,0.66427752000004148],[-72.084280540999941,0.65777656500006287],[-72.070359301999986,0.69271099300004835],[-72.126700917999983,0.74012200400005668],[-72.220509603999972,0.70594328500004622],[-72.248695818999977,0.7885373740000432],[-72.269654449999962,0.7631051790000356],[-72.310114561999967,0.80929046600004995],[-72.288528386999985,0.8732079710000562],[-72.328803889999961,0.84078198400004567],[-72.339924040999961,0.92665944800006628],[-72.391600032999975,0.91909027300005164],[-72.377022357999977,0.9602067930000544],[-72.455681888999948,1.0798636660000511],[-72.510916667999936,1.0680111620000616],[-72.649902760999964,1.1818144240000379],[-72.662198690999958,1.1507935500000599],[-72.725856479999948,1.1861004350000712],[-72.749605191999933,1.1288365300000578],[-72.771281160999933,1.18227113100005],[-72.859249761999934,1.1647757760000559],[-72.867189418999942,1.0244616440000414],[-72.932498376999945,1.0151518680000322],[-73.009728218999953,0.9105446790000542],[-73.144115746999944,0.91967756300005021],[-73.17857046599994,1.0001622000000339],[-73.397498690999953,1.1530911690000494],[-73.428253637999944,1.2959424970000555],[-73.547647113999972,1.4061615150000648],[-73.656668332999971,1.6177319440000701],[-74.040000917999976,1.9708332990000486],[-74.190002437999965,1.985416778000058],[-74.241896080999936,2.0564173040000355],[-74.462081907999959,2.0891666380000515],[-74.485420233999946,2.1491665840000564],[-74.580001836999941,2.1245832470000323],[-74.591667177999966,2.2016665980000312],[-74.665000913999961,2.21125007400002],[-74.693336485999964,2.2841665710000711],[-74.748336784999935,2.2741668200000618],[-74.647499080999978,2.4937498580000579],[-74.681663507999986,2.5583333920000655],[-74.585830692999934,2.6654167090000556],[-74.637496952999982,2.7008333180000363],[-74.617500311999947,2.7537500820000673],[-74.67333221399997,2.888749836000045],[-74.769374844999959,2.8731249510000225]]]},"properties":{"OBJECTID":7,"depto_codigo":"18","depto_nombre":"CAQUETÁ","area_km2":92708.992439959999,"eventos_total":38,"magnitud_max":7.1000000000000005,"magnitud_media":4.3139315789473685,"profundidad_media":32.352631578947367,"evento_clase":"Baja","Shape_Length":16.847282815962071,"Shape_Area":7.5523471849223904}},{"type":"Feature","id":8,"geometry":{"type":"Polygon","coordinates":[[[-76.90804959899998,3.2013703760000567],[-76.939057253999977,3.1138245340000594],[-77.098391111999945,3.1859724500000652],[-77.234501038999952,3.1080799580000757],[-77.317176760999985,3.1742207420000454],[-77.365837777999957,3.1465118680000614],[-77.429070366999952,3.2537087320000637],[-77.497710774999973,3.2164492530000643],[-77.504942865999965,3.1872167660000628],[-77.543503881999982,3.2129589630000623],[-77.667430946999957,3.0443901200000596],[-77.702046484999983,2.9730223180000621],[-77.666652002999967,2.9842486120000444],[-77.671832088999963,2.936349931000052],[-77.750627316999953,2.7640995040000576],[-77.794133202999944,2.7560815200000661],[-77.786451528999976,2.6924847720000571],[-77.873114260999955,2.6975408240000434],[-77.92833815399996,2.6404040280000345],[-77.918794570999978,2.4166989080000576],[-77.838642245999949,2.1782109760000594],[-77.739359238999953,2.133566341000062],[-77.487941621999937,2.1952526000000603],[-77.459434295999984,2.2861777100000609],[-77.32307702099996,2.2219965300000695],[-77.333527731999936,2.0513616400000387],[-77.203159467999967,1.9520375990000502],[-77.289186209999968,1.8490480040000534],[-77.330879978999974,1.6815126930000588],[-77.150799585999948,1.685644815000046],[-77.137559991999979,1.6549308310000583],[-76.936084703999938,1.7290020570000593],[-76.834534262999966,1.6154241750000438],[-76.858607445999951,1.5224678560000484],[-76.928927113999976,1.5004861260000553],[-76.920582188999958,1.3455953730000374],[-76.645741981999947,1.4554046120000521],[-76.574019045999989,1.3857579430000442],[-76.586016486999938,1.3006315950000271],[-76.537406392999969,1.2103396490000478],[-76.568119722999938,1.0825728570000592],[-76.426354321999952,0.96057305500005441],[-76.234425831999943,0.96486236400005509],[-76.183701405999955,1.0261276380000481],[-76.080442575999939,1.0211867540000412],[-76.08495151599999,1.0575518800000623],[-76.159506947999944,1.1161632620000432],[-76.26034815099996,1.1226112540000486],[-76.302722640999946,1.1767157210000505],[-76.303149942999937,1.2362445830000297],[-76.214113775999976,1.3205578720000517],[-76.149168850999956,1.5368618240000274],[-76.169746814999939,1.5879815780000399],[-76.202396777999979,1.5786514730000363],[-76.242254364999951,1.6830912900000499],[-76.38137566599994,1.6671885970000631],[-76.371906405999937,1.7425218970000742],[-76.418456256999946,1.7170994590000532],[-76.43512621299999,1.7918003250000538],[-76.588539031999971,1.8661601830000336],[-76.624662643999955,1.97173943100006],[-76.572512997999979,2.0197378950000484],[-76.590169178999986,2.1080847070000459],[-76.553385114999969,2.139691803000062],[-76.430917172999955,2.12038771400006],[-76.373767248999968,2.2790893920000599],[-76.299064266999949,2.2824868120000588],[-76.20926970499994,2.198403317000043],[-76.153545904999987,2.1987999310000532],[-76.103611943999965,2.4058419800000479],[-76.032535006999979,2.4026311660000488],[-75.979363846999945,2.5036110240000653],[-75.887497265999968,2.4251072230000545],[-75.814115639999955,2.4836228960000426],[-75.839914877999945,2.5594728260000466],[-75.751025951999964,2.7421817980000469],[-75.805806670999971,2.7682903480000505],[-75.825432517999957,2.8382383180000375],[-75.879179406999981,2.8337658520000559],[-76.028993472999957,2.9404902610000363],[-76.020799847999967,3.0038916680000511],[-76.105411394999976,3.1005565540000362],[-76.055418776999943,3.2233518600000366],[-76.191340963999949,3.2270903010000325],[-76.229259058999958,3.2768313830000579],[-76.460421113999985,3.3289411590000668],[-76.513606521999975,3.1203451880000443],[-76.610126738999952,3.0912385250000511],[-76.629794856999979,3.1284147220000591],[-76.666325843999971,3.0979788310000345],[-76.733409280999979,3.1248875080000289],[-76.772913081999945,3.2337056810000604],[-76.90804959899998,3.2013703760000567]]]},"properties":{"OBJECTID":8,"depto_codigo":"19","depto_nombre":"CAUCA","area_km2":31260.67198173,"eventos_total":59,"magnitud_max":6.7765000000000004,"magnitud_media":4.4699322033898303,"profundidad_media":67.496610169491518,"evento_clase":"Baja","Shape_Length":10.671407125794151,"Shape_Area":2.547773981491344}},{"type":"Feature","id":9,"geometry":{"type":"Polygon","coordinates":[[[-73.368098127999986,9.1716065700000513],[-73.202742885999953,9.4698073550000572],[-73.084127595999973,9.5573903920000589],[-73.055074376999983,9.6782670100000701],[-72.943537141999968,9.8431279660000541],[-72.999151094999945,9.9226709670000446],[-72.911492461999956,10.112440516000049],[-72.900750253999945,10.436109721000037],[-73.144318652999971,10.398094297000057],[-73.181623024999965,10.466472679000049],[-73.098817878999967,10.549767219000046],[-73.082193691999976,10.629399482000053],[-73.157147897999948,10.715427276000071],[-73.277825235999956,10.726427661000059],[-73.251537514999939,10.804298799000037],[-73.279944399999977,10.856994296000039],[-73.598594932999958,10.835955300000023],[-73.638662118999946,10.787793089000047],[-73.541837906999945,10.754371865000053],[-73.616881439999986,10.644687932000068],[-73.562259705999963,10.505081003000043],[-73.639835950999952,10.500767711000037],[-73.779030705999958,10.396173316000045],[-73.921851453999977,10.375068849000058],[-74.040805549999959,10.219901316000062],[-74.084371064999971,10.073056474000055],[-73.841792116999954,9.7973428720000584],[-73.809091441999954,9.6920746820000545],[-73.803264147999982,9.6364165790000698],[-74.036739417999968,9.5913225910000506],[-74.139159989999939,9.4937799590000509],[-73.978094792999968,9.3893813260000343],[-73.99169077199997,9.324019728000053],[-73.942791436999983,9.2895629370000279],[-73.962032681999972,9.1876758890000474],[-73.866622260999975,9.1829680750000762],[-73.875325678999957,9.1305415680000692],[-73.79802234999994,9.0582979600000613],[-73.867655127999967,8.9364891790000343],[-73.794844961999956,8.8151188880000291],[-73.817950441999983,8.6386834290000252],[-73.746004312999958,8.462057962000074],[-73.775261006999983,8.1450101360000531],[-73.791422513999976,8.1028053760000489],[-73.670777971999939,7.9035004840000624],[-73.761794358999964,7.7599760270000502],[-73.633042631999956,7.7491949020000561],[-73.490833257999952,7.6743694910000499],[-73.439751207999961,7.6963085900000578],[-73.343095331999962,7.8121479180000506],[-73.347878728999945,7.8985389770000438],[-73.277136847999941,7.9400961600000528],[-73.309288826999989,8.0155153320000636],[-73.367025598999987,8.0126296410000464],[-73.37757292699996,8.105542597000067],[-73.429664204999938,8.1232756530000643],[-73.448903705999953,8.1925186560000611],[-73.440633790999982,8.2572433210000327],[-73.374178502999939,8.2660057310000639],[-73.342055117999962,8.435568791000037],[-73.414398769999934,8.4592583830000763],[-73.39316235299998,8.3821263090000571],[-73.441807465999943,8.340839011000071],[-73.529997834999961,8.3807898270000578],[-73.477671322999981,8.4701150050000251],[-73.577727688999971,8.4958099580000521],[-73.514992898999935,8.5289761180000596],[-73.55224160299997,8.6068747150000604],[-73.507339249999973,8.6849488260000385],[-73.414617946999954,8.766029819000039],[-73.448245939999936,8.8622487060000594],[-73.429434219999962,9.1036299890000691],[-73.368098127999986,9.1716065700000513]]]},"properties":{"OBJECTID":9,"depto_codigo":"20","depto_nombre":"CESAR","area_km2":22497.935107019999,"eventos_total":88,"magnitud_max":5.1433,"magnitud_media":4.0548090909090924,"profundidad_media":71.80454545454549,"evento_clase":"Baja","Shape_Length":9.5204343877231228,"Shape_Area":1.8456693772727912}},{"type":"Feature","id":10,"geometry":{"type":"Polygon","coordinates":[[[-75.793918107999957,9.4293431730000634],[-75.948307558999943,9.4417446320000522],[-75.978079003999937,9.3764137590000587],[-76.085324810999964,9.334970935000058],[-76.264627072999986,8.9979098800000656],[-76.413604579999969,8.8739737200000377],[-76.381166834999988,8.7942089800000645],[-76.419565911999939,8.7549941570000556],[-76.345626204999974,8.6398215410000603],[-76.266057423999939,8.6388070970000399],[-76.180445272999975,8.397311061000039],[-76.303430392999985,8.3111790620000647],[-76.353356158999986,8.194239021000044],[-76.331147758999975,8.1514593920000493],[-76.424971536999976,8.0742938080000499],[-76.421117384999945,7.9118252260000759],[-76.496631203999982,7.7497156000000587],[-76.514530127999933,7.5866646490000562],[-76.383933823999939,7.3922938450000402],[-75.845496013999934,7.3470872690000419],[-75.765253722999944,7.60194378500006],[-75.619385266999984,7.5826785090000612],[-75.555224328999941,7.6243058060000521],[-75.465569886999958,7.8276917360000766],[-75.346754324999949,7.8749675670000556],[-75.336715724999976,7.9481001720000677],[-75.226761548999946,8.0629767140000581],[-75.047405906999984,8.0424040040000477],[-74.92792783799996,8.0745976320000636],[-74.865138965999961,8.1997822450000513],[-74.830583445999935,8.1999453290000588],[-74.780945392999968,8.2778817910000271],[-74.828023661999964,8.3597476010000378],[-74.80553387599997,8.3825749860000656],[-74.927451776999987,8.4533436790000565],[-74.925994027999934,8.4996076750000498],[-75.005720857999961,8.5228029080000738],[-75.040873055999953,8.458474825000053],[-75.128046121999944,8.4682829170000673],[-75.185139264999975,8.3966404960000318],[-75.216293465999968,8.4853664830000639],[-75.314363822999951,8.5023730410000553],[-75.359615579999968,8.6796968620000712],[-75.324186628999939,8.7555309590000547],[-75.371610464999947,8.8265240670000367],[-75.27268860099997,8.9136433150000585],[-75.244646196999952,8.8822658140000499],[-75.156108513999982,8.9435973520000402],[-75.224136988999987,9.0731115030000637],[-75.390866244999984,9.1612678250000386],[-75.448856774999967,9.1400806970000303],[-75.496468970999956,9.2849306310000657],[-75.609367128999963,9.2809881870000481],[-75.599720954999952,9.3254329020000455],[-75.679832686999987,9.3445946140000729],[-75.700052003999986,9.4117478130000336],[-75.828259641999978,9.3937156860000641],[-75.793918107999957,9.4293431730000634]]]},"properties":{"OBJECTID":10,"depto_codigo":"23","depto_nombre":"CÓRDOBA","area_km2":25082.73013389,"eventos_total":56,"magnitud_max":5.4000000000000004,"magnitud_media":4.25884107142857,"profundidad_media":28.946428571428577,"evento_clase":"Baja","Shape_Length":7.4184880656897176,"Shape_Area":2.056237761355808}},{"type":"Feature","id":11,"geometry":{"type":"Polygon","coordinates":[[[-74.734275757999967,5.2868647270000224],[-74.743206656999973,5.007077043000038],[-74.705943306999984,4.9813702120000585],[-74.748769661999972,4.9577008200000705],[-74.743776320999984,4.7882563160000586],[-74.819102727999962,4.7259838420000619],[-74.786293741999941,4.5059356310000567],[-74.890628901999946,4.2887339930000508],[-74.778796935999935,4.2835568370000487],[-74.681259289999957,4.2008866530000546],[-74.588542482999969,4.2674106770000435],[-74.518857282999988,4.2404932170000507],[-74.474839111999984,4.1281936280000764],[-74.529755943999987,4.0448103650000462],[-74.53474407899995,3.8432065950000265],[-74.450230192999982,3.8189938330000359],[-74.439587156999949,3.7306330990000447],[-74.359557239999958,3.9137447380000481],[-74.329886607999981,4.1305402580000532],[-74.245641633999981,4.1032476430000315],[-74.204269137999972,4.2397066360000508],[-74.173632590999944,4.5408502160000239],[-74.222568672999955,4.6294017930000564],[-74.158500006999986,4.6628483820000497],[-74.172257528999978,4.711364364000076],[-74.049558181999942,4.8350108130000535],[-74.000306881999961,4.8055297830000541],[-74.031557559999953,4.6457860200000596],[-73.986125792999985,4.6290749740000479],[-74.112147426999968,4.4331349090000458],[-74.098225210999942,4.3456192480000482],[-74.152711009999962,4.2545554230000562],[-74.109406167999964,4.1333342050000397],[-74.150674597999966,4.0048490730000594],[-74.005934538999952,4.1097662090000426],[-73.966918063999969,4.0907187040000395],[-73.933079028999941,4.1492359600000555],[-73.742820161999987,4.1977603500000669],[-73.80695654799996,4.4221549500000492],[-73.621899848999988,4.5624768220000647],[-73.567975510999986,4.5264996090000409],[-73.603369088999955,4.4566817540000443],[-73.550149322999971,4.3075417970000558],[-73.471680049999975,4.2762416260000577],[-73.353644882999959,4.3211942950000548],[-73.136995644999956,4.2128387520000388],[-73.052556954999943,4.7363248040000485],[-73.105697530999976,4.6597913330000438],[-73.220947215999956,4.6767820120000465],[-73.222344612999962,4.7325782350000623],[-73.306297098999949,4.7313875530000473],[-73.40200348999997,4.8799334990000602],[-73.538677287999974,4.8965687970000431],[-73.477203624999959,5.1480944830000226],[-73.534180753999976,5.2822989490000509],[-73.599366076999956,5.3188127440000699],[-73.592724051999937,5.3988485350000701],[-73.768831042999977,5.4865962830000399],[-73.804670544999965,5.5713977840000553],[-73.906798693999974,5.5281758210000476],[-73.901200689999939,5.447743072000037],[-74.020968678999964,5.3662941970000588],[-74.096931808999955,5.4706352950000223],[-74.125473282999963,5.4289698890000295],[-74.201923750999981,5.4970105910000484],[-74.253873556999963,5.4876159570000596],[-74.240291678999938,5.539196023000045],[-74.314957095999944,5.6205078040000558],[-74.275977464999983,5.692185246000065],[-74.333096554999941,5.8370428400000378],[-74.430913552999982,5.7580137050000531],[-74.516391789999943,5.7914227600000459],[-74.661024699999984,5.7523781240000744],[-74.627455956999938,5.6960377350000613],[-74.674572596999951,5.5146506580000505],[-74.64934778099996,5.4429323520000708],[-74.734275757999967,5.2868647270000224]]]},"properties":{"OBJECTID":11,"depto_codigo":"25","depto_nombre":"CUNDINAMARCA","area_km2":22343.4851174,"eventos_total":105,"magnitud_max":6.5,"magnitud_media":4.0914352380952419,"profundidad_media":71.720952380952397,"evento_clase":"Media","Shape_Length":10.13804155289376,"Shape_Area":1.8467252146974618}},{"type":"Feature","id":12,"geometry":{"type":"Polygon","coordinates":[[[-77.358121712999946,8.675154267000039],[-77.407947434999983,8.6453460500000574],[-77.390559906999954,8.5847377830000369],[-77.438547479999954,8.5602139400000397],[-77.447921414999939,8.4733031160000678],[-77.401864987999943,8.4764679310000588],[-77.358963463999942,8.4011327220000567],[-77.350453050999988,8.2977746930000649],[-77.260532336999972,8.210189974000059],[-77.23363197599997,8.0249641450000695],[-77.158575123999981,7.9322594930000605],[-77.324769696999965,7.8958364110000616],[-77.368618610999988,7.8283388830000717],[-77.339415156999962,7.7659545390000631],[-77.39116331699995,7.7599454690000584],[-77.56345082699994,7.5073365430000649],[-77.645781023999973,7.6516453200000569],[-77.729124841999976,7.6954731270000707],[-77.748505956999963,7.6134667110000578],[-77.700701710999965,7.5064838760000612],[-77.792499999999961,7.4610142140000448],[-77.883776300999955,7.2169850610000594],[-77.658691085999976,6.9948569790000761],[-77.702018410999983,6.8422391180000659],[-77.666834364999943,6.8756202030000395],[-77.58737064799999,6.8190062580000586],[-77.526625362999937,6.6480028690000381],[-77.472293991999948,6.7042843630000561],[-77.405744578999986,6.6870759310000381],[-77.400282436999987,6.6207754440000599],[-77.325286259999984,6.549342422000052],[-77.355684228999962,6.3988965850000454],[-77.412870615999964,6.3811465260000659],[-77.369797116999962,6.3551488320000544],[-77.395269091999978,6.2355626140000595],[-77.474203633999934,6.297279349000064],[-77.482743297999946,6.1921523670000624],[-77.363593581999964,5.998975008000059],[-77.351534091999952,6.0459489240000721],[-77.243355355999938,5.7674660120000567],[-77.341857722999976,5.6173309400000448],[-77.489775505999944,5.6074041120000402],[-77.539473644999987,5.4877514080000651],[-77.389833950999957,5.4435881760000484],[-77.376176947999966,4.94791347000006],[-77.34843002599996,4.7717177400000423],[-77.299882981999986,4.7470777240000643],[-77.328190872999983,4.7397156280000559],[-77.337640937999936,4.4293405130000565],[-77.456172478999974,4.3130624470000498],[-77.41410502399998,4.2928724610000586],[-77.524824169999988,4.2576179440000601],[-77.525497308999945,4.1263763700000595],[-77.44962159399995,4.0385134530000641],[-77.435805910999989,4.1457852140000568],[-77.352953078999974,4.1974730540000564],[-77.305452597999988,4.1664821260000622],[-77.257910966999987,4.2346536860000583],[-77.221826440999962,4.1563456220000603],[-77.159565315999942,4.1837286700000504],[-77.119883108999943,4.1164400920000617],[-77.035944083999937,4.0912845300000527],[-76.954434456999934,4.120651839000061],[-76.767669471999966,3.9886540270000523],[-76.559252483999956,3.9911048730000402],[-76.444383756999969,4.189398198000049],[-76.55520527699997,4.3991953670000612],[-76.365249261999963,4.4916274670000575],[-76.403759355999966,4.5349672600000304],[-76.319360761999974,4.6079497550000497],[-76.28568987899996,4.7124038210000663],[-76.312106942999947,4.7506188840000618],[-76.138626402999989,4.8420140930000457],[-76.077000637999959,5.0472294290000264],[-76.060909755999944,5.1371006100000614],[-76.132486932999939,5.1834492580000529],[-76.211426567999979,5.3486161760000641],[-76.191217195999968,5.4145842530000436],[-76.085335262999934,5.4497510960000568],[-76.074785841999983,5.5466025000000627],[-76.009080947999962,5.5676492860000621],[-76.005150472999958,5.6219181520000348],[-76.086953989999984,5.6886422780000316],[-76.06118167599999,5.7579556770000409],[-76.099024399999962,5.8491988350000383],[-76.051127991999977,5.9513282460000596],[-76.104852580999989,6.0184018270000479],[-76.172651579999979,6.0173911960000623],[-76.209468045999984,6.1845486080000569],[-76.716942689999939,6.171485179000058],[-76.790245406999986,6.3202367330000584],[-76.767985007999982,6.4779914530000724],[-76.894516793999969,6.5701527040000656],[-76.857993959999988,6.6184399170000461],[-76.909028637999938,6.6293854380000425],[-76.898083117999988,6.6682182440000588],[-76.964122578999934,6.6808833910000658],[-76.933648120999976,6.7109187940000652],[-76.970304946999988,6.8127349330000584],[-76.877700667999989,6.8521644280000373],[-76.835285324999973,6.8286840880000454],[-76.785537937999948,6.8775290850000488],[-76.834637080999983,6.9992686010000398],[-76.675568016999989,7.0298537250000663],[-76.571308743999964,6.9796769330000643],[-76.485270380999964,7.1354342230000611],[-76.530261886999938,7.2552638350000507],[-76.617894594999939,7.3152147800000762],[-76.660699083999987,7.4481369890000337],[-76.801160769999967,7.5720925940000257],[-76.942957602999968,7.5888601670000639],[-77.122139252999943,7.7880158460000644],[-76.93907106599994,8.062839623000059],[-76.980189751999944,8.2552817940000409],[-77.036123594999935,8.2526194710000595],[-77.130740537999941,8.4119053750000603],[-77.248896392999939,8.4720495020000612],[-77.358121712999946,8.675154267000039]]]},"properties":{"OBJECTID":12,"depto_codigo":"27","depto_nombre":"CHOCÓ","area_km2":48384.798202229998,"eventos_total":487,"magnitud_max":7.1044,"magnitud_media":4.3612312114989793,"profundidad_media":42.300205338809064,"evento_clase":"Alta","Shape_Length":15.326388162015894,"Shape_Area":3.9451820659185297}},{"type":"Feature","id":13,"geometry":{"type":"Polygon","coordinates":[[[-74.450230192999982,3.8189938330000359],[-74.53474407899995,3.8432065950000265],[-74.557602961999976,3.7670685110000477],[-74.738562271999967,3.5904124110000453],[-74.780719534999946,3.5097149270000614],[-74.764505202999942,3.4408830090000606],[-74.905373986999962,3.2913587590000475],[-75.070606734999956,3.2952961980000737],[-75.036960973999953,3.4295342740000478],[-75.147428348999938,3.4358213680000631],[-75.174898246999987,3.3773098310000478],[-75.227265366999973,3.4157698630000368],[-75.252353706999941,3.3657054790000416],[-75.361666659999969,3.408823845000029],[-75.527476353999987,3.3182822850000662],[-75.63291843899998,2.9958641710000506],[-75.69321488099996,2.9933919540000602],[-75.840133355999967,2.8718968530000666],[-75.953400135999971,2.9177548350000393],[-75.988587665999944,2.9825432940000383],[-76.028993472999957,2.9404902610000363],[-75.879179406999981,2.8337658520000559],[-75.825432517999957,2.8382383180000375],[-75.805806670999971,2.7682903480000505],[-75.751025951999964,2.7421817980000469],[-75.839914877999945,2.5594728260000466],[-75.814115639999955,2.4836228960000426],[-75.887497265999968,2.4251072230000545],[-75.979363846999945,2.5036110240000653],[-76.032535006999979,2.4026311660000488],[-76.103611943999965,2.4058419800000479],[-76.153545904999987,2.1987999310000532],[-76.20926970499994,2.198403317000043],[-76.299064266999949,2.2824868120000588],[-76.373767248999968,2.2790893920000599],[-76.430917172999955,2.12038771400006],[-76.553385114999969,2.139691803000062],[-76.590169178999986,2.1080847070000459],[-76.572512997999979,2.0197378950000484],[-76.624662643999955,1.97173943100006],[-76.588539031999971,1.8661601830000336],[-76.43512621299999,1.7918003250000538],[-76.418456256999946,1.7170994590000532],[-76.371906405999937,1.7425218970000742],[-76.38137566599994,1.6671885970000631],[-76.242254364999951,1.6830912900000499],[-76.202396777999979,1.5786514730000363],[-76.169746814999939,1.5879815780000399],[-76.119815895999977,1.552125171000057],[-76.034377528999983,1.5827672570000573],[-75.912236604999975,1.7119590460000609],[-75.737149242999976,1.7824643980000587],[-75.534984280999936,2.1176607210000498],[-75.442364011999985,2.1470153100000289],[-75.388556871999981,2.3126244070000439],[-75.310147186999984,2.3616131650000511],[-75.227103282999963,2.5116703580000603],[-75.180558087999941,2.5077083380000431],[-75.132691700999942,2.5951513880000334],[-75.147097103999954,2.7220032990000504],[-75.070344334999959,2.7421463210000638],[-74.933346809999989,2.9094260420000637],[-74.673258235999981,3.186348156000065],[-74.61632758899998,3.28779527100005],[-74.630531125999937,3.4713014400000475],[-74.415926210999942,3.7408261140000718],[-74.439587156999949,3.7306330990000447],[-74.450230192999982,3.8189938330000359]]]},"properties":{"OBJECTID":13,"depto_codigo":"41","depto_nombre":"HUILA","area_km2":18137.119724330001,"eventos_total":81,"magnitud_max":7.2365000000000004,"magnitud_media":4.0597481481481479,"profundidad_media":19.018518518518515,"evento_clase":"Baja","Shape_Length":8.4894534968357149,"Shape_Area":1.4814041269840057}},{"type":"Feature","id":14,"geometry":{"type":"Polygon","coordinates":[[[-72.900750253999945,10.436109721000037],[-72.739413153999976,10.652872118000062],[-72.647976354999969,10.880428129000052],[-72.553774504999978,10.940203575000055],[-72.497649885999977,11.085867346000043],[-72.349313595999945,11.151372837000054],[-72.249416482999948,11.140186009000047],[-71.971363235999945,11.646266878000063],[-71.324124935999976,11.833120769000061],[-71.290056795999988,11.914025498000058],[-71.327043522999986,11.921154156000057],[-71.308519319999959,11.926143238000066],[-71.291899567999963,11.917050527000072],[-71.282199766999952,11.906109152000056],[-71.136130167999966,12.002713540000059],[-71.115139189999979,12.086038148000057],[-71.227737404999971,12.299902523000071],[-71.526053051999952,12.43734291800007],[-71.684760056999949,12.453323426000054],[-71.735351727999955,12.40899448600004],[-71.684887796999988,12.442943132000039],[-71.700104575999944,12.417664090000073],[-71.627458366999974,12.407695090000061],[-71.699920126999984,12.360657457000059],[-71.727912741999944,12.409849651000059],[-71.804239591999988,12.305376120000062],[-71.839754180999932,12.339488130000063],[-71.808337330999962,12.37070030600006],[-71.857485096999937,12.357886909000058],[-71.955724490999955,12.272877987000072],[-71.891207047999956,12.275276620000056],[-71.861544120999952,12.217268096000055],[-71.929963690999955,12.151122094000073],[-71.960839401999976,12.179749259000062],[-71.986514257999943,12.147562365000056],[-72.000851241999953,12.186319567000055],[-71.961214020999989,12.257721699000058],[-72.178703065999969,12.216813334000051],[-72.138754495999933,12.104636047000042],[-72.244455717999983,11.878242640000053],[-72.769137289999946,11.678828253000063],[-73.276696297999933,11.285792126000047],[-73.574895929999968,11.259700988000077],[-73.583925972999964,11.189353358000062],[-73.653348732999973,11.137587606000068],[-73.66494006399995,10.98990894800005],[-73.598594932999958,10.835955300000023],[-73.279944399999977,10.856994296000039],[-73.251537514999939,10.804298799000037],[-73.277825235999956,10.726427661000059],[-73.157147897999948,10.715427276000071],[-73.082193691999976,10.629399482000053],[-73.098817878999967,10.549767219000046],[-73.181623024999965,10.466472679000049],[-73.144318652999971,10.398094297000057],[-72.900750253999945,10.436109721000037]]]},"properties":{"OBJECTID":14,"depto_codigo":"44","depto_nombre":"LA GUAJIRA","area_km2":20572.519807230001,"eventos_total":52,"magnitud_max":6.3500000000000005,"magnitud_media":4.0782730769230762,"profundidad_media":35.434615384615384,"evento_clase":"Baja","Shape_Length":8.4604927783817523,"Shape_Area":1.7182384912253557}},{"type":"Feature","id":15,"geometry":{"type":"Polygon","coordinates":[[[-73.598594932999958,10.835955300000023],[-73.66494006399995,10.98990894800005],[-73.653348732999973,11.137587606000068],[-73.583925972999964,11.189353358000062],[-73.574895929999968,11.259700988000077],[-73.790686393999977,11.256427906000056],[-73.979544951999969,11.339858096000057],[-74.144917948999989,11.336938197000052],[-74.241682887999957,11.220766767000043],[-74.215315769999961,11.069269050000059],[-74.350842076999982,10.976043710000056],[-74.548752044999958,10.994626279000045],[-74.851860531999989,11.105367257000069],[-74.718388111999957,10.909236330000056],[-74.724210574999972,10.60870404800005],[-74.910797062999961,10.254181059000075],[-74.943711459999975,10.124509129000046],[-74.78765238699998,10.008209233000059],[-74.872625373999938,9.9367491780000705],[-74.882369863999941,9.8728512490000639],[-74.787645983999937,9.6968648220000659],[-74.802827072999946,9.4436696520000396],[-74.763337320999938,9.463752472000067],[-74.672406186999979,9.4130786770000441],[-74.529905072999952,9.2414713050000614],[-74.434986184999957,9.2741471970000475],[-74.403030607999938,9.2137485260000744],[-74.34752151899994,9.2329094640000449],[-74.298246908999943,9.1598349080000503],[-74.248277824999946,9.1646527820000756],[-74.117939226999965,9.04888141400005],[-74.139412896999943,9.0298615270000369],[-74.035593826999957,9.0443918410000492],[-73.867655127999967,8.9364891790000343],[-73.79802234999994,9.0582979600000613],[-73.875325678999957,9.1305415680000692],[-73.866622260999975,9.1829680750000762],[-73.962032681999972,9.1876758890000474],[-73.942791436999983,9.2895629370000279],[-73.99169077199997,9.324019728000053],[-73.978094792999968,9.3893813260000343],[-74.139159989999939,9.4937799590000509],[-74.036739417999968,9.5913225910000506],[-73.803264147999982,9.6364165790000698],[-73.809091441999954,9.6920746820000545],[-73.841792116999954,9.7973428720000584],[-74.084371064999971,10.073056474000055],[-74.040805549999959,10.219901316000062],[-73.921851453999977,10.375068849000058],[-73.779030705999958,10.396173316000045],[-73.639835950999952,10.500767711000037],[-73.562259705999963,10.505081003000043],[-73.616881439999986,10.644687932000068],[-73.541837906999945,10.754371865000053],[-73.638662118999946,10.787793089000047],[-73.598594932999958,10.835955300000023]]]},"properties":{"OBJECTID":15,"depto_codigo":"47","depto_nombre":"MAGDALENA","area_km2":23109.657163169999,"eventos_total":38,"magnitud_max":5.3700000000000001,"magnitud_media":4.1753052631578944,"profundidad_media":49.10526315789474,"evento_clase":"Baja","Shape_Length":8.115070047829791,"Shape_Area":1.9124479792123124}},{"type":"Feature","id":16,"geometry":{"type":"Polygon","coordinates":[[[-71.077931044999957,4.8991013340000222],[-71.732387149999965,4.5753059040000608],[-71.806749939999975,4.5835476510000603],[-71.990295799999956,4.3835383490000481],[-72.243397907999963,4.4345631750000507],[-72.405035849999933,4.3178597410000634],[-72.427948127999969,4.3537052090000543],[-72.466818265999962,4.3173753780000652],[-72.547837454999978,4.3546750840000641],[-72.573445790999983,4.3021405070000469],[-72.675865933999944,4.3173834180000199],[-72.692422083999986,4.2875721930000736],[-72.937926985999979,4.5227407930000254],[-73.052556954999943,4.7363248040000485],[-73.136995644999956,4.2128387520000388],[-73.353644882999959,4.3211942950000548],[-73.471680049999975,4.2762416260000577],[-73.550149322999971,4.3075417970000558],[-73.603369088999955,4.4566817540000443],[-73.567975510999986,4.5264996090000409],[-73.621899848999988,4.5624768220000647],[-73.80695654799996,4.4221549500000492],[-73.742820161999987,4.1977603500000669],[-73.933079028999941,4.1492359600000555],[-73.966918063999969,4.0907187040000395],[-74.005934538999952,4.1097662090000426],[-74.150674597999966,4.0048490730000594],[-74.217382980999957,4.0108961770000633],[-74.317046029999972,3.8807533210000429],[-74.296616633999975,3.8189038460000688],[-74.415926210999942,3.7408261140000718],[-74.630531125999937,3.4713014400000475],[-74.61632758899998,3.28779527100005],[-74.673258235999981,3.186348156000065],[-74.933346809999989,2.9094260420000637],[-74.910625451999977,2.8835418240000763],[-74.800003052999955,2.938333516000057],[-74.769374844999959,2.8731249510000225],[-74.67333221399997,2.888749836000045],[-74.617500311999947,2.7537500820000673],[-74.637496952999982,2.7008333180000363],[-74.585830692999934,2.6654167090000556],[-74.681663507999986,2.5583333920000655],[-74.647499080999978,2.4937498580000579],[-74.748336784999935,2.2741668200000618],[-74.693336485999964,2.2841665710000711],[-74.665000913999961,2.21125007400002],[-74.591667177999966,2.2016665980000312],[-74.580001836999941,2.1245832470000323],[-74.485420233999946,2.1491665840000564],[-74.462081907999959,2.0891666380000515],[-74.241896080999936,2.0564173040000355],[-74.190002437999965,1.985416778000058],[-74.040000917999976,1.9708332990000486],[-73.656668332999971,1.6177319440000701],[-73.656931529999952,2.2944709470000362],[-73.617574345999969,2.3772666740000545],[-73.571966043999964,2.3549194300000522],[-73.528033862999962,2.3875601900000447],[-73.512283727999943,2.3329437090000624],[-73.450301492999984,2.3397270750000416],[-73.442308228999934,2.3862670300000559],[-73.43677162399996,2.3265441040000496],[-73.412162295999963,2.3569685940000227],[-73.378970407999986,2.3249561230000495],[-73.356909311999971,2.3685038330000339],[-73.356706848999977,2.3240950450000355],[-73.330410519999987,2.360356222000064],[-73.242474686999969,2.3473322520000579],[-73.26787343899997,2.3808665410000458],[-73.216523086999985,2.4054680790000589],[-73.163501742999983,2.3653898440000489],[-73.127784591999955,2.4109807430000387],[-73.110553188999972,2.3809992030000444],[-72.934800594999956,2.4641432490000739],[-72.958342616999971,2.5085147860000347],[-72.920320158999971,2.5624587420000466],[-72.818212665999965,2.6139726930000506],[-72.739666284999942,2.5699089400000616],[-72.679422708999937,2.622178103000067],[-72.652959776999978,2.571539949000055],[-72.620873704999951,2.6273586270000351],[-72.586413981999954,2.5836681390000535],[-72.53630940499994,2.7027197890000707],[-72.472208814999988,2.6893455070000414],[-72.47059164999996,2.7338294000000474],[-72.406650125999988,2.7260013700000627],[-72.335505231999946,2.7967468530000588],[-72.279952869999988,2.7757819080000559],[-72.259486852999942,2.8247043230000486],[-72.192860906999954,2.7723492220000594],[-72.202707247999967,2.8640465350000568],[-72.134854476999976,2.8890374810000594],[-72.082128510999951,2.8258543970000574],[-71.981918026999949,2.8011873950000563],[-71.827910073999988,2.837469388000045],[-71.850864847999958,2.8715978550000614],[-71.820612348999987,2.8791172630000688],[-71.780042522999963,2.8178253480000421],[-71.761856049999949,2.8973037340000474],[-71.697066737999933,2.8381102600000645],[-71.662005315999977,2.8727345080000646],[-71.652212598999938,2.8201860940000643],[-71.575166301999957,2.8442682150000564],[-71.583249064999961,2.8722861660000376],[-71.470298215999946,2.853095306000057],[-71.463380828999959,2.8992776860000617],[-71.390722607999976,2.8440266860000634],[-71.324742339999943,2.9245276560000661],[-71.283681102999935,2.8678208010000503],[-71.183508528999937,2.9048407020000582],[-71.077525695999952,2.8822324120000644],[-71.077931044999957,4.8991013340000222]]]},"properties":{"OBJECTID":16,"depto_codigo":"50","depto_nombre":"META","area_km2":82663.822318199993,"eventos_total":196,"magnitud_max":7.1000000000000005,"magnitud_media":4.1814903061224475,"profundidad_media":16.644081632653062,"evento_clase":"Media","Shape_Length":15.417011538991533,"Shape_Area":6.7289205620473567}},{"type":"Feature","id":17,"geometry":{"type":"MultiPolygon","coordinates":[[[[-78.888433193999958,1.5104932090000602],[-78.895011871999941,1.5068348640000409],[-78.876540189999957,1.5091261820000454],[-78.888433193999958,1.5104932090000602]]],[[[-78.072458663999953,2.6111616970000568],[-78.154298998999934,2.6836815370000409],[-78.455175535999956,2.5975901580000595],[-78.557020342999976,2.4915825260000588],[-78.712013988999956,2.1741665170000601],[-78.64982293199995,2.0499489440000502],[-78.674366858999974,1.9800944300000651],[-78.606078329999946,1.9962510840000505],[-78.597088934999988,1.8943445580000571],[-78.550676136999982,1.897187916000064],[-78.553652280999984,1.7577319860000671],[-78.651270592999936,1.7936937160000639],[-78.68666888499996,1.7483519790000628],[-78.717156415999966,1.793403463000061],[-78.713766844999952,1.7456670070000655],[-78.762166076999961,1.7414457360000597],[-78.72646962999994,1.7530860210000583],[-78.738272925999979,1.7969253430000549],[-78.785103101999937,1.7985885390000362],[-78.723727520999944,1.8235335270000519],[-78.770178492999946,1.8160105390000467],[-78.811931880999964,1.7869664890000649],[-78.779710187999967,1.8245162320000645],[-78.809643914999981,1.8292844810000588],[-79.010078050999937,1.6319746580000469],[-78.863499536999939,1.5508423590000575],[-78.856337477999944,1.480786285000022],[-78.798606867999979,1.4848040010000432],[-78.83359782399998,1.4506807660000618],[-78.615422942999942,1.2462686040000222],[-78.544540728999948,1.2443605270000262],[-78.516709363999951,1.1878578460000426],[-78.43817256799997,1.1939244780000422],[-78.427779245999943,1.1388069080000491],[-78.311388973999954,1.1913027550000379],[-78.251076630999989,1.0994615540000723],[-78.281576682999969,1.0561658090000492],[-78.185119406999945,0.93800679200006698],[-78.111869482999964,0.93225096000003305],[-77.937234405999959,0.81667893800005231],[-77.842794012999946,0.80244973900005334],[-77.714243991999979,0.85109057500005747],[-77.66491992899995,0.81803940700007161],[-77.697834332999946,0.74141627000005883],[-77.666203503999952,0.70527842600006352],[-77.480894041999989,0.6571163680000609],[-77.527721198999984,0.4001943680000295],[-77.112695532999965,0.3726744830000257],[-77.117359457999953,0.59136134000004859],[-77.186805731999982,0.63095406200005755],[-77.139154184999938,0.82151024200004485],[-77.102072181999972,0.83364875900002744],[-77.121209005999958,0.89316232900006298],[-77.028066888999945,0.99493126900006246],[-77.100064309999937,1.1540010480000547],[-76.979613774999962,1.2242662540000424],[-76.979412707999984,1.2866880150000384],[-76.936069528999951,1.2746163530000558],[-76.920582188999958,1.3455953730000374],[-76.928927113999976,1.5004861260000553],[-76.858607445999951,1.5224678560000484],[-76.834534262999966,1.6154241750000438],[-76.936084703999938,1.7290020570000593],[-77.137559991999979,1.6549308310000583],[-77.150799585999948,1.685644815000046],[-77.330879978999974,1.6815126930000588],[-77.289186209999968,1.8490480040000534],[-77.203159467999967,1.9520375990000502],[-77.333527731999936,2.0513616400000387],[-77.32307702099996,2.2219965300000695],[-77.459434295999984,2.2861777100000609],[-77.487941621999937,2.1952526000000603],[-77.739359238999953,2.133566341000062],[-77.838642245999949,2.1782109760000594],[-77.918794570999978,2.4166989080000576],[-77.92833815399996,2.6404040280000345],[-77.978218003999984,2.6616970600000514],[-78.072458663999953,2.6111616970000568]]]]},"properties":{"OBJECTID":17,"depto_codigo":"52","depto_nombre":"NARIÑO","area_km2":31536.973971849999,"eventos_total":78,"magnitud_max":6.9748000000000001,"magnitud_media":4.4121666666666686,"profundidad_media":33.421794871794866,"evento_clase":"Baja","Shape_Length":9.4563500074584503,"Shape_Area":2.534710479411912}},{"type":"Feature","id":18,"geometry":{"type":"Polygon","coordinates":[[[-72.948397211999975,9.0923322310000572],[-73.009405387999948,9.2908466690000751],[-73.176981521999949,9.1766369280000504],[-73.368098127999986,9.1716065700000513],[-73.429434219999962,9.1036299890000691],[-73.448245939999936,8.8622487060000594],[-73.414617946999954,8.766029819000039],[-73.507339249999973,8.6849488260000385],[-73.55224160299997,8.6068747150000604],[-73.514992898999935,8.5289761180000596],[-73.577727688999971,8.4958099580000521],[-73.477671322999981,8.4701150050000251],[-73.529997834999961,8.3807898270000578],[-73.441807465999943,8.340839011000071],[-73.39316235299998,8.3821263090000571],[-73.414398769999934,8.4592583830000763],[-73.342055117999962,8.435568791000037],[-73.374178502999939,8.2660057310000639],[-73.440633790999982,8.2572433210000327],[-73.448903705999953,8.1925186560000611],[-73.429664204999938,8.1232756530000643],[-73.37757292699996,8.105542597000067],[-73.367025598999987,8.0126296410000464],[-73.309288826999989,8.0155153320000636],[-73.277136847999941,7.9400961600000528],[-73.347878728999945,7.8985389770000438],[-73.343095331999962,7.8121479180000506],[-73.439751207999961,7.6963085900000578],[-73.490833257999952,7.6743694910000499],[-73.633042631999956,7.7491949020000561],[-73.505563779999989,7.595783951000044],[-73.355344011999989,7.5443498940000495],[-73.256571038999937,7.5315731370000663],[-73.219036807999942,7.6321109670000737],[-72.982354776999955,7.620307811000032],[-72.978301074999933,7.529047366000043],[-72.896084976999987,7.4796035500000357],[-72.836831249999989,7.3556100830000446],[-72.877800733999948,7.0561894560000269],[-72.739584282999942,6.9843436580000571],[-72.677315327999963,7.0077914450000662],[-72.668504967999979,6.9655031300000587],[-72.562366453999971,6.9997936050000362],[-72.547366806999946,6.8859512580000342],[-72.502941499999963,6.9081587660000423],[-72.392327985999941,6.8722144930000582],[-72.276524007999967,7.0127923720000354],[-72.24424683899997,6.9770258490000288],[-72.19064545599997,7.0474738710000224],[-72.113510953999935,6.9970949120000228],[-72.047673348999979,7.0383025880000218],[-72.174416122999958,7.2576097850000565],[-72.153864213999952,7.328193193000061],[-72.194450026999959,7.3837957450000431],[-72.428592984999966,7.4023850960000459],[-72.475136919999954,7.4872105820000456],[-72.444591440999943,7.8598383890000605],[-72.48806630699994,7.9434754270000667],[-72.41599819399994,8.0333523640000521],[-72.34713392599997,8.0163846960000456],[-72.380121626999937,8.3103730150000388],[-72.654786195999975,8.6142768400000591],[-72.765809178999973,9.1056030080000596],[-72.821892209999987,9.1415216050000367],[-72.948397211999975,9.0923322310000572]]]},"properties":{"OBJECTID":18,"depto_codigo":"54","depto_nombre":"NORTE DE SANTANDER","area_km2":21939.83656629,"eventos_total":131,"magnitud_max":6.5,"magnitud_media":4.2596717557251917,"profundidad_media":91.132824427480912,"evento_clase":"Media","Shape_Length":8.5007527185332616,"Shape_Area":1.8084650913110814}},{"type":"Feature","id":19,"geometry":{"type":"Polygon","coordinates":[[[-75.895795625999938,4.4251776150000524],[-75.802942603999952,4.39560109100006],[-75.787370660999954,4.2936189990000457],[-75.839619984999956,4.101080320000051],[-75.752396406999935,4.0773907090000421],[-75.597101891999955,4.2795061540000461],[-75.577345016999971,4.4526903630000447],[-75.515035503999968,4.5555873890000385],[-75.421000926999966,4.6108642520000558],[-75.388710621999962,4.7154418080000369],[-75.479378450999945,4.6631725320000328],[-75.713606632999984,4.7137573000000543],[-75.708469952999963,4.6550639820000583],[-75.825088121999954,4.663469884000051],[-75.864963086999978,4.614764363000063],[-75.895795625999938,4.4251776150000524]]]},"properties":{"OBJECTID":19,"depto_codigo":"63","depto_nombre":"QUINDÍO","area_km2":1933.15906086,"eventos_total":36,"magnitud_max":6.3289,"magnitud_media":4.341930555555555,"profundidad_media":75.866666666666674,"evento_clase":"Baja","Shape_Length":2.0336587492726297,"Shape_Area":0.1550809040612626}},{"type":"Feature","id":20,"geometry":{"type":"Polygon","coordinates":[[[-75.959267909999937,5.5050815930000567],[-76.009080947999962,5.5676492860000621],[-76.074785841999983,5.5466025000000627],[-76.085335262999934,5.4497510960000568],[-76.191217195999968,5.4145842530000436],[-76.211426567999979,5.3486161760000641],[-76.132486932999939,5.1834492580000529],[-76.060909755999944,5.1371006100000614],[-76.077000637999959,5.0472294290000264],[-75.987668262999989,4.8737817770000333],[-75.901038879999987,4.8529209000000719],[-75.923253129999978,4.7602587450000442],[-75.852292979999959,4.7787251510000601],[-75.85609931099998,4.7278300070000228],[-75.713606632999984,4.7137573000000543],[-75.479378450999945,4.6631725320000328],[-75.388710621999962,4.7154418080000369],[-75.375499069999989,4.802684968000051],[-75.426866772999972,4.8163908730000458],[-75.480085240999983,4.9164642070000468],[-75.617061078999939,4.9314051700000618],[-75.639505012999962,4.9749981580000622],[-75.702384784999936,4.9455003000000488],[-75.74681297099994,5.0468190200000436],[-75.814807085999973,4.9194384780000746],[-75.892160092999973,4.9615304230000561],[-75.917351667999981,5.078686350000055],[-75.891828253999961,5.1309969980000574],[-75.836568820999958,5.1147818640000651],[-75.802375203999986,5.2003593290000367],[-75.823664143999963,5.2701181110000448],[-75.692638346999956,5.2551851820000479],[-75.648146034999968,5.3075720110000475],[-75.725226508999981,5.3971415400000637],[-75.860677984999938,5.3717089540000416],[-75.868024125999966,5.4902421250000657],[-75.959267909999937,5.5050815930000567]]]},"properties":{"OBJECTID":20,"depto_codigo":"66","depto_nombre":"RISARALDA","area_km2":3556.4336101700001,"eventos_total":18,"magnitud_max":5.6969000000000003,"magnitud_media":4.5490500000000011,"profundidad_media":94.38333333333334,"evento_clase":"Baja","Shape_Length":3.7005401350780174,"Shape_Area":0.29640524566849175}},{"type":"Feature","id":21,"geometry":{"type":"Polygon","coordinates":[[[-73.791422513999976,8.1028053760000489],[-73.775261006999983,8.1450101360000531],[-73.866897714999936,8.0678749650000441],[-73.797314048999965,7.6543949670000302],[-73.849234384999988,7.5346661600000289],[-73.913080976999936,7.4935966490000396],[-73.915852334999954,7.2955837900000233],[-73.938768012999958,7.1767693600000371],[-73.885707899999943,7.0020324710000637],[-74.010646477999956,6.9132793980000429],[-74.115146008999943,6.765573502000052],[-74.404735995999943,6.5938546690000521],[-74.369497962999958,6.4122173230000499],[-74.526571021999985,6.2736410810000507],[-74.451694646999954,6.0992856500000698],[-74.383058811999945,6.0402778920000628],[-74.258716229999948,6.0655244070000549],[-74.22222488999995,5.9679102120000493],[-74.265016720999938,5.8341014070000483],[-74.197303855999962,5.8529415480000466],[-74.180416438999941,5.9110885680000251],[-74.026030333999984,5.8068224330000362],[-73.982611220999956,5.7209101680000458],[-73.812531616999934,5.7149679800000399],[-73.714382500999989,5.7817008660000511],[-73.646785012999942,5.7133166150000534],[-73.60017153299998,5.8689905270000509],[-73.635900282999955,5.9111623790000749],[-73.497415416999957,6.1080321600000502],[-73.370708697999987,6.0052321750000601],[-73.473477579999951,5.8168308680000678],[-73.389323962999981,5.7511851960000513],[-73.351471712999967,5.8725718550000465],[-73.246890904999987,5.8159593850000419],[-73.186447730999987,5.8461893960000566],[-73.221846271999937,5.8972679700000299],[-73.199314539999989,6.0031342780000614],[-73.10077675499997,5.9622609590000479],[-73.032009384999981,6.023000191000051],[-73.01124344699997,5.9631050160000427],[-72.915975069999945,6.107376271000021],[-72.744677534999937,6.2291821980000464],[-72.724883535999936,6.4567018170000665],[-72.808580573999961,6.5595278100000201],[-72.719137196999952,6.5526977660000512],[-72.649069809999958,6.4364005680000673],[-72.539237454999977,6.4879731730000572],[-72.542665031999945,6.582811495000044],[-72.485535246999973,6.6571011210000393],[-72.502941499999963,6.9081587660000423],[-72.547366806999946,6.8859512580000342],[-72.562366453999971,6.9997936050000362],[-72.668504967999979,6.9655031300000587],[-72.677315327999963,7.0077914450000662],[-72.739584282999942,6.9843436580000571],[-72.877800733999948,7.0561894560000269],[-72.836831249999989,7.3556100830000446],[-72.896084976999987,7.4796035500000357],[-72.978301074999933,7.529047366000043],[-72.982354776999955,7.620307811000032],[-73.219036807999942,7.6321109670000737],[-73.256571038999937,7.5315731370000663],[-73.355344011999989,7.5443498940000495],[-73.505563779999989,7.595783951000044],[-73.633042631999956,7.7491949020000561],[-73.761794358999964,7.7599760270000502],[-73.670777971999939,7.9035004840000624],[-73.791422513999976,8.1028053760000489]]]},"properties":{"OBJECTID":21,"depto_codigo":"68","depto_nombre":"SANTANDER","area_km2":30436.311602199999,"eventos_total":4705,"magnitud_max":6.7702,"magnitud_media":4.0706843145589966,"profundidad_media":152.66794261424045,"evento_clase":"Muy alta","Shape_Length":9.5306386207635363,"Shape_Area":2.495685207499347}},{"type":"Feature","id":22,"geometry":{"type":"Polygon","coordinates":[[[-75.543322736999983,10.040149365000048],[-75.497477587999981,10.145482637000043],[-75.573624493999944,10.08642806000006],[-75.623229565999964,9.8062011480000706],[-75.704179154999963,9.6986515890000646],[-75.61256853499998,9.6945094490000656],[-75.57364053699996,9.566630172000032],[-75.628913798999974,9.4351192890000561],[-75.700052003999986,9.4117478130000336],[-75.679832686999987,9.3445946140000729],[-75.599720954999952,9.3254329020000455],[-75.609367128999963,9.2809881870000481],[-75.496468970999956,9.2849306310000657],[-75.448856774999967,9.1400806970000303],[-75.390866244999984,9.1612678250000386],[-75.224136988999987,9.0731115030000637],[-75.156108513999982,8.9435973520000402],[-75.244646196999952,8.8822658140000499],[-75.27268860099997,8.9136433150000585],[-75.371610464999947,8.8265240670000367],[-75.324186628999939,8.7555309590000547],[-75.359615579999968,8.6796968620000712],[-75.314363822999951,8.5023730410000553],[-75.216293465999968,8.4853664830000639],[-75.185139264999975,8.3966404960000318],[-75.128046121999944,8.4682829170000673],[-75.040873055999953,8.458474825000053],[-75.005720857999961,8.5228029080000738],[-74.925994027999934,8.4996076750000498],[-74.927451776999987,8.4533436790000565],[-74.80553387599997,8.3825749860000656],[-74.828023661999964,8.3597476010000378],[-74.780945392999968,8.2778817910000271],[-74.653487850999966,8.2789956420000408],[-74.614535946999979,8.4065438110000628],[-74.577420710999945,8.3856124570000361],[-74.539732083999979,8.4263925200000358],[-74.610733817999972,8.7559379030000741],[-74.539659315999984,8.8052908290000573],[-74.639360847999967,8.977455864000035],[-74.823764952999966,9.057419909000032],[-74.903027549999933,9.1634822350000604],[-74.950514104999968,9.3479474430000664],[-74.890778328999943,9.4309640620000437],[-75.032229270999949,9.4665687550000257],[-75.012394431999951,9.5282936740000537],[-75.181059506999986,9.6019130830000563],[-75.164505657999939,9.6464661480000586],[-75.276457124999979,9.6862587900000676],[-75.327082391999966,9.6167076190000671],[-75.373857903999976,9.6300829860000476],[-75.338261452999973,9.8282269930000439],[-75.430853765999984,9.9127340330000493],[-75.46550715099994,9.8917699700000412],[-75.476109761999965,10.018560557000058],[-75.543322736999983,10.040149365000048]]]},"properties":{"OBJECTID":22,"depto_codigo":"70","depto_nombre":"SUCRE","area_km2":10585.91288269,"eventos_total":20,"magnitud_max":6.25,"magnitud_media":4.2117950000000004,"profundidad_media":43.545000000000002,"evento_clase":"Baja","Shape_Length":6.2785276063489679,"Shape_Area":0.87543880684095465}},{"type":"Feature","id":23,"geometry":{"type":"Polygon","coordinates":[[[-74.743206656999973,5.007077043000038],[-74.734275757999967,5.2868647270000224],[-74.939376963999962,5.3130304210000645],[-75.056626924999989,5.2755243180000662],[-75.116234929999962,5.1605644230000394],[-75.287908293999976,5.1383065120000424],[-75.344752430999961,5.0807849470000406],[-75.31872212199994,4.8880720570000449],[-75.375499069999989,4.802684968000051],[-75.388710621999962,4.7154418080000369],[-75.421000926999966,4.6108642520000558],[-75.515035503999968,4.5555873890000385],[-75.577345016999971,4.4526903630000447],[-75.597101891999955,4.2795061540000461],[-75.752396406999935,4.0773907090000421],[-75.99373121299999,3.6383689220000406],[-76.055418776999943,3.2233518600000366],[-76.105411394999976,3.1005565540000362],[-76.020799847999967,3.0038916680000511],[-76.028993472999957,2.9404902610000363],[-75.988587665999944,2.9825432940000383],[-75.953400135999971,2.9177548350000393],[-75.840133355999967,2.8718968530000666],[-75.69321488099996,2.9933919540000602],[-75.63291843899998,2.9958641710000506],[-75.527476353999987,3.3182822850000662],[-75.361666659999969,3.408823845000029],[-75.252353706999941,3.3657054790000416],[-75.227265366999973,3.4157698630000368],[-75.174898246999987,3.3773098310000478],[-75.147428348999938,3.4358213680000631],[-75.036960973999953,3.4295342740000478],[-75.070606734999956,3.2952961980000737],[-74.905373986999962,3.2913587590000475],[-74.764505202999942,3.4408830090000606],[-74.780719534999946,3.5097149270000614],[-74.738562271999967,3.5904124110000453],[-74.557602961999976,3.7670685110000477],[-74.53474407899995,3.8432065950000265],[-74.529755943999987,4.0448103650000462],[-74.474839111999984,4.1281936280000764],[-74.518857282999988,4.2404932170000507],[-74.588542482999969,4.2674106770000435],[-74.681259289999957,4.2008866530000546],[-74.778796935999935,4.2835568370000487],[-74.890628901999946,4.2887339930000508],[-74.786293741999941,4.5059356310000567],[-74.819102727999962,4.7259838420000619],[-74.743776320999984,4.7882563160000586],[-74.748769661999972,4.9577008200000705],[-74.705943306999984,4.9813702120000585],[-74.743206656999973,5.007077043000038]]]},"properties":{"OBJECTID":23,"depto_codigo":"73","depto_nombre":"TOLIMA","area_km2":24128.102026379998,"eventos_total":71,"magnitud_max":6.7397,"magnitud_media":4.2447563380281688,"profundidad_media":35.45774647887324,"evento_clase":"Baja","Shape_Length":7.5181041237553066,"Shape_Area":1.9633230908829}},{"type":"Feature","id":24,"geometry":{"type":"MultiPolygon","coordinates":[[[[-76.939057253999977,3.1138245340000594],[-76.90804959899998,3.2013703760000567],[-76.772913081999945,3.2337056810000604],[-76.733409280999979,3.1248875080000289],[-76.666325843999971,3.0979788310000345],[-76.629794856999979,3.1284147220000591],[-76.610126738999952,3.0912385250000511],[-76.513606521999975,3.1203451880000443],[-76.460421113999985,3.3289411590000668],[-76.229259058999958,3.2768313830000579],[-76.191340963999949,3.2270903010000325],[-76.055418776999943,3.2233518600000366],[-75.99373121299999,3.6383689220000406],[-75.752396406999935,4.0773907090000421],[-75.839619984999956,4.101080320000051],[-75.787370660999954,4.2936189990000457],[-75.802942603999952,4.39560109100006],[-75.895795625999938,4.4251776150000524],[-75.864963086999978,4.614764363000063],[-75.825088121999954,4.663469884000051],[-75.708469952999963,4.6550639820000583],[-75.713606632999984,4.7137573000000543],[-75.85609931099998,4.7278300070000228],[-75.852292979999959,4.7787251510000601],[-75.923253129999978,4.7602587450000442],[-75.901038879999987,4.8529209000000719],[-75.987668262999989,4.8737817770000333],[-76.077000637999959,5.0472294290000264],[-76.138626402999989,4.8420140930000457],[-76.312106942999947,4.7506188840000618],[-76.28568987899996,4.7124038210000663],[-76.319360761999974,4.6079497550000497],[-76.403759355999966,4.5349672600000304],[-76.365249261999963,4.4916274670000575],[-76.55520527699997,4.3991953670000612],[-76.444383756999969,4.189398198000049],[-76.559252483999956,3.9911048730000402],[-76.767669471999966,3.9886540270000523],[-76.954434456999934,4.120651839000061],[-77.035944083999937,4.0912845300000527],[-77.119883108999943,4.1164400920000617],[-77.159565315999942,4.1837286700000504],[-77.221826440999962,4.1563456220000603],[-77.257910966999987,4.2346536860000583],[-77.305452597999988,4.1664821260000622],[-77.352953078999974,4.1974730540000564],[-77.435805910999989,4.1457852140000568],[-77.44962159399995,4.0385134530000641],[-77.35843427399999,3.9264888520000341],[-77.306128642999965,4.0439771450000421],[-77.26056579599998,4.0621211120000567],[-77.24351526199996,4.082088896000073],[-77.232331630999965,4.0814275270000735],[-77.226641892999965,4.0724412650000659],[-77.228190922999943,4.068360488000053],[-77.222394554999937,4.0609817810000663],[-77.198822400999973,4.0565287490000514],[-77.198489747999986,4.0306029070000591],[-77.316913364999948,3.9517636960000573],[-77.302715433999936,3.8615331520000495],[-77.182367406999958,3.8315959200000407],[-77.086741047999965,3.9051898390000588],[-77.052839333999941,3.8753068780000604],[-77.181795644999966,3.8094022720000567],[-77.165630458999942,3.6446855750000395],[-77.300393932999953,3.5699902120000502],[-77.370747232999975,3.4750597620000576],[-77.332458589999987,3.4265809570000556],[-77.363293429999942,3.4491397360000633],[-77.549556312999982,3.2321775780000621],[-77.497710774999973,3.2164492530000643],[-77.429070366999952,3.2537087320000637],[-77.365837777999957,3.1465118680000614],[-77.317176760999985,3.1742207420000454],[-77.234501038999952,3.1080799580000757],[-77.098391111999945,3.1859724500000652],[-76.939057253999977,3.1138245340000594]]],[[[-77.214505845999952,4.02069597600007],[-77.214617724999982,4.0225374340000712],[-77.21613713499994,4.0209640770000306],[-77.214505845999952,4.02069597600007]]],[[[-77.214589965999949,4.026247607000073],[-77.215104777999954,4.027459297000064],[-77.216178142999979,4.0262677480000661],[-77.214589965999949,4.026247607000073]]],[[[-77.217327294999961,4.0270090310000342],[-77.218681709999942,4.0293967050000674],[-77.220711791999975,4.0271975050000606],[-77.217327294999961,4.0270090310000342]]],[[[-77.207652458999974,4.0312384070000462],[-77.212157228999956,4.0241789670000685],[-77.209519508999961,4.0248885030000565],[-77.207652458999974,4.0312384070000462]]],[[[-77.215997117999962,4.0310944820000714],[-77.216003174999969,4.0273820970000429],[-77.213738675999934,4.0307251380000366],[-77.215997117999962,4.0310944820000714]]],[[[-77.219177778999949,4.0321964740000453],[-77.220777799999951,4.0314124060000722],[-77.220637824999983,4.0288604210000472],[-77.219177778999949,4.0321964740000453]]],[[[-77.211395172999971,4.0320439560000523],[-77.212913362999984,4.0320869190000508],[-77.214102492999984,4.0266019270000584],[-77.211395172999971,4.0320439560000523]]],[[[-77.236922023999966,4.0320408690000704],[-77.237729571999978,4.0330142390000674],[-77.238250061999963,4.0318359150000447],[-77.236922023999966,4.0320408690000704]]],[[[-77.212299180999935,4.0332571630000302],[-77.212257119999947,4.0344056970000679],[-77.213387476999969,4.0342640970000616],[-77.212299180999935,4.0332571630000302]]],[[[-77.205925382999965,4.0344090450000749],[-77.208486250999954,4.0329336850000459],[-77.207755823999946,4.0315284050000741],[-77.205925382999965,4.0344090450000749]]],[[[-77.225229002999981,4.0336532480000642],[-77.226077982999982,4.0352975090000314],[-77.227820045999977,4.0324269250000384],[-77.225229002999981,4.0336532480000642]]],[[[-77.202530587999945,4.0326718820000451],[-77.203183354999965,4.035491296000032],[-77.203994267999974,4.0328766250000285],[-77.202530587999945,4.0326718820000451]]],[[[-77.209912287999941,4.0346888970000236],[-77.20949694799998,4.036089162000053],[-77.210417004999954,4.0355752070000221],[-77.209912287999941,4.0346888970000236]]],[[[-77.24040036699995,4.0333043630000702],[-77.241175108999983,4.0363740390000657],[-77.24242344299995,4.034118511000031],[-77.24040036699995,4.0333043630000702]]],[[[-77.224780252999949,4.0363719000000629],[-77.225632472999962,4.0355231120000212],[-77.223797411999954,4.0360850920000644],[-77.224780252999949,4.0363719000000629]]],[[[-77.203438136999978,4.0394206030000532],[-77.205017161999933,4.03874032300007],[-77.203433828999948,4.0380092930000728],[-77.203438136999978,4.0394206030000532]]],[[[-77.20529307299995,4.0412005790000762],[-77.20627895399997,4.0415865670000244],[-77.206642350999971,4.0408179480000399],[-77.20529307299995,4.0412005790000762]]],[[[-77.227239184999974,4.040660679000041],[-77.240691805999973,4.038167776000023],[-77.232551450999949,4.0314381390000449],[-77.227239184999974,4.040660679000041]]],[[[-77.213792301999945,4.0507105070000762],[-77.214015933999974,4.0486703160000275],[-77.210840440999959,4.0496708940000303],[-77.213792301999945,4.0507105070000762]]],[[[-77.251848309999957,4.0545458600000757],[-77.252256951999982,4.0559245970000575],[-77.252748726999982,4.0547886020000306],[-77.251848309999957,4.0545458600000757]]],[[[-77.231477806999976,4.0591840570000386],[-77.232582177999973,4.0604583630000661],[-77.234184063999976,4.0583770390000495],[-77.231477806999976,4.0591840570000386]]],[[[-77.25010113999997,4.0588633880000202],[-77.25204993899996,4.0610247570000411],[-77.249494509999977,4.0571066800000608],[-77.25010113999997,4.0588633880000202]]],[[[-77.239775358999964,4.0627249880000704],[-77.242123976999949,4.055696810000029],[-77.236800891999962,4.0583214760000601],[-77.239775358999964,4.0627249880000704]]],[[[-77.251786239999944,4.061700672000029],[-77.253588021999974,4.0623336470000595],[-77.254049198999951,4.0599282660000426],[-77.25716442099997,4.0540036610000243],[-77.253751070999954,4.0530644030000644],[-77.252559734999977,4.0612224000000765],[-77.251786239999944,4.061700672000029]]],[[[-77.249375825999948,4.0647518540000647],[-77.24980313399999,4.0626730140000404],[-77.246336963999966,4.062374663000071],[-77.249375825999948,4.0647518540000647]]],[[[-77.233912975999942,4.0648258490000444],[-77.235613439999952,4.0594422850000456],[-77.230791351999983,4.0622528870000565],[-77.233912975999942,4.0648258490000444]]],[[[-77.240056478999975,4.0668699100000367],[-77.241595371999949,4.0668993910000495],[-77.24149687299996,4.0655500790000474],[-77.240056478999975,4.0668699100000367]]],[[[-77.245823381999969,4.0695689870000251],[-77.249796028999981,4.0660153670000341],[-77.242024845999936,4.0649699940000232],[-77.245823381999969,4.0695689870000251]]],[[[-77.228208500999983,4.0740506230000619],[-77.23135817299999,4.071430294000038],[-77.230041237999956,4.0687037150000265],[-77.228208500999983,4.0740506230000619]]],[[[-77.237430061999987,4.0816897900000413],[-77.243505680999988,4.068128821000073],[-77.231303818999947,4.072284671000034],[-77.237430061999987,4.0816897900000413]]]]},"properties":{"OBJECTID":24,"depto_codigo":"76","depto_nombre":"VALLE DEL CAUCA","area_km2":20677.368570229999,"eventos_total":210,"magnitud_max":7.1981000000000002,"magnitud_media":4.3331795238095276,"profundidad_media":104.25809523809522,"evento_clase":"Media","Shape_Length":9.3586959181167408,"Shape_Area":1.6777280525821809}},{"type":"Feature","id":25,"geometry":{"type":"Polygon","coordinates":[[[-70.556334910999965,7.0793200260000617],[-70.687214316999984,7.1043806700000687],[-70.918955746999984,7.0525540590000446],[-71.022049309999943,6.9740280460000577],[-71.111670991999972,6.9899276410000653],[-71.129984997999941,7.03270638500004],[-71.586996476999957,7.016382702000044],[-71.587724407999985,7.0551968840000541],[-71.705010328999947,7.0325195730000587],[-71.746216113999935,7.0657327120000559],[-71.94885388199998,7.0113230870000507],[-72.05060356499996,6.7688958490000459],[-72.100122388999978,6.7471937370000319],[-72.130895136999982,6.5205889060000572],[-72.235082613999964,6.4219612370000618],[-72.26787216699995,6.4415794200000391],[-72.338539337999975,6.3455518990000428],[-72.343878796999945,6.2260320780000598],[-72.286616336999941,6.1998945990000607],[-72.262667241999964,6.1232473650000543],[-72.139678758999935,6.0666837000000555],[-71.954713978999962,6.1689890030000356],[-71.671487251999963,6.1903666010000507],[-71.637588171999937,6.2286986350000575],[-71.487169553999934,6.2014257670000461],[-71.439661157999979,6.2149177610000379],[-71.448706577999985,6.2457972570000493],[-71.348604308999938,6.2291701360000502],[-71.220548258999941,6.2983073410000543],[-70.985162126999967,6.2288326200000483],[-70.797168572999965,6.2534889000000362],[-70.725781673999961,6.216413651000039],[-70.530547450999961,6.230093006000061],[-70.367105919999972,6.3027285170000482],[-70.154563481999958,6.2971627440000475],[-70.040093062999972,6.1846349420000593],[-70.057998505999933,6.1586988190000511],[-69.985484432999954,6.1644690130000299],[-69.835909921999985,6.041260879000049],[-69.541548567999939,6.0436533900000313],[-69.428848740999968,6.1090790820000507],[-70.117802005999977,6.9794123200000513],[-70.322387551999952,6.9345679460000724],[-70.431106652999972,7.00728427100006],[-70.502337367999985,7.0056679110000459],[-70.556334910999965,7.0793200260000617]]]},"properties":{"OBJECTID":25,"depto_codigo":"81","depto_nombre":"ARAUCA","area_km2":23773.128708929999,"eventos_total":49,"magnitud_max":6.0137,"magnitud_media":4.4113877551020417,"profundidad_media":33.904081632653067,"evento_clase":"Baja","Shape_Length":7.3877635066143261,"Shape_Area":1.9404297828143835}},{"type":"Feature","id":26,"geometry":{"type":"Polygon","coordinates":[[[-72.343878796999945,6.2260320780000598],[-72.338539337999975,6.3455518990000428],[-72.418946395999967,6.1866868890000433],[-72.36663860699997,6.0768348290000631],[-72.321204092999949,6.0882043220000241],[-72.365505679999956,6.0367034180000587],[-72.327662734999933,5.9017147050000744],[-72.415549557999952,5.9040113590000374],[-72.462984609999978,5.8479684810000663],[-72.307595744999958,5.7927985890000286],[-72.221904474999974,5.6725814550000564],[-72.272138092999967,5.6622160450000365],[-72.300896106999971,5.5059723690000624],[-72.420904495999935,5.5632379500000297],[-72.579750460999946,5.3503341910000586],[-72.700566651999964,5.2732784470000524],[-72.798322193999979,5.3801428630000601],[-72.88271031499994,5.3632279450000624],[-72.896207021999942,5.2620837110000593],[-72.973890668999957,5.1503644050000617],[-72.903821233999963,5.0679319750000218],[-72.975283643999944,4.9747581550000746],[-73.030513017999965,4.9823056180000549],[-73.077719152999975,4.8107419890000642],[-73.052556954999943,4.7363248040000485],[-72.937926985999979,4.5227407930000254],[-72.692422083999986,4.2875721930000736],[-72.675865933999944,4.3173834180000199],[-72.573445790999983,4.3021405070000469],[-72.547837454999978,4.3546750840000641],[-72.466818265999962,4.3173753780000652],[-72.427948127999969,4.3537052090000543],[-72.405035849999933,4.3178597410000634],[-72.243397907999963,4.4345631750000507],[-71.990295799999956,4.3835383490000481],[-71.806749939999975,4.5835476510000603],[-71.732387149999965,4.5753059040000608],[-71.077931044999957,4.8991013340000222],[-70.949873110999988,5.1177140300000588],[-70.695392516999959,5.2818005770000696],[-70.68003123699998,5.36100607700007],[-70.603217838999967,5.4237400600000569],[-70.360522926999977,5.5870249120000608],[-70.263827413999934,5.5635749590000501],[-70.114948696999988,5.6314510770000652],[-69.835909921999985,6.041260879000049],[-69.985484432999954,6.1644690130000299],[-70.057998505999933,6.1586988190000511],[-70.040093062999972,6.1846349420000593],[-70.154563481999958,6.2971627440000475],[-70.367105919999972,6.3027285170000482],[-70.530547450999961,6.230093006000061],[-70.725781673999961,6.216413651000039],[-70.797168572999965,6.2534889000000362],[-70.985162126999967,6.2288326200000483],[-71.220548258999941,6.2983073410000543],[-71.348604308999938,6.2291701360000502],[-71.448706577999985,6.2457972570000493],[-71.439661157999979,6.2149177610000379],[-71.487169553999934,6.2014257670000461],[-71.637588171999937,6.2286986350000575],[-71.671487251999963,6.1903666010000507],[-71.954713978999962,6.1689890030000356],[-72.139678758999935,6.0666837000000555],[-72.262667241999964,6.1232473650000543],[-72.286616336999941,6.1998945990000607],[-72.343878796999945,6.2260320780000598]]]},"properties":{"OBJECTID":26,"depto_codigo":"85","depto_nombre":"CASANARE","area_km2":44267.009710719998,"eventos_total":73,"magnitud_max":5.3399999999999999,"magnitud_media":4.180453424657534,"profundidad_media":34.486301369863014,"evento_clase":"Baja","Shape_Length":10.059805542801303,"Shape_Area":3.6128206704658936}},{"type":"Feature","id":27,"geometry":{"type":"Polygon","coordinates":[[[-76.645741981999947,1.4554046120000521],[-76.920582188999958,1.3455953730000374],[-76.936069528999951,1.2746163530000558],[-76.979412707999984,1.2866880150000384],[-76.979613774999962,1.2242662540000424],[-77.100064309999937,1.1540010480000547],[-77.028066888999945,0.99493126900006246],[-77.121209005999958,0.89316232900006298],[-77.102072181999972,0.83364875900002744],[-77.139154184999938,0.82151024200004485],[-77.186805731999982,0.63095406200005755],[-77.117359457999953,0.59136134000004859],[-77.112695532999965,0.3726744830000257],[-77.078134420999959,0.28593543300002011],[-76.844210402999977,0.23912612300006231],[-76.758621190999975,0.24697834400006968],[-76.732708859999946,0.28859511700005669],[-76.587117969999952,0.21906583900005216],[-76.535391642999969,0.25891944700003933],[-76.412259726999935,0.24162375300005579],[-76.412352728999963,0.38128309600006105],[-76.274088586999937,0.43507008100004896],[-76.225778242999979,0.37286637100004327],[-76.13322489899997,0.37015082100003838],[-76.113467397999955,0.31343965700006038],[-76.010527122999974,0.29883471400006556],[-76.004808258999958,0.24716232300005458],[-75.807029038999985,0.046848087000057603],[-75.63534326499996,0.046688562000042566],[-75.576727663999975,-0.028156206999938149],[-75.275930199999948,-0.12738910199993825],[-75.170230354999944,-0.044996426999944106],[-74.885376267999959,-0.24556776299993999],[-74.787315253999964,-0.20102258799994388],[-74.726572549999958,-0.34892639199995301],[-74.609927182999968,-0.3532102079999504],[-74.530683802999988,-0.46957664099994645],[-74.427042476999986,-0.49962479299995266],[-74.425035462999972,-0.55860536499994851],[-74.389132736999954,-0.55368358999993461],[-73.841317932999971,-0.39797757899992803],[-74.00723131999996,-0.34058314199995721],[-74.111568960999989,-0.23507611699994868],[-74.168464918999973,-0.26652597299994341],[-74.200307984999938,-0.20977886099996113],[-74.240452024999968,-0.23469541199995092],[-74.289423933999956,-0.20035814599992818],[-74.266785991999939,-0.14254821599996603],[-74.341865997999946,-0.1096543459999566],[-74.446274190999986,-0.13959590199993954],[-74.423359489999939,-0.097954902999958904],[-74.454371893999962,-0.070759151999936876],[-74.497156421999989,-0.13737966199994389],[-74.51896252399996,-0.088610213999970711],[-74.532318719999978,-0.12568054999997003],[-74.631768068999975,-0.088456816999951116],[-74.631364896999969,-0.044054763999952229],[-74.677344409999989,-0.060500077999961377],[-74.656370589999938,-0.011572679999972024],[-74.70457343399994,0.041480283000055351],[-74.656164947999969,0.073307408000061969],[-74.713509433999945,0.095274861000063993],[-74.675520722999977,0.099246585000059895],[-74.680234811999981,0.16497137400006068],[-75.003888042999961,0.27320301900005006],[-74.986197097999934,0.4185072500000615],[-75.033861361999982,0.48426237700005004],[-75.105859067999972,0.47376099600006683],[-75.101177505999942,0.51193994400006204],[-75.217670482999949,0.48745840400005136],[-75.207258042999968,0.60147059100006572],[-75.276166843999988,0.66741686200003869],[-75.265601467999943,0.72563764600005243],[-75.339806614999986,0.76923491300004798],[-75.409048399999961,0.73778412700005447],[-75.508044281999958,0.76816422100006321],[-75.636356938999938,0.87673839100006035],[-75.762279796999962,0.83776203700006135],[-75.945694267999954,0.98092269100004614],[-75.925184301999934,1.0342575500000635],[-75.994205761999979,1.0725865170000475],[-75.994012235999946,1.0272294070000498],[-76.08495151599999,1.0575518800000623],[-76.080442575999939,1.0211867540000412],[-76.183701405999955,1.0261276380000481],[-76.234425831999943,0.96486236400005509],[-76.426354321999952,0.96057305500005441],[-76.568119722999938,1.0825728570000592],[-76.537406392999969,1.2103396490000478],[-76.586016486999938,1.3006315950000271],[-76.574019045999989,1.3857579430000442],[-76.645741981999947,1.4554046120000521]]]},"properties":{"OBJECTID":27,"depto_codigo":"86","depto_nombre":"PUTUMAYO","area_km2":25974.524967950001,"eventos_total":6,"magnitud_max":6.7000000000000002,"magnitud_media":4.5546666666666669,"profundidad_media":27.816666666666663,"evento_clase":"Baja","Shape_Length":10.447597609783635,"Shape_Area":2.1053873259713027}},{"type":"Feature","id":28,"geometry":{"type":"MultiPolygon","coordinates":[[[[-81.704196390999982,12.59480800700004],[-81.730081363999943,12.480296347000035],[-81.687060662999954,12.580910839000069],[-81.704196390999982,12.59480800700004]]],[[[-81.688426626999956,12.549566262000042],[-81.688120989999959,12.550569250000024],[-81.689225059999956,12.551035624000065],[-81.688426626999956,12.549566262000042]]],[[[-81.68874188999996,12.552664413000059],[-81.688735915999985,12.552928239000039],[-81.688938292999978,12.553097655000045],[-81.68874188999996,12.552664413000059]]],[[[-81.68948478599998,12.599219198000071],[-81.689837199999943,12.601052896000056],[-81.690705908999973,12.599285386000076],[-81.68948478599998,12.599219198000071]]],[[[-81.364337887999966,13.385610347000068],[-81.389166663999958,13.320763537000062],[-81.349717480999971,13.356871195000053],[-81.364337887999966,13.385610347000068]]],[[[-81.370774825999945,13.394496328000059],[-81.379691377999961,13.391458199000056],[-81.376743555999951,13.381498329000067],[-81.370774825999945,13.394496328000059]]]]},"properties":{"OBJECTID":28,"depto_codigo":"88","depto_nombre":"ARCHIPIÉLAGO DE SAN ANDRÉS, PROVIDENCIA Y SANTA CATALINA","area_km2":49.58858438,"eventos_total":0,"magnitud_max":null,"magnitud_media":null,"profundidad_media":null,"evento_clase":"Sin eventos asignados","Shape_Length":0.44814271402910882,"Shape_Area":0.002042448460675915}},{"type":"Feature","id":29,"geometry":{"type":"Polygon","coordinates":[[[-71.13397983699997,0.0041698370000631257],[-71.184313533999955,0.097054710000065825],[-71.253845903999945,0.059518811000032201],[-71.453751901999965,-0.012226562999956059],[-71.577219759999934,0.015743614000029993],[-71.704826313999945,-0.067293848999952388],[-71.736458009999978,-0.15453441599993312],[-71.711326069999984,-0.23437788199993292],[-71.830867813999987,-0.2763044169999489],[-72.041849574999958,-0.26916761599994743],[-72.062722244999975,-0.32470382699995071],[-72.153444339999965,-0.35532606299994995],[-72.249072643999966,-0.61372071799996775],[-72.318313456999988,-0.65174473199994054],[-72.424969998999984,-0.5622897959999591],[-72.556372203999956,-0.70584004399995592],[-72.749728811999944,-0.55499562599993624],[-72.91727826999994,-0.61550951799995346],[-73.026370287999953,-0.52686918899996726],[-73.074792014999957,-0.62128879999994524],[-73.202984210999944,-0.6264768029999459],[-73.331876292999937,-0.50610045199994147],[-73.488746538999976,-0.52814576599996599],[-73.53613715299997,-0.48750991799994381],[-73.564129483999977,-0.5178214919999391],[-73.584649313999989,-0.44911619299995209],[-73.651398225999969,-0.45716883999995162],[-73.639259264999964,-0.41886027799995418],[-73.71316587299998,-0.38285720899995113],[-73.841317932999971,-0.39797757899992803],[-74.389132736999954,-0.55368358999993461],[-74.341852940999956,-0.69387185599993018],[-74.375712078999982,-0.73502074299995002],[-74.254648962999966,-0.8219536839999364],[-74.271400624999956,-0.8791238009999347],[-74.321799042999942,-0.87927193299992723],[-74.275647504999938,-0.90961278299994319],[-74.274297143999945,-0.97985978299993803],[-74.086516189999941,-1.054374419999931],[-74.024167081999963,-1.0063850179999463],[-74.011965702999987,-1.0979300919999559],[-73.906571679999956,-1.1265899519999607],[-73.864014255999962,-1.2293862809999609],[-73.769278394999958,-1.2627463229999307],[-73.745043201999977,-1.2008478179999429],[-73.728595946999974,-1.25362974199993],[-73.619903723999983,-1.2650002139999401],[-73.552281818999973,-1.4024173349999387],[-73.587278924999964,-1.4240323189999344],[-73.490045646999988,-1.4855927859999269],[-73.499852329999953,-1.5625320189999456],[-73.457738527999936,-1.5710859749999599],[-73.540938517999962,-1.6990575439999702],[-73.438285923999956,-1.7856557549999366],[-73.304043412999988,-1.8293503579999424],[-73.285891739999954,-1.7809397619999459],[-73.231039009999961,-1.8020258459999354],[-73.219112886999937,-1.7498904649999645],[-73.146843762999936,-1.8051071299999535],[-73.154607488999943,-1.860078787999953],[-73.108759075999956,-1.8837660419999338],[-73.114258166999946,-2.074250994999943],[-73.068896936999977,-2.0882883749999337],[-73.172754463999979,-2.2206259179999392],[-73.122555253999963,-2.3274178289999554],[-73.057042743999943,-2.3660007889999406],[-73.039377624999986,-2.3277818839999327],[-72.975931676999949,-2.3446855769999502],[-72.933533053999952,-2.4576899479999383],[-72.774916793999978,-2.3941498129999559],[-72.751181670999983,-2.4293658349999419],[-72.702402719999952,-2.398313868999935],[-72.682361709999952,-2.4533745969999359],[-72.631143811999948,-2.3596833189999415],[-72.518326957999989,-2.4271148539999672],[-72.408647684999949,-2.4159789779999414],[-72.373455456999977,-2.4925024419999318],[-72.251329620999968,-2.4317785969999477],[-72.156563182999946,-2.4811285769999358],[-72.048816106999936,-2.3388133839999341],[-71.919721177999975,-2.3805603819999419],[-71.926125581999941,-2.3154347499999517],[-71.881164335999983,-2.3123865689999548],[-71.832882284999982,-2.1959611359999371],[-71.74154852199996,-2.1463474709999559],[-71.729223644999934,-2.2276596889999496],[-71.650467634999984,-2.2031319189999294],[-71.518427953999947,-2.2524043409999308],[-71.499408484999947,-2.355533578999939],[-71.456591020999952,-2.2785072349999496],[-71.395134432999953,-2.4114032909999423],[-71.296628143999953,-2.3473792359999379],[-71.284409762999985,-2.3887156449999338],[-71.227981548999935,-2.348327013999949],[-71.172199574999979,-2.3811316009999359],[-71.125633757999935,-2.2859800269999369],[-70.99427376999995,-2.3087128559999428],[-71.002482853999936,-2.2117119609999349],[-70.93711856799996,-2.2570956399999318],[-70.879464270999961,-2.2232856689999494],[-70.838798058999942,-2.2923787889999403],[-70.663708361999966,-2.3597033339999598],[-70.683028032999971,-2.4041542369999434],[-70.628273731999968,-2.3989511029999449],[-70.628202791999968,-2.4800788749999469],[-70.559042674999944,-2.478772299999946],[-70.565171780999947,-2.419795431999944],[-70.512956135999957,-2.4771273319999523],[-70.470123636999972,-2.4561836419999281],[-70.433219191999967,-2.5292894309999383],[-70.302159933999974,-2.5046633209999527],[-70.358385657999975,-2.567092099999968],[-70.244570422999971,-2.5582485639999391],[-70.219442513999979,-2.656293638999955],[-70.165437344999987,-2.6429695679999554],[-70.162379425999973,-2.7135574829999314],[-70.076609674999986,-2.662955128999954],[-70.073525272999973,-2.7909036949999404],[-70.713247304999982,-3.7954629159999627],[-70.620757382999955,-3.8398923949999357],[-70.573217029999967,-3.8186323259999426],[-70.520034285999941,-3.8803547049999452],[-70.354447667999978,-3.800233766999952],[-70.288101650999977,-3.8205942599999503],[-70.183219486999974,-3.9286273659999438],[-70.16744818899997,-4.0515054589999409],[-70.064934126999958,-4.0809095649999563],[-69.949837682999942,-4.2294064659999435],[-69.456237848999933,-1.4886518749999595],[-69.397476925999968,-1.3609015129999307],[-69.429949864999969,-1.2184280559999365],[-69.395496193999975,-1.1220023539999602],[-69.43297404499998,-1.0694909349999762],[-69.469887741999969,-1.0897421069999496],[-69.481491755999969,-1.2137513349999267],[-69.592539144999932,-1.1458357539999611],[-69.658910529999957,-1.2276641009999594],[-69.681033609999986,-1.1224988509999321],[-69.649362166999936,-1.1168039199999384],[-69.70512692899996,-1.047435600999961],[-69.772815477999984,-1.0370416439999417],[-69.757097277999947,-1.0988668809999353],[-69.83980949499994,-1.0284706429999346],[-69.955054333999954,-1.0961436379999441],[-69.954243361999943,-0.99560283599993227],[-69.90198290099994,-0.97192690799994352],[-69.941412707999973,-0.9465886799999339],[-69.998921871999983,-0.97604116699994847],[-70.017132878999973,-0.93693392599993786],[-70.030796414999941,-0.97874531199994408],[-70.07895382199996,-0.94689596499995332],[-70.122282216999963,-0.97237612099996795],[-70.135605758999986,-1.0146774559999585],[-70.079141622999941,-1.0378775899999368],[-70.168200473999946,-1.1131994939999572],[-70.227598695999973,-1.0496736169999394],[-70.197468467999954,-0.98506502899994075],[-70.253178501999969,-1.0207784249999463],[-70.307122944999946,-0.9646037149999529],[-70.22125288899997,-0.88634563499994101],[-70.297126977999937,-0.79131932599995025],[-70.248799399999939,-0.73939832199994271],[-70.256134326999984,-0.60285579799995048],[-70.325233681999975,-0.56134252399994011],[-70.244511484999975,-0.4698514029999501],[-70.20257212599995,-0.47384355199994843],[-70.211596466999936,-0.44011967099993399],[-70.288333827999963,-0.41293493499995293],[-70.365065781999988,-0.45396075199994357],[-70.321248209999965,-0.46982327499995336],[-70.334614794999936,-0.49927561799995601],[-70.399623062999979,-0.462851503999957],[-70.45735353699996,-0.49548012099995731],[-70.452594586999965,-0.43968810399996983],[-70.519303038999965,-0.35765387199995757],[-70.579514920999941,-0.39199276399995142],[-70.630376300999956,-0.3199059449999595],[-70.677988223999932,-0.35211679699995102],[-70.736696325999958,-0.28671341099993697],[-70.826187077999975,-0.36571984499994414],[-70.944735041999934,-0.15947464999993599],[-70.892141367999955,-0.11305910399994445],[-70.968896092999955,-0.0093063859999347187],[-71.031088866999937,-0.04744409999995014],[-71.039511506999986,-0.0045223279999504484],[-71.13397983699997,0.0041698370000631257]]]},"properties":{"OBJECTID":29,"depto_codigo":"91","depto_nombre":"AMAZONAS","area_km2":109174.8285489,"eventos_total":2,"magnitud_max":8,"magnitud_media":7.0999999999999996,"profundidad_media":339.55000000000001,"evento_clase":"Baja","Shape_Length":22.275684431021666,"Shape_Area":8.8332465669128055}},{"type":"Feature","id":30,"geometry":{"type":"Polygon","coordinates":[[[-67.634426561999987,3.7855500100000654],[-67.707601587999989,4.0450258310000322],[-67.913570852999953,3.9094380390000651],[-68.034532514999967,4.0113554870000598],[-68.078978855999935,3.9351515760000666],[-68.078359990999957,3.9805351610000343],[-68.132796535999944,3.9465123200000676],[-68.130528345999949,4.0009488650000549],[-68.205020463999972,3.9974868910000509],[-68.20657238299998,3.9567788600000426],[-68.344573802999946,3.9931892710000625],[-68.34672261299994,3.9240691800000604],[-68.436614541999973,3.9149964220000584],[-68.394712725999966,3.8507708500000604],[-68.446761705999961,3.8844355560000281],[-68.509891370999981,3.7791053070000657],[-68.569300752999936,3.8179673500000604],[-68.550615469999968,3.7639835880000305],[-68.672040442999958,3.8120013500000596],[-68.650838674999989,3.7617101120000598],[-68.754301310999949,3.7831175170000506],[-68.794811206999952,3.7222526370000537],[-68.852116821999971,3.7386996070000578],[-68.834993828999984,3.6701014390000637],[-68.864220380999939,3.7063326050000569],[-68.925839777999954,3.6869251960000611],[-68.937621821999983,3.7423593080000614],[-68.942317773999946,3.6824593650000566],[-68.995819320999942,3.6918541430000573],[-69.055942439999967,3.6386558510000668],[-69.121111332999988,3.6760448750000592],[-69.186692435999987,3.6339161940000508],[-69.168091668999978,3.6719032080000602],[-69.20804493199995,3.7019823870000437],[-69.234962509999946,3.6740114460000655],[-69.279677535999951,3.7262945260000606],[-69.29198258699995,3.644787372000053],[-69.303505518999941,3.7172564690000627],[-69.407709201999978,3.6600048500000639],[-69.454748431999974,3.7089883040000586],[-69.492879345999938,3.6507650780000631],[-69.589031940999973,3.6833332810000456],[-69.592601882999986,3.5677363030000606],[-69.66314390499997,3.5853754400000639],[-69.700637240999981,3.5399094850000665],[-69.739918940999985,3.5909308660000647],[-69.713731217999964,3.5493752840000639],[-69.777342611999984,3.564573575000054],[-69.801922575999981,3.5078621870000575],[-69.843891470999949,3.5489666080000575],[-69.817209188999982,3.4770482490000632],[-69.893555799999945,3.5368546730000503],[-69.871734519999961,3.4393536810000569],[-69.960279623999952,3.4569205500000635],[-69.943545590999975,3.3947519870000633],[-70.126611956999966,3.4008055580000587],[-70.172949266999979,3.3490014870000664],[-70.108774229999938,3.2937091490000512],[-70.157850591999988,3.2815780990000576],[-70.12912825799998,3.2000353010000708],[-70.17435609599994,3.2358076000000437],[-70.164480692999973,3.1812873920000584],[-70.217858819999947,3.2059774600000424],[-70.206527291999976,3.1730900930000416],[-70.244398862999958,3.1791854150000631],[-70.321562068999981,3.0832213900000625],[-70.255332252999949,3.0423587290000569],[-70.304032406999966,3.0320084530000599],[-70.279084047999959,2.9352662530000657],[-70.501152632999947,2.7879873890000226],[-70.942492379999976,2.6066561340000476],[-70.930046601999948,2.573225725000043],[-70.754055028999971,2.5369895020000399],[-70.629998541999953,2.3129330520000622],[-70.511016125999959,2.2827932350000424],[-70.496814011999959,2.2337418340000568],[-70.39896207399994,2.2677800440000624],[-70.312231475999965,2.2082608540000592],[-70.305487957999958,2.2529207980000479],[-70.19442980599996,2.2297663580000631],[-70.046264765999979,2.2938285930000575],[-69.996176015999936,2.204796520000059],[-70.11859728099995,2.111368513000059],[-70.109603539999966,2.0800502130000496],[-70.175564914999939,1.8700915280000459],[-70.046497014999943,1.7722000540000522],[-69.845719110999937,1.7139210540000249],[-69.653898578999986,1.7181105050000269],[-69.534533367999984,1.7770453240000279],[-69.393270933999986,1.7267480560000763],[-68.163292129999945,1.727788333000035],[-68.192148955999983,1.7799840190000396],[-68.239789705999954,1.7711337360000243],[-68.226637606999986,1.8293157400000268],[-68.285254950999956,1.8296747330000471],[-68.199022580999952,2.0386551090000467],[-68.030980261999957,1.8110075830000483],[-67.995635620999963,1.8457551910000234],[-67.907709173999933,1.8047879340000463],[-67.921705371999963,1.89271040400007],[-67.871170181999958,1.9007705350000492],[-67.775497736999966,2.034927122000056],[-67.658350772999938,1.9904656650000447],[-67.60166221299994,2.0437698970000611],[-67.573919112999988,2.1623178830000711],[-67.450376080999945,2.1687865400000419],[-67.394569910999962,2.2326954200000273],[-67.32725679899994,2.1548661800000559],[-67.35835917199995,2.041567490000034],[-67.303114674999961,1.9006304010000576],[-67.220226347999983,1.9179076870000245],[-67.12755754899996,1.7767779860000701],[-67.143143475999977,1.604233157000067],[-67.100837054999943,1.5817317400000661],[-67.074853189999942,1.3700723760000528],[-67.156149685999935,1.3171680970000352],[-67.100610866999943,1.2596996420000437],[-67.092990078999946,1.1708637030000659],[-66.850552740999944,1.2235971080000354],[-66.881212079999955,1.2865973140000619],[-66.852004318999946,1.3561791170000674],[-66.911194581999951,1.4234817570000473],[-66.962433080999972,1.6685874760000274],[-67.122995785999933,1.9768858810000438],[-67.108021849999943,2.1193043370000737],[-67.161579056999983,2.132835812000053],[-67.22197112799995,2.2542470560000538],[-67.187902269999938,2.3503102170000716],[-67.485224860999949,2.6658044820000555],[-67.561896087999969,2.6557852840000464],[-67.614386400999933,2.8115499740000587],[-67.750422648999972,2.8375437510000552],[-67.864110735999986,2.7894721430000686],[-67.862829441999963,2.8648656880000658],[-67.434852689999957,3.2484720150000612],[-67.381178463999959,3.2484174140000732],[-67.310784633999958,3.3778933660000234],[-67.339150384999982,3.4510222030000364],[-67.401468136999938,3.4799966360000667],[-67.501285934999942,3.7674487950000639],[-67.606820327999969,3.7521198860000595],[-67.634426561999987,3.7855500100000654]]]},"properties":{"OBJECTID":30,"depto_codigo":"94","depto_nombre":"GUAINÍA","area_km2":70953.422260609994,"eventos_total":0,"magnitud_max":null,"magnitud_media":null,"profundidad_media":null,"evento_clase":"Sin eventos asignados","Shape_Length":16.957980276727508,"Shape_Area":5.7497927666055944}},{"type":"Feature","id":31,"geometry":{"type":"Polygon","coordinates":[[[-71.283681102999935,2.8678208010000503],[-71.324742339999943,2.9245276560000661],[-71.390722607999976,2.8440266860000634],[-71.463380828999959,2.8992776860000617],[-71.470298215999946,2.853095306000057],[-71.583249064999961,2.8722861660000376],[-71.575166301999957,2.8442682150000564],[-71.652212598999938,2.8201860940000643],[-71.662005315999977,2.8727345080000646],[-71.697066737999933,2.8381102600000645],[-71.761856049999949,2.8973037340000474],[-71.780042522999963,2.8178253480000421],[-71.820612348999987,2.8791172630000688],[-71.850864847999958,2.8715978550000614],[-71.827910073999988,2.837469388000045],[-71.981918026999949,2.8011873950000563],[-72.082128510999951,2.8258543970000574],[-72.134854476999976,2.8890374810000594],[-72.202707247999967,2.8640465350000568],[-72.192860906999954,2.7723492220000594],[-72.259486852999942,2.8247043230000486],[-72.279952869999988,2.7757819080000559],[-72.335505231999946,2.7967468530000588],[-72.406650125999988,2.7260013700000627],[-72.47059164999996,2.7338294000000474],[-72.472208814999988,2.6893455070000414],[-72.53630940499994,2.7027197890000707],[-72.586413981999954,2.5836681390000535],[-72.620873704999951,2.6273586270000351],[-72.652959776999978,2.571539949000055],[-72.679422708999937,2.622178103000067],[-72.739666284999942,2.5699089400000616],[-72.818212665999965,2.6139726930000506],[-72.920320158999971,2.5624587420000466],[-72.958342616999971,2.5085147860000347],[-72.934800594999956,2.4641432490000739],[-73.110553188999972,2.3809992030000444],[-73.127784591999955,2.4109807430000387],[-73.163501742999983,2.3653898440000489],[-73.216523086999985,2.4054680790000589],[-73.26787343899997,2.3808665410000458],[-73.242474686999969,2.3473322520000579],[-73.330410519999987,2.360356222000064],[-73.356706848999977,2.3240950450000355],[-73.356909311999971,2.3685038330000339],[-73.378970407999986,2.3249561230000495],[-73.412162295999963,2.3569685940000227],[-73.43677162399996,2.3265441040000496],[-73.442308228999934,2.3862670300000559],[-73.450301492999984,2.3397270750000416],[-73.512283727999943,2.3329437090000624],[-73.528033862999962,2.3875601900000447],[-73.571966043999964,2.3549194300000522],[-73.617574345999969,2.3772666740000545],[-73.656931529999952,2.2944709470000362],[-73.656668332999971,1.6177319440000701],[-73.547647113999972,1.4061615150000648],[-73.428253637999944,1.2959424970000555],[-73.397498690999953,1.1530911690000494],[-73.17857046599994,1.0001622000000339],[-73.144115746999944,0.91967756300005021],[-73.009728218999953,0.9105446790000542],[-72.932498376999945,1.0151518680000322],[-72.867189418999942,1.0244616440000414],[-72.859249761999934,1.1647757760000559],[-72.771281160999933,1.18227113100005],[-72.749605191999933,1.1288365300000578],[-72.725856479999948,1.1861004350000712],[-72.662198690999958,1.1507935500000599],[-72.649902760999964,1.1818144240000379],[-72.510916667999936,1.0680111620000616],[-72.455681888999948,1.0798636660000511],[-72.377022357999977,0.9602067930000544],[-72.391600032999975,0.91909027300005164],[-72.339924040999961,0.92665944800006628],[-72.328803889999961,0.84078198400004567],[-72.288528386999985,0.8732079710000562],[-72.310114561999967,0.80929046600004995],[-72.269654449999962,0.7631051790000356],[-72.248695818999977,0.7885373740000432],[-72.220509603999972,0.70594328500004622],[-72.126700917999983,0.74012200400005668],[-72.070359301999986,0.69271099300004835],[-72.084280540999941,0.65777656500006287],[-72.033192222999958,0.66427752000004148],[-71.77409653899997,0.90605789600004982],[-71.740285480999944,0.98482423200005087],[-71.665564558999961,0.97292394200002263],[-71.585146933999965,1.0446941440000614],[-71.556227671999977,1.1554951050000568],[-71.485052911999958,1.1088231290000294],[-71.552519709999956,1.2769047100000535],[-71.39017999899994,1.5982000080000489],[-71.39817629099997,1.7337113960000465],[-71.258619375999956,1.6679716970000413],[-71.093371958999967,1.802059444000065],[-71.00011729199997,1.8151908840000601],[-70.879637151999987,1.9331600210000488],[-70.63614223999997,1.903290858000048],[-70.434712177999984,1.9997483550000652],[-70.181023902999982,2.0247567460000369],[-70.109603539999966,2.0800502130000496],[-70.11859728099995,2.111368513000059],[-69.996176015999936,2.204796520000059],[-70.046264765999979,2.2938285930000575],[-70.19442980599996,2.2297663580000631],[-70.305487957999958,2.2529207980000479],[-70.312231475999965,2.2082608540000592],[-70.39896207399994,2.2677800440000624],[-70.496814011999959,2.2337418340000568],[-70.511016125999959,2.2827932350000424],[-70.629998541999953,2.3129330520000622],[-70.754055028999971,2.5369895020000399],[-70.930046601999948,2.573225725000043],[-70.942492379999976,2.6066561340000476],[-70.501152632999947,2.7879873890000226],[-70.587332113999935,2.8405134560000533],[-70.620328688999962,2.7925546300000406],[-70.660054588999969,2.8574132460000214],[-70.640413140999954,2.8026399080000601],[-70.70916531499995,2.7371090260000415],[-70.724778726999944,2.7951550120000661],[-70.811343421999936,2.7600127180000413],[-70.822418028999948,2.8129683780000505],[-70.868672302999983,2.7762729680000575],[-70.857998239999972,2.8345820290000461],[-70.886807589999933,2.7931602910000493],[-70.93545157899996,2.8581605580000655],[-70.948037415999977,2.7858318300000633],[-70.953308065999977,2.8412798710000402],[-71.077525695999952,2.8822324120000644],[-71.183508528999937,2.9048407020000582],[-71.283681102999935,2.8678208010000503]]]},"properties":{"OBJECTID":31,"depto_codigo":"95","depto_nombre":"GUAVIARE","area_km2":55403.36358849,"eventos_total":13,"magnitud_max":6.2999999999999998,"magnitud_media":4.4270307692307691,"profundidad_media":18.892307692307693,"evento_clase":"Baja","Shape_Length":13.524016951663683,"Shape_Area":4.5018796296865649}},{"type":"Feature","id":32,"geometry":{"type":"Polygon","coordinates":[[[-70.109603539999966,2.0800502130000496],[-70.181023902999982,2.0247567460000369],[-70.434712177999984,1.9997483550000652],[-70.63614223999997,1.903290858000048],[-70.879637151999987,1.9331600210000488],[-71.00011729199997,1.8151908840000601],[-71.093371958999967,1.802059444000065],[-71.258619375999956,1.6679716970000413],[-71.39817629099997,1.7337113960000465],[-71.39017999899994,1.5982000080000489],[-71.552519709999956,1.2769047100000535],[-71.485052911999958,1.1088231290000294],[-71.556227671999977,1.1554951050000568],[-71.585146933999965,1.0446941440000614],[-71.665564558999961,0.97292394200002263],[-71.740285480999944,0.98482423200005087],[-71.77409653899997,0.90605789600004982],[-72.033192222999958,0.66427752000004148],[-71.981474240999944,0.63201441100005695],[-71.989762931999962,0.56301623100006282],[-71.92929087899995,0.55342574200005856],[-71.919369682999957,0.45100120200004312],[-71.858992116999957,0.45700116600005458],[-71.823417540999969,0.40574165000003859],[-71.853133885999966,0.3523561660000496],[-71.766961209999977,0.36960015000005342],[-71.789071304999936,0.33567910500005382],[-71.73724486499998,0.28569517500005759],[-71.705007247999959,0.31842239800005245],[-71.726303160999976,0.28097588800005724],[-71.624111359999972,0.21587327900004993],[-71.636148829999968,0.18297210900004757],[-71.56077185099997,0.21625191400005406],[-71.58994787499995,0.16625512200005232],[-71.531461062999938,0.16524440500006676],[-71.529709153999988,0.11989691200005836],[-71.473513299999979,0.18498707400004832],[-71.449593002999961,0.13903314900005626],[-71.399596211999949,0.18586302700003898],[-71.253845903999945,0.059518811000032201],[-71.184313533999955,0.097054710000065825],[-71.13397983699997,0.0041698370000631257],[-71.039511506999986,-0.0045223279999504484],[-71.031088866999937,-0.04744409999995014],[-70.968896092999955,-0.0093063859999347187],[-70.892141367999955,-0.11305910399994445],[-70.944735041999934,-0.15947464999993599],[-70.826187077999975,-0.36571984499994414],[-70.736696325999958,-0.28671341099993697],[-70.677988223999932,-0.35211679699995102],[-70.630376300999956,-0.3199059449999595],[-70.579514920999941,-0.39199276399995142],[-70.519303038999965,-0.35765387199995757],[-70.452594586999965,-0.43968810399996983],[-70.45735353699996,-0.49548012099995731],[-70.399623062999979,-0.462851503999957],[-70.334614794999936,-0.49927561799995601],[-70.321248209999965,-0.46982327499995336],[-70.365065781999988,-0.45396075199994357],[-70.288333827999963,-0.41293493499995293],[-70.211596466999936,-0.44011967099993399],[-70.20257212599995,-0.47384355199994843],[-70.244511484999975,-0.4698514029999501],[-70.325233681999975,-0.56134252399994011],[-70.256134326999984,-0.60285579799995048],[-70.248799399999939,-0.73939832199994271],[-70.297126977999937,-0.79131932599995025],[-70.22125288899997,-0.88634563499994101],[-70.307122944999946,-0.9646037149999529],[-70.253178501999969,-1.0207784249999463],[-70.197468467999954,-0.98506502899994075],[-70.227598695999973,-1.0496736169999394],[-70.168200473999946,-1.1131994939999572],[-70.079141622999941,-1.0378775899999368],[-70.135605758999986,-1.0146774559999585],[-70.122282216999963,-0.97237612099996795],[-70.07895382199996,-0.94689596499995332],[-70.030796414999941,-0.97874531199994408],[-70.017132878999973,-0.93693392599993786],[-69.998921871999983,-0.97604116699994847],[-69.941412707999973,-0.9465886799999339],[-69.90198290099994,-0.97192690799994352],[-69.954243361999943,-0.99560283599993227],[-69.955054333999954,-1.0961436379999441],[-69.83980949499994,-1.0284706429999346],[-69.757097277999947,-1.0988668809999353],[-69.772815477999984,-1.0370416439999417],[-69.70512692899996,-1.047435600999961],[-69.649362166999936,-1.1168039199999384],[-69.681033609999986,-1.1224988509999321],[-69.658910529999957,-1.2276641009999594],[-69.592539144999932,-1.1458357539999611],[-69.481491755999969,-1.2137513349999267],[-69.469887741999969,-1.0897421069999496],[-69.43297404499998,-1.0694909349999762],[-69.418627386999958,-0.99807319399997141],[-69.528261346999955,-0.92445860199995877],[-69.525672455999938,-0.86879741499996044],[-69.625595095999984,-0.74564584899997044],[-69.561992292999946,-0.63672099499996193],[-69.608488093999938,-0.50058671299996149],[-69.920730342999946,-0.32562498699996922],[-70.065163396999935,-0.16467247699995369],[-70.046476257999984,0.56318989500005046],[-69.802836471999967,0.5718677100000491],[-69.67107619899997,0.66789799700006824],[-69.606684480999945,0.61326308700006393],[-69.480779557999938,0.73558247900007245],[-69.35314985399998,0.61430691500004286],[-69.290988040999935,0.65035877400003983],[-69.294781674999967,0.60390605300005973],[-69.200120229999982,0.60666945400004124],[-69.183288936999986,0.654268610000031],[-69.120578247999958,0.63375324800006183],[-69.187795041999948,0.73298430300002337],[-69.136585040999933,0.8768401670000685],[-69.244193338999935,1.0562046860000578],[-69.320914808999987,1.0880854650000629],[-69.413161116999959,1.041242167000064],[-69.605248742999947,1.097857852000061],[-69.702073168999959,1.0758175090000464],[-69.703676492999989,1.118640024000058],[-69.84658651999996,1.0778346580000289],[-69.845719110999937,1.7139210540000249],[-70.046497014999943,1.7722000540000522],[-70.175564914999939,1.8700915280000459],[-70.109603539999966,2.0800502130000496]]]},"properties":{"OBJECTID":32,"depto_codigo":"97","depto_nombre":"VAUPÉS","area_km2":53109.337942780003,"eventos_total":1,"magnitud_max":4.5068000000000001,"magnitud_media":4.5068000000000001,"profundidad_media":43.700000000000003,"evento_clase":"Baja","Shape_Length":14.586873842982596,"Shape_Area":4.2994253442130663}},{"type":"Feature","id":33,"geometry":{"type":"Polygon","coordinates":[[[-67.546422819999975,6.2659563450000633],[-67.809992406999982,6.3243158180000592],[-68.027537993999943,6.1961091700000566],[-68.141853912999977,6.2286749850000547],[-68.306973035999988,6.1629895620000639],[-68.448567691999983,6.1877292800000419],[-68.644845009999983,6.129152470000065],[-69.046177540999963,6.2216982200000643],[-69.238608971999952,6.079534203000037],[-69.307266919999961,6.0889536780000526],[-69.344655215999978,6.1443792800000665],[-69.428848740999968,6.1090790820000507],[-69.541548567999939,6.0436533900000313],[-69.835909921999985,6.041260879000049],[-70.114948696999988,5.6314510770000652],[-70.263827413999934,5.5635749590000501],[-70.360522926999977,5.5870249120000608],[-70.603217838999967,5.4237400600000569],[-70.68003123699998,5.36100607700007],[-70.695392516999959,5.2818005770000696],[-70.949873110999988,5.1177140300000588],[-71.077931044999957,4.8991013340000222],[-71.077525695999952,2.8822324120000644],[-70.953308065999977,2.8412798710000402],[-70.948037415999977,2.7858318300000633],[-70.93545157899996,2.8581605580000655],[-70.886807589999933,2.7931602910000493],[-70.857998239999972,2.8345820290000461],[-70.868672302999983,2.7762729680000575],[-70.822418028999948,2.8129683780000505],[-70.811343421999936,2.7600127180000413],[-70.724778726999944,2.7951550120000661],[-70.70916531499995,2.7371090260000415],[-70.640413140999954,2.8026399080000601],[-70.660054588999969,2.8574132460000214],[-70.620328688999962,2.7925546300000406],[-70.587332113999935,2.8405134560000533],[-70.501152632999947,2.7879873890000226],[-70.279084047999959,2.9352662530000657],[-70.304032406999966,3.0320084530000599],[-70.255332252999949,3.0423587290000569],[-70.321562068999981,3.0832213900000625],[-70.244398862999958,3.1791854150000631],[-70.206527291999976,3.1730900930000416],[-70.217858819999947,3.2059774600000424],[-70.164480692999973,3.1812873920000584],[-70.17435609599994,3.2358076000000437],[-70.12912825799998,3.2000353010000708],[-70.157850591999988,3.2815780990000576],[-70.108774229999938,3.2937091490000512],[-70.172949266999979,3.3490014870000664],[-70.126611956999966,3.4008055580000587],[-69.943545590999975,3.3947519870000633],[-69.960279623999952,3.4569205500000635],[-69.871734519999961,3.4393536810000569],[-69.893555799999945,3.5368546730000503],[-69.817209188999982,3.4770482490000632],[-69.843891470999949,3.5489666080000575],[-69.801922575999981,3.5078621870000575],[-69.777342611999984,3.564573575000054],[-69.713731217999964,3.5493752840000639],[-69.739918940999985,3.5909308660000647],[-69.700637240999981,3.5399094850000665],[-69.66314390499997,3.5853754400000639],[-69.592601882999986,3.5677363030000606],[-69.589031940999973,3.6833332810000456],[-69.492879345999938,3.6507650780000631],[-69.454748431999974,3.7089883040000586],[-69.407709201999978,3.6600048500000639],[-69.303505518999941,3.7172564690000627],[-69.29198258699995,3.644787372000053],[-69.279677535999951,3.7262945260000606],[-69.234962509999946,3.6740114460000655],[-69.20804493199995,3.7019823870000437],[-69.168091668999978,3.6719032080000602],[-69.186692435999987,3.6339161940000508],[-69.121111332999988,3.6760448750000592],[-69.055942439999967,3.6386558510000668],[-68.995819320999942,3.6918541430000573],[-68.942317773999946,3.6824593650000566],[-68.937621821999983,3.7423593080000614],[-68.925839777999954,3.6869251960000611],[-68.864220380999939,3.7063326050000569],[-68.834993828999984,3.6701014390000637],[-68.852116821999971,3.7386996070000578],[-68.794811206999952,3.7222526370000537],[-68.754301310999949,3.7831175170000506],[-68.650838674999989,3.7617101120000598],[-68.672040442999958,3.8120013500000596],[-68.550615469999968,3.7639835880000305],[-68.569300752999936,3.8179673500000604],[-68.509891370999981,3.7791053070000657],[-68.446761705999961,3.8844355560000281],[-68.394712725999966,3.8507708500000604],[-68.436614541999973,3.9149964220000584],[-68.34672261299994,3.9240691800000604],[-68.344573802999946,3.9931892710000625],[-68.20657238299998,3.9567788600000426],[-68.205020463999972,3.9974868910000509],[-68.130528345999949,4.0009488650000549],[-68.132796535999944,3.9465123200000676],[-68.078359990999957,3.9805351610000343],[-68.078978855999935,3.9351515760000666],[-68.034532514999967,4.0113554870000598],[-67.913570852999953,3.9094380390000651],[-67.707601587999989,4.0450258310000322],[-67.798394598999948,4.2366245280000498],[-67.77318225199997,4.4189969230000656],[-67.857229701999984,4.524694279000073],[-67.805926638999949,5.054005089000043],[-67.854284926999981,5.13522497200006],[-67.824446018999936,5.1961369090000744],[-67.849510361999933,5.3039597100000719],[-67.624856159999979,5.4762032470000577],[-67.598885919999987,5.5440885030000686],[-67.637952070999972,5.6747360800000592],[-67.597359978999975,5.8277518360000613],[-67.410066560999951,5.9945599190000394],[-67.493560181999953,6.1280496870000434],[-67.458294390999981,6.1960900170000741],[-67.546422819999975,6.2659563450000633]]]},"properties":{"OBJECTID":33,"depto_codigo":"99","depto_nombre":"VICHADA","area_km2":99632.720750840002,"eventos_total":1,"magnitud_max":3.8544,"magnitud_media":3.8544,"profundidad_media":0,"evento_clase":"Baja","Shape_Length":15.464060583965399,"Shape_Area":8.1064458269972679}}]}