{"type":"FeatureCollection","features":[{"type":"Feature","id":1,"geometry":{"type":"LineString","coordinates":[[-76.06382354699997,2.5490713570000594],[-76.045370308999964,2.5376684450000653],[-76.060105718999978,2.5190008520000333],[-76.048656647999962,2.4996467900000425],[-76.055235783999933,2.4690767180000535],[-76.069971609999982,2.4565375610000615],[-76.062776531999987,2.4544881730000725],[-76.038769791999982,2.4698032460000263],[-76.016372699999977,2.5205779080000639],[-76.005741709999938,2.5265317240000513],[-75.997582493999971,2.5164747210000655],[-75.996935220999944,2.5320245010000235],[-75.976582937999979,2.550582266000049]]},"properties":{"OBJECTID":1,"administrador":1,"categoria":3,"codigo_tramo":"26CC07","nombre_ruta":"Alternas a la Transversal Huila - Cauca","nombre_tramo":"Por Defnir","ruta":"26","superficie":3,"territorial":8,"amenaza_cat":"Alta","longitud_km":42.606189411658356,"Shape_Length":0.27827377638541922}},{"type":"Feature","id":2,"geometry":{"type":"LineString","coordinates":[[-76.069314171999963,2.6256172230000629],[-76.066404260999946,2.6444003060000227],[-76.056584409999971,2.6287816200000407],[-76.04436644599997,2.6349443010000755]]},"properties":{"OBJECTID":2,"administrador":1,"categoria":3,"codigo_tramo":"26CC04","nombre_ruta":"Circuitos Ecoturisticos Huila - Cauca","nombre_tramo":"Por Defnir","ruta":"26","superficie":3,"territorial":8,"amenaza_cat":"Alta","longitud_km":7.259599790488509,"Shape_Length":0.05114054504436201}},{"type":"Feature","id":3,"geometry":{"type":"LineString","coordinates":[[-76.574318637999966,1.275056740000025],[-76.55043944099998,1.3241387700000473],[-76.516757693999978,1.361411381000039],[-76.508688932999974,1.405782701000021],[-76.492153300999973,1.4086258580000504],[-76.477992097999959,1.4292741590000446],[-76.445380583999963,1.4335587080000209],[-76.405890503999956,1.4953530420000334],[-76.384629860999951,1.4966164430000504]]},"properties":{"OBJECTID":3,"administrador":2,"categoria":1,"codigo_tramo":"4503","nombre_ruta":"Troncal del Magdalena","nombre_tramo":"Por Defnir","ruta":"45","superficie":3,"territorial":19,"amenaza_cat":"Alta","longitud_km":44.763474796828753,"Shape_Length":0.31925901566471404}},{"type":"Feature","id":4,"geometry":{"type":"LineString","coordinates":[[-76.647371975999988,1.1625658510000676],[-76.643394284999943,1.2081381340000235],[-76.605759765999949,1.2438666790000639],[-76.594856479999976,1.2699086630000238],[-76.574318637999966,1.275056740000025]]},"properties":{"OBJECTID":4,"administrador":2,"categoria":1,"codigo_tramo":"4503","nombre_ruta":"Troncal del Magdalena","nombre_tramo":"Por Defnir","ruta":"45","superficie":3,"territorial":19,"amenaza_cat":"Alta","longitud_km":18.830518818820753,"Shape_Length":0.14704416745741516}},{"type":"Feature","id":5,"geometry":{"type":"LineString","coordinates":[[-72.647739527999988,8.157648876000053],[-72.617258609999965,8.1601759760000618],[-72.570590455999934,8.1394716660000768],[-72.600116474999936,8.0683381150000741],[-72.593983745999935,8.0440855330000431],[-72.614407574999973,8.0085642680000433],[-72.599617425999952,7.9323428000000717]]},"properties":{"OBJECTID":5,"administrador":1,"categoria":1,"codigo_tramo":"7009","nombre_ruta":"Acceso a Cucuta y Venezuela","nombre_tramo":"Por Defnir","ruta":"70","superficie":3,"territorial":18,"amenaza_cat":"Alta","longitud_km":35.492320403966168,"Shape_Length":0.30229161062964072}},{"type":"Feature","id":6,"geometry":{"type":"MultiLineString","coordinates":[[[-72.793988700999989,8.1022276620000753],[-72.762615988999983,8.1301301890000559],[-72.647739527999988,8.157648876000053]],[[-72.794427840999958,8.1021343130000218],[-72.793988700999989,8.1022276620000753]],[[-72.794459981999978,8.102127481000025],[-72.794427840999958,8.1021343130000218]],[[-72.794743344999972,8.1020593130000407],[-72.794459981999978,8.102127481000025]],[[-72.80017010399996,8.0867701240000542],[-72.794743344999972,8.1020593130000407]]]},"properties":{"OBJECTID":6,"administrador":1,"categoria":1,"codigo_tramo":"7009","nombre_ruta":"Acceso a Cucuta y Venezuela","nombre_tramo":"Por Defnir","ruta":"70","superficie":3,"territorial":18,"amenaza_cat":"Alta","longitud_km":22.041223168388537,"Shape_Length":0.17710920477094372}},{"type":"Feature","id":7,"geometry":{"type":"LineString","coordinates":[[-74.976148835999936,4.0107955270000275],[-74.951129654999988,4.0235745350000229],[-74.961254856999972,4.0415904150000301]]},"properties":{"OBJECTID":7,"administrador":2,"categoria":1,"codigo_tramo":"45TLA","nombre_ruta":"Troncal del Magdalena","nombre_tramo":"Por Defnir","ruta":"45","superficie":3,"territorial":24,"amenaza_cat":"Alta","longitud_km":5.8047868220613532,"Shape_Length":0.048760011166332509}},{"type":"Feature","id":8,"geometry":{"type":"LineString","coordinates":[[-73.716142008999952,3.5289647590000754],[-73.709833351999976,3.5388738010000225]]},"properties":{"OBJECTID":8,"administrador":1,"categoria":2,"codigo_tramo":"65AMTC","nombre_ruta":"Alternas a la Troncal Villagarzon - Saravena","nombre_tramo":"Por Defnir","ruta":"65","superficie":3,"territorial":16,"amenaza_cat":"Alta","longitud_km":1.343457235735432,"Shape_Length":0.011746840702932467}},{"type":"Feature","id":9,"geometry":{"type":"LineString","coordinates":[[-73.715224041999988,3.5143576940000685],[-73.717170689999989,3.4895922550000478]]},"properties":{"OBJECTID":9,"administrador":1,"categoria":3,"codigo_tramo":"65AMTB","nombre_ruta":"Alternas a la Troncal Villagarzon - Saravena","nombre_tramo":"Por Defnir","ruta":"65","superficie":3,"territorial":16,"amenaza_cat":"Alta","longitud_km":2.8281346065398991,"Shape_Length":0.024841827776950164}},{"type":"Feature","id":10,"geometry":{"type":"MultiLineString","coordinates":[[[-75.549966161999976,2.48952378000007],[-75.549376162999977,2.490316670000027]],[[-75.549966161999976,2.48952378000007],[-75.549225089999936,2.489418947000047]],[[-75.567139499999939,2.463076673000046],[-75.557889043999978,2.4641322710000395],[-75.549966161999976,2.48952378000007]]]},"properties":{"OBJECTID":10,"administrador":1,"categoria":1,"codigo_tramo":"2402","nombre_ruta":"Transversal Huila - Cauca","nombre_tramo":"Por Defnir","ruta":"24","superficie":3,"territorial":14,"amenaza_cat":"Alta","longitud_km":4.5500562459001364,"Shape_Length":0.037646145574544168}},{"type":"Feature","id":11,"geometry":{"type":"MultiLineString","coordinates":[[[-75.88000582899997,2.3963031730000353],[-75.841768014999957,2.4470776950000754]],[[-75.887083794999967,2.3896175000000426],[-75.88000582899997,2.3963031730000353]],[[-75.887083794999967,2.3896175000000426],[-75.88000582899997,2.3963031730000353]],[[-75.887530076999951,2.3887336600000708],[-75.887083794999967,2.3896175000000426]],[[-76.132911845999956,2.2220794340000225],[-76.092042375999938,2.1948902890000568],[-76.031095581999978,2.2032910700000343],[-75.973053436999976,2.2537791030000562],[-75.968302209999933,2.2833800490000726],[-75.946036407999941,2.3070677340000429],[-75.935560641999984,2.3406209610000701],[-75.887530076999951,2.3887336600000708]]]},"properties":{"OBJECTID":11,"administrador":1,"categoria":1,"codigo_tramo":"2402","nombre_ruta":"Transversal Huila - Cauca","nombre_tramo":"Por Defnir","ruta":"24","superficie":3,"territorial":14,"amenaza_cat":"Alta","longitud_km":56.956694537514245,"Shape_Length":0.43718714757089161}},{"type":"Feature","id":12,"geometry":{"type":"MultiLineString","coordinates":[[[-75.815175845999988,2.4804006920000461],[-75.793635269999982,2.4730741390000617],[-75.789398124999934,2.4586980310000399],[-75.760643972999958,2.4594742840000663]],[[-75.824592086999985,2.4717955330000336],[-75.815175845999988,2.4804006920000461]],[[-75.841768014999957,2.4470776950000754],[-75.824592086999985,2.4717955330000336]]]},"properties":{"OBJECTID":12,"administrador":1,"categoria":1,"codigo_tramo":"2402","nombre_ruta":"Transversal Huila - Cauca","nombre_tramo":"Por Defnir","ruta":"24","superficie":3,"territorial":14,"amenaza_cat":"Alta","longitud_km":14.040523816867108,"Shape_Length":0.1093601421453507}},{"type":"Feature","id":13,"geometry":{"type":"MultiLineString","coordinates":[[[-75.709954178999965,2.4634363880000478],[-75.680474782999966,2.4664711680000551],[-75.616980391999959,2.4357341840000686],[-75.594776587999945,2.4581019720000654],[-75.567139499999939,2.463076673000046]],[[-75.753290213999946,2.4624417100000642],[-75.709954178999965,2.4634363880000478]],[[-75.760643972999958,2.4594742840000663],[-75.753290213999946,2.4624417100000642]]]},"properties":{"OBJECTID":13,"administrador":1,"categoria":1,"codigo_tramo":"2402","nombre_ruta":"Transversal Huila - Cauca","nombre_tramo":"Por Defnir","ruta":"24","superficie":3,"territorial":14,"amenaza_cat":"Alta","longitud_km":25.317055864257,"Shape_Length":0.21105377313529261}},{"type":"Feature","id":14,"geometry":{"type":"LineString","coordinates":[[-73.601013264999949,4.1087688140000296],[-73.496849103999978,4.0564264070000604],[-73.392364755999949,4.0645482370000536],[-73.338998438999965,4.101674967000065],[-73.271090458999936,4.097663447000059],[-73.210373348999951,4.0775065730000506]]},"properties":{"OBJECTID":14,"administrador":2,"categoria":1,"codigo_tramo":"4007","nombre_ruta":"Transversal Buenaventura - Villavicencio - Puerto Carreño","nombre_tramo":"Por Defnir","ruta":"40","superficie":3,"territorial":16,"amenaza_cat":"Alta","longitud_km":47.145753122093211,"Shape_Length":0.41838759021594024}},{"type":"Feature","id":15,"geometry":{"type":"LineString","coordinates":[[-75.437670778999973,2.6254976740000302],[-75.397504528999946,2.671494171000063],[-75.417846451999935,2.6840299440000308],[-75.41871456299998,2.713655091000021],[-75.437245217999987,2.7172623280000607]]},"properties":{"OBJECTID":15,"administrador":1,"categoria":2,"codigo_tramo":"45HL01","nombre_ruta":"Alternas a la Troncal del Magdalena","nombre_tramo":"Por Defnir","ruta":"45","superficie":3,"territorial":14,"amenaza_cat":"Alta","longitud_km":16.444369188185998,"Shape_Length":0.1334762736932498}},{"type":"Feature","id":16,"geometry":{"type":"LineString","coordinates":[[-75.460059856999976,2.5923169780000421],[-75.437670778999973,2.6254976740000302]]},"properties":{"OBJECTID":16,"administrador":1,"categoria":2,"codigo_tramo":"45HL01","nombre_ruta":"Alternas a la Troncal del Magdalena","nombre_tramo":"Por Defnir","ruta":"45","superficie":3,"territorial":14,"amenaza_cat":"Alta","longitud_km":5.1730842035623636,"Shape_Length":0.040027857808454581}},{"type":"Feature","id":17,"geometry":{"type":"LineString","coordinates":[[-75.437245217999987,2.7172623280000607],[-75.436840448999988,2.7183733010000424]]},"properties":{"OBJECTID":17,"administrador":1,"categoria":2,"codigo_tramo":"45HL01","nombre_ruta":"Alternas a la Troncal del Magdalena","nombre_tramo":"Por Defnir","ruta":"45","superficie":3,"territorial":14,"amenaza_cat":"Alta","longitud_km":0.17360427185346811,"Shape_Length":0.0011824123434947069}},{"type":"Feature","id":18,"geometry":{"type":"LineString","coordinates":[[-73.735923571999933,3.4664683060000243],[-73.724827757999947,3.4801611830000638],[-73.738408548999985,3.4847122940000759]]},"properties":{"OBJECTID":18,"administrador":1,"categoria":2,"codigo_tramo":"65AMTA","nombre_ruta":"Alternas a la Troncal Villagarzon - Saravena","nombre_tramo":"Por Defnir","ruta":"65","superficie":3,"territorial":16,"amenaza_cat":"Alta","longitud_km":3.5843503795572418,"Shape_Length":0.031947262671767535}},{"type":"Feature","id":19,"geometry":{"type":"LineString","coordinates":[[-76.245999088999952,2.6866645800000697],[-76.201950206999982,2.7126809690000755],[-76.204553590999978,2.704357572000049],[-76.168923504999952,2.7187253210000222],[-76.17238378899998,2.7064343100000201],[-76.123801353999966,2.7357130070000721],[-76.102252616999976,2.7349610500000381],[-76.104616267999972,2.7243612110000299],[-76.090792507999936,2.7185647430000586],[-76.079196101999969,2.7316486670000586],[-76.066403439999988,2.7228799970000637],[-76.042369569999948,2.7262014580000482],[-76.050080936999962,2.7559327970000709],[-76.038381046999973,2.7457868590000203]]},"properties":{"OBJECTID":19,"administrador":1,"categoria":2,"codigo_tramo":"26CC03-2","nombre_ruta":"Circuitos Ecoturisticos Huila - Cauca","nombre_tramo":"Por Defnir","ruta":"26","superficie":3,"territorial":8,"amenaza_cat":"Alta","longitud_km":54.408942849136942,"Shape_Length":0.31865721806743186}},{"type":"Feature","id":20,"geometry":{"type":"LineString","coordinates":[[-76.33619717299996,2.6712489120000669],[-76.327903436999975,2.6823847680000199],[-76.304255380999962,2.6735801610000749],[-76.287377206999963,2.6872027100000651],[-76.245999088999952,2.6866645800000697]]},"properties":{"OBJECTID":20,"administrador":1,"categoria":2,"codigo_tramo":"26CC03-2","nombre_ruta":"Circuitos Ecoturisticos Huila - Cauca","nombre_tramo":"Por Defnir","ruta":"26","superficie":3,"territorial":8,"amenaza_cat":"Alta","longitud_km":17.651262176013176,"Shape_Length":0.10219034100944149}},{"type":"Feature","id":21,"geometry":{"type":"MultiLineString","coordinates":[[[-76.888962795999987,5.5579163520000634],[-76.887253763999979,5.5573972570000478]],[[-76.883930031999967,5.5553960150000421],[-76.88117780999994,5.5510934000000702]],[[-76.880080529999987,5.5485271070000408],[-76.879750545999968,5.5477711730000578]],[[-76.879615033999983,5.5474979410000742],[-76.876891288999957,5.5414754330000733]],[[-76.875962994999952,5.5287354810000693],[-76.875994787999957,5.5285511220000672]],[[-76.87596558499996,5.5272688890000268],[-76.876022802999955,5.5263620520000245]],[[-76.875984768999956,5.5257874630000288],[-76.875996548999979,5.5241648520000695]],[[-76.875308894999989,5.5198555980000492],[-76.875256494999974,5.5167453060000753]],[[-76.875609822999934,5.5153863990000218],[-76.875609822999934,5.5151427230000536]]]},"properties":{"OBJECTID":21,"administrador":1,"categoria":1,"codigo_tramo":"5001","nombre_ruta":"Transversal Tribuga - Arauca","nombre_tramo":"Por Defnir","ruta":"50","superficie":3,"territorial":10,"amenaza_cat":"Alta","longitud_km":2.3655943548501432,"Shape_Length":0.020401089511721322}},{"type":"Feature","id":22,"geometry":{"type":"LineString","coordinates":[[-76.734771653999985,5.4126108100000465],[-76.655192392999936,5.3331965530000502]]},"properties":{"OBJECTID":22,"administrador":1,"categoria":1,"codigo_tramo":"5001","nombre_ruta":"Transversal Tribuga - Arauca","nombre_tramo":"Por Defnir","ruta":"50","superficie":3,"territorial":10,"amenaza_cat":"Alta","longitud_km":12.470530522485172,"Shape_Length":0.11242545528560412}},{"type":"Feature","id":23,"geometry":{"type":"MultiLineString","coordinates":[[[-76.901594531999933,5.5678147600000329],[-76.888962795999987,5.5579163520000634]],[[-76.887253763999979,5.5573972570000478],[-76.883930031999967,5.5553960150000421]],[[-76.88117780999994,5.5510934000000702],[-76.880080529999987,5.5485271070000408]],[[-76.879750545999968,5.5477711730000578],[-76.879615033999983,5.5474979410000742]],[[-76.876891288999957,5.5414754330000733],[-76.875962994999952,5.5287354810000693]],[[-76.875994787999957,5.5285511220000672],[-76.87596558499996,5.5272688890000268]],[[-76.876022802999955,5.5263620520000245],[-76.875984768999956,5.5257874630000288]],[[-76.875996548999979,5.5241648520000695],[-76.875308894999989,5.5198555980000492]],[[-76.875256494999974,5.5167453060000753],[-76.875609822999934,5.5153863990000218]],[[-76.875609822999934,5.5151427230000536],[-76.821787025999981,5.5004931000000283],[-76.734771653999985,5.4126108100000465]]]},"properties":{"OBJECTID":23,"administrador":1,"categoria":1,"codigo_tramo":"5001","nombre_ruta":"Transversal Tribuga - Arauca","nombre_tramo":"Por Defnir","ruta":"50","superficie":3,"territorial":10,"amenaza_cat":"Alta","longitud_km":27.98191110325746,"Shape_Length":0.22287747979892258}},{"type":"Feature","id":24,"geometry":{"type":"LineString","coordinates":[[-76.655192392999936,5.3331965530000502],[-76.625938727999937,5.3025488760000599]]},"properties":{"OBJECTID":24,"administrador":1,"categoria":1,"codigo_tramo":"5001","nombre_ruta":"Transversal Tribuga - Arauca","nombre_tramo":"Por Defnir","ruta":"50","superficie":3,"territorial":10,"amenaza_cat":"Alta","longitud_km":4.7159985966390519,"Shape_Length":0.042368113262545637}},{"type":"Feature","id":25,"geometry":{"type":"MultiLineString","coordinates":[[[-76.654769623999982,0.63177753600007236],[-76.699316889999977,0.63704311100002542],[-76.701466988999982,0.65125398600002882],[-76.733517597999935,0.67020630900003653],[-76.82460042699995,0.64759092500003135],[-76.818796363999979,0.63551478900006941],[-76.828544288999979,0.63297342700002446],[-76.834060091999959,0.57313381900002014],[-76.85527854299994,0.5232418400000256],[-76.836428676999958,0.49010866200006831]],[[-76.836428676999958,0.49010866200006831],[-76.836398957999961,0.48834346900002856]],[[-76.836428676999958,0.49010866200006831],[-76.836565899999982,0.4883768570000484]]]},"properties":{"OBJECTID":25,"administrador":1,"categoria":1,"codigo_tramo":"4501","nombre_ruta":"Troncal del Magdalena","nombre_tramo":"Por Defnir","ruta":"45","superficie":3,"territorial":19,"amenaza_cat":"Alta","longitud_km":46.320674297776485,"Shape_Length":0.36971793881424536}},{"type":"Feature","id":26,"geometry":{"type":"MultiLineString","coordinates":[[[-77.295889993999936,1.162574831000029],[-77.276371690999952,1.1828447740000456],[-77.279215806999957,1.1931437540000616]],[[-77.29600342599997,1.1623457010000493],[-77.295889993999936,1.162574831000029]],[[-77.296372902999963,1.1616089440000223],[-77.29600342599997,1.1623457010000493]],[[-77.296494578999955,1.1613648610000382],[-77.296372902999963,1.1616089440000223]],[[-77.297192184999972,1.1587402420000217],[-77.296494578999955,1.1613648610000382]],[[-77.295159110999975,1.1607085400000301],[-77.295047874999966,1.1606405070000392]],[[-77.333085170999937,1.145331312000053],[-77.318944798999951,1.1430575300000214],[-77.297192184999972,1.1587402420000217]]]},"properties":{"OBJECTID":26,"administrador":2,"categoria":1,"codigo_tramo":"2501","nombre_ruta":"Troncal de Occidente","nombre_tramo":"Por Defnir","ruta":"25","superficie":3,"territorial":17,"amenaza_cat":"Alta","longitud_km":10.179789930585862,"Shape_Length":0.084161281293704676}},{"type":"Feature","id":27,"geometry":{"type":"LineString","coordinates":[[-77.539257115999987,0.8967811590000565],[-77.516783894999946,0.92044912200003637],[-77.484228513999938,0.93107270000007247],[-77.473705456999937,0.94834469600004923]]},"properties":{"OBJECTID":27,"administrador":2,"categoria":1,"codigo_tramo":"2501","nombre_ruta":"Troncal de Occidente","nombre_tramo":"Por Defnir","ruta":"25","superficie":3,"territorial":17,"amenaza_cat":"Alta","longitud_km":11.324657416233087,"Shape_Length":0.087107727715153085}},{"type":"Feature","id":28,"geometry":{"type":"LineString","coordinates":[[-77.473705456999937,0.94834469600004923],[-77.465081095999949,0.96685905200007483],[-77.477650413999982,1.0225565010000537]]},"properties":{"OBJECTID":28,"administrador":2,"categoria":1,"codigo_tramo":"2501","nombre_ruta":"Troncal de Occidente","nombre_tramo":"Por Defnir","ruta":"25","superficie":3,"territorial":17,"amenaza_cat":"Alta","longitud_km":9.3997247391546086,"Shape_Length":0.077522623980066041}},{"type":"Feature","id":29,"geometry":{"type":"MultiLineString","coordinates":[[[-77.452999141999953,1.04977090400007],[-77.44791079099997,1.0566068920000475]],[[-77.477650413999982,1.0225565010000537],[-77.467034357999978,1.0239041060000318],[-77.452999141999953,1.04977090400007]]]},"properties":{"OBJECTID":29,"administrador":2,"categoria":1,"codigo_tramo":"2501","nombre_ruta":"Troncal de Occidente","nombre_tramo":"Por Defnir","ruta":"25","superficie":3,"territorial":17,"amenaza_cat":"Alta","longitud_km":6.2338034318599806,"Shape_Length":0.048652316054899718}},{"type":"Feature","id":30,"geometry":{"type":"MultiLineString","coordinates":[[[-77.606557755999972,0.82885482200003935],[-77.590266471999939,0.83870909300003404],[-77.578150922999953,0.86739758800007394],[-77.539257115999987,0.8967811590000565]],[[-77.639106168999945,0.83055164200004583],[-77.64275371399998,0.82870038400005797]],[[-77.639106168999945,0.83055164200004583],[-77.63724663499994,0.83039178500007438]],[[-77.641804156999967,0.82750304200004621],[-77.639106168999945,0.83055164200004583]],[[-77.63724663499994,0.83039178500007438],[-77.624220698999977,0.82954165700004978]],[[-77.63724663499994,0.83039178500007438],[-77.624220698999977,0.82954165700004978]],[[-77.624220698999977,0.82954165700004978],[-77.608832529999972,0.82849680400005354]],[[-77.606557755999972,0.82885482200003935],[-77.607040598999959,0.82848737900002334]],[[-77.608832529999972,0.82849680400005354],[-77.606557755999972,0.82885482200003935]],[[-77.64275371399998,0.82870038400005797],[-77.642736646999936,0.8286513780000746]],[[-77.642736646999936,0.8286513780000746],[-77.641804156999967,0.82750304200004621]],[[-77.607908473999942,0.82834849300002134],[-77.608832529999972,0.82849680400005354]],[[-77.607040598999959,0.82848737900002334],[-77.607670174999953,0.82835238900003105]],[[-77.607670174999953,0.82835238900003105],[-77.607908473999942,0.82834849300002134]],[[-77.657273502999942,0.81885683800004472],[-77.641804156999967,0.82750304200004621]],[[-77.662224676999983,0.81484842700007221],[-77.657273502999942,0.81885683800004472]],[[-77.663764965999974,0.81421744100003934],[-77.662224676999983,0.81484842700007221]],[[-77.663773929999934,0.81406311700004608],[-77.662224676999983,0.81484842700007221]]]},"properties":{"OBJECTID":30,"administrador":2,"categoria":1,"codigo_tramo":"2501","nombre_ruta":"Troncal de Occidente","nombre_tramo":"Por Defnir","ruta":"25","superficie":3,"territorial":17,"amenaza_cat":"Alta","longitud_km":21.80155408862662,"Shape_Length":0.18423811885046998}},{"type":"Feature","id":31,"geometry":{"type":"MultiLineString","coordinates":[[[-77.384261556999945,1.1122208250000654],[-77.333085170999937,1.145331312000053]],[[-77.425761973999954,1.0759060330000239],[-77.421519988999989,1.0640761730000463],[-77.413447467999958,1.0854642450000256],[-77.383093996999946,1.0954478630000608],[-77.374403912999981,1.1051769510000327],[-77.384261556999945,1.1122208250000654]]]},"properties":{"OBJECTID":31,"administrador":2,"categoria":1,"codigo_tramo":"2501","nombre_ruta":"Troncal de Occidente","nombre_tramo":"Por Defnir","ruta":"25","superficie":3,"territorial":17,"amenaza_cat":"Alta","longitud_km":21.651018886361399,"Shape_Length":0.15349555101149251}},{"type":"Feature","id":32,"geometry":{"type":"LineString","coordinates":[[-77.44791079099997,1.0566068920000475],[-77.427318144999958,1.0582913630000235],[-77.425761973999954,1.0759060330000239]]},"properties":{"OBJECTID":32,"administrador":2,"categoria":1,"codigo_tramo":"2501","nombre_ruta":"Troncal de Occidente","nombre_tramo":"Por Defnir","ruta":"25","superficie":3,"territorial":17,"amenaza_cat":"Alta","longitud_km":4.8665252702886344,"Shape_Length":0.038344702186079223}},{"type":"Feature","id":33,"geometry":{"type":"MultiLineString","coordinates":[[[-75.842389580999964,4.8024000840000554],[-75.842442701999971,4.80246648800005]],[[-75.842126633999953,4.8011157380000213],[-75.842389580999964,4.8024000840000554]],[[-75.842090503999941,4.8008141110000224],[-75.842126633999953,4.8011157380000213]],[[-75.842090503999941,4.8008141110000224],[-75.841925596999943,4.8009074290000626]],[[-75.842104308999978,4.8007317630000443],[-75.841892774999963,4.8008500080000545]],[[-75.842104308999978,4.8007317630000443],[-75.842090503999941,4.8008141110000224]],[[-75.843457220999937,4.8000867550000521],[-75.842090503999941,4.8008141110000224]],[[-75.843381907999969,4.7999986940000667],[-75.842104308999978,4.8007317630000443]],[[-75.843381907999969,4.7999986940000667],[-75.842104308999978,4.8007317630000443]],[[-75.845605786999954,4.7986142730000552],[-75.843457220999937,4.8000867550000521]],[[-75.845222841999941,4.7982870130000492],[-75.843381907999969,4.7999986940000667]],[[-75.845605786999954,4.7986142730000552],[-75.845222841999941,4.7982870130000492]],[[-75.846502901999941,4.7979082150000636],[-75.845605786999954,4.7986142730000552]],[[-75.846312861999934,4.7975018570000429],[-75.845222841999941,4.7982870130000492]],[[-75.846502901999941,4.7979082150000636],[-75.846312861999934,4.7975018570000429]],[[-75.893163342999969,4.7667429690000631],[-75.846502901999941,4.7979082150000636]],[[-75.893056649999949,4.7665356480000582],[-75.846312861999934,4.7975018570000429]],[[-75.893163342999969,4.7667429690000631],[-75.893056649999949,4.7665356480000582]],[[-75.899127354999962,4.7581560440000317],[-75.893163342999969,4.7667429690000631]],[[-75.899051899999961,4.7581986710000592],[-75.893056649999949,4.7665356480000582]]]},"properties":{"OBJECTID":33,"administrador":6,"categoria":1,"codigo_tramo":"2506","nombre_ruta":"Troncal de Occidente","nombre_tramo":"Por Defnir","ruta":"25","superficie":3,"territorial":21,"amenaza_cat":"Alta","longitud_km":17.674924340174044,"Shape_Length":0.14840352121327618}},{"type":"Feature","id":34,"geometry":{"type":"MultiLineString","coordinates":[[[-75.898781834999966,4.7577405130000443],[-75.899051899999961,4.7581986710000592]],[[-75.898861085999954,4.7576946080000653],[-75.899127354999962,4.7581560440000317]]]},"properties":{"OBJECTID":34,"administrador":6,"categoria":1,"codigo_tramo":"2506","nombre_ruta":"Troncal de Occidente","nombre_tramo":"Por Defnir","ruta":"25","superficie":3,"territorial":21,"amenaza_cat":"Alta","longitud_km":0.11788696610563183,"Shape_Length":0.0010645804781370765}},{"type":"Feature","id":35,"geometry":{"type":"MultiLineString","coordinates":[[[-76.612577212999952,1.0060261310000556],[-76.622356670999977,1.0434074250000549]],[[-76.574677885999961,0.78825652200004015],[-76.567715411999984,0.81708128400003943],[-76.580572375999964,0.86016641400004801],[-76.572677827999939,0.91329847000002928],[-76.585736528999973,0.92458905600005892],[-76.612577212999952,1.0060261310000556]]]},"properties":{"OBJECTID":35,"administrador":2,"categoria":1,"codigo_tramo":"4502","nombre_ruta":"Troncal del Magdalena","nombre_tramo":"Por Defnir","ruta":"45","superficie":3,"territorial":19,"amenaza_cat":"Alta","longitud_km":33.059643476837955,"Shape_Length":0.26998008524430006}},{"type":"Feature","id":36,"geometry":{"type":"LineString","coordinates":[[-75.907180700999959,5.0938396720000583],[-75.876679448999937,5.0658338770000455],[-75.850609626999983,5.0672143490000394]]},"properties":{"OBJECTID":36,"administrador":1,"categoria":1,"codigo_tramo":"5003","nombre_ruta":"Transversal Las Animas - Bogotá","nombre_tramo":"Por Defnir","ruta":"50","superficie":3,"territorial":21,"amenaza_cat":"Alta","longitud_km":9.777306915692332,"Shape_Length":0.067514690084192641}},{"type":"Feature","id":37,"geometry":{"type":"MultiLineString","coordinates":[[[-75.979899345999968,5.1723620170000686],[-75.981020839999985,5.1589612150000335],[-75.967909368999983,5.1600586110000677],[-75.948763775999964,5.1301835160000451],[-75.945333969999979,5.1069379460000732]],[[-75.945333969999979,5.1069379460000732],[-75.923103397999967,5.1004339540000387],[-75.924149839999984,5.0870999260000644],[-75.907180700999959,5.0938396720000583]]]},"properties":{"OBJECTID":37,"administrador":1,"categoria":1,"codigo_tramo":"5003","nombre_ruta":"Transversal Las Animas - Bogotá","nombre_tramo":"Por Defnir","ruta":"50","superficie":3,"territorial":21,"amenaza_cat":"Alta","longitud_km":22.402302237807412,"Shape_Length":0.14038173165898268}},{"type":"Feature","id":38,"geometry":{"type":"LineString","coordinates":[[-76.145254278999971,5.3418367400000761],[-76.112543331999973,5.3553741880000416],[-76.083128558999988,5.3377129110000396],[-76.067905439999947,5.3021083770000246],[-76.071742295999968,5.2774956560000419],[-76.057115044999989,5.2740319990000444],[-76.052485006999973,5.2459757620000573],[-76.031891163999944,5.2362747540000214],[-76.029682556999944,5.2198814750000224],[-75.992249658999981,5.1879448700000239],[-75.991189290999955,5.1686829900000362],[-75.979899345999968,5.1723620170000686]]},"properties":{"OBJECTID":38,"administrador":1,"categoria":1,"codigo_tramo":"5003","nombre_ruta":"Transversal Las Animas - Bogotá","nombre_tramo":"Por Defnir","ruta":"50","superficie":3,"territorial":21,"amenaza_cat":"Alta","longitud_km":44.534897859478903,"Shape_Length":0.29648744048120013}},{"type":"Feature","id":39,"geometry":{"type":"LineString","coordinates":[[-73.216524339999978,6.513954841000043],[-73.153632311999957,6.552706292000039]]},"properties":{"OBJECTID":39,"administrador":1,"categoria":4,"codigo_tramo":"45A06","nombre_ruta":"Troncal Central","nombre_tramo":"Por Defnir","ruta":"45","superficie":3,"territorial":22,"amenaza_cat":"Alta","longitud_km":9.4092365986358537,"Shape_Length":0.073872066036903217}},{"type":"Feature","id":40,"geometry":{"type":"LineString","coordinates":[[-73.153632311999957,6.552706292000039],[-73.13203871099995,6.5522651380000525]]},"properties":{"OBJECTID":40,"administrador":1,"categoria":4,"codigo_tramo":"45A06","nombre_ruta":"Troncal Central","nombre_tramo":"Por Defnir","ruta":"45","superficie":3,"territorial":22,"amenaza_cat":"Alta","longitud_km":2.6638437020592449,"Shape_Length":0.021598106884613326}},{"type":"Feature","id":41,"geometry":{"type":"MultiLineString","coordinates":[[[-75.910609952999948,6.6786059260000457],[-75.910580644999982,6.6786900350000451]],[[-75.907040767999945,6.6776916680000227],[-75.907065701999954,6.6775986280000552]],[[-75.904244132999963,6.676720491000026],[-75.904169510999964,6.6767302020000443]],[[-75.904768170999944,6.6763662900000327],[-75.904666959999986,6.6764724470000374]],[[-75.905706939999959,6.6764198890000443],[-75.905578081999977,6.6762544580000736]],[[-75.905064494999976,6.6759151020000331],[-75.904810335999969,6.6763030780000463]],[[-75.905441056999962,6.6760508610000215],[-75.905415873999971,6.676018483000064]],[[-75.87855671799997,6.6458317740000439],[-75.878386177999971,6.6458389880000368]]]},"properties":{"OBJECTID":41,"administrador":2,"categoria":1,"codigo_tramo":"6203","nombre_ruta":"Troncal de Uraba","nombre_tramo":"Por Defnir","ruta":"62","superficie":3,"territorial":1,"amenaza_cat":"Alta","longitud_km":0.14440947907615387,"Shape_Length":0.0012925345664878203}},{"type":"Feature","id":42,"geometry":{"type":"LineString","coordinates":[[-76.021660559999987,6.7469267000000741],[-76.01832709699994,6.739832381000042],[-76.007878191999964,6.7460630940000215],[-76.013560479999967,6.7407655610000461],[-75.997278609999967,6.7239696930000719],[-75.985585660999959,6.7254030670000589],[-75.974950768999975,6.6994258550000723]]},"properties":{"OBJECTID":42,"administrador":2,"categoria":1,"codigo_tramo":"6203","nombre_ruta":"Troncal de Uraba","nombre_tramo":"Por Defnir","ruta":"62","superficie":3,"territorial":1,"amenaza_cat":"Alta","longitud_km":15.290836385933384,"Shape_Length":0.091015348845443309}},{"type":"Feature","id":43,"geometry":{"type":"MultiLineString","coordinates":[[[-75.974950768999975,6.6994258550000723],[-75.958557675999941,6.7014510690000293],[-75.958501878999982,6.6924737210000558],[-75.932277779999936,6.6853335430000698],[-75.925272929999949,6.6933804800000303],[-75.910609952999948,6.6786059260000457]],[[-75.910580644999982,6.6786900350000451],[-75.907040767999945,6.6776916680000227]],[[-75.907065701999954,6.6775986280000552],[-75.905706939999959,6.6764198890000443]],[[-75.904169510999964,6.6767302020000443],[-75.890068280999969,6.6693075760000511],[-75.880211134999968,6.6451266750000286]],[[-75.904666959999986,6.6764724470000374],[-75.904244132999963,6.676720491000026]],[[-75.904810335999969,6.6763030780000463],[-75.904768170999944,6.6763662900000327]],[[-75.905578081999977,6.6762544580000736],[-75.905441056999962,6.6760508610000215]],[[-75.905415873999971,6.676018483000064],[-75.905064494999976,6.6759151020000331]]]},"properties":{"OBJECTID":43,"administrador":2,"categoria":1,"codigo_tramo":"6203","nombre_ruta":"Troncal de Uraba","nombre_tramo":"Por Defnir","ruta":"62","superficie":3,"territorial":1,"amenaza_cat":"Alta","longitud_km":19.201838866805144,"Shape_Length":0.13286129556146867}},{"type":"Feature","id":44,"geometry":{"type":"LineString","coordinates":[[-72.786161145999984,6.2151604110000562],[-72.786794752999981,6.2157458180000731]]},"properties":{"OBJECTID":44,"administrador":1,"categoria":3,"codigo_tramo":"55BY11","nombre_ruta":"Transversal San Gil - Mogotes - La Rosita","nombre_tramo":"Por Defnir","ruta":"55","superficie":3,"territorial":22,"amenaza_cat":"Alta","longitud_km":0.096308797178769334,"Shape_Length":0.00086264661716982751}},{"type":"Feature","id":45,"geometry":{"type":"LineString","coordinates":[[-72.786794752999981,6.2157458180000731],[-72.778241439999988,6.2168624970000224],[-72.779453927999953,6.2437792680000257],[-72.816313126999944,6.341199887000073]]},"properties":{"OBJECTID":45,"administrador":1,"categoria":3,"codigo_tramo":"55BY11","nombre_ruta":"Transversal San Gil - Mogotes - La Rosita","nombre_tramo":"Por Defnir","ruta":"55","superficie":3,"territorial":22,"amenaza_cat":"Alta","longitud_km":22.960126796964673,"Shape_Length":0.13973031043379724}},{"type":"Feature","id":46,"geometry":{"type":"LineString","coordinates":[[-72.766641654999944,6.1768740070000376],[-72.766788247999955,6.1770172210000283]]},"properties":{"OBJECTID":46,"administrador":1,"categoria":3,"codigo_tramo":"55BY11","nombre_ruta":"Transversal San Gil - Mogotes - La Rosita","nombre_tramo":"Por Defnir","ruta":"55","superficie":3,"territorial":4,"amenaza_cat":"Alta","longitud_km":0.022901059068311889,"Shape_Length":0.00020493842354594113}},{"type":"Feature","id":47,"geometry":{"type":"MultiLineString","coordinates":[[[-72.766788247999955,6.1770172210000283],[-72.776803779999966,6.1777082170000313],[-72.786161145999984,6.2151604110000562]],[[-72.760497086999976,6.1731155920000447],[-72.766641654999944,6.1768740070000376]]]},"properties":{"OBJECTID":47,"administrador":1,"categoria":3,"codigo_tramo":"55BY11","nombre_ruta":"Transversal San Gil - Mogotes - La Rosita","nombre_tramo":"Por Defnir","ruta":"55","superficie":3,"territorial":4,"amenaza_cat":"Alta","longitud_km":6.8928681652121346,"Shape_Length":0.055845674952431035}},{"type":"Feature","id":48,"geometry":{"type":"LineString","coordinates":[[-75.297674507999943,5.8709756010000547],[-75.290523085999951,5.8516383440000368],[-75.299947896999981,5.824246548000076]]},"properties":{"OBJECTID":48,"administrador":1,"categoria":1,"codigo_tramo":"5601","nombre_ruta":"Circuito Medellin - Valle de Rionegro","nombre_tramo":"Por Defnir","ruta":"56","superficie":3,"territorial":1,"amenaza_cat":"Alta","longitud_km":9.245879841614201,"Shape_Length":0.049585153678889937}},{"type":"Feature","id":49,"geometry":{"type":"LineString","coordinates":[[-72.642243384999972,7.8397543530000462],[-72.642443674999981,7.840228226000022]]},"properties":{"OBJECTID":49,"administrador":1,"categoria":2,"codigo_tramo":"55NS08","nombre_ruta":"Conexiones Troncal Central - Troncal Central del Norte","nombre_tramo":"Por Defnir","ruta":"55","superficie":3,"territorial":18,"amenaza_cat":"Alta","longitud_km":0.056950026599972621,"Shape_Length":0.00051446253917054755}},{"type":"Feature","id":50,"geometry":{"type":"LineString","coordinates":[[-72.642443674999981,7.840228226000022],[-72.626251489999959,7.9061158160000673]]},"properties":{"OBJECTID":50,"administrador":1,"categoria":2,"codigo_tramo":"55NS08","nombre_ruta":"Conexiones Troncal Central - Troncal Central del Norte","nombre_tramo":"Por Defnir","ruta":"55","superficie":3,"territorial":18,"amenaza_cat":"Alta","longitud_km":8.0169332550768484,"Shape_Length":0.067848075662387264}},{"type":"Feature","id":51,"geometry":{"type":"LineString","coordinates":[[-76.59813569399995,5.273733949000075],[-76.577607822999937,5.2674580490000267]]},"properties":{"OBJECTID":51,"administrador":1,"categoria":1,"codigo_tramo":"5002","nombre_ruta":"Transversal Las Animas - Bogotá","nombre_tramo":"Por Defnir","ruta":"50","superficie":3,"territorial":10,"amenaza_cat":"Alta","longitud_km":2.4695786104692958,"Shape_Length":0.02146579624900459}},{"type":"Feature","id":52,"geometry":{"type":"MultiLineString","coordinates":[[[-76.555954523999958,5.2656197070000417],[-76.515211392999959,5.2690494990000616],[-76.494362532999958,5.2978822840000248],[-76.465472018999947,5.3111472650000451],[-76.443988655999988,5.2987845760000596],[-76.403845441999977,5.3107338530000447],[-76.336964111999976,5.2932617210000217],[-76.316650824999954,5.3009756390000575],[-76.283400837999977,5.3375751470000523]],[[-76.577607822999937,5.2674580490000267],[-76.562505243999965,5.2638172430000623]],[[-76.562505243999965,5.2638172430000623],[-76.555954523999958,5.2656197070000417]],[[-76.562505243999965,5.2638172430000623],[-76.555954523999958,5.2656197070000417]]]},"properties":{"OBJECTID":52,"administrador":1,"categoria":1,"codigo_tramo":"5002","nombre_ruta":"Transversal Las Animas - Bogotá","nombre_tramo":"Por Defnir","ruta":"50","superficie":3,"territorial":10,"amenaza_cat":"Alta","longitud_km":42.156652822358431,"Shape_Length":0.34435481411585189}},{"type":"Feature","id":53,"geometry":{"type":"LineString","coordinates":[[-76.628752286999941,5.2814302140000677],[-76.59813569399995,5.273733949000075]]},"properties":{"OBJECTID":53,"administrador":1,"categoria":1,"codigo_tramo":"5002","nombre_ruta":"Transversal Las Animas - Bogotá","nombre_tramo":"Por Defnir","ruta":"50","superficie":3,"territorial":10,"amenaza_cat":"Alta","longitud_km":3.9684627798507486,"Shape_Length":0.031569102962820936}},{"type":"Feature","id":54,"geometry":{"type":"LineString","coordinates":[[-76.728287895999983,8.0951876920000245],[-76.730254461999948,8.1102344430000244],[-76.693416203999959,8.1258285140000339],[-76.716225085999952,8.1375876570000401],[-76.744570046999968,8.1931407350000427],[-76.756451172999959,8.2706347450000521]]},"properties":{"OBJECTID":54,"administrador":2,"categoria":1,"codigo_tramo":"9001","nombre_ruta":"Transversal del Caribe","nombre_tramo":"Por Defnir","ruta":"90","superficie":3,"territorial":1,"amenaza_cat":"Alta","longitud_km":25.301894265120762,"Shape_Length":0.22160533179614036}},{"type":"Feature","id":55,"geometry":{"type":"LineString","coordinates":[[-72.696886425999935,6.7619299680000609],[-72.697879776999969,6.7793408300000237]]},"properties":{"OBJECTID":55,"administrador":1,"categoria":2,"codigo_tramo":"55STA","nombre_ruta":"Troncal Central del Norte","nombre_tramo":"Por Defnir","ruta":"55","superficie":3,"territorial":22,"amenaza_cat":"Alta","longitud_km":2.1764761064129994,"Shape_Length":0.017439176063995105}},{"type":"Feature","id":56,"geometry":{"type":"MultiLineString","coordinates":[[[-72.614480539999988,7.3281670900000222],[-72.614814709999962,7.3285692630000767]],[[-72.635813423999934,7.2069749980000211],[-72.615592878999962,7.2437149030000683],[-72.633502172999954,7.2497986610000567],[-72.610053299999947,7.2524294810000356],[-72.616228571999955,7.2639900240000657],[-72.598533761999988,7.2709602630000632],[-72.601072865999981,7.299596025000028],[-72.616451115999951,7.3098826070000769],[-72.614092684999946,7.3276062720000255]]]},"properties":{"OBJECTID":56,"administrador":1,"categoria":1,"codigo_tramo":"5505","nombre_ruta":"Troncal Central del Norte","nombre_tramo":"Por Defnir","ruta":"55","superficie":3,"territorial":18,"amenaza_cat":"Alta","longitud_km":25.674478305251533,"Shape_Length":0.18222416889624643}},{"type":"Feature","id":57,"geometry":{"type":"LineString","coordinates":[[-72.681856129999971,7.0191077620000328],[-72.675574138999934,7.0124664610000309],[-72.682808318999946,7.0340593450000597],[-72.658204292999983,7.0785402960000283],[-72.667650540999944,7.0985507460000576],[-72.666023784999936,7.1437337850000517],[-72.635813423999934,7.2069749980000211]]},"properties":{"OBJECTID":57,"administrador":1,"categoria":1,"codigo_tramo":"5505","nombre_ruta":"Troncal Central del Norte","nombre_tramo":"Por Defnir","ruta":"55","superficie":3,"territorial":18,"amenaza_cat":"Alta","longitud_km":32.231105069894809,"Shape_Length":0.22017320761003084}},{"type":"Feature","id":58,"geometry":{"type":"MultiLineString","coordinates":[[[-72.614741274999972,7.3295661570000448],[-72.617749028999981,7.3596841130000712],[-72.641737758999966,7.3729256800000371]],[[-72.645938969999975,7.3708232400000497],[-72.641737758999966,7.3729256800000371]],[[-72.641737758999966,7.3729256800000371],[-72.645938969999975,7.3708232400000497]],[[-72.645938969999975,7.3708232400000497],[-72.645983669999964,7.3708109270000364]],[[-72.614814709999962,7.3285692630000767],[-72.614741274999972,7.3295661570000448]],[[-72.614092684999946,7.3276062720000255],[-72.614480539999988,7.3281670900000222]]]},"properties":{"OBJECTID":58,"administrador":1,"categoria":1,"codigo_tramo":"5505","nombre_ruta":"Troncal Central del Norte","nombre_tramo":"Por Defnir","ruta":"55","superficie":3,"territorial":18,"amenaza_cat":"Alta","longitud_km":10.165029041951371,"Shape_Length":0.068792133451166027}},{"type":"Feature","id":59,"geometry":{"type":"LineString","coordinates":[[-72.613236628999971,7.9113898850000623],[-72.593673218999982,7.9321000090000666]]},"properties":{"OBJECTID":59,"administrador":1,"categoria":1,"codigo_tramo":"7009A","nombre_ruta":"Conexiones Troncal Central - Troncal Central del Norte","nombre_tramo":"Por Defnir","ruta":"70","superficie":3,"territorial":18,"amenaza_cat":"Alta","longitud_km":3.2157324380737404,"Shape_Length":0.028489230367337651}},{"type":"Feature","id":60,"geometry":{"type":"LineString","coordinates":[[-72.626251489999959,7.9061158160000673],[-72.613236628999971,7.9113898850000623]]},"properties":{"OBJECTID":60,"administrador":1,"categoria":1,"codigo_tramo":"7009A","nombre_ruta":"Conexiones Troncal Central - Troncal Central del Norte","nombre_tramo":"Por Defnir","ruta":"70","superficie":3,"territorial":18,"amenaza_cat":"Alta","longitud_km":1.6609464010506929,"Shape_Length":0.014042877577822611}},{"type":"Feature","id":61,"geometry":{"type":"LineString","coordinates":[[-72.584354465999979,7.929626307000035],[-72.534971929999983,7.9152951670000675]]},"properties":{"OBJECTID":61,"administrador":1,"categoria":1,"codigo_tramo":"7009","nombre_ruta":"Acceso a Cucuta y Venezuela","nombre_tramo":"Por Defnir","ruta":"70","superficie":3,"territorial":18,"amenaza_cat":"Alta","longitud_km":6.7359854625966245,"Shape_Length":0.051420000345094974}},{"type":"Feature","id":62,"geometry":{"type":"MultiLineString","coordinates":[[[-72.599617425999952,7.9323428000000717],[-72.593673218999982,7.9321000090000666]],[[-72.593673218999982,7.9321000090000666],[-72.584354465999979,7.929626307000035]]]},"properties":{"OBJECTID":62,"administrador":1,"categoria":1,"codigo_tramo":"7009","nombre_ruta":"Acceso a Cucuta y Venezuela","nombre_tramo":"Por Defnir","ruta":"70","superficie":3,"territorial":18,"amenaza_cat":"Alta","longitud_km":1.7598658075463662,"Shape_Length":0.015590654867200002}},{"type":"Feature","id":63,"geometry":{"type":"LineString","coordinates":[[-75.606030853999982,5.7466035070000316],[-75.603611712999964,5.792704522000065],[-75.594237954999983,5.8020944420000546]]},"properties":{"OBJECTID":63,"administrador":2,"categoria":1,"codigo_tramo":"2509","nombre_ruta":"Troncal de Occidente","nombre_tramo":"Por Defnir","ruta":"25","superficie":3,"territorial":1,"amenaza_cat":"Alta","longitud_km":8.6680039895784287,"Shape_Length":0.05943237219741191}},{"type":"Feature","id":64,"geometry":{"type":"LineString","coordinates":[[-75.594237954999983,5.8020944420000546],[-75.590191322999942,5.8348954910000543],[-75.570549939999978,5.8500264470000616],[-75.568425454999954,5.865233389000025],[-75.554129044999968,5.8603368620000538],[-75.572571097999969,5.8848059660000445],[-75.586571771999957,5.9616763570000444],[-75.604971228999943,5.9852965900000754]]},"properties":{"OBJECTID":64,"administrador":2,"categoria":1,"codigo_tramo":"2509","nombre_ruta":"Troncal de Occidente","nombre_tramo":"Por Defnir","ruta":"25","superficie":3,"territorial":1,"amenaza_cat":"Alta","longitud_km":32.553275294104147,"Shape_Length":0.22702623568215471}},{"type":"Feature","id":65,"geometry":{"type":"MultiLineString","coordinates":[[[-73.239920543999972,6.6539271580000445],[-73.223872846999939,6.6472389910000516],[-73.227954588999978,6.6323571750000383],[-73.190777035999986,6.6410769630000459],[-73.166267716999982,6.6284819910000579]],[[-73.166179059999934,6.6283588850000683],[-73.165642944999945,6.6276278490000209]],[[-73.164372516999947,6.6258939730000748],[-73.164035461999958,6.6251563060000649]],[[-73.163517921999983,6.6239133610000636],[-73.163233742999978,6.623358124000049]],[[-73.157562632999941,6.6200782000000231],[-73.156883090999941,6.619609042000036]],[[-73.153940227999954,6.6194449030000442],[-73.153844085999935,6.6194040470000459]],[[-73.153240936999964,6.6182558320000453],[-73.153166918999943,6.6176856400000474]],[[-73.152160250999941,6.6170160610000721],[-73.153771356999982,6.608849158000055]],[[-73.154834566999966,6.6064886800000409],[-73.156401258999949,6.6041387190000478]],[[-73.156780291999951,6.6036904200000208],[-73.158215397999982,6.6001090570000542]],[[-73.155776006999986,6.6000296580000395],[-73.155578869999943,6.599993745000063]],[[-73.15452996199997,6.5995073260000368],[-73.154424756999958,6.5994686780000507]],[[-73.154456044999961,6.5991015460000426],[-73.15456170899995,6.5991345760000399]]]},"properties":{"OBJECTID":65,"administrador":1,"categoria":1,"codigo_tramo":"6402","nombre_ruta":"Transversal Guane - San Gil - Mogotes - La Rosita","nombre_tramo":"Por Defnir","ruta":"64","superficie":3,"territorial":22,"amenaza_cat":"Alta","longitud_km":16.177285806145949,"Shape_Length":0.11783614604039672}},{"type":"Feature","id":66,"geometry":{"type":"MultiLineString","coordinates":[[[-73.154424756999958,6.5994686780000507],[-73.154456044999961,6.5991015460000426]],[[-73.15456170899995,6.5991345760000399],[-73.157414668999934,6.5834742810000648],[-73.135852929999942,6.5696446460000288],[-73.146273373999975,6.5667430280000758],[-73.139894477999974,6.5607039960000293]]]},"properties":{"OBJECTID":66,"administrador":1,"categoria":1,"codigo_tramo":"6402","nombre_ruta":"Transversal Guane - San Gil - Mogotes - La Rosita","nombre_tramo":"Por Defnir","ruta":"64","superficie":3,"territorial":22,"amenaza_cat":"Alta","longitud_km":8.2772558838188495,"Shape_Length":0.061503250277233489}},{"type":"Feature","id":67,"geometry":{"type":"MultiLineString","coordinates":[[[-73.166267716999982,6.6284819910000579],[-73.166179059999934,6.6283588850000683]],[[-73.165642944999945,6.6276278490000209],[-73.164372516999947,6.6258939730000748]],[[-73.164035461999958,6.6251563060000649],[-73.163517921999983,6.6239133610000636]],[[-73.163233742999978,6.623358124000049],[-73.157562632999941,6.6200782000000231]],[[-73.156883090999941,6.619609042000036],[-73.153940227999954,6.6194449030000442]],[[-73.153844085999935,6.6194040470000459],[-73.153240936999964,6.6182558320000453]],[[-73.153166918999943,6.6176856400000474],[-73.152160250999941,6.6170160610000721]],[[-73.153771356999982,6.608849158000055],[-73.154834566999966,6.6064886800000409]],[[-73.156401258999949,6.6041387190000478],[-73.156780291999951,6.6036904200000208]],[[-73.158215397999982,6.6001090570000542],[-73.155776006999986,6.6000296580000395]],[[-73.155578869999943,6.599993745000063],[-73.15452996199997,6.5995073260000368]]]},"properties":{"OBJECTID":67,"administrador":1,"categoria":1,"codigo_tramo":"6402","nombre_ruta":"Transversal Guane - San Gil - Mogotes - La Rosita","nombre_tramo":"Por Defnir","ruta":"64","superficie":3,"territorial":22,"amenaza_cat":"Alta","longitud_km":2.5661096142039383,"Shape_Length":0.022425140502896075}},{"type":"Feature","id":68,"geometry":{"type":"MultiLineString","coordinates":[[[-73.18013203299995,7.1273941140000261],[-73.180134435999946,7.1274258950000444]],[[-73.179699524999933,7.1264107300000319],[-73.180102987999987,7.1272037960000603]],[[-73.179559273999985,7.1260105880000424],[-73.179624384999954,7.126272899000071]],[[-73.179605562999939,7.1257422920000408],[-73.179565023999942,7.1259029390000705]],[[-73.180519598999979,7.1235321320000367],[-73.179875924999976,7.1253134240000691]],[[-73.180269606999957,7.1162055940000641],[-73.180222777999973,7.1178394190000631]],[[-73.183383431999971,7.1069226830000503],[-73.182589158999974,7.1081602330000351]]]},"properties":{"OBJECTID":68,"administrador":2,"categoria":1,"codigo_tramo":"66ST02","nombre_ruta":"Transversal Tribuga - Arauca","nombre_tramo":"Por Defnir","ruta":"66","superficie":3,"territorial":22,"amenaza_cat":"Alta","longitud_km":0.7652024731139826,"Shape_Length":0.0063566488881567212}},{"type":"Feature","id":69,"geometry":{"type":"MultiLineString","coordinates":[[[-73.180102987999987,7.1272037960000603],[-73.18013203299995,7.1273941140000261]],[[-73.179624384999954,7.126272899000071],[-73.179699524999933,7.1264107300000319]],[[-73.179565023999942,7.1259029390000705],[-73.179559273999985,7.1260105880000424]],[[-73.179875924999976,7.1253134240000691],[-73.179605562999939,7.1257422920000408]],[[-73.180222777999973,7.1178394190000631],[-73.180519598999979,7.1235321320000367]],[[-73.182589158999974,7.1081602330000351],[-73.180269606999957,7.1162055940000641]],[[-73.185919027999944,7.1042469490000713],[-73.183383431999971,7.1069226830000503]],[[-73.185851783999965,7.1032727720000253],[-73.185919027999944,7.1042469490000713]],[[-73.186129868999956,7.1040546320000431],[-73.185919027999944,7.1042469490000713]],[[-73.186347291999937,7.1032702790000712],[-73.186129868999956,7.1040546320000431]],[[-73.187229768999941,7.1032596880000369],[-73.186129868999956,7.1040546320000431]],[[-73.186339343999975,7.1031430510000746],[-73.186347291999937,7.1032702790000712]],[[-73.186850037999989,7.102568743000063],[-73.186339343999975,7.1031430510000746]],[[-73.186431245999984,7.1031430510000746],[-73.186850037999989,7.102568743000063]],[[-73.187548198999934,7.1031357460000208],[-73.186850037999989,7.102568743000063]]]},"properties":{"OBJECTID":69,"administrador":2,"categoria":1,"codigo_tramo":"66ST02","nombre_ruta":"Transversal Tribuga - Arauca","nombre_tramo":"Por Defnir","ruta":"66","superficie":3,"territorial":22,"amenaza_cat":"Alta","longitud_km":3.0510726056960644,"Shape_Length":0.024663179222612623}},{"type":"Feature","id":70,"geometry":{"type":"LineString","coordinates":[[-76.176084193999941,4.1576889090000577],[-76.161419471999977,4.1856147720000649]]},"properties":{"OBJECTID":70,"administrador":3,"categoria":1,"codigo_tramo":"25VLF","nombre_ruta":"Alternas a la Troncal de Occidente","nombre_tramo":"Por Defnir","ruta":"25","superficie":3,"territorial":25,"amenaza_cat":"Alta","longitud_km":3.5587912696095212,"Shape_Length":0.031542160604996421}},{"type":"Feature","id":71,"geometry":{"type":"MultiLineString","coordinates":[[[-76.161689167999953,4.1920378120000237],[-76.161450540999965,4.1927385090000371]],[[-76.161689167999953,4.1920378120000237],[-76.162136824999948,4.1924614110000675]],[[-76.161419471999977,4.1856147720000649],[-76.161689167999953,4.1920378120000237]]]},"properties":{"OBJECTID":71,"administrador":3,"categoria":1,"codigo_tramo":"25VLF","nombre_ruta":"Alternas a la Troncal de Occidente","nombre_tramo":"Por Defnir","ruta":"25","superficie":3,"territorial":25,"amenaza_cat":"Alta","longitud_km":0.86472411766278712,"Shape_Length":0.0077852210666353944}},{"type":"Feature","id":72,"geometry":{"type":"MultiLineString","coordinates":[[[-72.943963473999986,5.7250646260000622],[-72.942569998999943,5.7238803470000335]],[[-72.942569998999943,5.7238803470000335],[-72.931144520999965,5.7160585190000575]],[[-72.942569998999943,5.7238803470000335],[-72.931144520999965,5.7160585190000575]],[[-72.931144520999965,5.7160585190000575],[-72.928958136999938,5.7108452480000551]]]},"properties":{"OBJECTID":72,"administrador":1,"categoria":2,"codigo_tramo":"62BY05","nombre_ruta":"Accesos a Yopal","nombre_tramo":"Por Defnir","ruta":"62","superficie":3,"territorial":4,"amenaza_cat":"Alta","longitud_km":3.9488601582165184,"Shape_Length":0.035174703853753764}},{"type":"Feature","id":73,"geometry":{"type":"MultiLineString","coordinates":[[[-72.928958136999938,5.7108452480000551],[-72.928989655999942,5.7094532640000466]],[[-72.928989655999942,5.7094532640000466],[-72.928987215999939,5.7091424070000585]],[[-72.928989655999942,5.7094532640000466],[-72.929144010999948,5.7092084150000346]],[[-72.928987215999939,5.7091424070000585],[-72.929144010999948,5.7092084150000346]],[[-72.929144010999948,5.7092084150000346],[-72.929180782999936,5.7089594930000658]],[[-72.928987215999939,5.7091424070000585],[-72.928982799999972,5.7090624430000503]],[[-72.928982799999972,5.7090624430000503],[-72.928936225999962,5.7086806060000299]],[[-72.928982799999972,5.7090624430000503],[-72.929180782999936,5.7089594930000658]],[[-72.929180782999936,5.7089594930000658],[-72.928936225999962,5.7086806060000299]],[[-72.928936225999962,5.7086806060000299],[-72.934422902999984,5.6605987290000712],[-72.924269617999983,5.6568293930000664],[-72.921289288999958,5.6288557740000442],[-72.905818226999941,5.6183984230000306]]]},"properties":{"OBJECTID":73,"administrador":1,"categoria":1,"codigo_tramo":"6211","nombre_ruta":"Accesos a Yopal","nombre_tramo":"Por Defnir","ruta":"62","superficie":3,"territorial":4,"amenaza_cat":"Alta","longitud_km":15.98237722815087,"Shape_Length":0.1095032233252082}},{"type":"Feature","id":74,"geometry":{"type":"MultiLineString","coordinates":[[[-75.528627000999961,5.0491673270000206],[-75.522068917999945,5.0583915530000354],[-75.511958042999936,5.0540157610000733]],[[-75.511958042999936,5.0540157610000733],[-75.505581646999985,5.0488883970000416]],[[-75.505815582999958,5.0488898300000642],[-75.511958042999936,5.0540157610000733]],[[-75.528633557999967,5.0481085480000729],[-75.528627000999961,5.0491673270000206]],[[-75.505815582999958,5.0488898300000642],[-75.505581646999985,5.0488883970000416]],[[-75.505831226999987,5.04830283900003],[-75.505815582999958,5.0488898300000642]],[[-75.505581646999985,5.0488883970000416],[-75.505504482999982,5.0482539140000426]],[[-75.505831226999987,5.04830283900003],[-75.505504482999982,5.0482539140000426]],[[-75.496882551999988,5.0396731240000463],[-75.505831226999987,5.04830283900003]],[[-75.505504482999982,5.0482539140000426],[-75.496849051999959,5.0397823160000712]],[[-75.528719494999962,5.0477824700000724],[-75.528633557999967,5.0481085480000729]],[[-75.467914187999952,5.0349171380000257],[-75.467275701999938,5.0350239170000464]],[[-75.467275701999938,5.0350239170000464],[-75.466697738999983,5.0347843170000601]],[[-75.467275701999938,5.0350239170000464],[-75.467284384999971,5.0346660990000487]],[[-75.467459384999984,5.034645868000041],[-75.467914187999952,5.0349171380000257]],[[-75.478435513999955,5.0313235260000511],[-75.467914187999952,5.0349171380000257]],[[-75.466697738999983,5.0347843170000601],[-75.466365945999939,5.0347927060000757]],[[-75.466697738999983,5.0347843170000601],[-75.467284384999971,5.0346660990000487]],[[-75.467284384999971,5.0346660990000487],[-75.467459384999984,5.034645868000041]],[[-75.467459384999984,5.034645868000041],[-75.478455359999941,5.031232851000027]]]},"properties":{"OBJECTID":74,"administrador":1,"categoria":1,"codigo_tramo":"5005","nombre_ruta":"Transversal Las Animas - Bogotá","nombre_tramo":"Por Defnir","ruta":"50","superficie":3,"territorial":5,"amenaza_cat":"Alta","longitud_km":12.03124572971323,"Shape_Length":0.092146001939449912}},{"type":"Feature","id":75,"geometry":{"type":"MultiLineString","coordinates":[[[-75.496849051999959,5.0397823160000712],[-75.490190660999986,5.0410475430000474]],[[-75.490190660999986,5.0410475430000474],[-75.488016809999976,5.0403520680000611]],[[-75.490357461999963,5.0408081660000335],[-75.490190660999986,5.0410475430000474]],[[-75.490357461999963,5.0408081660000335],[-75.496882551999988,5.0396731240000463]],[[-75.487912432999963,5.0400091650000718],[-75.490357461999963,5.0408081660000335]],[[-75.488016809999976,5.0403520680000611],[-75.480634676999955,5.0330057100000545]],[[-75.488016809999976,5.0403520680000611],[-75.487912432999963,5.0400091650000718]],[[-75.480792928999961,5.0327947670000412],[-75.487912432999963,5.0400091650000718]],[[-75.480634676999955,5.0330057100000545],[-75.480312929999968,5.0326835420000293]],[[-75.480792928999961,5.0327947670000412],[-75.480634676999955,5.0330057100000545]],[[-75.480792928999961,5.0327947670000412],[-75.480553989999976,5.0325424590000694]],[[-75.480553989999976,5.0325424590000694],[-75.480312929999968,5.0326835420000293]],[[-75.480312929999968,5.0326835420000293],[-75.478435513999955,5.0313235260000511]],[[-75.478455359999941,5.031232851000027],[-75.480553989999976,5.0325424590000694]]]},"properties":{"OBJECTID":75,"administrador":1,"categoria":1,"codigo_tramo":"5005","nombre_ruta":"Transversal Las Animas - Bogotá","nombre_tramo":"Por Defnir","ruta":"50","superficie":3,"territorial":5,"amenaza_cat":"Alta","longitud_km":5.3592433041279577,"Shape_Length":0.045593748100889717}},{"type":"Feature","id":76,"geometry":{"type":"MultiLineString","coordinates":[[[-72.902989037999987,5.6172764510000661],[-72.905818226999941,5.6183984230000306]],[[-72.865158920999988,5.6017131400000721],[-72.867948309999974,5.6140215260000446],[-72.891062924999972,5.6131467490000659]],[[-72.829794818999972,5.5928343330000416],[-72.846563208999953,5.5980968270000631]]]},"properties":{"OBJECTID":76,"administrador":1,"categoria":1,"codigo_tramo":"6211","nombre_ruta":"Accesos a Yopal","nombre_tramo":"Por Defnir","ruta":"62","superficie":3,"territorial":7,"amenaza_cat":"Alta","longitud_km":9.4791756133811784,"Shape_Length":0.056369978749762538}},{"type":"Feature","id":77,"geometry":{"type":"MultiLineString","coordinates":[[[-72.891062924999972,5.6131467490000659],[-72.89834482699996,5.607720357000062]],[[-72.846563208999953,5.5980968270000631],[-72.865158920999988,5.6017131400000721]],[[-72.726976144999981,5.4868698930000619],[-72.746356913999989,5.5078887010000699],[-72.787440832999948,5.5196329500000729],[-72.798620885999981,5.5720847560000379],[-72.829794818999972,5.5928343330000416]]]},"properties":{"OBJECTID":77,"administrador":1,"categoria":1,"codigo_tramo":"6211","nombre_ruta":"Accesos a Yopal","nombre_tramo":"Por Defnir","ruta":"62","superficie":3,"territorial":7,"amenaza_cat":"Alta","longitud_km":25.529764424950489,"Shape_Length":0.19042349920956086}},{"type":"Feature","id":78,"geometry":{"type":"LineString","coordinates":[[-72.89834482699996,5.607720357000062],[-72.902989037999987,5.6172764510000661]]},"properties":{"OBJECTID":78,"administrador":1,"categoria":1,"codigo_tramo":"6211","nombre_ruta":"Accesos a Yopal","nombre_tramo":"Por Defnir","ruta":"62","superficie":3,"territorial":7,"amenaza_cat":"Alta","longitud_km":1.4373976378097455,"Shape_Length":0.010624858980225926}},{"type":"Feature","id":79,"geometry":{"type":"LineString","coordinates":[[-72.70096508499995,5.2778331990000424],[-72.703927848999967,5.2992950360000464],[-72.684607272999983,5.3607404590000556],[-72.729789207999943,5.4233947480000211],[-72.722398328999986,5.4354193750000377],[-72.730537775999949,5.4474617130000524],[-72.706423972999971,5.4454935520000731],[-72.711281364999934,5.4710986190000312],[-72.726976144999981,5.4868698930000619]]},"properties":{"OBJECTID":79,"administrador":1,"categoria":1,"codigo_tramo":"6211","nombre_ruta":"Accesos a Yopal","nombre_tramo":"Por Defnir","ruta":"62","superficie":3,"territorial":7,"amenaza_cat":"Alta","longitud_km":37.152933817535185,"Shape_Length":0.26447803045125856}},{"type":"Feature","id":80,"geometry":{"type":"LineString","coordinates":[[-72.570073916999945,5.1809618060000275],[-72.617669320999937,5.2084162990000209],[-72.643394330999968,5.2364414510000756],[-72.65912267799996,5.2307548900000711],[-72.666776996999943,5.238574414000027],[-72.673436876999972,5.2268438080000692],[-72.680312472999958,5.2389952740000467],[-72.687451187999955,5.2352223060000256],[-72.70096508499995,5.2778331990000424]]},"properties":{"OBJECTID":80,"administrador":1,"categoria":1,"codigo_tramo":"6211","nombre_ruta":"Accesos a Yopal","nombre_tramo":"Por Defnir","ruta":"62","superficie":3,"territorial":7,"amenaza_cat":"Alta","longitud_km":27.49400876431703,"Shape_Length":0.20088305758183903}},{"type":"Feature","id":81,"geometry":{"type":"MultiLineString","coordinates":[[[-72.76732715299994,6.1528766840000344],[-72.767478885999935,6.1555467360000762]],[[-72.767763335999973,6.1511877940000659],[-72.76757177099995,6.151854318000062]],[[-72.826122160999944,6.1209307420000414],[-72.77195140799995,6.1390712030000714],[-72.768041816999983,6.1499473740000212]]]},"properties":{"OBJECTID":81,"administrador":1,"categoria":1,"codigo_tramo":"5503","nombre_ruta":"Troncal Central del Norte","nombre_tramo":"Por Defnir","ruta":"55","superficie":3,"territorial":4,"amenaza_cat":"Alta","longitud_km":8.6920018632801277,"Shape_Length":0.0720528357557014}},{"type":"Feature","id":82,"geometry":{"type":"MultiLineString","coordinates":[[[-72.682881223999971,6.333659090000026],[-72.666672006999988,6.3777406610000753]],[[-72.683766394999964,6.3315840040000353],[-72.682881223999971,6.333659090000026]],[[-72.683766394999964,6.3315840040000353],[-72.682881223999971,6.333659090000026]],[[-72.691924777999986,6.2693134310000573],[-72.687666854999975,6.2636472870000262],[-72.687233714999934,6.2872029210000733],[-72.677293998999971,6.293634187000066],[-72.68975990499996,6.3250801640000418],[-72.683766394999964,6.3315840040000353]]]},"properties":{"OBJECTID":82,"administrador":1,"categoria":1,"codigo_tramo":"5503","nombre_ruta":"Troncal Central del Norte","nombre_tramo":"Por Defnir","ruta":"55","superficie":3,"territorial":4,"amenaza_cat":"Alta","longitud_km":18.019036718648284,"Shape_Length":0.13663648473538365}},{"type":"Feature","id":83,"geometry":{"type":"MultiLineString","coordinates":[[[-72.760497086999976,6.1731155920000447],[-72.742120983999939,6.1778014930000609],[-72.733092992999957,6.1694058630000654],[-72.70557557799998,6.187029884000026],[-72.701278853999952,6.2122338710000236],[-72.685617394999952,6.2278892000000496],[-72.699566471999958,6.2346573250000574],[-72.691924777999986,6.2693134310000573]],[[-72.767478885999935,6.1555467360000762],[-72.760497086999976,6.1731155920000447]],[[-72.76757177099995,6.151854318000062],[-72.76732715299994,6.1528766840000344]],[[-72.768041816999983,6.1499473740000212],[-72.767763335999973,6.1511877940000659]]]},"properties":{"OBJECTID":83,"administrador":1,"categoria":1,"codigo_tramo":"5503","nombre_ruta":"Troncal Central del Norte","nombre_tramo":"Por Defnir","ruta":"55","superficie":3,"territorial":4,"amenaza_cat":"Alta","longitud_km":27.074936747366994,"Shape_Length":0.18390272295484877}},{"type":"Feature","id":84,"geometry":{"type":"LineString","coordinates":[[-72.666672006999988,6.3777406610000753],[-72.679395364999948,6.4098853330000338],[-72.692887090999989,6.4173199750000549],[-72.678036607999957,6.4245728390000636],[-72.67283568199997,6.4421493370000462],[-72.677752694999981,6.4653345550000267],[-72.692841899999962,6.4730522370000472]]},"properties":{"OBJECTID":84,"administrador":1,"categoria":1,"codigo_tramo":"5503","nombre_ruta":"Troncal Central del Norte","nombre_tramo":"Por Defnir","ruta":"55","superficie":3,"territorial":4,"amenaza_cat":"Alta","longitud_km":18.165609758784321,"Shape_Length":0.12548174215555685}},{"type":"Feature","id":85,"geometry":{"type":"LineString","coordinates":[[-72.894596736999972,6.0521261680000293],[-72.895097531999966,6.0753961410000556],[-72.880615269999964,6.1003483950000259],[-72.845905985999934,6.1052028640000344],[-72.826122160999944,6.1209307420000414]]},"properties":{"OBJECTID":85,"administrador":1,"categoria":1,"codigo_tramo":"5503","nombre_ruta":"Troncal Central del Norte","nombre_tramo":"Por Defnir","ruta":"55","superficie":3,"territorial":4,"amenaza_cat":"Alta","longitud_km":15.666837987137868,"Shape_Length":0.11244678623112613}},{"type":"Feature","id":86,"geometry":{"type":"MultiLineString","coordinates":[[[-72.908590993999951,5.9914243040000201],[-72.919362838999973,6.017046323000045],[-72.894596736999972,6.0521261680000293]],[[-72.909052320999933,5.9906147950000559],[-72.908590993999951,5.9914243040000201]],[[-72.916179317999934,5.9867149800000448],[-72.909052320999933,5.9906147950000559]],[[-72.916179317999934,5.9867149800000448],[-72.909052320999933,5.9906147950000559]],[[-72.93339773799994,5.9691368090000765],[-72.916179317999934,5.9867149800000448]]]},"properties":{"OBJECTID":86,"administrador":1,"categoria":1,"codigo_tramo":"5503","nombre_ruta":"Troncal Central del Norte","nombre_tramo":"Por Defnir","ruta":"55","superficie":3,"territorial":4,"amenaza_cat":"Alta","longitud_km":18.877268151776402,"Shape_Length":0.11252191020810642}},{"type":"Feature","id":87,"geometry":{"type":"LineString","coordinates":[[-72.967552510999951,5.9265149880000649],[-72.955305515999953,5.9536871660000656],[-72.93339773799994,5.9691368090000765]]},"properties":{"OBJECTID":87,"administrador":1,"categoria":1,"codigo_tramo":"5503","nombre_ruta":"Troncal Central del Norte","nombre_tramo":"Por Defnir","ruta":"55","superficie":3,"territorial":4,"amenaza_cat":"Alta","longitud_km":6.5075144658521022,"Shape_Length":0.05661213571293968}},{"type":"Feature","id":88,"geometry":{"type":"LineString","coordinates":[[-72.692841899999962,6.4730522370000472],[-72.685232449999944,6.491722047000053],[-72.692760371999952,6.5129720410000687]]},"properties":{"OBJECTID":88,"administrador":1,"categoria":1,"codigo_tramo":"5503","nombre_ruta":"Troncal Central del Norte","nombre_tramo":"Por Defnir","ruta":"55","superficie":3,"territorial":4,"amenaza_cat":"Alta","longitud_km":5.8672424735341631,"Shape_Length":0.042704988616093835}},{"type":"Feature","id":89,"geometry":{"type":"MultiLineString","coordinates":[[[-73.009496007999985,5.8636749150000469],[-73.008788476999939,5.8646749250000312]],[[-73.024085902999957,5.8312279340000259],[-73.011646327999983,5.8533239280000657]],[[-73.025088623999977,5.8289006830000289],[-73.024085902999957,5.8312279340000259]],[[-73.025088623999977,5.8289006830000289],[-73.024085902999957,5.8312279340000259]],[[-73.02717778799996,5.8239933810000366],[-73.025088623999977,5.8289006830000289]],[[-73.026945759999933,5.8238697470000602],[-73.02717778799996,5.8239933810000366]],[[-73.027190504999965,5.8237764460000676],[-73.02717778799996,5.8239933810000366]],[[-73.015761871999985,5.8096531360000654],[-73.026945759999933,5.8238697470000602]],[[-73.027190504999965,5.8237764460000676],[-73.026945759999933,5.8238697470000602]],[[-73.016098991999968,5.8096411490000719],[-73.027190504999965,5.8237764460000676]]]},"properties":{"OBJECTID":89,"administrador":1,"categoria":1,"codigo_tramo":"5503","nombre_ruta":"Troncal Central del Norte","nombre_tramo":"Por Defnir","ruta":"55","superficie":3,"territorial":4,"amenaza_cat":"Alta","longitud_km":8.8833705604532831,"Shape_Length":0.073781622490276352}},{"type":"Feature","id":90,"geometry":{"type":"MultiLineString","coordinates":[[[-72.980285368999944,5.8829430940000407],[-72.967552510999951,5.9265149880000649]],[[-72.990989085999956,5.8670600860000377],[-72.980285368999944,5.8829430940000407]],[[-72.990989085999956,5.8670600860000377],[-72.980285368999944,5.8829430940000407]],[[-73.008788476999939,5.8646749250000312],[-72.990989085999956,5.8670600860000377]],[[-73.011646327999983,5.8533239280000657],[-73.009496007999985,5.8636749150000469]]]},"properties":{"OBJECTID":90,"administrador":1,"categoria":1,"codigo_tramo":"5503","nombre_ruta":"Troncal Central del Norte","nombre_tramo":"Por Defnir","ruta":"55","superficie":3,"territorial":4,"amenaza_cat":"Alta","longitud_km":13.357992110301355,"Shape_Length":0.11223080455105379}},{"type":"Feature","id":91,"geometry":{"type":"LineString","coordinates":[[-72.692760371999952,6.5129720410000687],[-72.692593114999966,6.5133824000000686]]},"properties":{"OBJECTID":91,"administrador":1,"categoria":1,"codigo_tramo":"5503","nombre_ruta":"Troncal Central del Norte","nombre_tramo":"Por Defnir","ruta":"55","superficie":3,"territorial":4,"amenaza_cat":"Alta","longitud_km":0.049026949371403672,"Shape_Length":0.0004431358853958751}},{"type":"Feature","id":92,"geometry":{"type":"MultiLineString","coordinates":[[[-77.457402687999945,1.204699842000025],[-77.492984578999938,1.2211327220000499],[-77.48677599399997,1.2411946380000245],[-77.494056198999942,1.2454065970000556],[-77.479251250999937,1.2574309220000259]],[[-77.456216365999978,1.203634419000025],[-77.457402687999945,1.204699842000025]],[[-77.444745578999971,1.1544144000000642],[-77.45849151699997,1.1627832370000419],[-77.449704038999982,1.1752532570000653],[-77.456216365999978,1.203634419000025]]]},"properties":{"OBJECTID":92,"administrador":1,"categoria":1,"codigo_tramo":"2501B","nombre_ruta":"Alternas a la Troncal de Occidente","nombre_tramo":"Por Defnir","ruta":"25","superficie":3,"territorial":17,"amenaza_cat":"Alta","longitud_km":22.160145257322338,"Shape_Length":0.14973905852369782}},{"type":"Feature","id":93,"geometry":{"type":"LineString","coordinates":[[-77.479251250999937,1.2574309220000259],[-77.483800625999947,1.269728591000046],[-77.470748532999949,1.3007604890000266],[-77.460547611999971,1.2919907430000421],[-77.456115609999983,1.302284023000027],[-77.449767599999973,1.2863967520000301],[-77.445435809999935,1.2941944120000244],[-77.425104303999944,1.2850697550000518]]},"properties":{"OBJECTID":93,"administrador":1,"categoria":1,"codigo_tramo":"2501B","nombre_ruta":"Alternas a la Troncal de Occidente","nombre_tramo":"Por Defnir","ruta":"25","superficie":3,"territorial":17,"amenaza_cat":"Alta","longitud_km":18.25746668278062,"Shape_Length":0.11975035590313793}},{"type":"Feature","id":94,"geometry":{"type":"LineString","coordinates":[[-77.384261556999945,1.1122208250000654],[-77.393809320999935,1.1101317830000426],[-77.389818420999973,1.1163960400000406]]},"properties":{"OBJECTID":94,"administrador":1,"categoria":1,"codigo_tramo":"2501B","nombre_ruta":"Alternas a la Troncal de Occidente","nombre_tramo":"Por Defnir","ruta":"25","superficie":3,"territorial":17,"amenaza_cat":"Alta","longitud_km":2.1366812588039101,"Shape_Length":0.017201162359395072}},{"type":"Feature","id":95,"geometry":{"type":"LineString","coordinates":[[-77.389818420999973,1.1163960400000406],[-77.43195721099994,1.1103890500000375],[-77.426754180999978,1.1308063590000756],[-77.455369083999983,1.147847974000058],[-77.444745578999971,1.1544144000000642]]},"properties":{"OBJECTID":95,"administrador":1,"categoria":1,"codigo_tramo":"2501B","nombre_ruta":"Alternas a la Troncal de Occidente","nombre_tramo":"Por Defnir","ruta":"25","superficie":3,"territorial":17,"amenaza_cat":"Alta","longitud_km":16.905121763769031,"Shape_Length":0.10942879133023228}},{"type":"Feature","id":96,"geometry":{"type":"LineString","coordinates":[[-75.068795166999962,5.9991700490000426],[-75.050451399999986,5.9924264360000734],[-75.049683353999967,6.0037607870000329],[-75.039809666999986,5.98725093500002],[-75.024438603999954,6.0066055050000386],[-74.994821392999938,5.9839366970000469],[-74.961419732999957,5.9763621560000502],[-74.94848699299996,5.9889237100000514],[-74.957951350999963,6.0150255630000515],[-74.911015564999957,5.9725888400000713],[-74.895078535999971,5.9782152080000515],[-74.879246456999965,5.9691986240000574],[-74.857915807999973,5.9466273950000641],[-74.859193536999953,5.9311628970000356]]},"properties":{"OBJECTID":96,"administrador":1,"categoria":1,"codigo_tramo":"6005","nombre_ruta":"Transversal Medellin - Bogotá","nombre_tramo":"Por Defnir","ruta":"60","superficie":1,"territorial":1,"amenaza_cat":"Alta","longitud_km":47.238296613001374,"Shape_Length":0.3371671039711826}},{"type":"Feature","id":97,"geometry":{"type":"MultiLineString","coordinates":[[[-72.828990058999977,8.0854427290000217],[-72.813657216999957,8.1070302290000313],[-72.794616253999948,8.1025021950000564]],[[-72.794616253999948,8.1025021950000564],[-72.794426539999961,8.1023753260000717]],[[-72.794616253999948,8.1025021950000564],[-72.79459714799998,8.1023110800000495]],[[-72.794426539999961,8.1023753260000717],[-72.79459714799998,8.1023110800000495]],[[-72.794426539999961,8.1023753260000717],[-72.794400656999983,8.1023579570000379]],[[-72.794400656999983,8.1023579570000379],[-72.793988700999989,8.1022276620000753]],[[-72.794427840999958,8.1021343130000218],[-72.794400656999983,8.1023579570000379]],[[-72.79459714799998,8.1023110800000495],[-72.79460071699998,8.1022953760000291]],[[-72.79460071699998,8.1022953760000291],[-72.794459981999978,8.102127481000025]],[[-72.79460071699998,8.1022953760000291],[-72.794743344999972,8.1020593130000407]]]},"properties":{"OBJECTID":97,"administrador":1,"categoria":1,"codigo_tramo":"70NSA","nombre_ruta":"Acceso a Cucuta y Venezuela","nombre_tramo":"Por Defnir","ruta":"70","superficie":3,"territorial":18,"amenaza_cat":"Alta","longitud_km":5.485773551182783,"Shape_Length":0.047852668025117569}},{"type":"Feature","id":98,"geometry":{"type":"LineString","coordinates":[[-72.402694747999988,5.3490330800000265],[-72.412827252999989,5.3666258090000269],[-72.397241142999974,5.3578352620000373],[-72.376902037999969,5.3622882500000628],[-72.331279679999966,5.4023361570000361],[-72.263227508999933,5.4325661820000732],[-72.250263337999968,5.472960553000064],[-72.217240533999984,5.5157924630000252]]},"properties":{"OBJECTID":98,"administrador":1,"categoria":1,"codigo_tramo":"6513","nombre_ruta":"Troncal Villagarzon - Saravena","nombre_tramo":"Por Defnir","ruta":"65","superficie":3,"territorial":7,"amenaza_cat":"Alta","longitud_km":33.233159483175022,"Shape_Length":0.29069533837187489}},{"type":"Feature","id":99,"geometry":{"type":"LineString","coordinates":[[-72.492953359999944,7.9402486480000221],[-72.507029298999953,7.9588928410000221]]},"properties":{"OBJECTID":99,"administrador":1,"categoria":1,"codigo_tramo":"5507","nombre_ruta":"Troncal Central del Norte","nombre_tramo":"Por Defnir","ruta":"55","superficie":3,"territorial":18,"amenaza_cat":"Alta","longitud_km":2.7933599518099377,"Shape_Length":0.02336103575086541}},{"type":"Feature","id":100,"geometry":{"type":"LineString","coordinates":[[-76.776047651999988,1.0721374290000654],[-76.734435223999981,1.0680404860000294],[-76.737108270999954,1.0813041760000601],[-76.728318263999938,1.0743318780000664],[-76.730477831999963,1.0838675510000257],[-76.721102952999956,1.0768084850000719],[-76.688802937999981,1.0879076790000681],[-76.666819369999985,1.0808906580000439]]},"properties":{"OBJECTID":100,"administrador":1,"categoria":9.2233720368547758e+18,"codigo_tramo":"1003","nombre_ruta":"Transversal Tumaco - Leticia","nombre_tramo":"Por Defnir","ruta":"10","superficie":9.2233720368547758e+18,"territorial":9.2233720368547758e+18,"amenaza_cat":"Alta","longitud_km":29.417677017063561,"Shape_Length":0.14530612363280893}},{"type":"Feature","id":101,"geometry":{"type":"LineString","coordinates":[[-76.877285883999946,1.1723332480000295],[-76.863424361999989,1.1755104530000722],[-76.855316124999945,1.1448751510000648],[-76.845319934999964,1.1427960980000762],[-76.850048403999949,1.1334659160000342],[-76.834418397999968,1.117518245000042],[-76.836007250999955,1.0845040040000526],[-76.801823269999943,1.0763225840000246],[-76.800008354999989,1.0842686240000603],[-76.786484116999986,1.0674396340000385],[-76.776047651999988,1.0721374290000654]]},"properties":{"OBJECTID":101,"administrador":1,"categoria":9.2233720368547758e+18,"codigo_tramo":"1003","nombre_ruta":"Transversal Tumaco - Leticia","nombre_tramo":"Por Defnir","ruta":"10","superficie":9.2233720368547758e+18,"territorial":9.2233720368547758e+18,"amenaza_cat":"Alta","longitud_km":35.077247175162348,"Shape_Length":0.19829849236544642}},{"type":"Feature","id":102,"geometry":{"type":"LineString","coordinates":[[-73.41618479999994,7.1056167660000256],[-73.386078841999961,7.1013403590000621],[-73.383378153999956,7.0884042760000625],[-73.335352431999979,7.1181048580000379]]},"properties":{"OBJECTID":102,"administrador":2,"categoria":1,"codigo_tramo":"6602","nombre_ruta":"Transversal Tribuga - Arauca","nombre_tramo":"Por Defnir","ruta":"66","superficie":3,"territorial":22,"amenaza_cat":"Alta","longitud_km":13.262540579076074,"Shape_Length":0.10009079429472165}},{"type":"Feature","id":103,"geometry":{"type":"LineString","coordinates":[[-73.335352431999979,7.1181048580000379],[-73.279627722999976,7.1809796330000495],[-73.278516167999953,7.1454852380000489],[-73.249990810999975,7.1200279320000277],[-73.219594685999937,7.1117951040000662]]},"properties":{"OBJECTID":103,"administrador":2,"categoria":1,"codigo_tramo":"6602","nombre_ruta":"Transversal Tribuga - Arauca","nombre_tramo":"Por Defnir","ruta":"66","superficie":3,"territorial":22,"amenaza_cat":"Alta","longitud_km":25.831803416277545,"Shape_Length":0.1892509958394491}},{"type":"Feature","id":104,"geometry":{"type":"LineString","coordinates":[[-73.240466328999958,6.6767331780000632],[-73.239920543999972,6.6539271580000445]]},"properties":{"OBJECTID":104,"administrador":1,"categoria":3,"codigo_tramo":"64ST02","nombre_ruta":"Transversal Guane - San Gil - Mogotes - La Rosita","nombre_tramo":"Por Defnir","ruta":"64","superficie":3,"territorial":22,"amenaza_cat":"Alta","longitud_km":3.2932831733531982,"Shape_Length":0.022812549824766618}},{"type":"Feature","id":105,"geometry":{"type":"MultiLineString","coordinates":[[[-72.486978956999963,7.8813680410000302],[-72.48679038399996,7.8821253690000503]],[[-72.485693324999943,7.8692398300000264],[-72.486978956999963,7.8813680410000302]],[[-72.485760755999934,7.8692116690000375],[-72.486978956999963,7.8813680410000302]]]},"properties":{"OBJECTID":105,"administrador":1,"categoria":1,"codigo_tramo":"7010","nombre_ruta":"Acceso a Cucuta y Venezuela","nombre_tramo":"Cúcuta - Puente Internacional Simón Bolívar","ruta":"70","superficie":1,"territorial":18,"amenaza_cat":"Alta","longitud_km":3.0236062290897725,"Shape_Length":0.025193871482550305}},{"type":"Feature","id":106,"geometry":{"type":"MultiLineString","coordinates":[[[-72.480745056999979,7.8625066140000399],[-72.485693324999943,7.8692398300000264]],[[-72.480820619999974,7.8624101630000496],[-72.485760755999934,7.8692116690000375]],[[-72.48025972399995,7.8624264360000211],[-72.480745056999979,7.8625066140000399]],[[-72.480569715999934,7.8622201400000336],[-72.480745056999979,7.8625066140000399]],[[-72.48063966999996,7.8621735860000399],[-72.480820619999974,7.8624101630000496]],[[-72.480527356999971,7.8621543640000482],[-72.480569715999934,7.8622201400000336]],[[-72.480598718999943,7.8621065710000266],[-72.48063966999996,7.8621735860000399]],[[-72.480273151999938,7.8618219100000601],[-72.480527356999971,7.8621543640000482]],[[-72.480426931999943,7.8618254820000288],[-72.480598718999943,7.8621065710000266]],[[-72.480823769999972,7.8619502230000649],[-72.480426931999943,7.8618254820000288]],[[-72.463011837999943,7.8339858960000583],[-72.480426931999943,7.8618254820000288]],[[-72.462423700999977,7.8342893180000601],[-72.480273151999938,7.8618219100000601]],[[-72.463011837999943,7.8339858960000583],[-72.462423700999977,7.8342893180000601]],[[-72.462600314999975,7.8266570310000247],[-72.462423700999977,7.8342893180000601]],[[-72.462906079999982,7.8265932480000515],[-72.463011837999943,7.8339858960000583]],[[-72.452974477999987,7.8185039160000542],[-72.462600314999975,7.8266570310000247]],[[-72.462600314999975,7.8266570310000247],[-72.462906079999982,7.8265932480000515]],[[-72.452974477999987,7.8185039160000542],[-72.462906079999982,7.8265932480000515]],[[-72.452974477999987,7.8185039160000542],[-72.452327237999953,7.8183438370000431]]]},"properties":{"OBJECTID":106,"administrador":1,"categoria":1,"codigo_tramo":"7010","nombre_ruta":"Acceso a Cucuta y Venezuela","nombre_tramo":"Cúcuta - Puente Internacional Simón Bolívar","ruta":"70","superficie":1,"territorial":18,"amenaza_cat":"Alta","longitud_km":14.434341279641039,"Shape_Length":0.12695114449289269}},{"type":"Feature","id":107,"geometry":{"type":"MultiLineString","coordinates":[[[-71.767492270999981,6.8000139860000672],[-71.772705753999958,6.8082390750000741]],[[-71.767339602999982,6.799786354000048],[-71.767492270999981,6.8000139860000672]],[[-71.767339602999982,6.799786354000048],[-71.767492270999981,6.8000139860000672]],[[-71.692459570999972,6.6700316240000461],[-71.686552825999968,6.7087916600000312],[-71.715424495999969,6.7481877930000564],[-71.739198615999953,6.7556214210000576],[-71.767339602999982,6.799786354000048]]]},"properties":{"OBJECTID":107,"administrador":1,"categoria":1,"codigo_tramo":"6515","nombre_ruta":"Troncal Villagarzon - Saravena","nombre_tramo":"Por Defnir","ruta":"65","superficie":3,"territorial":7,"amenaza_cat":"Alta","longitud_km":20.565562105622295,"Shape_Length":0.17561445013033225}},{"type":"Feature","id":108,"geometry":{"type":"MultiLineString","coordinates":[[[-71.878333321999946,6.9584072850000211],[-71.87875115199995,6.9590941320000752]],[[-71.878212963999943,6.9583644920000438],[-71.878333321999946,6.9584072850000211]],[[-71.878212963999943,6.9583644920000438],[-71.878333321999946,6.9584072850000211]],[[-71.874748336999971,6.9580728140000474],[-71.878212963999943,6.9583644920000438]],[[-71.868882888999963,6.9480013300000678],[-71.874748336999971,6.9580728140000474]],[[-71.868882888999963,6.9480013300000678],[-71.874748336999971,6.9580728140000474]],[[-71.772705753999958,6.8082390750000741],[-71.802849680999941,6.878109724000069],[-71.793271016999938,6.8855160820000378],[-71.794534609999971,6.9062458360000392],[-71.80226916099997,6.9138818140000353],[-71.847819984999944,6.9118610930000273],[-71.868882888999963,6.9480013300000678]]]},"properties":{"OBJECTID":108,"administrador":1,"categoria":1,"codigo_tramo":"6515","nombre_ruta":"Troncal Villagarzon - Saravena","nombre_tramo":"Por Defnir","ruta":"65","superficie":3,"territorial":7,"amenaza_cat":"Alta","longitud_km":26.397359652368355,"Shape_Length":0.2351129040928624}},{"type":"Feature","id":109,"geometry":{"type":"MultiLineString","coordinates":[[[-71.720026089999976,6.5067534550000232],[-71.707302435999964,6.5272834600000351],[-71.706460156999981,6.5933571020000272],[-71.690594233999946,6.6102277080000249],[-71.701112932999933,6.6503461480000396],[-71.692459570999972,6.6700316240000461]],[[-71.731594645999962,6.4606545050000364],[-71.714617297999951,6.4736330370000701],[-71.720026089999976,6.5067534550000232]],[[-71.745118773999934,6.4534288540000375],[-71.731594645999962,6.4606545050000364]],[[-71.745118773999934,6.4534288540000375],[-71.731594645999962,6.4606545050000364]],[[-72.022994249999954,6.125953533000029],[-71.981876691999958,6.1695256840000638],[-71.972980617999951,6.1947050310000691],[-71.977464588999965,6.2315309870000419],[-71.947192427999937,6.2513463370000295],[-71.934467233999953,6.2961976110000251],[-71.897050312999966,6.3418669610000507],[-71.882570323999971,6.4055763170000546],[-71.868295475999957,6.4216495450000366],[-71.745118773999934,6.4534288540000375]]]},"properties":{"OBJECTID":109,"administrador":1,"categoria":1,"codigo_tramo":"6515","nombre_ruta":"Troncal Villagarzon - Saravena","nombre_tramo":"Por Defnir","ruta":"65","superficie":3,"territorial":7,"amenaza_cat":"Alta","longitud_km":85.32239171823835,"Shape_Length":0.74156097885910244}},{"type":"Feature","id":110,"geometry":{"type":"LineString","coordinates":[[-73.243603397999948,7.6002554770000756],[-73.252902503999962,7.6276817860000392],[-73.28787293399995,7.6307235560000208]]},"properties":{"OBJECTID":110,"administrador":1,"categoria":1,"codigo_tramo":"45A08","nombre_ruta":"Troncal Central","nombre_tramo":"Por Defnir","ruta":"45","superficie":3,"territorial":22,"amenaza_cat":"Alta","longitud_km":9.2004353710593172,"Shape_Length":0.06406236895438977}},{"type":"Feature","id":111,"geometry":{"type":"MultiLineString","coordinates":[[[-73.196353192999936,7.4473812410000733],[-73.243603397999948,7.6002554770000756]],[[-73.195790145999979,7.4419475610000632],[-73.196529503999955,7.4467037240000309]],[[-73.194168912999942,7.4367466400000239],[-73.195737852999969,7.4416172000000529]],[[-73.192236108999964,7.4301021080000282],[-73.194107378999945,7.4365019830000278]],[[-73.189408627999967,7.4178934690000347],[-73.192308210999954,7.4297680130000572]],[[-73.185118243999966,7.4131420420000609],[-73.189458036999952,7.4175622210000256]]]},"properties":{"OBJECTID":111,"administrador":1,"categoria":1,"codigo_tramo":"45A08","nombre_ruta":"Troncal Central","nombre_tramo":"Por Defnir","ruta":"45","superficie":3,"territorial":22,"amenaza_cat":"Alta","longitud_km":22.788114244116205,"Shape_Length":0.1950258105198529}},{"type":"Feature","id":112,"geometry":{"type":"MultiLineString","coordinates":[[[-73.129126976999942,7.1591760140000247],[-73.134318487999963,7.2134049840000216]],[[-73.129140405999976,7.1577510270000744],[-73.129126976999942,7.1591760140000247]]]},"properties":{"OBJECTID":112,"administrador":6,"categoria":1,"codigo_tramo":"45A08","nombre_ruta":"Troncal Central","nombre_tramo":"Por Defnir","ruta":"45","superficie":3,"territorial":22,"amenaza_cat":"Alta","longitud_km":7.4654247935008931,"Shape_Length":0.055901953397262741}},{"type":"Feature","id":113,"geometry":{"type":"LineString","coordinates":[[-72.847163203999969,7.211023315000034],[-72.846462747999965,7.2115254070000674]]},"properties":{"OBJECTID":113,"administrador":1,"categoria":1,"codigo_tramo":"6603","nombre_ruta":"Transversal Tribuga - Arauca","nombre_tramo":"Por Defnir","ruta":"66","superficie":3,"territorial":22,"amenaza_cat":"Alta","longitud_km":0.1118836697662262,"Shape_Length":0.00086182073799560453}},{"type":"Feature","id":114,"geometry":{"type":"MultiLineString","coordinates":[[[-73.099418223999976,7.1294111950000456],[-73.083479587999989,7.1119666210000219]],[[-73.083479587999989,7.1119666210000219],[-73.082996499999979,7.1114434380000375]],[[-73.083479587999989,7.1119666210000219],[-73.083196249999958,7.1111075250000226]],[[-73.082996499999979,7.1114434380000375],[-73.082861589999936,7.1114193380000756]],[[-73.082996499999979,7.1114434380000375],[-73.083196249999958,7.1111075250000226]],[[-73.083196249999958,7.1111075250000226],[-73.082912323999949,7.110812413000076]]]},"properties":{"OBJECTID":114,"administrador":1,"categoria":1,"codigo_tramo":"6603","nombre_ruta":"Transversal Tribuga - Arauca","nombre_tramo":"Por Defnir","ruta":"66","superficie":3,"territorial":22,"amenaza_cat":"Alta","longitud_km":5.6001168582032257,"Shape_Length":0.026183600140881436}},{"type":"Feature","id":115,"geometry":{"type":"MultiLineString","coordinates":[[[-73.069220298999937,7.1135602580000636],[-73.059330708999937,7.108436116000064],[-73.049919281999962,7.1317266190000623],[-73.02381735199998,7.1418002510000633]],[[-73.082247294999945,7.111753760000056],[-73.069220298999937,7.1135602580000636]],[[-73.081870642999945,7.1116107900000429],[-73.069220298999937,7.1135602580000636]],[[-73.081870642999945,7.1116107900000429],[-73.082247294999945,7.111753760000056]],[[-73.082861589999936,7.1114193380000756],[-73.082247294999945,7.111753760000056]],[[-73.082912323999949,7.110812413000076],[-73.081870642999945,7.1116107900000429]],[[-73.002439171999981,7.1081102800000622],[-73.008909487999972,7.1113380260000554],[-73.009704512999974,7.1011399600000686]]]},"properties":{"OBJECTID":115,"administrador":1,"categoria":1,"codigo_tramo":"6603","nombre_ruta":"Transversal Tribuga - Arauca","nombre_tramo":"Por Defnir","ruta":"66","superficie":3,"territorial":22,"amenaza_cat":"Alta","longitud_km":20.819213087241394,"Shape_Length":0.11006258460767612}},{"type":"Feature","id":116,"geometry":{"type":"MultiLineString","coordinates":[[[-72.984863861999941,7.1090885560000743],[-72.968284964999953,7.1074617570000669]],[[-72.992848166999977,7.1088258730000575],[-72.99125031899996,7.1082350850000466]],[[-73.009704512999974,7.1011399600000686],[-73.009690945999978,7.0921711610000671],[-73.000495747999935,7.0934331410000482],[-72.993218543999944,7.1088215220000279]],[[-72.989769670999976,7.1083519300000262],[-72.988438884999937,7.1086665900000412]],[[-72.990778316999979,7.108210596000049],[-72.990276610999956,7.1082707160000496]]]},"properties":{"OBJECTID":116,"administrador":1,"categoria":1,"codigo_tramo":"6603","nombre_ruta":"Transversal Tribuga - Arauca","nombre_tramo":"Por Defnir","ruta":"66","superficie":3,"territorial":22,"amenaza_cat":"Alta","longitud_km":10.471156451977629,"Shape_Length":0.055507405102695646}},{"type":"Feature","id":117,"geometry":{"type":"MultiLineString","coordinates":[[[-72.968284964999953,7.1074617570000669],[-72.912649585999986,7.1405019560000369],[-72.881147575999989,7.1857382550000466],[-72.842563904999963,7.1984133800000336],[-72.847163203999969,7.211023315000034]],[[-73.02381735199998,7.1418002510000633],[-73.012539764999985,7.1332182030000695],[-73.010598228999982,7.1440932370000496],[-73.002439171999981,7.1081102800000622]],[[-72.988438884999937,7.1086665900000412],[-72.984863861999941,7.1090885560000743]],[[-72.990276610999956,7.1082707160000496],[-72.989769670999976,7.1083519300000262]],[[-72.99125031899996,7.1082350850000466],[-72.990778316999979,7.108210596000049]],[[-72.993218543999944,7.1088215220000279],[-72.992848166999977,7.1088258730000575]]]},"properties":{"OBJECTID":117,"administrador":1,"categoria":1,"codigo_tramo":"6603","nombre_ruta":"Transversal Tribuga - Arauca","nombre_tramo":"Por Defnir","ruta":"66","superficie":3,"territorial":22,"amenaza_cat":"Alta","longitud_km":33.128639860660584,"Shape_Length":0.24093716191340467}},{"type":"Feature","id":118,"geometry":{"type":"MultiLineString","coordinates":[[[-72.755711398999949,7.257667371000025],[-72.755072643999938,7.2786980230000609],[-72.726499127999944,7.3154582160000245],[-72.723009284999989,7.3426651410000545],[-72.706069729999967,7.3526080110000294]],[[-72.758882111999981,7.2552500060000398],[-72.756296624999948,7.2575987330000657]],[[-72.766744921999987,7.2554971990000467],[-72.763880698999969,7.2554408060000242]],[[-72.763465489999987,7.2545162950000304],[-72.75976787899998,7.2537526130000742]],[[-72.759735227999954,7.2537668450000297],[-72.759380587999942,7.2543165420000264]]]},"properties":{"OBJECTID":118,"administrador":1,"categoria":1,"codigo_tramo":"6603","nombre_ruta":"Transversal Tribuga - Arauca","nombre_tramo":"Por Defnir","ruta":"66","superficie":3,"territorial":18,"amenaza_cat":"Alta","longitud_km":21.178486951352941,"Shape_Length":0.12545902117808613}},{"type":"Feature","id":119,"geometry":{"type":"MultiLineString","coordinates":[[[-72.706069729999967,7.3526080110000294],[-72.688481439999975,7.3782925790000604],[-72.667257209999946,7.369250867000062],[-72.653486421999958,7.3900757360000284],[-72.649207899999965,7.3799869730000296]],[[-72.649207899999965,7.3799869730000296],[-72.641688895999948,7.3754128000000492]],[[-72.649207899999965,7.3799869730000296],[-72.643038775999969,7.3754795110000373]]]},"properties":{"OBJECTID":119,"administrador":1,"categoria":1,"codigo_tramo":"6603","nombre_ruta":"Transversal Tribuga - Arauca","nombre_tramo":"Por Defnir","ruta":"66","superficie":3,"territorial":18,"amenaza_cat":"Alta","longitud_km":16.186975288757527,"Shape_Length":0.10656549522555124}},{"type":"Feature","id":120,"geometry":{"type":"MultiLineString","coordinates":[[[-72.756296624999948,7.2575987330000657],[-72.755711398999949,7.257667371000025]],[[-72.846462747999965,7.2115254070000674],[-72.823177186999942,7.2414763200000607],[-72.797889277999957,7.2346012020000217],[-72.766744921999987,7.2554971990000467]],[[-72.763880698999969,7.2554408060000242],[-72.763465489999987,7.2545162950000304]],[[-72.759380587999942,7.2543165420000264],[-72.758882111999981,7.2552500060000398]],[[-72.75976787899998,7.2537526130000742],[-72.759735227999954,7.2537668450000297]]]},"properties":{"OBJECTID":120,"administrador":1,"categoria":1,"codigo_tramo":"6603","nombre_ruta":"Transversal Tribuga - Arauca","nombre_tramo":"Por Defnir","ruta":"66","superficie":3,"territorial":18,"amenaza_cat":"Alta","longitud_km":17.000146994382995,"Shape_Length":0.1043449967804055}},{"type":"Feature","id":121,"geometry":{"type":"MultiLineString","coordinates":[[[-73.163424520999968,7.1058161010000731],[-73.150476696999988,7.1472231010000655],[-73.138096963999942,7.164988706000031],[-73.129126976999942,7.1591760140000247]],[[-73.166915259999939,7.0967825360000347],[-73.163424520999968,7.1058161010000731]],[[-73.166982304999976,7.0968054720000282],[-73.163424520999968,7.1058161010000731]]]},"properties":{"OBJECTID":121,"administrador":6,"categoria":1,"codigo_tramo":"45AST08","nombre_ruta":"Troncal Central","nombre_tramo":"Por Defnir","ruta":"45","superficie":3,"territorial":22,"amenaza_cat":"Alta","longitud_km":11.041667244397182,"Shape_Length":0.095098499070899511}},{"type":"Feature","id":122,"geometry":{"type":"MultiLineString","coordinates":[[[-73.170222606999971,7.0832996300000559],[-73.166982304999976,7.0968054720000282]],[[-73.170144268999934,7.0833039640000379],[-73.166915259999939,7.0967825360000347]],[[-73.168743693999943,7.082936701000051],[-73.170144268999934,7.0833039640000379]],[[-73.169799123999951,7.0826255640000682],[-73.170144268999934,7.0833039640000379]],[[-73.169881622999981,7.0825927570000431],[-73.170222606999971,7.0832996300000559]],[[-73.170145910999963,7.0814274180000325],[-73.170222606999971,7.0832996300000559]],[[-73.169570564999958,7.0824019920000296],[-73.169277376999958,7.0823874080000451]],[[-73.169619433999969,7.0820178810000698],[-73.169633411999939,7.0823189300000422]]]},"properties":{"OBJECTID":122,"administrador":6,"categoria":1,"codigo_tramo":"45AST08","nombre_ruta":"Troncal Central","nombre_tramo":"Por Defnir","ruta":"45","superficie":3,"territorial":22,"amenaza_cat":"Alta","longitud_km":3.9314924078166404,"Shape_Length":0.033211667669090748}},{"type":"Feature","id":123,"geometry":{"type":"LineString","coordinates":[[-77.71425878499997,0.88224587800004883],[-77.684050506999938,0.86425657500006992],[-77.676590784999973,0.8424820040000327]]},"properties":{"OBJECTID":123,"administrador":1,"categoria":1,"codigo_tramo":"0801","nombre_ruta":"Via Alterna al Puerto de Tumaco","nombre_tramo":"Por Defnir","ruta":"8","superficie":1,"territorial":17,"amenaza_cat":"Alta","longitud_km":7.4674526116124804,"Shape_Length":0.058175934295778733}},{"type":"Feature","id":124,"geometry":{"type":"LineString","coordinates":[[-77.726123137999934,0.91009023200007277],[-77.71425878499997,0.88224587800004883]]},"properties":{"OBJECTID":124,"administrador":1,"categoria":1,"codigo_tramo":"0801","nombre_ruta":"Via Alterna al Puerto de Tumaco","nombre_tramo":"Por Defnir","ruta":"8","superficie":1,"territorial":17,"amenaza_cat":"Alta","longitud_km":5.0486189445268259,"Shape_Length":0.030266663539055889}},{"type":"Feature","id":125,"geometry":{"type":"LineString","coordinates":[[-77.732988971999987,0.95943771400004607],[-77.726123137999934,0.91009023200007277]]},"properties":{"OBJECTID":125,"administrador":1,"categoria":1,"codigo_tramo":"0801","nombre_ruta":"Via Alterna al Puerto de Tumaco","nombre_tramo":"Por Defnir","ruta":"8","superficie":1,"territorial":17,"amenaza_cat":"Alta","longitud_km":6.4229825116379677,"Shape_Length":0.049822822644386228}},{"type":"Feature","id":126,"geometry":{"type":"MultiLineString","coordinates":[[[-77.676590784999973,0.8424820040000327],[-77.672037032999981,0.82922707800003082],[-77.646000167999944,0.8299972780000644]],[[-77.646000167999944,0.8299972780000644],[-77.64275371399998,0.82870038400005797]],[[-77.646000167999944,0.8299972780000644],[-77.642736646999936,0.8286513780000746]]]},"properties":{"OBJECTID":126,"administrador":1,"categoria":1,"codigo_tramo":"0801","nombre_ruta":"Via Alterna al Puerto de Tumaco","nombre_tramo":"Por Defnir","ruta":"8","superficie":1,"territorial":17,"amenaza_cat":"Alta","longitud_km":5.749897586490321,"Shape_Length":0.047089662609501391}},{"type":"Feature","id":127,"geometry":{"type":"MultiLineString","coordinates":[[[-76.666819369999985,1.0808906580000439],[-76.652050513999939,1.0952338690000261],[-76.649047655999937,1.1460726200000408]],[[-76.641572770999971,1.0719873810000422],[-76.666819369999985,1.0808906580000439]]]},"properties":{"OBJECTID":127,"administrador":1,"categoria":1,"codigo_tramo":"4502","nombre_ruta":"Troncal del Magdalena","nombre_tramo":"Por Defnir","ruta":"45","superficie":3,"territorial":19,"amenaza_cat":"Alta","longitud_km":13.23239274855864,"Shape_Length":0.098285387213678438}},{"type":"Feature","id":128,"geometry":{"type":"LineString","coordinates":[[-76.622356670999977,1.0434074250000549],[-76.641572770999971,1.0719873810000422]]},"properties":{"OBJECTID":128,"administrador":1,"categoria":1,"codigo_tramo":"4502","nombre_ruta":"Troncal del Magdalena","nombre_tramo":"Por Defnir","ruta":"45","superficie":3,"territorial":19,"amenaza_cat":"Alta","longitud_km":4.3702173136909872,"Shape_Length":0.034439401623300413}},{"type":"Feature","id":129,"geometry":{"type":"LineString","coordinates":[[-73.389058868999939,5.0160289890000627],[-73.402090243999965,5.0076937220000559],[-73.463305410999965,5.0081813680000664]]},"properties":{"OBJECTID":129,"administrador":2,"categoria":1,"codigo_tramo":"5608","nombre_ruta":"Conexión Troncal Central del Norte - Troncal Villagarzon - Saravena","nombre_tramo":"Por Defnir","ruta":"56","superficie":3,"territorial":4,"amenaza_cat":"Alta","longitud_km":11.394974664915374,"Shape_Length":0.076686220779047173}},{"type":"Feature","id":130,"geometry":{"type":"LineString","coordinates":[[-73.362024983999959,5.0210263040000314],[-73.389058868999939,5.0160289890000627]]},"properties":{"OBJECTID":130,"administrador":2,"categoria":1,"codigo_tramo":"5608","nombre_ruta":"Conexión Troncal Central del Norte - Troncal Villagarzon - Saravena","nombre_tramo":"Por Defnir","ruta":"56","superficie":3,"territorial":4,"amenaza_cat":"Alta","longitud_km":3.6584867037285043,"Shape_Length":0.027491891448226519}},{"type":"Feature","id":131,"geometry":{"type":"LineString","coordinates":[[-73.463305410999965,5.0081813680000664],[-73.475889782999957,5.0096755180000514]]},"properties":{"OBJECTID":131,"administrador":2,"categoria":1,"codigo_tramo":"5608","nombre_ruta":"Conexión Troncal Central del Norte - Troncal Villagarzon - Saravena","nombre_tramo":"Por Defnir","ruta":"56","superficie":3,"territorial":4,"amenaza_cat":"Alta","longitud_km":2.2327800640545181,"Shape_Length":0.012672762242567307}},{"type":"Feature","id":132,"geometry":{"type":"LineString","coordinates":[[-73.295106340999951,4.9074429090000535],[-73.307959919999973,4.9209730200000763],[-73.304418005999935,4.9497508960000687],[-73.349282159999973,4.9878870320000601],[-73.362024983999959,5.0210263040000314]]},"properties":{"OBJECTID":132,"administrador":2,"categoria":1,"codigo_tramo":"5608","nombre_ruta":"Conexión Troncal Central del Norte - Troncal Villagarzon - Saravena","nombre_tramo":"Por Defnir","ruta":"56","superficie":3,"territorial":4,"amenaza_cat":"Alta","longitud_km":19.847135505160903,"Shape_Length":0.14204461283761144}},{"type":"Feature","id":133,"geometry":{"type":"LineString","coordinates":[[-73.073849722999967,4.8206238670000516],[-73.126750362999985,4.8342723520000277],[-73.156697288999965,4.8307816960000309],[-73.177766760999987,4.8154455150000217],[-73.221406197999954,4.8443310540000653]]},"properties":{"OBJECTID":133,"administrador":2,"categoria":1,"codigo_tramo":"5608","nombre_ruta":"Conexión Troncal Central del Norte - Troncal Villagarzon - Saravena","nombre_tramo":"Por Defnir","ruta":"56","superficie":3,"territorial":4,"amenaza_cat":"Alta","longitud_km":21.034803300137249,"Shape_Length":0.16317588127360488}},{"type":"Feature","id":134,"geometry":{"type":"LineString","coordinates":[[-73.221406197999954,4.8443310540000653],[-73.243814807999968,4.878738859000066],[-73.253463477999958,4.860309677000032],[-73.268816379999976,4.8618559380000761],[-73.272997079999982,4.8879129590000616],[-73.29737087999996,4.8977780400000483],[-73.295106340999951,4.9074429090000535]]},"properties":{"OBJECTID":134,"administrador":2,"categoria":1,"codigo_tramo":"5608","nombre_ruta":"Conexión Troncal Central del Norte - Troncal Villagarzon - Saravena","nombre_tramo":"Por Defnir","ruta":"56","superficie":3,"territorial":4,"amenaza_cat":"Alta","longitud_km":20.132040760267866,"Shape_Length":0.13990564460436342}},{"type":"Feature","id":135,"geometry":{"type":"LineString","coordinates":[[-73.072408166999935,4.8194268120000743],[-73.073849722999967,4.8206238670000516]]},"properties":{"OBJECTID":135,"administrador":2,"categoria":1,"codigo_tramo":"5608","nombre_ruta":"Conexión Troncal Central del Norte - Troncal Villagarzon - Saravena","nombre_tramo":"Por Defnir","ruta":"56","superficie":3,"territorial":4,"amenaza_cat":"Alta","longitud_km":0.20762441120904432,"Shape_Length":0.0018737727648244539}},{"type":"Feature","id":136,"geometry":{"type":"MultiLineString","coordinates":[[[-75.79087261799998,2.0624145190000718],[-75.793567773999939,2.0445621870000537],[-75.772931964999941,2.0343882420000341],[-75.777027428999986,2.0275589370000375]],[[-75.777027428999986,2.0275589370000375],[-75.776156448999984,2.0265669570000568]]]},"properties":{"OBJECTID":136,"administrador":1,"categoria":1,"codigo_tramo":"2003","nombre_ruta":"Acceso a Florencia","nombre_tramo":"Por Defnir","ruta":"20","superficie":3,"territorial":14,"amenaza_cat":"Alta","longitud_km":6.1485001302849156,"Shape_Length":0.050345411459329664}},{"type":"Feature","id":137,"geometry":{"type":"LineString","coordinates":[[-75.776156448999984,2.0265669570000568],[-75.752769552999951,2.0243983900000444],[-75.752735830999939,1.9912798870000756],[-75.734059563999949,1.9649334830000384],[-75.709051153999951,1.9466846690000352],[-75.693106249999971,1.9490862280000556],[-75.708160434999968,1.9359925160000557],[-75.678253878999953,1.9128802180000548],[-75.680427178999935,1.8834182570000735]]},"properties":{"OBJECTID":137,"administrador":1,"categoria":1,"codigo_tramo":"2003","nombre_ruta":"Acceso a Florencia","nombre_tramo":"Por Defnir","ruta":"20","superficie":3,"territorial":14,"amenaza_cat":"Alta","longitud_km":29.86726598181934,"Shape_Length":0.22327404892319275}},{"type":"Feature","id":138,"geometry":{"type":"MultiLineString","coordinates":[[[-76.589616324999952,2.4435168030000227],[-76.546960470999977,2.413693386000034],[-76.503772176999973,2.406861220000053],[-76.495179517999986,2.389728820000073]],[[-76.495179517999986,2.389728820000073],[-76.498157484999979,2.3715782180000247]]]},"properties":{"OBJECTID":138,"administrador":1,"categoria":1,"codigo_tramo":"2002","nombre_ruta":"Popayan - Paletara - San Jose de Isnos - Pitalito - San Agustin","nombre_tramo":"Por Defnir","ruta":"20","superficie":3,"territorial":8,"amenaza_cat":"Alta","longitud_km":20.375407422876343,"Shape_Length":0.13333274343476231}},{"type":"Feature","id":139,"geometry":{"type":"LineString","coordinates":[[-76.498157484999979,2.3715782180000247],[-76.494401254999957,2.3779492100000539],[-76.49604057199997,2.3396128300000214],[-76.516433659999961,2.2695002610000756],[-76.492644244999951,2.2361352330000273],[-76.496423687999936,2.2042440860000738],[-76.448288376999983,2.1502579490000358],[-76.431819278999967,2.1451000770000519]]},"properties":{"OBJECTID":139,"administrador":1,"categoria":1,"codigo_tramo":"2002","nombre_ruta":"Popayan - Paletara - San Jose de Isnos - Pitalito - San Agustin","nombre_tramo":"Por Defnir","ruta":"20","superficie":3,"territorial":8,"amenaza_cat":"Alta","longitud_km":37.428297959850042,"Shape_Length":0.28146439634870829}},{"type":"Feature","id":140,"geometry":{"type":"LineString","coordinates":[[-76.420986324999944,2.165551454000024],[-76.398331891999987,2.1617677950000598],[-76.388838147999934,2.17029567000003]]},"properties":{"OBJECTID":140,"administrador":1,"categoria":1,"codigo_tramo":"2002","nombre_ruta":"Popayan - Paletara - San Jose de Isnos - Pitalito - San Agustin","nombre_tramo":"Por Defnir","ruta":"20","superficie":3,"territorial":8,"amenaza_cat":"Alta","longitud_km":5.9693241091756128,"Shape_Length":0.035729723936883562}},{"type":"Feature","id":141,"geometry":{"type":"LineString","coordinates":[[-76.431819278999967,2.1451000770000519],[-76.418326026999978,2.1534219180000491],[-76.420986324999944,2.165551454000024]]},"properties":{"OBJECTID":141,"administrador":1,"categoria":1,"codigo_tramo":"2002","nombre_ruta":"Popayan - Paletara - San Jose de Isnos - Pitalito - San Agustin","nombre_tramo":"Por Defnir","ruta":"20","superficie":3,"territorial":8,"amenaza_cat":"Alta","longitud_km":3.9376486128935526,"Shape_Length":0.028270946563372513}},{"type":"Feature","id":142,"geometry":{"type":"LineString","coordinates":[[-76.587931506999951,3.464898991000041],[-76.602533034999965,3.4903868140000327],[-76.610215524999944,3.4841335610000215],[-76.620380140999941,3.5190970500000276]]},"properties":{"OBJECTID":142,"administrador":1,"categoria":1,"codigo_tramo":"1901","nombre_ruta":"Acceso a Cali","nombre_tramo":"Por Defnir","ruta":"19","superficie":3,"territorial":25,"amenaza_cat":"Alta","longitud_km":11.071317221789862,"Shape_Length":0.07569083461200643}},{"type":"Feature","id":143,"geometry":{"type":"LineString","coordinates":[[-76.620380140999941,3.5190970500000276],[-76.608225989999937,3.5520515050000654],[-76.616431850999959,3.5742523270000675],[-76.690214859999969,3.6461259730000393],[-76.664576567999973,3.7620036250000339]]},"properties":{"OBJECTID":143,"administrador":1,"categoria":1,"codigo_tramo":"1901","nombre_ruta":"Acceso a Cali","nombre_tramo":"Por Defnir","ruta":"19","superficie":3,"territorial":25,"amenaza_cat":"Alta","longitud_km":40.336789425156979,"Shape_Length":0.28047685382944199}},{"type":"Feature","id":144,"geometry":{"type":"MultiLineString","coordinates":[[[-77.615119657999969,1.2944557020000502],[-77.61451662199994,1.2971723640000619]],[[-77.615412314999958,1.2895705930000645],[-77.61509921399994,1.293997197000067]]]},"properties":{"OBJECTID":144,"administrador":1,"categoria":1,"codigo_tramo":"1702","nombre_ruta":"Acceso a Samaniego","nombre_tramo":"Por Defnir","ruta":"17","superficie":1,"territorial":17,"amenaza_cat":"Alta","longitud_km":0.82296458583893872,"Shape_Length":0.0072204505029587179}},{"type":"Feature","id":145,"geometry":{"type":"LineString","coordinates":[[-77.61451662199994,1.2971723640000619],[-77.594431769999971,1.3336048200000619]]},"properties":{"OBJECTID":145,"administrador":1,"categoria":1,"codigo_tramo":"1702","nombre_ruta":"Acceso a Samaniego","nombre_tramo":"Por Defnir","ruta":"17","superficie":1,"territorial":17,"amenaza_cat":"Alta","longitud_km":5.2486794588602672,"Shape_Length":0.041601984688865022}},{"type":"Feature","id":146,"geometry":{"type":"MultiLineString","coordinates":[[[-77.61509921399994,1.293997197000067],[-77.615119657999969,1.2944557020000502]],[[-77.649303728999939,1.2506297890000724],[-77.621853597999973,1.2794665740000255]],[[-77.662827917999948,1.2193034940000302],[-77.649394037999969,1.2500074180000524]],[[-77.66048770499998,1.1629295560000514],[-77.662172960999953,1.218829645000028]]]},"properties":{"OBJECTID":146,"administrador":1,"categoria":1,"codigo_tramo":"1702","nombre_ruta":"Acceso a Samaniego","nombre_tramo":"Por Defnir","ruta":"17","superficie":1,"territorial":17,"amenaza_cat":"Alta","longitud_km":18.077921039889898,"Shape_Length":0.12971156019785304}},{"type":"Feature","id":147,"geometry":{"type":"MultiLineString","coordinates":[[[-77.621853597999973,1.2794665740000255],[-77.615412314999958,1.2895705930000645]],[[-77.649394037999969,1.2500074180000524],[-77.649303728999939,1.2506297890000724]],[[-77.662172960999953,1.218829645000028],[-77.662827917999948,1.2193034940000302]],[[-77.620698292999975,1.0889683580000451],[-77.655683184999987,1.1087629300000685],[-77.646361660999958,1.1186491460000525],[-77.656830351999986,1.1222121810000658],[-77.650063837999937,1.1444800890000693],[-77.66048770499998,1.1629295560000514]]]},"properties":{"OBJECTID":147,"administrador":1,"categoria":1,"codigo_tramo":"1702","nombre_ruta":"Acceso a Samaniego","nombre_tramo":"Por Defnir","ruta":"17","superficie":1,"territorial":17,"amenaza_cat":"Alta","longitud_km":19.147417182798812,"Shape_Length":0.12272649108154349}},{"type":"Feature","id":148,"geometry":{"type":"LineString","coordinates":[[-76.627526873999955,2.7510764210000502],[-76.587960374999966,2.7142156480000494]]},"properties":{"OBJECTID":148,"administrador":1,"categoria":1,"codigo_tramo":"2601","nombre_ruta":"Alternas a la Troncal de Occidente","nombre_tramo":"Por Defnir","ruta":"26","superficie":3,"territorial":8,"amenaza_cat":"Alta","longitud_km":6.3503876215590767,"Shape_Length":0.054076098502699788}},{"type":"Feature","id":149,"geometry":{"type":"LineString","coordinates":[[-76.587960374999966,2.7142156480000494],[-76.53696432199996,2.6425587360000691]]},"properties":{"OBJECTID":149,"administrador":1,"categoria":1,"codigo_tramo":"2601","nombre_ruta":"Alternas a la Troncal de Occidente","nombre_tramo":"Por Defnir","ruta":"26","superficie":3,"territorial":8,"amenaza_cat":"Alta","longitud_km":10.661908304209627,"Shape_Length":0.087950613749719367}},{"type":"Feature","id":150,"geometry":{"type":"LineString","coordinates":[[-76.733980991999942,2.3895618920000743],[-76.787584589999938,2.4221235110000521],[-76.791087679999976,2.4417614530000264]]},"properties":{"OBJECTID":150,"administrador":1,"categoria":3,"codigo_tramo":"25CC02","nombre_ruta":"Alternas a la Troncal de Occidente","nombre_tramo":"Por Defnir","ruta":"25","superficie":3,"territorial":8,"amenaza_cat":"Alta","longitud_km":10.785522708021007,"Shape_Length":0.082666398607298519}},{"type":"Feature","id":151,"geometry":{"type":"LineString","coordinates":[[-76.68287758699995,2.3592275650000261],[-76.733980991999942,2.3895618920000743]]},"properties":{"OBJECTID":151,"administrador":1,"categoria":3,"codigo_tramo":"25CC02","nombre_ruta":"Alternas a la Troncal de Occidente","nombre_tramo":"Por Defnir","ruta":"25","superficie":3,"territorial":8,"amenaza_cat":"Alta","longitud_km":8.0718865038061054,"Shape_Length":0.059428355160975756}},{"type":"Feature","id":152,"geometry":{"type":"LineString","coordinates":[[-77.131574622999949,1.6581898180000394],[-77.134596302999967,1.6622713730000669]]},"properties":{"OBJECTID":152,"administrador":1,"categoria":2,"codigo_tramo":"2501A","nombre_ruta":"Alternas a la Troncal de Occidente","nombre_tramo":"Por Defnir","ruta":"25","superficie":1,"territorial":17,"amenaza_cat":"Alta","longitud_km":0.6117456514109807,"Shape_Length":0.0050783502479403286}},{"type":"Feature","id":153,"geometry":{"type":"MultiLineString","coordinates":[[[-77.248660623999967,1.2783108360000597],[-77.247103211999956,1.2857967810000446]],[[-77.245626383999934,1.2856087500000513],[-77.245107169999983,1.2847436050000738]],[[-77.264050346999966,1.2604784520000294],[-77.25492602099996,1.2600869600000237],[-77.248660623999967,1.2783108360000597]],[[-77.264488122999978,1.2529552690000401],[-77.264050346999966,1.2604784520000294]],[[-77.26432986399999,1.2308865930000366],[-77.264488122999978,1.2529552690000401]],[[-77.265800466999963,1.2265056990000289],[-77.26432986399999,1.2308865930000366]]]},"properties":{"OBJECTID":153,"administrador":1,"categoria":2,"codigo_tramo":"2501A","nombre_ruta":"Alternas a la Troncal de Occidente","nombre_tramo":"Por Defnir","ruta":"25","superficie":1,"territorial":17,"amenaza_cat":"Alta","longitud_km":12.575554139272947,"Shape_Length":0.071285063481265412}},{"type":"Feature","id":154,"geometry":{"type":"LineString","coordinates":[[-77.139345413999933,1.4425372230000448],[-77.105578255999944,1.4511911800000235],[-77.106550994999964,1.4685164280000436],[-77.090316685999937,1.4840612790000591],[-77.104268167999976,1.5021237290000613]]},"properties":{"OBJECTID":154,"administrador":1,"categoria":2,"codigo_tramo":"2501A","nombre_ruta":"Alternas a la Troncal de Occidente","nombre_tramo":"Por Defnir","ruta":"25","superficie":1,"territorial":17,"amenaza_cat":"Alta","longitud_km":15.573491871849068,"Shape_Length":0.097510682167190221}},{"type":"Feature","id":155,"geometry":{"type":"MultiLineString","coordinates":[[[-77.245107169999983,1.2847436050000738],[-77.225306076999971,1.2924547920000578],[-77.224200208999946,1.3076954600000477],[-77.217516539999963,1.3034656110000356],[-77.158537717999934,1.3743057440000257],[-77.146122800999933,1.4078204070000311],[-77.150405522999961,1.4285738180000749],[-77.139381062999973,1.4375064090000365],[-77.157477479999955,1.4410745310000266],[-77.139345413999933,1.4425372230000448]],[[-77.247103211999956,1.2857967810000446],[-77.245626383999934,1.2856087500000513]]]},"properties":{"OBJECTID":155,"administrador":1,"categoria":2,"codigo_tramo":"2501A","nombre_ruta":"Alternas a la Troncal de Occidente","nombre_tramo":"Por Defnir","ruta":"25","superficie":1,"territorial":17,"amenaza_cat":"Alta","longitud_km":35.452121036553514,"Shape_Length":0.24586278893810939}},{"type":"Feature","id":156,"geometry":{"type":"LineString","coordinates":[[-77.125620770999944,1.5634253890000309],[-77.131026482999971,1.6122706430000449],[-77.146532063999985,1.625776045000066],[-77.126022172999967,1.652817629000026],[-77.131574622999949,1.6581898180000394]]},"properties":{"OBJECTID":156,"administrador":1,"categoria":2,"codigo_tramo":"2501A","nombre_ruta":"Alternas a la Troncal de Occidente","nombre_tramo":"Por Defnir","ruta":"25","superficie":1,"territorial":17,"amenaza_cat":"Alta","longitud_km":18.303615689289661,"Shape_Length":0.1113716632194696}},{"type":"Feature","id":157,"geometry":{"type":"LineString","coordinates":[[-77.104268167999976,1.5021237290000613],[-77.11273446499996,1.5071545010000591],[-77.096080216999951,1.5153222960000221],[-77.095431721999944,1.5342074300000377],[-77.116818371999955,1.5409799090000433],[-77.125620770999944,1.5634253890000309]]},"properties":{"OBJECTID":157,"administrador":1,"categoria":2,"codigo_tramo":"2501A","nombre_ruta":"Alternas a la Troncal de Occidente","nombre_tramo":"Por Defnir","ruta":"25","superficie":1,"territorial":17,"amenaza_cat":"Alta","longitud_km":16.074469386381786,"Shape_Length":0.093836902104470626}},{"type":"Feature","id":158,"geometry":{"type":"LineString","coordinates":[[-77.134596302999967,1.6622713730000669],[-77.134109356999943,1.6776204670000538]]},"properties":{"OBJECTID":158,"administrador":1,"categoria":1,"codigo_tramo":"2501A","nombre_ruta":"Alternas a la Troncal de Occidente","nombre_tramo":"Por Defnir","ruta":"25","superficie":3,"territorial":8,"amenaza_cat":"Alta","longitud_km":2.2265007641687484,"Shape_Length":0.015356816174825261}},{"type":"Feature","id":159,"geometry":{"type":"LineString","coordinates":[[-77.134109356999943,1.6776204670000538],[-77.148637367999982,1.7023646240000403],[-77.141033814999957,1.7269682870000338],[-77.158441985999957,1.7481854230000522],[-77.16378296399995,1.796009649000041],[-77.177490444999989,1.8067183390000423],[-77.170283026999982,1.8213122480000266],[-77.199492652999936,1.8754523990000393],[-77.196791125999937,1.8882038240000725]]},"properties":{"OBJECTID":159,"administrador":1,"categoria":1,"codigo_tramo":"2501A","nombre_ruta":"Alternas a la Troncal de Occidente","nombre_tramo":"Por Defnir","ruta":"25","superficie":3,"territorial":8,"amenaza_cat":"Alta","longitud_km":31.549444553662031,"Shape_Length":0.23823466276119823}},{"type":"Feature","id":160,"geometry":{"type":"LineString","coordinates":[[-75.829022798999972,2.4769656060000216],[-75.847966035999946,2.4794470780000211]]},"properties":{"OBJECTID":160,"administrador":1,"categoria":3,"codigo_tramo":"24HL02","nombre_ruta":"Circuitos Ecoturisticos Huila - Cauca","nombre_tramo":"Por Defnir","ruta":"24","superficie":3,"territorial":14,"amenaza_cat":"Alta","longitud_km":3.892324141667288,"Shape_Length":0.019105076061715888}},{"type":"Feature","id":161,"geometry":{"type":"LineString","coordinates":[[-75.824592086999985,2.4717955330000336],[-75.829022798999972,2.4769656060000216]]},"properties":{"OBJECTID":161,"administrador":1,"categoria":3,"codigo_tramo":"24HL02","nombre_ruta":"Circuitos Ecoturisticos Huila - Cauca","nombre_tramo":"Por Defnir","ruta":"24","superficie":3,"territorial":14,"amenaza_cat":"Alta","longitud_km":1.2275478491884511,"Shape_Length":0.0068088812335092407}},{"type":"Feature","id":162,"geometry":{"type":"LineString","coordinates":[[-75.813409165999985,2.4840294190000236],[-75.807818072999964,2.5437958130000311]]},"properties":{"OBJECTID":162,"administrador":1,"categoria":2,"codigo_tramo":"24HL01","nombre_ruta":"Circuitos Ecoturisticos Huila - Cauca","nombre_tramo":"Por Defnir","ruta":"24","superficie":3,"territorial":14,"amenaza_cat":"Alta","longitud_km":10.610091077530452,"Shape_Length":0.060027345207821867}},{"type":"Feature","id":163,"geometry":{"type":"LineString","coordinates":[[-75.815175845999988,2.4804006920000461],[-75.813409165999985,2.4840294190000236]]},"properties":{"OBJECTID":163,"administrador":1,"categoria":2,"codigo_tramo":"24HL01","nombre_ruta":"Circuitos Ecoturisticos Huila - Cauca","nombre_tramo":"Por Defnir","ruta":"24","superficie":3,"territorial":14,"amenaza_cat":"Alta","longitud_km":0.95894254166804027,"Shape_Length":0.0040359407655187526}},{"type":"Feature","id":164,"geometry":{"type":"LineString","coordinates":[[-75.777027428999986,2.0275589370000375],[-75.791605791999984,1.9915269970000509]]},"properties":{"OBJECTID":164,"administrador":1,"categoria":1,"codigo_tramo":"2003A","nombre_ruta":"Acceso a Florencia","nombre_tramo":"Por Defnir","ruta":"20","superficie":3,"territorial":14,"amenaza_cat":"Alta","longitud_km":4.6478458996869012,"Shape_Length":0.038869388571501316}},{"type":"Feature","id":165,"geometry":{"type":"LineString","coordinates":[[-75.791605791999984,1.9915269970000509],[-75.80282441899999,1.9466005810000411],[-75.796317941999973,1.9312927690000379],[-75.826046264999945,1.8581753510000567],[-75.82049737899996,1.8325511880000249],[-75.803124813999943,1.8359694090000289],[-75.798131634999947,1.8143397070000447],[-75.785519389999934,1.809128653000073],[-75.773304469999971,1.7773236410000663],[-75.780834074999973,1.761812356000064]]},"properties":{"OBJECTID":165,"administrador":1,"categoria":1,"codigo_tramo":"2003A","nombre_ruta":"Acceso a Florencia","nombre_tramo":"Por Defnir","ruta":"20","superficie":3,"territorial":14,"amenaza_cat":"Alta","longitud_km":36.373352424871292,"Shape_Length":0.27294994307816933}},{"type":"Feature","id":166,"geometry":{"type":"LineString","coordinates":[[-73.412298489999955,4.3128373430000693],[-73.384187911999959,4.3371561470000302],[-73.360484742999972,4.336511397000038],[-73.318500939999979,4.3559873730000618],[-73.311002534999943,4.349750029000063],[-73.295929989999934,4.3908734050000362],[-73.261272386999963,4.3950762290000398],[-73.202735494999956,4.3762758430000304],[-73.176258085999962,4.4007625070000245],[-73.174777676999952,4.4360022300000423],[-73.149980156999959,4.4540374540000585],[-73.142027920999965,4.480806469000072],[-73.110572374999947,4.487520638000035],[-73.086825568999984,4.5081566980000503]]},"properties":{"OBJECTID":166,"administrador":2,"categoria":1,"codigo_tramo":"6510","nombre_ruta":"Troncal Villagarzon - Saravena","nombre_tramo":"Por Defnir","ruta":"65","superficie":3,"territorial":16,"amenaza_cat":"Alta","longitud_km":52.767923857037324,"Shape_Length":0.45065617483548615}},{"type":"Feature","id":167,"geometry":{"type":"MultiLineString","coordinates":[[[-73.613501898999971,4.1785191550000604],[-73.592582827999934,4.1983177790000354]],[[-73.613970085999938,4.178045657000041],[-73.613501898999971,4.1785191550000604]],[[-73.613501898999971,4.1785191550000604],[-73.614543370999968,4.178339382000047]],[[-73.614210078999974,4.1777956850000351],[-73.613970085999938,4.178045657000041]],[[-73.622414062999951,4.1681134770000199],[-73.614210078999974,4.1777956850000351]],[[-73.622842765999962,4.1670771780000564],[-73.622414062999951,4.1681134770000199]],[[-73.623285734999968,4.1673316850000219],[-73.622414062999951,4.1681134770000199]],[[-73.622842765999962,4.1670771780000564],[-73.623285734999968,4.1673316850000219]],[[-73.623629577999964,4.1667453810000552],[-73.623285734999968,4.1673316850000219]],[[-73.623220018999973,4.1664814800000727],[-73.622842765999962,4.1670771780000564]],[[-73.623629577999964,4.1667453810000552],[-73.623220018999973,4.1664814800000727]],[[-73.623871163999979,4.1659585480000487],[-73.623629577999964,4.1667453810000552]],[[-73.623871163999979,4.1659585480000487],[-73.623220018999973,4.1664814800000727]],[[-73.631228461999967,4.1559993810000719],[-73.623871163999979,4.1659585480000487]]]},"properties":{"OBJECTID":167,"administrador":2,"categoria":1,"codigo_tramo":"6510","nombre_ruta":"Troncal Villagarzon - Saravena","nombre_tramo":"Por Defnir","ruta":"65","superficie":3,"territorial":16,"amenaza_cat":"Alta","longitud_km":6.9755697879841678,"Shape_Length":0.062278035357960324}},{"type":"Feature","id":168,"geometry":{"type":"LineString","coordinates":[[-73.086825568999984,4.5081566980000503],[-73.041730021999967,4.5624525560000393],[-72.962271440999984,4.5721450340000729]]},"properties":{"OBJECTID":168,"administrador":2,"categoria":1,"codigo_tramo":"6510","nombre_ruta":"Troncal Villagarzon - Saravena","nombre_tramo":"Por Defnir","ruta":"65","superficie":3,"territorial":16,"amenaza_cat":"Alta","longitud_km":17.214827844935364,"Shape_Length":0.15062834429160854}},{"type":"Feature","id":169,"geometry":{"type":"LineString","coordinates":[[-73.518008069999951,4.2698566930000652],[-73.440589227999965,4.263525105000042],[-73.416135877999977,4.2879103690000306],[-73.412298489999955,4.3128373430000693]]},"properties":{"OBJECTID":169,"administrador":2,"categoria":1,"codigo_tramo":"6510","nombre_ruta":"Troncal Villagarzon - Saravena","nombre_tramo":"Por Defnir","ruta":"65","superficie":3,"territorial":16,"amenaza_cat":"Alta","longitud_km":15.947521458177638,"Shape_Length":0.13743208723553341}},{"type":"Feature","id":170,"geometry":{"type":"MultiLineString","coordinates":[[[-73.555622522999954,4.2635283540000728],[-73.518008069999951,4.2698566930000652]],[[-73.566347762999953,4.252726980000034],[-73.555622522999954,4.2635283540000728]],[[-73.566537336999943,4.2521466190000297],[-73.566347762999953,4.252726980000034]],[[-73.592582827999934,4.1983177790000354],[-73.566537336999943,4.2521466190000297]]]},"properties":{"OBJECTID":170,"administrador":2,"categoria":1,"codigo_tramo":"6510","nombre_ruta":"Troncal Villagarzon - Saravena","nombre_tramo":"Por Defnir","ruta":"65","superficie":3,"territorial":16,"amenaza_cat":"Alta","longitud_km":13.566128225670216,"Shape_Length":0.11377426013999753}},{"type":"Feature","id":171,"geometry":{"type":"MultiLineString","coordinates":[[[-73.614543370999968,4.178339382000047],[-73.614191579999954,4.1781760240000381]],[[-73.641325843999937,4.177328788000068],[-73.614543370999968,4.178339382000047]],[[-73.613970085999938,4.178045657000041],[-73.614191579999954,4.1781760240000381]],[[-73.614191579999954,4.1781760240000381],[-73.614210078999974,4.1777956850000351]]]},"properties":{"OBJECTID":171,"administrador":1,"categoria":2,"codigo_tramo":"65MTE","nombre_ruta":"Alternas a la Troncal Villagarzon - Saravena","nombre_tramo":"Por Defnir","ruta":"65","superficie":3,"territorial":16,"amenaza_cat":"Alta","longitud_km":3.817592282846356,"Shape_Length":0.027827202861071813}},{"type":"Feature","id":172,"geometry":{"type":"LineString","coordinates":[[-76.570825126999978,2.497076398000047],[-76.634061461999977,2.5583371700000725]]},"properties":{"OBJECTID":172,"administrador":1,"categoria":2,"codigo_tramo":"25CC04","nombre_ruta":"Conexión Costa Pacifica - Troncal de Occidente","nombre_tramo":"Por Defnir","ruta":"25","superficie":3,"territorial":8,"amenaza_cat":"Alta","longitud_km":11.021381646357138,"Shape_Length":0.088043831415217447}},{"type":"Feature","id":173,"geometry":{"type":"LineString","coordinates":[[-76.634061461999977,2.5583371700000725],[-76.698396307999985,2.5995473410000614],[-76.747325480999962,2.6086019440000427]]},"properties":{"OBJECTID":173,"administrador":1,"categoria":2,"codigo_tramo":"25CC04","nombre_ruta":"Conexión Costa Pacifica - Troncal de Occidente","nombre_tramo":"Por Defnir","ruta":"25","superficie":3,"territorial":8,"amenaza_cat":"Alta","longitud_km":17.947166404661395,"Shape_Length":0.12616182351646743}},{"type":"Feature","id":174,"geometry":{"type":"LineString","coordinates":[[-71.720026089999976,6.5067534550000232],[-71.58731955099995,6.521059158000071],[-71.557100055999967,6.4919507120000617],[-71.491104882999934,6.530948181000042],[-71.419385765999948,6.5452194360000249],[-71.344283050999934,6.5398102600000243],[-71.342101826999965,6.5729139650000548]]},"properties":{"OBJECTID":174,"administrador":1,"categoria":1,"codigo_tramo":"6605","nombre_ruta":"Transversal Corredor Fronterizo del Oriente Colombiano","nombre_tramo":"Por Defnir","ruta":"66","superficie":3,"territorial":7,"amenaza_cat":"Alta","longitud_km":49.723089690286116,"Shape_Length":0.43368806568789653}},{"type":"Feature","id":175,"geometry":{"type":"LineString","coordinates":[[-76.32232410599994,2.7808170610000502],[-76.317113673999984,2.8352835990000358],[-76.300559527999951,2.8400778420000279],[-76.297670383999957,2.8707859850000546]]},"properties":{"OBJECTID":175,"administrador":1,"categoria":2,"codigo_tramo":"26CC03","nombre_ruta":"Circuitos Ecoturisticos Huila - Cauca","nombre_tramo":"Por Defnir","ruta":"26","superficie":3,"territorial":8,"amenaza_cat":"Alta","longitud_km":16.232102851017206,"Shape_Length":0.10279334699392884}},{"type":"Feature","id":176,"geometry":{"type":"LineString","coordinates":[[-76.297670383999957,2.8707859850000546],[-76.287654878999945,2.8822993960000645],[-76.284671919999937,2.9372721720000641],[-76.268759988999989,2.9561127800000691]]},"properties":{"OBJECTID":176,"administrador":1,"categoria":2,"codigo_tramo":"26CC03","nombre_ruta":"Circuitos Ecoturisticos Huila - Cauca","nombre_tramo":"Por Defnir","ruta":"26","superficie":3,"territorial":8,"amenaza_cat":"Alta","longitud_km":12.731609472150407,"Shape_Length":0.094974553733138914}},{"type":"Feature","id":177,"geometry":{"type":"MultiLineString","coordinates":[[[-73.107908122999959,7.0873115010000447],[-73.108192610999936,7.0883318850000592]],[[-73.108035532999963,7.0871857440000667],[-73.108336007999981,7.0883062800000403]]]},"properties":{"OBJECTID":177,"administrador":1,"categoria":1,"codigo_tramo":"45A07","nombre_ruta":"Troncal Central","nombre_tramo":"Por Defnir","ruta":"45","superficie":3,"territorial":22,"amenaza_cat":"Alta","longitud_km":0.24586231517601334,"Shape_Length":0.0022194235427017588}},{"type":"Feature","id":178,"geometry":{"type":"MultiLineString","coordinates":[[[-73.095156186999986,7.0636889650000398],[-73.107908122999959,7.0873115010000447]],[[-73.095442890999948,7.0637127310000665],[-73.108035532999963,7.0871857440000667]],[[-73.092132834999973,7.0613866280000366],[-73.095442890999948,7.0637127310000665]],[[-73.095148785999982,7.0636843900000486],[-73.095156186999986,7.0636889650000398]],[[-73.092051042999969,7.0615818930000387],[-73.095148785999982,7.0636843900000486]],[[-73.092036613999937,7.0614300390000722],[-73.095148785999982,7.0636843900000486]],[[-73.092497262999984,7.0615144910000254],[-73.095309763999978,7.0633671300000742]],[[-73.092051042999969,7.0615818930000387],[-73.091825996999944,7.0615435330000764]],[[-73.092051042999969,7.0615818930000387],[-73.091924240999958,7.0614855920000537]],[[-73.091825996999944,7.0615435330000764],[-73.091593827999986,7.0612260490000267]],[[-73.091825996999944,7.0615435330000764],[-73.091924240999958,7.0614855920000537]],[[-73.092264186999955,7.0613347970000291],[-73.092497262999984,7.0615144910000254]],[[-73.092368002999933,7.0612843830000429],[-73.092497262999984,7.0615144910000254]],[[-73.091924240999958,7.0614855920000537],[-73.091593827999986,7.0612260490000267]],[[-73.091924240999958,7.0614855920000537],[-73.092036613999937,7.0614300390000722]],[[-73.090440939999951,7.0602037900000596],[-73.092036613999937,7.0614300390000722]],[[-73.092036613999937,7.0614300390000722],[-73.092132834999973,7.0613866280000366]],[[-73.092132834999973,7.0613866280000366],[-73.091293446999941,7.0607203490000643]],[[-73.092132834999973,7.0613866280000366],[-73.092264186999955,7.0613347970000291]],[[-73.092206418999979,7.0612915880000742],[-73.092264186999955,7.0613347970000291]],[[-73.092264186999955,7.0613347970000291],[-73.092368002999933,7.0612843830000429]],[[-73.091293446999941,7.0607203490000643],[-73.092206418999979,7.0612915880000742]],[[-73.092206418999979,7.0612915880000742],[-73.092368002999933,7.0612843830000429]],[[-73.091593827999986,7.0612260490000267],[-73.090440939999951,7.0602037900000596]],[[-73.091293446999941,7.0607203490000643],[-73.073685276999981,7.0382485280000537]],[[-73.071909890999962,7.0368457550000585],[-73.090440939999951,7.0602037900000596]]]},"properties":{"OBJECTID":178,"administrador":1,"categoria":1,"codigo_tramo":"45A07","nombre_ruta":"Troncal Central","nombre_tramo":"Por Defnir","ruta":"45","superficie":3,"territorial":22,"amenaza_cat":"Alta","longitud_km":16.340264990206773,"Shape_Length":0.13515250890803038}},{"type":"Feature","id":179,"geometry":{"type":"MultiLineString","coordinates":[[[-73.073685276999981,7.0382485280000537],[-73.05407934699997,7.0010395310000604]],[[-73.053883841999948,7.0011188950000474],[-73.071909890999962,7.0368457550000585]]]},"properties":{"OBJECTID":179,"administrador":1,"categoria":1,"codigo_tramo":"45A07","nombre_ruta":"Troncal Central","nombre_tramo":"Por Defnir","ruta":"45","superficie":3,"territorial":22,"amenaza_cat":"Alta","longitud_km":9.6273626665029894,"Shape_Length":0.08207514960742851}},{"type":"Feature","id":180,"geometry":{"type":"MultiLineString","coordinates":[[[-74.910440684999969,4.2333826980000708],[-74.898735338999984,4.2343404610000448]],[[-74.910237882999979,4.2328206920000753],[-74.898744032999957,4.2341630430000237]],[[-74.910440684999969,4.2333826980000708],[-74.910444371999972,4.2333812160000548]],[[-74.911600998999972,4.2331600000000549],[-74.910440684999969,4.2333826980000708]],[[-74.910444371999972,4.2333812160000548],[-74.910666876999983,4.2332689960000494]],[[-74.910666876999983,4.2332689960000494],[-74.910237882999979,4.2328206920000753]],[[-74.911598398999956,4.2331598270000654],[-74.911600998999972,4.2331600000000549]],[[-74.91911130699998,4.2321526760000552],[-74.911600998999972,4.2331600000000549]],[[-74.911297260999959,4.2327118670000345],[-74.911598398999956,4.2331598270000654]],[[-74.910241846999952,4.2328194830000712],[-74.910237882999979,4.2328206920000753]],[[-74.911650605999967,4.2325643450000712],[-74.910241846999952,4.2328194830000712]],[[-74.911654252999938,4.2325640820000672],[-74.911297260999959,4.2327118670000345]],[[-74.911654252999938,4.2325640820000672],[-74.911650605999967,4.2325643450000712]],[[-74.919076199999949,4.2319918970000572],[-74.911654252999938,4.2325640820000672]]]},"properties":{"OBJECTID":180,"administrador":2,"categoria":1,"codigo_tramo":"4004B","nombre_ruta":"Transversal Buenaventura - Villavicencio - Puerto Carreño","nombre_tramo":"Por Defnir","ruta":"40","superficie":3,"territorial":24,"amenaza_cat":"Alta","longitud_km":4.8170033879590841,"Shape_Length":0.042761352683581839}},{"type":"Feature","id":181,"geometry":{"type":"LineString","coordinates":[[-73.34951898099996,5.5099155790000509],[-73.330181531999983,5.4914148830000613],[-73.333398501999966,5.4758218070000453],[-73.345479089999969,5.4711150790000715]]},"properties":{"OBJECTID":181,"administrador":1,"categoria":1,"codigo_tramo":"6009","nombre_ruta":"Transversal Puerto Boyaca - Monterrey","nombre_tramo":"Por Defnir","ruta":"60","superficie":3,"territorial":4,"amenaza_cat":"Alta","longitud_km":7.5016635448728914,"Shape_Length":0.055648714055763854}},{"type":"Feature","id":182,"geometry":{"type":"LineString","coordinates":[[-73.200543241999981,5.3165335050000522],[-73.180546308999965,5.308772240000053],[-73.168109517999937,5.2820970160000229],[-73.178223436999986,5.250889035000057],[-73.196679830999983,5.2361453220000271]]},"properties":{"OBJECTID":182,"administrador":1,"categoria":1,"codigo_tramo":"6009","nombre_ruta":"Transversal Puerto Boyaca - Monterrey","nombre_tramo":"Por Defnir","ruta":"60","superficie":3,"territorial":4,"amenaza_cat":"Alta","longitud_km":15.761428817944108,"Shape_Length":0.10731054828837981}},{"type":"Feature","id":183,"geometry":{"type":"LineString","coordinates":[[-73.131131753999966,5.2117076700000666],[-73.086052994999989,5.1940329110000221],[-73.080173703999947,5.1614484340000217]]},"properties":{"OBJECTID":183,"administrador":1,"categoria":1,"codigo_tramo":"6009","nombre_ruta":"Transversal Puerto Boyaca - Monterrey","nombre_tramo":"Por Defnir","ruta":"60","superficie":3,"territorial":4,"amenaza_cat":"Alta","longitud_km":11.549691661893688,"Shape_Length":0.081530586440947961}},{"type":"Feature","id":184,"geometry":{"type":"LineString","coordinates":[[-73.322401038999942,5.3962951040000462],[-73.274605450999957,5.3553915120000397]]},"properties":{"OBJECTID":184,"administrador":1,"categoria":1,"codigo_tramo":"6009","nombre_ruta":"Transversal Puerto Boyaca - Monterrey","nombre_tramo":"Por Defnir","ruta":"60","superficie":3,"territorial":4,"amenaza_cat":"Alta","longitud_km":8.6913398014727594,"Shape_Length":0.062908839369100925}},{"type":"Feature","id":185,"geometry":{"type":"MultiLineString","coordinates":[[[-73.196679830999983,5.2361453220000271],[-73.177728449999961,5.2296405470000309],[-73.176338768999983,5.2132241100000556],[-73.153500659999963,5.212245049000046],[-73.150179370999979,5.2001600600000302]],[[-73.146520214999953,5.1983374270000695],[-73.134916699999962,5.1987494010000432],[-73.137441659999979,5.2106925970000475],[-73.128488957999934,5.2042276850000349],[-73.131131753999966,5.2117076700000666]],[[-73.150179370999979,5.2001600600000302],[-73.146520214999953,5.1983374270000695]],[[-73.150179370999979,5.2001600600000302],[-73.146520214999953,5.1983374270000695]]]},"properties":{"OBJECTID":185,"administrador":1,"categoria":1,"codigo_tramo":"6009","nombre_ruta":"Transversal Puerto Boyaca - Monterrey","nombre_tramo":"Por Defnir","ruta":"60","superficie":3,"territorial":4,"amenaza_cat":"Alta","longitud_km":17.791598255993478,"Shape_Length":0.12287392378809818}},{"type":"Feature","id":186,"geometry":{"type":"LineString","coordinates":[[-73.080173703999947,5.1614484340000217],[-73.051824434999958,5.145364192000045],[-73.050754565999966,5.1005666220000307]]},"properties":{"OBJECTID":186,"administrador":1,"categoria":1,"codigo_tramo":"6009","nombre_ruta":"Transversal Puerto Boyaca - Monterrey","nombre_tramo":"Por Defnir","ruta":"60","superficie":3,"territorial":4,"amenaza_cat":"Alta","longitud_km":13.330415067818116,"Shape_Length":0.077404574630678846}},{"type":"Feature","id":187,"geometry":{"type":"LineString","coordinates":[[-73.351781875999961,5.4314451120000626],[-73.345467840999959,5.412967864000052],[-73.322401038999942,5.3962951040000462]]},"properties":{"OBJECTID":187,"administrador":1,"categoria":1,"codigo_tramo":"6009","nombre_ruta":"Transversal Puerto Boyaca - Monterrey","nombre_tramo":"Por Defnir","ruta":"60","superficie":3,"territorial":4,"amenaza_cat":"Alta","longitud_km":7.9599424470104756,"Shape_Length":0.047987805905873995}},{"type":"Feature","id":188,"geometry":{"type":"LineString","coordinates":[[-73.274605450999957,5.3553915120000397],[-73.280916714999989,5.3416319810000346],[-73.267848407999963,5.3314182410000512],[-73.230815245999963,5.3349914360000525],[-73.236996229999988,5.3191416010000694],[-73.218656578999969,5.3264317430000574],[-73.200543241999981,5.3165335050000522]]},"properties":{"OBJECTID":188,"administrador":1,"categoria":1,"codigo_tramo":"6009","nombre_ruta":"Transversal Puerto Boyaca - Monterrey","nombre_tramo":"Por Defnir","ruta":"60","superficie":3,"territorial":4,"amenaza_cat":"Alta","longitud_km":20.888755623004261,"Shape_Length":0.12631853613657731}},{"type":"Feature","id":189,"geometry":{"type":"MultiLineString","coordinates":[[[-75.976470104999976,4.7901607900000727],[-75.976199616999963,4.7899593860000209]],[[-75.966167209999981,4.7836008520000632],[-75.976199616999963,4.7899593860000209]],[[-75.976199616999963,4.7899593860000209],[-75.976563341999963,4.7899404380000306]]]},"properties":{"OBJECTID":189,"administrador":6,"categoria":2,"codigo_tramo":"4803","nombre_ruta":"Alternas a la Troncal de Occidente","nombre_tramo":"Por Defnir","ruta":"48","superficie":3,"territorial":25,"amenaza_cat":"Alta","longitud_km":1.6927214856679214,"Shape_Length":0.012579169349534099}},{"type":"Feature","id":190,"geometry":{"type":"LineString","coordinates":[[-75.923963988999958,4.7504995300000701],[-75.95097560399995,4.7594430980000766],[-75.966167209999981,4.7836008520000632]]},"properties":{"OBJECTID":190,"administrador":6,"categoria":2,"codigo_tramo":"4803","nombre_ruta":"Alternas a la Troncal de Occidente","nombre_tramo":"Por Defnir","ruta":"48","superficie":3,"territorial":25,"amenaza_cat":"Alta","longitud_km":6.7074793665529153,"Shape_Length":0.056991108536880594}},{"type":"Feature","id":191,"geometry":{"type":"LineString","coordinates":[[-77.002944318999937,2.0462895410000215],[-77.012923972999943,1.9523002700000234],[-76.989269935999971,1.8835395990000734],[-77.012047482999947,1.8455255820000502],[-76.982947483999965,1.8153540150000254],[-76.964754183999958,1.8492429120000224],[-76.932721260999983,1.8631362670000726],[-76.921927373999949,1.8427787690000628],[-76.899073853999937,1.846222674000046],[-76.896494191999977,1.831920278000041],[-76.875619498999981,1.8415831500000195],[-76.85916285899998,1.8175776080000219],[-76.861958566999988,1.8009041020000609],[-76.852089102999969,1.8036603540000442],[-76.854832958999964,1.7635779970000272],[-76.846963313999936,1.7794923710000603],[-76.840803451999989,1.770883384000058]]},"properties":{"OBJECTID":191,"administrador":1,"categoria":1,"codigo_tramo":"1203","nombre_ruta":"Transversal Rosas Condagua","nombre_tramo":"Por Defnir","ruta":"12","superficie":3,"territorial":8,"amenaza_cat":"Alta","longitud_km":82.693428161376247,"Shape_Length":0.53531010223395725}},{"type":"Feature","id":192,"geometry":{"type":"LineString","coordinates":[[-76.999086812999963,2.0911394830000631],[-77.002944318999937,2.0462895410000215]]},"properties":{"OBJECTID":192,"administrador":1,"categoria":1,"codigo_tramo":"1203","nombre_ruta":"Transversal Rosas Condagua","nombre_tramo":"Por Defnir","ruta":"12","superficie":3,"territorial":8,"amenaza_cat":"Alta","longitud_km":7.3017425433074825,"Shape_Length":0.045015526765183361}},{"type":"Feature","id":193,"geometry":{"type":"LineString","coordinates":[[-76.840803451999989,1.770883384000058],[-76.830310865999934,1.7890961800000582],[-76.802671146999955,1.7770337380000569],[-76.813070639999978,1.7946084900000301],[-76.791573676999974,1.8005941010000583],[-76.798795298999948,1.8163001930000746],[-76.783361235999962,1.8140279130000749]]},"properties":{"OBJECTID":193,"administrador":1,"categoria":1,"codigo_tramo":"1203","nombre_ruta":"Transversal Rosas Condagua","nombre_tramo":"Por Defnir","ruta":"12","superficie":3,"territorial":8,"amenaza_cat":"Alta","longitud_km":21.262317409291072,"Shape_Length":0.12679929556635017}},{"type":"Feature","id":194,"geometry":{"type":"LineString","coordinates":[[-75.974362263999978,1.3274178000000347],[-75.954588787999967,1.3307950280000682],[-75.950128443999972,1.3477184870000656],[-75.917748045999986,1.3625753360000203]]},"properties":{"OBJECTID":194,"administrador":1,"categoria":1,"codigo_tramo":"6502","nombre_ruta":"Troncal Villagarzon - Saravena","nombre_tramo":"Por Defnir","ruta":"65","superficie":3,"territorial":6,"amenaza_cat":"Alta","longitud_km":9.0529527531615557,"Shape_Length":0.07318724609559038}},{"type":"Feature","id":195,"geometry":{"type":"MultiLineString","coordinates":[[[-75.976768528999969,4.7906387090000635],[-75.977292132999935,4.7904026020000288]],[[-75.976604596999948,4.7904558360000351],[-75.976768528999969,4.7906387090000635]],[[-75.976470104999976,4.7901607900000727],[-75.976604596999948,4.7904558360000351]],[[-75.977292132999935,4.7904026020000288],[-75.97725096299996,4.7901309760000572]],[[-75.976563341999963,4.7899404380000306],[-75.976470104999976,4.7901607900000727]],[[-75.97725096299996,4.7901309760000572],[-75.977018702999942,4.7898686350000617]],[[-75.976806187999955,4.7898350880000748],[-75.976563341999963,4.7899404380000306]],[[-75.977018702999942,4.7898686350000617],[-75.976806187999955,4.7898350880000748]],[[-75.977018702999942,4.7898686350000617],[-75.976960338999959,4.7896273840000276]],[[-75.976960338999959,4.7896273840000276],[-75.976806187999955,4.7898350880000748]],[[-76.030912383999976,4.6962360980000426],[-76.007785731999945,4.7151715170000443],[-75.976960338999959,4.7896273840000276]]]},"properties":{"OBJECTID":195,"administrador":6,"categoria":1,"codigo_tramo":"2302","nombre_ruta":"Alternas a la Troncal de Occidente","nombre_tramo":"Por Defnir","ruta":"23","superficie":3,"territorial":25,"amenaza_cat":"Alta","longitud_km":13.249654112498273,"Shape_Length":0.1134696115588017}},{"type":"Feature","id":196,"geometry":{"type":"LineString","coordinates":[[-76.213241733999951,4.2600472670000613],[-76.201775134999934,4.3103491870000425],[-76.178971559999979,4.3182963530000507],[-76.176508823999939,4.3456132790000765],[-76.157769001999952,4.3701773020000587]]},"properties":{"OBJECTID":196,"administrador":6,"categoria":1,"codigo_tramo":"2302","nombre_ruta":"Alternas a la Troncal de Occidente","nombre_tramo":"Por Defnir","ruta":"23","superficie":3,"territorial":25,"amenaza_cat":"Alta","longitud_km":15.867567046451585,"Shape_Length":0.13406488749071796}},{"type":"Feature","id":197,"geometry":{"type":"MultiLineString","coordinates":[[[-76.086666331999936,4.5307352390000233],[-76.065665308999939,4.5959817450000742]],[[-76.086605062999979,4.5300871620000294],[-76.086666331999936,4.5307352390000233]],[[-76.086605062999979,4.5300871620000294],[-76.086666331999936,4.5307352390000233]],[[-76.093738593999944,4.5029826680000724],[-76.086605062999979,4.5300871620000294]]]},"properties":{"OBJECTID":197,"administrador":6,"categoria":1,"codigo_tramo":"2302","nombre_ruta":"Alternas a la Troncal de Occidente","nombre_tramo":"Por Defnir","ruta":"23","superficie":3,"territorial":25,"amenaza_cat":"Alta","longitud_km":11.532222337692433,"Shape_Length":0.097872483915966674}},{"type":"Feature","id":198,"geometry":{"type":"MultiLineString","coordinates":[[[-76.257949996999969,4.1833584230000724],[-76.257912941999962,4.1834948820000477]],[[-76.280036704999986,4.1487448680000512],[-76.257422217999988,4.1674945880000678],[-76.257699616999957,4.1810814470000537]],[[-76.28066163799997,4.1482102560000271],[-76.280036704999986,4.1487448680000512]],[[-76.28066163799997,4.1482102560000271],[-76.280036704999986,4.1487448680000512]],[[-76.333126324999967,4.0563759730000584],[-76.323584091999976,4.0931576140000629],[-76.309697140999958,4.0979014490000623],[-76.300047480999979,4.1327074190000417],[-76.28066163799997,4.1482102560000271]]]},"properties":{"OBJECTID":198,"administrador":6,"categoria":1,"codigo_tramo":"2302","nombre_ruta":"Alternas a la Troncal de Occidente","nombre_tramo":"Por Defnir","ruta":"23","superficie":3,"territorial":25,"amenaza_cat":"Alta","longitud_km":18.831403040033795,"Shape_Length":0.1583675108547726}},{"type":"Feature","id":199,"geometry":{"type":"MultiLineString","coordinates":[[[-76.144507875999977,4.4156472220000751],[-76.144086853999966,4.4343021090000434],[-76.093738593999944,4.5029826680000724]],[[-76.144528376999972,4.4148432480000679],[-76.144507875999977,4.4156472220000751]],[[-76.144528376999972,4.4148432480000679],[-76.144507875999977,4.4156472220000751]],[[-76.144724456999938,4.4095120520000251],[-76.144528376999972,4.4148432480000679]],[[-76.144929113999979,4.4088902000000303],[-76.144724456999938,4.4095120520000251]],[[-76.144929113999979,4.4088902000000303],[-76.144724456999938,4.4095120520000251]],[[-76.157769001999952,4.3701773020000587],[-76.144929113999979,4.4088902000000303]]]},"properties":{"OBJECTID":199,"administrador":6,"categoria":1,"codigo_tramo":"2302","nombre_ruta":"Alternas a la Troncal de Occidente","nombre_tramo":"Por Defnir","ruta":"23","superficie":3,"territorial":25,"amenaza_cat":"Alta","longitud_km":18.165199983235187,"Shape_Length":0.15285736909462619}},{"type":"Feature","id":200,"geometry":{"type":"LineString","coordinates":[[-76.065665308999939,4.5959817450000742],[-76.059412087999988,4.6537149250000311],[-76.043306168999948,4.6902240440000469],[-76.030912383999976,4.6962360980000426]]},"properties":{"OBJECTID":200,"administrador":6,"categoria":1,"codigo_tramo":"2302","nombre_ruta":"Alternas a la Troncal de Occidente","nombre_tramo":"Por Defnir","ruta":"23","superficie":3,"territorial":25,"amenaza_cat":"Alta","longitud_km":13.279437774537529,"Shape_Length":0.11174968543241044}},{"type":"Feature","id":201,"geometry":{"type":"MultiLineString","coordinates":[[[-76.257912941999962,4.1834948820000477],[-76.236668965999968,4.2140375460000428],[-76.240172257999973,4.2488144230000557],[-76.213241733999951,4.2600472670000613]],[[-76.257699616999957,4.1810814470000537],[-76.257949996999969,4.1833584230000724]]]},"properties":{"OBJECTID":201,"administrador":6,"categoria":1,"codigo_tramo":"2302","nombre_ruta":"Alternas a la Troncal de Occidente","nombre_tramo":"Por Defnir","ruta":"23","superficie":3,"territorial":25,"amenaza_cat":"Alta","longitud_km":11.970576739894501,"Shape_Length":0.10362717057456836}},{"type":"Feature","id":202,"geometry":{"type":"LineString","coordinates":[[-76.361074064999968,3.8910725160000652],[-76.343682272999956,3.9388874590000569],[-76.328274996999937,3.9534263490000399],[-76.32656975499998,4.0072600500000704],[-76.315102564999961,4.0327262020000489],[-76.333126324999967,4.0563759730000584]]},"properties":{"OBJECTID":202,"administrador":6,"categoria":1,"codigo_tramo":"2302","nombre_ruta":"Alternas a la Troncal de Occidente","nombre_tramo":"Por Defnir","ruta":"23","superficie":3,"territorial":25,"amenaza_cat":"Alta","longitud_km":21.579113074256263,"Shape_Length":0.18358825155503589}},{"type":"Feature","id":203,"geometry":{"type":"MultiLineString","coordinates":[[[-73.003029760999937,6.7900127720000683],[-72.993584546999955,6.7995472340000447],[-73.003465662999986,6.8077469750000432],[-73.015710014999968,6.7927502290000348],[-73.003954055999941,6.8240953520000289]],[[-73.003029760999937,6.7900127720000683],[-73.003516870999988,6.7886366120000616]],[[-73.003516870999988,6.7886366120000616],[-73.003029760999937,6.7900127720000683]],[[-73.050994721999984,6.6638244090000285],[-73.033912647999955,6.6886985410000648],[-73.014327032999972,6.6965592660000652],[-73.020678976999989,6.7183531930000413],[-73.00334616899994,6.7490009060000489],[-73.003516870999988,6.7886366120000616]]]},"properties":{"OBJECTID":203,"administrador":1,"categoria":4,"codigo_tramo":"45A07","nombre_ruta":"Troncal Central","nombre_tramo":"Por Defnir","ruta":"45","superficie":3,"territorial":22,"amenaza_cat":"Alta","longitud_km":34.192268848001909,"Shape_Length":0.23084360285229272}},{"type":"Feature","id":204,"geometry":{"type":"MultiLineString","coordinates":[[[-73.10828029399994,6.572391370000048],[-73.050994721999984,6.6638244090000285]],[[-73.108050046999949,6.5652485920000458],[-73.10807546999996,6.5653099320000479]],[[-73.107949235999968,6.5635410540000407],[-73.108002115999966,6.5637674000000743]],[[-73.10739343299997,6.562452449000034],[-73.107762288999936,6.5631822190000548]]]},"properties":{"OBJECTID":204,"administrador":1,"categoria":4,"codigo_tramo":"45A07","nombre_ruta":"Troncal Central","nombre_tramo":"Por Defnir","ruta":"45","superficie":3,"territorial":22,"amenaza_cat":"Alta","longitud_km":14.451219059148405,"Shape_Length":0.10901295165109293}},{"type":"Feature","id":205,"geometry":{"type":"MultiLineString","coordinates":[[[-73.044004447999953,6.9835387570000762],[-73.053883841999948,7.0011188950000474]],[[-73.044004447999953,6.9835387570000762],[-73.05407934699997,7.0010395310000604]],[[-73.006030112999952,6.9202657260000251],[-73.044004447999953,6.9835387570000762]],[[-73.003954055999941,6.8240953520000289],[-72.991064654999946,6.8250907650000272],[-72.988566447999972,6.8546182070000441],[-73.006030112999952,6.9202657260000251]]]},"properties":{"OBJECTID":205,"administrador":1,"categoria":4,"codigo_tramo":"45A07","nombre_ruta":"Troncal Central","nombre_tramo":"Por Defnir","ruta":"45","superficie":3,"territorial":22,"amenaza_cat":"Alta","longitud_km":29.859142478406252,"Shape_Length":0.22464468422164882}},{"type":"Feature","id":206,"geometry":{"type":"MultiLineString","coordinates":[[[-73.10807546999996,6.5653099320000479],[-73.10828029399994,6.572391370000048]],[[-73.108002115999966,6.5637674000000743],[-73.108050046999949,6.5652485920000458]],[[-73.107762288999936,6.5631822190000548],[-73.107949235999968,6.5635410540000407]],[[-73.115324108999971,6.5566627000000608],[-73.10739343299997,6.562452449000034]],[[-73.13203871099995,6.5522651380000525],[-73.115324108999971,6.5566627000000608]]]},"properties":{"OBJECTID":206,"administrador":1,"categoria":4,"codigo_tramo":"45A07","nombre_ruta":"Troncal Central","nombre_tramo":"Por Defnir","ruta":"45","superficie":3,"territorial":22,"amenaza_cat":"Alta","longitud_km":4.5271127823004829,"Shape_Length":0.036073602473484068}},{"type":"Feature","id":207,"geometry":{"type":"MultiLineString","coordinates":[[[-73.960744268999974,4.4139901950000535],[-73.989410100999976,4.4188938700000335]],[[-73.906464024999934,4.375803056000052],[-73.920448269999952,4.4105287750000457],[-73.960744268999974,4.4139901950000535]],[[-73.873174233999976,4.3341784160000429],[-73.906464024999934,4.375803056000052]],[[-73.870917112999962,4.3302242980000756],[-73.870958519999988,4.3302939540000693]]]},"properties":{"OBJECTID":207,"administrador":2,"categoria":1,"codigo_tramo":"4006","nombre_ruta":"Transversal Buenaventura - Villavicencio - Puerto Carreño","nombre_tramo":"Por Defnir","ruta":"40","superficie":3,"territorial":12,"amenaza_cat":"Alta","longitud_km":20.299282416887753,"Shape_Length":0.16034274658259212}},{"type":"Feature","id":208,"geometry":{"type":"MultiLineString","coordinates":[[[-74.04980601699998,4.4541228170000409],[-74.063845780999941,4.454045140000062],[-74.068051324999942,4.4437414460000468],[-74.068870005999941,4.4545359510000253],[-74.083684860999938,4.4572322470000358]],[[-74.040863572999967,4.4449403460000667],[-74.04980601699998,4.4541228170000409]],[[-73.989410100999976,4.4188938700000335],[-74.013038639999934,4.4309068710000474],[-74.006097790999945,4.4369956440000351],[-74.017595820999986,4.4451480560000505],[-74.041507927999987,4.4429723040000226]],[[-74.042786473999968,4.4432162100000596],[-74.040863572999967,4.4449403460000667]],[[-74.041605951999941,4.4430168160000676],[-74.042786473999968,4.4432162100000596]],[[-74.042321150999953,4.443113219000054],[-74.042786473999968,4.4432162100000596]],[[-74.042189969999981,4.4431091210000204],[-74.042321150999953,4.443113219000054]],[[-74.042295481999986,4.4427617290000398],[-74.042321150999953,4.443113219000054]],[[-74.041605951999941,4.4430168160000676],[-74.042189969999981,4.4431091210000204]],[[-74.042189969999981,4.4431091210000204],[-74.041843011999958,4.4428827220000358]],[[-74.041507927999987,4.4429723040000226],[-74.041605951999941,4.4430168160000676]]]},"properties":{"OBJECTID":208,"administrador":2,"categoria":1,"codigo_tramo":"4006","nombre_ruta":"Transversal Buenaventura - Villavicencio - Puerto Carreño","nombre_tramo":"Por Defnir","ruta":"40","superficie":3,"territorial":12,"amenaza_cat":"Alta","longitud_km":19.463979237690079,"Shape_Length":0.14356916901265773}},{"type":"Feature","id":209,"geometry":{"type":"MultiLineString","coordinates":[[[-73.835187968999946,4.2773112940000715],[-73.834754231999966,4.2785188690000382]],[[-73.835187968999946,4.2773112940000715],[-73.835165021999956,4.2784202490000212]],[[-73.825492246999943,4.2449383950000765],[-73.835187968999946,4.2773112940000715]],[[-73.835187968999946,4.2773112940000715],[-73.825492246999943,4.2449383950000765]],[[-73.825492246999943,4.2449383950000765],[-73.824993076999988,4.2433466940000244]],[[-73.824993076999988,4.2433466940000244],[-73.825492246999943,4.2449383950000765]],[[-73.823839008999983,4.2408687590000227],[-73.824993076999988,4.2433466940000244]],[[-73.824993076999988,4.2433466940000244],[-73.823839008999983,4.2408687590000227]],[[-73.823839008999983,4.2408687590000227],[-73.817069089999961,4.2316271910000296]],[[-73.817069089999961,4.2316271910000296],[-73.823839008999983,4.2408687590000227]],[[-73.744842097999936,4.2002663600000574],[-73.803654034999965,4.1992776670000467],[-73.817069089999961,4.2316271910000296]]]},"properties":{"OBJECTID":209,"administrador":2,"categoria":1,"codigo_tramo":"4006","nombre_ruta":"Transversal Buenaventura - Villavicencio - Puerto Carreño","nombre_tramo":"Por Defnir","ruta":"40","superficie":3,"territorial":12,"amenaza_cat":"Alta","longitud_km":25.141201012085698,"Shape_Length":0.19553580093388229}},{"type":"Feature","id":210,"geometry":{"type":"MultiLineString","coordinates":[[[-73.870958519999988,4.3302939540000693],[-73.873174233999976,4.3341784160000429]],[[-73.834696849999943,4.2807261490000315],[-73.870917112999962,4.3302242980000756]],[[-73.834754231999966,4.2785188690000382],[-73.834696849999943,4.2807261490000315]],[[-73.835165021999956,4.2784202490000212],[-73.834696849999943,4.2807261490000315]]]},"properties":{"OBJECTID":210,"administrador":2,"categoria":1,"codigo_tramo":"4006","nombre_ruta":"Transversal Buenaventura - Villavicencio - Puerto Carreño","nombre_tramo":"Por Defnir","ruta":"40","superficie":3,"territorial":12,"amenaza_cat":"Alta","longitud_km":8.4398386588104142,"Shape_Length":0.070367868247241366}},{"type":"Feature","id":211,"geometry":{"type":"MultiLineString","coordinates":[[[-73.725613887999941,4.2010961960000373],[-73.744842097999936,4.2002663600000574]],[[-73.720466014999943,4.1993809320000537],[-73.725613887999941,4.2010961960000373]],[[-73.720466014999943,4.1993809320000537],[-73.725613887999941,4.2010961960000373]],[[-73.719735882999942,4.1980914330000587],[-73.720466014999943,4.1993809320000537]],[[-73.645955028999936,4.122452256000031],[-73.658373216999962,4.1410653750000392],[-73.705816812999956,4.1617306190000249],[-73.703119643999969,4.1742343420000338],[-73.719735882999942,4.1980914330000587]],[[-73.645579201999965,4.1222296320000282],[-73.645955028999936,4.122452256000031]],[[-73.644123469999954,4.1214989660000469],[-73.645579201999965,4.1222296320000282]],[[-73.643192817999989,4.1210301100000493],[-73.641417506999971,4.1217340060000538]],[[-73.643192817999989,4.1210301100000493],[-73.644123469999954,4.1214989660000469]],[[-73.642308867999986,4.1205847820000372],[-73.643192817999989,4.1210301100000493]]]},"properties":{"OBJECTID":211,"administrador":2,"categoria":1,"codigo_tramo":"4006","nombre_ruta":"Transversal Buenaventura - Villavicencio - Puerto Carreño","nombre_tramo":"Por Defnir","ruta":"40","superficie":3,"territorial":12,"amenaza_cat":"Alta","longitud_km":17.815024884657962,"Shape_Length":0.15357644674706045}},{"type":"Feature","id":212,"geometry":{"type":"LineString","coordinates":[[-76.384629860999951,1.4966164430000504],[-76.35892638699994,1.5006132470000466],[-76.322142632999942,1.5326903090000314],[-76.318966978999981,1.5587075460000506],[-76.289239158999976,1.594292610000025],[-76.284819324999944,1.6199317770000334],[-76.235368044999973,1.668890235000049]]},"properties":{"OBJECTID":212,"administrador":2,"categoria":1,"codigo_tramo":"4503","nombre_ruta":"Troncal del Magdalena","nombre_tramo":"Por Defnir","ruta":"45","superficie":3,"territorial":14,"amenaza_cat":"Alta","longitud_km":32.521905932134814,"Shape_Length":0.24300117749006275}},{"type":"Feature","id":213,"geometry":{"type":"MultiLineString","coordinates":[[[-76.089817033999964,1.8459610630000611],[-76.067720885999961,1.8467451210000263]],[[-76.067720885999961,1.8467451210000263],[-76.067633832999945,1.8467420720000405]],[[-76.067633832999945,1.8467420720000405],[-76.067321041999946,1.8467236930000581]],[[-76.235368044999973,1.668890235000049],[-76.189263159999939,1.7001135190000696],[-76.177937394999958,1.7620780920000243],[-76.118774325999937,1.8295777880000514],[-76.089817033999964,1.8459610630000611]]]},"properties":{"OBJECTID":213,"administrador":2,"categoria":1,"codigo_tramo":"4503","nombre_ruta":"Troncal del Magdalena","nombre_tramo":"Por Defnir","ruta":"45","superficie":3,"territorial":14,"amenaza_cat":"Alta","longitud_km":32.061184322108481,"Shape_Length":0.26421276751628986}},{"type":"Feature","id":214,"geometry":{"type":"MultiLineString","coordinates":[[[-75.702897508999968,4.490879914000061],[-75.691370484999936,4.4992985530000738]],[[-75.703116773999966,4.4902894540000489],[-75.702897508999968,4.490879914000061]]]},"properties":{"OBJECTID":214,"administrador":1,"categoria":2,"codigo_tramo":"40QN04","nombre_ruta":"Transversal Buenaventura - Villavicencio - Puerto Carreño","nombre_tramo":"Por Defnir","ruta":"40","superficie":3,"territorial":20,"amenaza_cat":"Alta","longitud_km":1.6900465095198451,"Shape_Length":0.014903811321301851}},{"type":"Feature","id":215,"geometry":{"type":"LineString","coordinates":[[-75.709954178999965,2.4634363880000478],[-75.727973378999934,2.4853073750000476]]},"properties":{"OBJECTID":215,"administrador":1,"categoria":2,"codigo_tramo":"24HL03","nombre_ruta":"Alternas a la Troncal del Magdalena","nombre_tramo":"Por Defnir","ruta":"24","superficie":3,"territorial":14,"amenaza_cat":"Alta","longitud_km":3.3110180530606166,"Shape_Length":0.028337812918308496}},{"type":"Feature","id":216,"geometry":{"type":"MultiLineString","coordinates":[[[-75.71120831099995,4.5274657090000687],[-75.742258574999937,4.5391026880000709]],[[-75.71020485799994,4.5275524760000394],[-75.71120831099995,4.5274657090000687]],[[-75.710192691999964,4.5274953760000471],[-75.71120831099995,4.5274657090000687]]]},"properties":{"OBJECTID":216,"administrador":1,"categoria":1,"codigo_tramo":"2901B","nombre_ruta":"Acceso a Armenia","nombre_tramo":"Por Defnir","ruta":"29","superficie":3,"territorial":20,"amenaza_cat":"Alta","longitud_km":4.1668952844208533,"Shape_Length":0.035182534416942919}},{"type":"Feature","id":217,"geometry":{"type":"LineString","coordinates":[[-75.742258574999937,4.5391026880000709],[-75.757561951999946,4.5693319780000365]]},"properties":{"OBJECTID":217,"administrador":1,"categoria":1,"codigo_tramo":"2901B","nombre_ruta":"Acceso a Armenia","nombre_tramo":"Por Defnir","ruta":"29","superficie":3,"territorial":20,"amenaza_cat":"Alta","longitud_km":4.177825761446206,"Shape_Length":0.033882197707740806}},{"type":"Feature","id":218,"geometry":{"type":"LineString","coordinates":[[-75.757561951999946,4.5693319780000365],[-75.777137342999936,4.5761637370000585],[-75.78000185999997,4.6024230600000351],[-75.76714650599996,4.6266958300000738],[-75.77658248399996,4.6542425270000649]]},"properties":{"OBJECTID":218,"administrador":1,"categoria":1,"codigo_tramo":"2901B","nombre_ruta":"Acceso a Armenia","nombre_tramo":"Por Defnir","ruta":"29","superficie":3,"territorial":20,"amenaza_cat":"Alta","longitud_km":12.67575691044067,"Shape_Length":0.10373322716906666}},{"type":"Feature","id":219,"geometry":{"type":"MultiLineString","coordinates":[[[-75.782888306999951,4.668658601000061],[-75.782953322999958,4.6720240900000363]],[[-75.77658248399996,4.6542425270000649],[-75.782888306999951,4.668658601000061]]]},"properties":{"OBJECTID":219,"administrador":1,"categoria":1,"codigo_tramo":"2901B","nombre_ruta":"Acceso a Armenia","nombre_tramo":"Por Defnir","ruta":"29","superficie":3,"territorial":20,"amenaza_cat":"Alta","longitud_km":2.437078389221913,"Shape_Length":0.01910100154225625}},{"type":"Feature","id":220,"geometry":{"type":"LineString","coordinates":[[-77.732988971999987,0.95943771400004607],[-77.719515755999964,0.99635802800003148]]},"properties":{"OBJECTID":220,"administrador":1,"categoria":1,"codigo_tramo":"1701","nombre_ruta":"Via Alterna al Puerto de Tumaco","nombre_tramo":"Por Defnir","ruta":"17","superficie":1,"territorial":17,"amenaza_cat":"Alta","longitud_km":4.7884859892964977,"Shape_Length":0.039301871905047775}},{"type":"Feature","id":221,"geometry":{"type":"LineString","coordinates":[[-77.719515755999964,0.99635802800003148],[-77.692366973999981,1.0324244860000249],[-77.69567981199998,1.04465385900005]]},"properties":{"OBJECTID":221,"administrador":1,"categoria":1,"codigo_tramo":"1701","nombre_ruta":"Via Alterna al Puerto de Tumaco","nombre_tramo":"Por Defnir","ruta":"17","superficie":1,"territorial":17,"amenaza_cat":"Alta","longitud_km":6.591474682767311,"Shape_Length":0.057812645462037932}},{"type":"Feature","id":222,"geometry":{"type":"MultiLineString","coordinates":[[[-75.76385681499994,4.4709686450000277],[-75.764010106999933,4.4714823860000479]],[[-75.764260387999968,4.4713184440000759],[-75.764098971999942,4.4714316480000207]],[[-75.764260387999968,4.4713184440000759],[-75.764367689999972,4.4709075930000495]],[[-75.764914897999972,4.4708541410000748],[-75.764260387999968,4.4713184440000759]],[[-75.764256288999945,4.4708147620000318],[-75.76385681499994,4.4709686450000277]],[[-75.764914897999972,4.4708541410000748],[-75.764433860999986,4.4708794110000554]],[[-75.767603436999934,4.4689250550000565],[-75.764914897999972,4.4708541410000748]]]},"properties":{"OBJECTID":222,"administrador":2,"categoria":1,"codigo_tramo":"4002","nombre_ruta":"Transversal Buenaventura - Villavicencio - Puerto Carreño","nombre_tramo":"Por Defnir","ruta":"40","superficie":3,"territorial":20,"amenaza_cat":"Alta","longitud_km":0.72895631080400725,"Shape_Length":0.0061791909231113124}},{"type":"Feature","id":223,"geometry":{"type":"MultiLineString","coordinates":[[[-75.764367689999972,4.4709075930000495],[-75.764326637999943,4.4708375240000464]],[[-75.764433860999986,4.4708794110000554],[-75.764326637999943,4.4708375240000464]],[[-75.764326637999943,4.4708375240000464],[-75.764256288999945,4.4708147620000318]],[[-75.875247703999946,4.4105354130000478],[-75.863230810999937,4.4159887680000338],[-75.859573549999936,4.4348547040000312],[-75.767603436999934,4.4689250550000565]]]},"properties":{"OBJECTID":223,"administrador":2,"categoria":1,"codigo_tramo":"4002","nombre_ruta":"Transversal Buenaventura - Villavicencio - Puerto Carreño","nombre_tramo":"Por Defnir","ruta":"40","superficie":3,"territorial":20,"amenaza_cat":"Alta","longitud_km":15.410731770938048,"Shape_Length":0.130761794711035}},{"type":"Feature","id":224,"geometry":{"type":"MultiLineString","coordinates":[[[-75.880331215999945,4.4091673640000408],[-75.875247703999946,4.4105354130000478]],[[-75.894914384999936,4.408048448000045],[-75.887661148999939,4.4094941970000718]],[[-75.884725015999948,4.4092818430000307],[-75.881816278999963,4.4086294600000429]],[[-75.886368324999978,4.408816340000044],[-75.886264788999938,4.408824505000041]],[[-75.886428222999939,4.408815387000061],[-75.886384255999985,4.408815655000069]],[[-75.906602168999939,4.4068039650000514],[-75.899963068999966,4.4079353440000659]],[[-75.907448982999938,4.4066674070000431],[-75.906786593999982,4.4067720930000291]],[[-75.919236036999962,4.3999016210000264],[-75.918154637999976,4.4002905560000727]],[[-75.919663617999959,4.3995812130000331],[-75.919477012999948,4.3997193790000324]],[[-75.920540073999973,4.3988928360000727],[-75.920312781999939,4.3990724150000347]],[[-75.94192462999996,4.3815728710000599],[-75.941508422999959,4.3829462150000609]],[[-75.942329893999954,4.3803320180000469],[-75.942198324999936,4.3807121580000512]],[[-75.943960072999971,4.379056232000039],[-75.942982080999968,4.3796513910000385]],[[-75.944698546999973,4.3784920060000445],[-75.944349221999971,4.3788129790000312]],[[-75.945074463999958,4.3776181900000211],[-75.944982677999974,4.3778686130000324]],[[-75.945667348999962,4.376122758000065],[-75.94515333399994,4.3774030090000338]],[[-75.945968215999983,4.3753757260000725],[-75.945921034999969,4.3754869430000554]],[[-75.946007796999936,4.375292871000056],[-75.946006571999988,4.3752952360000563]],[[-75.946613278999962,4.3746396390000655],[-75.94616810499997,4.3750559230000476]],[[-75.947672959999977,4.3737300150000351],[-75.947302697999987,4.3740490470000282]],[[-75.950957738999989,4.3710669030000417],[-75.948169213999961,4.3733065760000613]]]},"properties":{"OBJECTID":224,"administrador":2,"categoria":1,"codigo_tramo":"4002","nombre_ruta":"Transversal Buenaventura - Villavicencio - Puerto Carreño","nombre_tramo":"Por Defnir","ruta":"40","superficie":3,"territorial":20,"amenaza_cat":"Alta","longitud_km":4.2237424606889826,"Shape_Length":0.034766751660963983}},{"type":"Feature","id":225,"geometry":{"type":"MultiLineString","coordinates":[[[-75.899963068999966,4.4079353440000659],[-75.894914384999936,4.408048448000045]],[[-75.887661148999939,4.4094941970000718],[-75.886428222999939,4.408815387000061]],[[-75.886264788999938,4.408824505000041],[-75.884725015999948,4.4092818430000307]],[[-75.881816278999963,4.4086294600000429],[-75.880331215999945,4.4091673640000408]],[[-75.886384255999985,4.408815655000069],[-75.886368324999978,4.408816340000044]],[[-75.906775540999945,4.4067827910000688],[-75.906602168999939,4.4068039650000514]],[[-75.908669671999974,4.4065875270000561],[-75.906775540999945,4.4067827910000688]],[[-75.906786593999982,4.4067720930000291],[-75.906775540999945,4.4067827910000688]],[[-75.908669671999974,4.4065875270000561],[-75.907448982999938,4.4066674070000431]],[[-75.918154637999976,4.4002905560000727],[-75.908669671999974,4.4065875270000561]],[[-75.919477012999948,4.3997193790000324],[-75.919236036999962,4.3999016210000264]],[[-75.920312781999939,4.3990724150000347],[-75.919663617999959,4.3995812130000331]],[[-75.941508422999959,4.3829462150000609],[-75.920540073999973,4.3988928360000727]],[[-75.942198324999936,4.3807121580000512],[-75.94192462999996,4.3815728710000599]],[[-75.942982080999968,4.3796513910000385],[-75.942329893999954,4.3803320180000469]],[[-75.944349221999971,4.3788129790000312],[-75.943960072999971,4.379056232000039]],[[-75.944982677999974,4.3778686130000324],[-75.944698546999973,4.3784920060000445]],[[-75.94515333399994,4.3774030090000338],[-75.945074463999958,4.3776181900000211]],[[-75.945921034999969,4.3754869430000554],[-75.945667348999962,4.376122758000065]],[[-75.946006571999988,4.3752952360000563],[-75.945968215999983,4.3753757260000725]],[[-75.94616810499997,4.3750559230000476],[-75.946007796999936,4.375292871000056]],[[-75.947302697999987,4.3740490470000282],[-75.946613278999962,4.3746396390000655]],[[-75.948169213999961,4.3733065760000613],[-75.947672959999977,4.3737300150000351]],[[-76.064033260999963,4.3313181010000221],[-76.047428560999947,4.3494435730000305],[-75.950957738999989,4.3710669030000417]],[[-76.064446622999981,4.3309257920000732],[-76.065804700999934,4.3313531200000739]],[[-76.064836536999962,4.3285438570000565],[-76.064033260999963,4.3313181010000221]],[[-76.064033260999963,4.3313181010000221],[-76.064446622999981,4.3309257920000732]],[[-76.064837732999933,4.3285367060000226],[-76.064836536999962,4.3285438570000565]]]},"properties":{"OBJECTID":225,"administrador":2,"categoria":1,"codigo_tramo":"4002","nombre_ruta":"Transversal Buenaventura - Villavicencio - Puerto Carreño","nombre_tramo":"Por Defnir","ruta":"40","superficie":3,"territorial":20,"amenaza_cat":"Alta","longitud_km":21.891996195769298,"Shape_Length":0.18600567969568302}},{"type":"Feature","id":226,"geometry":{"type":"LineString","coordinates":[[-76.240713246999974,3.0220514900000239],[-76.249648505999971,3.0318457190000458],[-76.278850059999968,3.0211185860000569]]},"properties":{"OBJECTID":226,"administrador":1,"categoria":2,"codigo_tramo":"37CCA","nombre_ruta":"Circuitos Ecoturisticos Huila - Cauca","nombre_tramo":"Por Defnir","ruta":"37","superficie":3,"territorial":8,"amenaza_cat":"Alta","longitud_km":7.3824454441078791,"Shape_Length":0.044367186993038044}},{"type":"Feature","id":227,"geometry":{"type":"LineString","coordinates":[[-75.783427561999986,4.8135940820000656],[-75.798261575999959,4.8131666190000715]]},"properties":{"OBJECTID":227,"administrador":6,"categoria":1,"codigo_tramo":"29RSB","nombre_ruta":"Troncal del Eje Cafetero","nombre_tramo":"Por Defnir","ruta":"29","superficie":3,"territorial":21,"amenaza_cat":"Alta","longitud_km":1.8364915663442225,"Shape_Length":0.014840171696033865}},{"type":"Feature","id":228,"geometry":{"type":"MultiLineString","coordinates":[[[-75.70349758499998,4.4899699670000359],[-75.702897508999968,4.490879914000061]],[[-75.703992143999983,4.4876743280000255],[-75.70349758499998,4.4899699670000359]],[[-75.703260331999957,4.4874939800000675],[-75.703992143999983,4.4876743280000255]],[[-75.704663280999966,4.4862945180000224],[-75.703992143999983,4.4876743280000255]],[[-75.704663280999966,4.4862945180000224],[-75.702982788999975,4.4869168750000199]],[[-75.76307841199997,4.4712274470000466],[-75.732088575999967,4.4635881810000342],[-75.704663280999966,4.4862945180000224]],[[-75.76385681499994,4.4709686450000277],[-75.76307841199997,4.4712274470000466]]]},"properties":{"OBJECTID":228,"administrador":2,"categoria":1,"codigo_tramo":"40QN01","nombre_ruta":"Transversal Buenaventura - Villavicencio - Puerto Carreño","nombre_tramo":"Por Defnir","ruta":"40","superficie":3,"territorial":20,"amenaza_cat":"Alta","longitud_km":9.0204716455087546,"Shape_Length":0.0758613595695007}},{"type":"Feature","id":229,"geometry":{"type":"LineString","coordinates":[[-72.507029298999953,7.9588928410000221],[-72.484344875999966,8.0798090710000565],[-72.458446358999936,8.1138728150000361],[-72.468411272999958,8.1437346790000333],[-72.427061931999958,8.1965570190000676],[-72.429812168999945,8.3183380930000226]]},"properties":{"OBJECTID":229,"administrador":1,"categoria":1,"codigo_tramo":"5507","nombre_ruta":"Troncal Central del Norte","nombre_tramo":"Por Defnir","ruta":"55","superficie":3,"territorial":18,"amenaza_cat":"Alta","longitud_km":44.849181346515621,"Shape_Length":0.38619126298970013}},{"type":"Feature","id":230,"geometry":{"type":"LineString","coordinates":[[-72.429812168999945,8.3183380930000226],[-72.404934167999954,8.3648145310000359]]},"properties":{"OBJECTID":230,"administrador":1,"categoria":1,"codigo_tramo":"5507","nombre_ruta":"Troncal Central del Norte","nombre_tramo":"Por Defnir","ruta":"55","superficie":3,"territorial":18,"amenaza_cat":"Alta","longitud_km":6.0024161674330188,"Shape_Length":0.052715976922794582}},{"type":"Feature","id":231,"geometry":{"type":"LineString","coordinates":[[-72.253561011999977,6.0984997720000251],[-72.210445830999959,6.0993824550000681],[-72.163163278999946,6.0712246840000716],[-72.125784443999976,6.0653464660000509],[-72.065340127999946,6.1097589520000497]]},"properties":{"OBJECTID":231,"administrador":1,"categoria":1,"codigo_tramo":"6405","nombre_ruta":"Ruta de Los Libertadores","nombre_tramo":"Por Defnir","ruta":"64","superficie":3,"territorial":7,"amenaza_cat":"Alta","longitud_km":26.022194902083324,"Shape_Length":0.21100080210752087}},{"type":"Feature","id":232,"geometry":{"type":"MultiLineString","coordinates":[[[-72.492118131999973,7.9402358940000681],[-72.425291153999979,7.9992400310000562],[-72.406844815999989,8.0640754250000555],[-72.383569226999953,8.0808774560000529],[-72.385313916999962,8.09623550200007],[-72.360711538999965,8.1256673660000729]],[[-72.492256955999949,7.9400030460000721],[-72.492118131999973,7.9402358940000681]],[[-72.492375394999954,7.9400908130000403],[-72.492118131999973,7.9402358940000681]]]},"properties":{"OBJECTID":232,"administrador":1,"categoria":1,"codigo_tramo":"55NS09","nombre_ruta":"Conexión Colombia - Venezuela","nombre_tramo":"Por Defnir","ruta":"55","superficie":3,"territorial":18,"amenaza_cat":"Alta","longitud_km":28.883839944957892,"Shape_Length":0.2396462661900163}},{"type":"Feature","id":233,"geometry":{"type":"MultiLineString","coordinates":[[[-72.402642614999934,5.348715263000031],[-72.402694747999988,5.3490330800000265]],[[-72.402494207999951,5.3466871450000326],[-72.402642614999934,5.348715263000031]],[[-72.402494207999951,5.3466871450000326],[-72.402642614999934,5.348715263000031]],[[-72.408091669999976,5.3318967020000514],[-72.402494207999951,5.3466871450000326]]]},"properties":{"OBJECTID":233,"administrador":1,"categoria":1,"codigo_tramo":"6512","nombre_ruta":"Troncal Villagarzon - Saravena","nombre_tramo":"Por Defnir","ruta":"65","superficie":3,"territorial":7,"amenaza_cat":"Alta","longitud_km":2.3043767805666731,"Shape_Length":0.020203341250965338}},{"type":"Feature","id":234,"geometry":{"type":"LineString","coordinates":[[-72.023026137999977,6.1252804160000665],[-72.022994249999954,6.125953533000029]]},"properties":{"OBJECTID":234,"administrador":1,"categoria":1,"codigo_tramo":"6514","nombre_ruta":"Troncal Villagarzon - Saravena","nombre_tramo":"Por Defnir","ruta":"65","superficie":3,"territorial":7,"amenaza_cat":"Alta","longitud_km":0.074592489046177227,"Shape_Length":0.00067387190191019587}},{"type":"Feature","id":235,"geometry":{"type":"MultiLineString","coordinates":[[[-73.095442890999948,7.0637127310000665],[-73.125202874999957,7.0650991920000479]],[[-73.095309727999961,7.0633695050000256],[-73.125266357999976,7.0650451520000388]],[[-73.095156186999986,7.0636889650000398],[-73.095442890999948,7.0637127310000665]],[[-73.095148749999964,7.0636867650000568],[-73.095156186999986,7.0636889650000398]]]},"properties":{"OBJECTID":235,"administrador":1,"categoria":4,"codigo_tramo":"45AST08","nombre_ruta":"Troncal Central","nombre_tramo":"Por Defnir","ruta":"45","superficie":3,"territorial":22,"amenaza_cat":"Alta","longitud_km":6.9896470573322471,"Shape_Length":0.060091163399718601}},{"type":"Feature","id":236,"geometry":{"type":"MultiLineString","coordinates":[[[-73.168670346999988,7.0829069610000488],[-73.168621679999944,7.0815256210000257]],[[-73.169570564999958,7.0824019920000296],[-73.169799123999951,7.0826255640000682]],[[-73.169633411999939,7.0823189300000422],[-73.169881622999981,7.0825927570000431]],[[-73.168621679999944,7.0815256210000257],[-73.169174799999951,7.0823259070000404]],[[-73.169399966999947,7.0822509830000513],[-73.169570564999958,7.0824019920000296]],[[-73.169174799999951,7.0823259070000404],[-73.169180528999959,7.0823216440000465]],[[-73.169472202999941,7.0821740650000606],[-73.169633411999939,7.0823189300000422]],[[-73.169309114999976,7.0821705630000338],[-73.169399966999947,7.0822509830000513]],[[-73.169377499999939,7.0820901760000652],[-73.169472202999941,7.0821740650000606]],[[-73.169157686999938,7.0820358890000534],[-73.169309114999976,7.0821705630000338]],[[-73.169513798999958,7.0819267520000722],[-73.169377499999939,7.0820901760000652]],[[-73.125266357999976,7.0650451520000388],[-73.161494930999936,7.0644346100000348],[-73.169234639999956,7.0819654430000583]],[[-73.125202874999957,7.0650991920000479],[-73.162401426999963,7.0649418640000476],[-73.168621679999944,7.0815256210000257]],[[-73.168621679999944,7.0815256210000257],[-73.16862139899996,7.0815229600000293]],[[-73.170040299999982,7.0813837440000498],[-73.168542000999935,7.0813580800000295]]]},"properties":{"OBJECTID":236,"administrador":1,"categoria":4,"codigo_tramo":"45AST08","nombre_ruta":"Troncal Central","nombre_tramo":"Por Defnir","ruta":"45","superficie":3,"territorial":22,"amenaza_cat":"Alta","longitud_km":13.622986002187604,"Shape_Length":0.11596839990778504}},{"type":"Feature","id":237,"geometry":{"type":"LineString","coordinates":[[-76.04581576399994,1.8510372850000749],[-76.032191901999965,1.8645706440000254]]},"properties":{"OBJECTID":237,"administrador":1,"categoria":1,"codigo_tramo":"4504","nombre_ruta":"Troncal del Magdalena","nombre_tramo":"Por Defnir","ruta":"45","superficie":3,"territorial":14,"amenaza_cat":"Alta","longitud_km":2.2166978896948693,"Shape_Length":0.019203161760915511}},{"type":"Feature","id":238,"geometry":{"type":"MultiLineString","coordinates":[[[-76.049744389999944,1.8614940110000475],[-76.032126016999939,1.8651714530000731]],[[-76.049699068999985,1.8614460420000682],[-76.032221087999972,1.8650467390000358]],[[-76.032126016999939,1.8651714530000731],[-76.031959640999958,1.8651506680000693]],[[-76.032221087999972,1.8650467390000358],[-76.032126016999939,1.8651714530000731]],[[-76.031959640999958,1.8651506680000693],[-76.031562216999987,1.8651414000000273]],[[-76.031959640999958,1.8651506680000693],[-76.031791858999952,1.8648941060000652]],[[-76.031926366999983,1.8647736640000403],[-76.032221087999972,1.8650467390000358]],[[-76.032221087999972,1.8650467390000358],[-76.032191901999965,1.8645706440000254]],[[-76.050140444999954,1.8611117060000311],[-76.049744389999944,1.8614940110000475]],[[-76.049699068999985,1.8614460420000682],[-76.049744389999944,1.8614940110000475]],[[-76.050089539999988,1.8610602880000329],[-76.049699068999985,1.8614460420000682]],[[-76.050140444999954,1.8611117060000311],[-76.050089539999988,1.8610602880000329]],[[-76.067720885999961,1.8467451210000263],[-76.050140444999954,1.8611117060000311]],[[-76.067633832999945,1.8467420720000405],[-76.050089539999988,1.8610602880000329]]]},"properties":{"OBJECTID":238,"administrador":2,"categoria":1,"codigo_tramo":"45HLC","nombre_ruta":"Troncal del Magdalena","nombre_tramo":"Por Defnir","ruta":"45","superficie":3,"territorial":14,"amenaza_cat":"Alta","longitud_km":10.161715041018848,"Shape_Length":0.084337508120043536}},{"type":"Feature","id":239,"geometry":{"type":"LineString","coordinates":[[-77.564891297999964,1.0846008270000311],[-77.54715804999995,1.0696891340000434],[-77.514891511999963,1.0714823300000376],[-77.497530114999961,1.0598513980000348],[-77.466535391999969,1.0722840960000326],[-77.470171562999951,1.0633935130000509],[-77.452999141999953,1.04977090400007]]},"properties":{"OBJECTID":239,"administrador":1,"categoria":1,"codigo_tramo":"1002","nombre_ruta":"Transversal Tumaco - Leticia","nombre_tramo":"Por Defnir","ruta":"10","superficie":1,"territorial":17,"amenaza_cat":"Alta","longitud_km":21.051012033261767,"Shape_Length":0.14130341359108892}},{"type":"Feature","id":240,"geometry":{"type":"LineString","coordinates":[[-77.629086448999942,1.086019153000052],[-77.587362521999978,1.0880055460000335],[-77.583501714999954,1.0749158030000672],[-77.564891297999964,1.0846008270000311]]},"properties":{"OBJECTID":240,"administrador":1,"categoria":1,"codigo_tramo":"1002","nombre_ruta":"Transversal Tumaco - Leticia","nombre_tramo":"Por Defnir","ruta":"10","superficie":1,"territorial":17,"amenaza_cat":"Alta","longitud_km":11.398610012026783,"Shape_Length":0.076398113967172637}},{"type":"Feature","id":241,"geometry":{"type":"MultiLineString","coordinates":[[[-76.33892586199994,1.1150072300000602],[-76.28955351899998,1.1263334530000293],[-76.282794270999943,1.1403780390000406]],[[-76.366226308999956,1.1032654380000508],[-76.354352984999935,1.1166247050000493],[-76.33892586199994,1.1150072300000602]],[[-76.465615376999949,0.99785165500003359],[-76.439649251999981,1.028821745000073],[-76.388893799999948,1.0480706140000393],[-76.366226308999956,1.1032654380000508]]]},"properties":{"OBJECTID":241,"administrador":1,"categoria":1,"codigo_tramo":"6501","nombre_ruta":"Troncal Villagarzon - Saravena","nombre_tramo":"Por Defnir","ruta":"65","superficie":3,"territorial":19,"amenaza_cat":"Alta","longitud_km":30.453762244753801,"Shape_Length":0.25399222318810677}},{"type":"Feature","id":242,"geometry":{"type":"MultiLineString","coordinates":[[[-76.530856104999941,1.0000026880000519],[-76.507436891999987,1.0081453700000225],[-76.504852909999954,0.99991135700003042]],[[-76.533770349999941,0.99619097400005785],[-76.532187531999966,0.99812508000002254]]]},"properties":{"OBJECTID":242,"administrador":1,"categoria":1,"codigo_tramo":"6501","nombre_ruta":"Troncal Villagarzon - Saravena","nombre_tramo":"Por Defnir","ruta":"65","superficie":3,"territorial":19,"amenaza_cat":"Alta","longitud_km":4.7552608260317966,"Shape_Length":0.035923570438360718}},{"type":"Feature","id":243,"geometry":{"type":"MultiLineString","coordinates":[[[-76.612577212999952,1.0060261310000556],[-76.550934642999948,1.0062456260000658],[-76.533770349999941,0.99619097400005785]],[[-76.532187531999966,0.99812508000002254],[-76.530856104999941,1.0000026880000519]]]},"properties":{"OBJECTID":243,"administrador":1,"categoria":1,"codigo_tramo":"6501","nombre_ruta":"Troncal Villagarzon - Saravena","nombre_tramo":"Por Defnir","ruta":"65","superficie":3,"territorial":19,"amenaza_cat":"Alta","longitud_km":10.105361502599008,"Shape_Length":0.083837158349879121}},{"type":"Feature","id":244,"geometry":{"type":"LineString","coordinates":[[-77.341857681999954,1.2717263500000513],[-77.294996791999949,1.2316754020000644]]},"properties":{"OBJECTID":244,"administrador":1,"categoria":1,"codigo_tramo":"2501B","nombre_ruta":"Alternas a la Troncal de Occidente","nombre_tramo":"Por Defnir","ruta":"25","superficie":3,"territorial":17,"amenaza_cat":"Alta","longitud_km":10.338870714532588,"Shape_Length":0.061644313989939206}},{"type":"Feature","id":245,"geometry":{"type":"LineString","coordinates":[[-77.411120492999942,1.2821207200000231],[-77.402271968999969,1.2902410130000703],[-77.409572258999958,1.298921205000056],[-77.370565070999987,1.289094030000058]]},"properties":{"OBJECTID":245,"administrador":1,"categoria":1,"codigo_tramo":"2501B","nombre_ruta":"Alternas a la Troncal de Occidente","nombre_tramo":"Por Defnir","ruta":"25","superficie":3,"territorial":17,"amenaza_cat":"Alta","longitud_km":10.947329575675251,"Shape_Length":0.063577803413936734}},{"type":"Feature","id":246,"geometry":{"type":"LineString","coordinates":[[-77.425104303999944,1.2850697550000518],[-77.411120492999942,1.2821207200000231]]},"properties":{"OBJECTID":246,"administrador":1,"categoria":1,"codigo_tramo":"2501B","nombre_ruta":"Alternas a la Troncal de Occidente","nombre_tramo":"Por Defnir","ruta":"25","superficie":3,"territorial":17,"amenaza_cat":"Alta","longitud_km":2.309366072905191,"Shape_Length":0.014291388229111737}},{"type":"Feature","id":247,"geometry":{"type":"MultiLineString","coordinates":[[[-75.621667457999934,2.2113770620000537],[-75.62175184299997,2.2115652860000523]],[[-75.621667457999934,2.2113770620000537],[-75.621882640999956,2.2114579320000303]],[[-75.628373198999952,2.1970253260000732],[-75.621667457999934,2.2113770620000537]],[[-75.629428114999939,2.1974898810000241],[-75.629063478999967,2.1974857900000302]],[[-75.629063478999967,2.1974857900000302],[-75.628373198999952,2.1970253260000732]],[[-75.629063478999967,2.1974857900000302],[-75.628373198999952,2.1970253260000732]]]},"properties":{"OBJECTID":247,"administrador":1,"categoria":1,"codigo_tramo":"4505","nombre_ruta":"Troncal del Magdalena","nombre_tramo":"Por Defnir","ruta":"45","superficie":3,"territorial":14,"amenaza_cat":"Alta","longitud_km":2.1422617567888169,"Shape_Length":0.01830140854677767}},{"type":"Feature","id":248,"geometry":{"type":"MultiLineString","coordinates":[[[-76.038381046999973,2.7457868590000203],[-76.063455139999974,2.7988949060000436],[-76.061873867999964,2.8326423050000358]],[[-75.980262496999956,2.5787322890000723],[-75.985519601999954,2.6168963070000473],[-75.96832879699997,2.6357333130000598],[-75.972978564999949,2.671145096000032],[-75.993545864999987,2.6771004840000501],[-75.998048520999987,2.6700117310000451],[-76.016232488999947,2.682404962000021],[-76.026908813999967,2.73807292500004],[-76.038381046999973,2.7457868590000203]],[[-75.980262496999956,2.5787322890000723],[-75.98064470099996,2.5788073290000284],[-75.980517066999937,2.5786228370000686],[-75.980262496999956,2.5787322890000723]],[[-75.969366692999984,2.5702504730000442],[-75.980262496999956,2.5787322890000723]],[[-75.969226095999943,2.5699865240000577],[-75.969366692999984,2.5702504730000442]]]},"properties":{"OBJECTID":248,"administrador":1,"categoria":1,"codigo_tramo":"3702","nombre_ruta":"Circuitos Ecoturisticos Huila - Cauca","nombre_tramo":"Por Defnir","ruta":"37","superficie":3,"territorial":8,"amenaza_cat":"Alta","longitud_km":44.135774613391732,"Shape_Length":0.32957699457927747}},{"type":"Feature","id":249,"geometry":{"type":"MultiLineString","coordinates":[[[-75.763438753999935,4.4718386490000626],[-75.701543735999962,4.5122767890000546]],[[-75.76307841199997,4.4712274470000466],[-75.763438753999935,4.4718386490000626]],[[-75.764010106999933,4.4714823860000479],[-75.763438753999935,4.4718386490000626]],[[-75.764098971999942,4.4714316480000207],[-75.764010106999933,4.4714823860000479]]]},"properties":{"OBJECTID":249,"administrador":1,"categoria":1,"codigo_tramo":"4002","nombre_ruta":"Troncal del Eje Cafetero","nombre_tramo":"Por Defnir","ruta":"40","superficie":3,"territorial":20,"amenaza_cat":"Alta","longitud_km":8.6028517960948179,"Shape_Length":0.075419172627644512}},{"type":"Feature","id":250,"geometry":{"type":"LineString","coordinates":[[-76.544669297999974,2.5104988340000318],[-76.528616689999978,2.5120382460000314]]},"properties":{"OBJECTID":250,"administrador":1,"categoria":1,"codigo_tramo":"2602","nombre_ruta":"Transversal Huila - Cauca","nombre_tramo":"Por Defnir","ruta":"26","superficie":3,"territorial":8,"amenaza_cat":"Alta","longitud_km":1.8484775704486778,"Shape_Length":0.016126252289582341}},{"type":"Feature","id":251,"geometry":{"type":"MultiLineString","coordinates":[[[-76.02711508699997,2.5613599520000321],[-75.982731848999947,2.5538091000000236],[-75.974273743999959,2.5630855400000314]],[[-76.080849184999977,2.5029095350000716],[-76.068930037999962,2.5464615380000737],[-76.02711508699997,2.5613599520000321]],[[-76.082013514999971,2.5027952080000659],[-76.080849184999977,2.5029095350000716]],[[-76.082013514999971,2.5027952080000659],[-76.080849184999977,2.5029095350000716]],[[-76.082317814999953,2.5025746220000542],[-76.082013514999971,2.5027952080000659]],[[-76.082317814999953,2.5025746220000542],[-76.082013514999971,2.5027952080000659]],[[-76.083341311999959,2.4995889910000528],[-76.082317814999953,2.5025746220000542]],[[-76.083341311999959,2.4995889910000528],[-76.082317814999953,2.5025746220000542]],[[-76.098248082999987,2.5013023300000441],[-76.092772430999958,2.4963954640000452]],[[-76.098248082999987,2.5013023300000441],[-76.092772430999958,2.4963954640000452]],[[-76.098611835999975,2.5000351220000425],[-76.098248082999987,2.5013023300000441]],[[-76.09872083099998,2.49896711100007],[-76.098611835999975,2.5000351220000425]],[[-76.09872083099998,2.49896711100007],[-76.098611835999975,2.5000351220000425]],[[-76.083382803999939,2.4992727670000363],[-76.083341311999959,2.4995889910000528]],[[-76.083382803999939,2.4992727670000363],[-76.083341311999959,2.4995889910000528]],[[-76.084150078999983,2.4983289970000442],[-76.083382803999939,2.4992727670000363]],[[-76.084150078999983,2.4983289970000442],[-76.083382803999939,2.4992727670000363]],[[-76.09940994599998,2.4982375440000624],[-76.09872083099998,2.49896711100007]],[[-76.08420543699998,2.4982702480000398],[-76.084150078999983,2.4983289970000442]],[[-76.08420543699998,2.4982702480000398],[-76.084150078999983,2.4983289970000442]],[[-76.087777210999946,2.489956836000033],[-76.08420543699998,2.4982702480000398]],[[-76.098375306999969,2.4969882580000444],[-76.09940994599998,2.4982375440000624]],[[-76.098375306999969,2.4969882580000444],[-76.09940994599998,2.4982375440000624]],[[-76.104917324999974,2.497492315000045],[-76.098015112999974,2.4953757620000374]],[[-76.097161498999981,2.4960603720000449],[-76.097336308999957,2.4974445280000737]],[[-76.106788474999973,2.4967615470000624],[-76.104917324999974,2.497492315000045]],[[-76.106788474999973,2.4967615470000624],[-76.104917324999974,2.497492315000045]],[[-76.097161498999981,2.4960603720000449],[-76.097336308999957,2.4974445280000737]],[[-76.097336308999957,2.4974445280000737],[-76.098375306999969,2.4969882580000444]],[[-76.097336308999957,2.4974445280000737],[-76.098375306999969,2.4969882580000444]],[[-76.107125007999969,2.4965474740000673],[-76.106788474999973,2.4967615470000624]],[[-76.107125007999969,2.4965474740000673],[-76.106788474999973,2.4967615470000624]],[[-76.108053923999989,2.4962719680000305],[-76.107125007999969,2.4965474740000673]],[[-76.108053923999989,2.4962719680000305],[-76.107125007999969,2.4965474740000673]],[[-76.092772430999958,2.4963954640000452],[-76.08967410799994,2.4899690820000728]],[[-76.108342024999956,2.4958850260000531],[-76.108053923999989,2.4962719680000305]],[[-76.108342024999956,2.4958850260000531],[-76.108053923999989,2.4962719680000305]],[[-76.098015112999974,2.4953757620000374],[-76.097161498999981,2.4960603720000449]],[[-76.098015112999974,2.4953757620000374],[-76.097161498999981,2.4960603720000449]],[[-76.109580263999987,2.4950824870000474],[-76.108342024999956,2.4958850260000531]],[[-76.109580263999987,2.4950824870000474],[-76.108342024999956,2.4958850260000531]],[[-76.109635239999989,2.4946242020000682],[-76.109580263999987,2.4950824870000474]],[[-76.109635239999989,2.4946242020000682],[-76.109580263999987,2.4950824870000474]],[[-76.109558167999978,2.4940899660000468],[-76.109635239999989,2.4946242020000682]],[[-76.109558167999978,2.4940899660000468],[-76.109635239999989,2.4946242020000682]],[[-76.10897339099995,2.4928063530000486],[-76.109558167999978,2.4940899660000468]],[[-76.10897339099995,2.4928063530000486],[-76.109558167999978,2.4940899660000468]],[[-76.108925888999977,2.4925367840000376],[-76.10897339099995,2.4928063530000486]],[[-76.108925888999977,2.4925367840000376],[-76.10897339099995,2.4928063530000486]],[[-76.108970664999958,2.4919977690000223],[-76.108925888999977,2.4925367840000376]],[[-76.108970664999958,2.4919977690000223],[-76.108925888999977,2.4925367840000376]],[[-76.109505381999952,2.4912760440000739],[-76.108970664999958,2.4919977690000223]],[[-76.109505381999952,2.4912760440000739],[-76.108970664999958,2.4919977690000223]],[[-76.10983698299998,2.4910278420000509],[-76.109505381999952,2.4912760440000739]],[[-76.10983698299998,2.4910278420000509],[-76.109505381999952,2.4912760440000739]],[[-76.110937421999949,2.4897706970000399],[-76.10983698299998,2.4910278420000509]],[[-76.110937421999949,2.4897706970000399],[-76.10983698299998,2.4910278420000509]],[[-76.08967410799994,2.4899690820000728],[-76.089570111999933,2.4887642110000456]],[[-76.08967410799994,2.4899690820000728],[-76.089570111999933,2.4887642110000456]],[[-76.088936161999982,2.4884903860000236],[-76.087777210999946,2.489956836000033]],[[-76.088936161999982,2.4884903860000236],[-76.087777210999946,2.489956836000033]],[[-76.111386119999963,2.4890060980000612],[-76.110937421999949,2.4897706970000399]],[[-76.111386119999963,2.4890060980000612],[-76.110937421999949,2.4897706970000399]],[[-76.112279745999956,2.4883161840000412],[-76.111386119999963,2.4890060980000612]],[[-76.112279745999956,2.4883161840000412],[-76.111386119999963,2.4890060980000612]],[[-76.089570111999933,2.4887642110000456],[-76.088936161999982,2.4884903860000236]],[[-76.089570111999933,2.4887642110000456],[-76.088936161999982,2.4884903860000236]],[[-76.112432146999936,2.4882089490000681],[-76.112279745999956,2.4883161840000412]],[[-76.112432146999936,2.4882089490000681],[-76.112279745999956,2.4883161840000412]],[[-76.113919026999952,2.4876512670000466],[-76.112432146999936,2.4882089490000681]],[[-76.113919026999952,2.4876512670000466],[-76.112432146999936,2.4882089490000681]],[[-76.114065731999972,2.4874574470000539],[-76.113919026999952,2.4876512670000466]],[[-76.114065731999972,2.4874574470000539],[-76.113919026999952,2.4876512670000466]],[[-76.114103479999983,2.4868141100000685],[-76.114065731999972,2.4874574470000539]],[[-76.114103479999983,2.4868141100000685],[-76.114065731999972,2.4874574470000539]],[[-76.114144492999969,2.4863228400000708],[-76.114103479999983,2.4868141100000685]],[[-76.114144492999969,2.4863228400000708],[-76.114103479999983,2.4868141100000685]],[[-76.114328586999989,2.4857329440000626],[-76.114144492999969,2.4863228400000708]],[[-76.114328586999989,2.4857329440000626],[-76.114144492999969,2.4863228400000708]],[[-76.224468907999949,2.485842433000073],[-76.209632232999979,2.456387722000045],[-76.187895506999951,2.4430705700000317],[-76.144801988999973,2.4492719830000738],[-76.124697042999969,2.4653573520000691]],[[-76.114384210999958,2.4850761140000373],[-76.114328586999989,2.4857329440000626]],[[-76.114384210999958,2.4850761140000373],[-76.114328586999989,2.4857329440000626]],[[-76.114366501999939,2.4845800120000376],[-76.114384210999958,2.4850761140000373]],[[-76.114366501999939,2.4845800120000376],[-76.114384210999958,2.4850761140000373]],[[-76.113931367999953,2.4835218160000636],[-76.114366501999939,2.4845800120000376]],[[-76.113643957999955,2.4827577560000691],[-76.113931367999953,2.4835218160000636]],[[-76.113643957999955,2.4827577560000691],[-76.113931367999953,2.4835218160000636]],[[-76.114027158999988,2.4816950000000588],[-76.113643957999955,2.4827577560000691]],[[-76.114027158999988,2.4816950000000588],[-76.113643957999955,2.4827577560000691]],[[-76.113977149999982,2.481175644000075],[-76.114027158999988,2.4816950000000588]],[[-76.113977149999982,2.481175644000075],[-76.114027158999988,2.4816950000000588]],[[-76.113848832999963,2.4787875630000258],[-76.113977149999982,2.481175644000075]],[[-76.11403826999998,2.4779670490000285],[-76.113848832999963,2.4787875630000258]],[[-76.11403826999998,2.4779670490000285],[-76.113848832999963,2.4787875630000258]],[[-76.114155094999944,2.4778309520000334],[-76.11403826999998,2.4779670490000285]],[[-76.114155094999944,2.4778309520000334],[-76.11403826999998,2.4779670490000285]],[[-76.114155094999944,2.4778309520000334],[-76.115649292999933,2.4774208050000652]],[[-76.115649292999933,2.4774208050000652],[-76.114155094999944,2.4778309520000334]],[[-76.119904101999964,2.4702725480000254],[-76.115649292999933,2.4774208050000652]],[[-76.119996844999946,2.4692597520000277],[-76.119904101999964,2.4702725480000254]],[[-76.122110994999957,2.4677973370000359],[-76.119996844999946,2.4692597520000277]],[[-76.122910660999935,2.4667019580000442],[-76.122110994999957,2.4677973370000359]],[[-76.12437999399998,2.4660750590000475],[-76.122910660999935,2.4667019580000442]],[[-76.124697042999969,2.4653573520000691],[-76.12437999399998,2.4660750590000475]]]},"properties":{"OBJECTID":251,"administrador":1,"categoria":1,"codigo_tramo":"2602","nombre_ruta":"Transversal Huila - Cauca","nombre_tramo":"Por Defnir","ruta":"26","superficie":3,"territorial":8,"amenaza_cat":"Alta","longitud_km":60.062566449367822,"Shape_Length":0.41435193714785984}},{"type":"Feature","id":252,"geometry":{"type":"LineString","coordinates":[[-75.974273743999959,2.5630855400000314],[-75.969366692999984,2.5702504730000442]]},"properties":{"OBJECTID":252,"administrador":1,"categoria":1,"codigo_tramo":"2602","nombre_ruta":"Transversal Huila - Cauca","nombre_tramo":"Por Defnir","ruta":"26","superficie":3,"territorial":8,"amenaza_cat":"Alta","longitud_km":1.0123093238190659,"Shape_Length":0.0086842048807607378}},{"type":"Feature","id":253,"geometry":{"type":"MultiLineString","coordinates":[[[-76.354937157999984,2.5264529740000512],[-76.333746613999949,2.5314233220000233]],[[-76.333746613999949,2.5314233220000233],[-76.331957339999974,2.5298949190000712]],[[-76.331957339999974,2.5298949190000712],[-76.333746613999949,2.5314233220000233]],[[-76.331957339999974,2.5298949190000712],[-76.327874271999974,2.5240669330000287]]]},"properties":{"OBJECTID":253,"administrador":1,"categoria":1,"codigo_tramo":"2602","nombre_ruta":"Transversal Huila - Cauca","nombre_tramo":"Por Defnir","ruta":"26","superficie":3,"territorial":8,"amenaza_cat":"Alta","longitud_km":5.125441225650107,"Shape_Length":0.033587994301158122}},{"type":"Feature","id":254,"geometry":{"type":"MultiLineString","coordinates":[[[-76.406513339999947,2.5108874330000504],[-76.374626517999957,2.5108469540000442],[-76.354937157999984,2.5264529740000512]],[[-76.327874271999974,2.5240669330000287],[-76.304307310999945,2.5077713560000348],[-76.265013187999955,2.5151470780000409],[-76.224468907999949,2.485842433000073]],[[-76.528616689999978,2.5120382460000314],[-76.501487752999935,2.5164146110000729],[-76.48372920099996,2.4959826160000489],[-76.406513339999947,2.5108874330000504]]]},"properties":{"OBJECTID":254,"administrador":1,"categoria":1,"codigo_tramo":"2602","nombre_ruta":"Transversal Huila - Cauca","nombre_tramo":"Por Defnir","ruta":"26","superficie":3,"territorial":8,"amenaza_cat":"Alta","longitud_km":43.153058204384649,"Shape_Length":0.3088612306897261}},{"type":"Feature","id":255,"geometry":{"type":"MultiLineString","coordinates":[[[-76.202730600999985,4.0535186320000207],[-76.175936892999971,4.0967869100000485]],[[-76.203421030999948,4.0515384450000624],[-76.202730600999985,4.0535186320000207]]]},"properties":{"OBJECTID":255,"administrador":3,"categoria":1,"codigo_tramo":"25VLE","nombre_ruta":"Alternas a la Troncal de Occidente","nombre_tramo":"Por Defnir","ruta":"25","superficie":3,"territorial":25,"amenaza_cat":"Alta","longitud_km":6.081238256568315,"Shape_Length":0.052989602478509333}},{"type":"Feature","id":256,"geometry":{"type":"MultiLineString","coordinates":[[[-76.176084193999941,4.1576889090000577],[-76.174782400999959,4.1655768550000403]],[[-76.180550407999988,4.1350552780000385],[-76.175636458999975,4.1651610870000582]],[[-76.180388712999957,4.1349594770000522],[-76.176084193999941,4.1576889090000577]]]},"properties":{"OBJECTID":256,"administrador":3,"categoria":1,"codigo_tramo":"2505","nombre_ruta":"Troncal de Occidente","nombre_tramo":"Por Defnir","ruta":"25","superficie":3,"territorial":25,"amenaza_cat":"Alta","longitud_km":6.9151728893594058,"Shape_Length":0.06163229049009164}},{"type":"Feature","id":257,"geometry":{"type":"MultiLineString","coordinates":[[[-76.312217841999939,3.8951707370000577],[-76.265743579999935,3.959320132000073]],[[-76.312350236999976,3.8951604670000393],[-76.267642676999969,3.9581341130000283]]]},"properties":{"OBJECTID":257,"administrador":3,"categoria":1,"codigo_tramo":"2505","nombre_ruta":"Troncal de Occidente","nombre_tramo":"Por Defnir","ruta":"25","superficie":3,"territorial":25,"amenaza_cat":"Alta","longitud_km":18.153255768284875,"Shape_Length":0.15644473554796667}},{"type":"Feature","id":258,"geometry":{"type":"MultiLineString","coordinates":[[[-76.267642676999969,3.9581341130000283],[-76.242498911999974,3.9799108180000644],[-76.209672183999942,4.0390745460000517]],[[-76.265743579999935,3.959320132000073],[-76.242208218999963,3.9800537930000246],[-76.209997468999973,4.0378536320000649]]]},"properties":{"OBJECTID":258,"administrador":3,"categoria":1,"codigo_tramo":"2505","nombre_ruta":"Troncal de Occidente","nombre_tramo":"Por Defnir","ruta":"25","superficie":3,"territorial":25,"amenaza_cat":"Alta","longitud_km":22.11851727903273,"Shape_Length":0.1984582646558474}},{"type":"Feature","id":259,"geometry":{"type":"MultiLineString","coordinates":[[[-76.175936892999971,4.0967869100000485],[-76.180550407999988,4.1350552780000385]],[[-76.203421030999948,4.0515384450000624],[-76.183007169999939,4.0631161600000496],[-76.172188878999975,4.0850497190000397],[-76.180388712999957,4.1349594770000522]],[[-76.202730600999985,4.0535186320000207],[-76.179193061999968,4.0681086580000283],[-76.175936892999971,4.0967869100000485]],[[-76.209672183999942,4.0390745460000517],[-76.202730600999985,4.0535186320000207]],[[-76.209997468999973,4.0378536320000649],[-76.203421030999948,4.0515384450000624]]]},"properties":{"OBJECTID":259,"administrador":3,"categoria":1,"codigo_tramo":"2505","nombre_ruta":"Troncal de Occidente","nombre_tramo":"Por Defnir","ruta":"25","superficie":3,"territorial":25,"amenaza_cat":"Alta","longitud_km":26.212334241021342,"Shape_Length":0.22481293178590794}},{"type":"Feature","id":260,"geometry":{"type":"LineString","coordinates":[[-75.617799822999984,4.9557860060000394],[-75.618621986999983,4.9848890570000322],[-75.601072870999985,4.9962673030000246]]},"properties":{"OBJECTID":260,"administrador":2,"categoria":1,"codigo_tramo":"29RSC","nombre_ruta":"Troncal del Eje Cafetero","nombre_tramo":"Por Defnir","ruta":"29","superficie":3,"territorial":21,"amenaza_cat":"Alta","longitud_km":6.182514183667509,"Shape_Length":0.050029631415158662}},{"type":"Feature","id":261,"geometry":{"type":"MultiLineString","coordinates":[[[-75.626913486999968,4.9109189710000578],[-75.617799822999984,4.9557860060000394]],[[-75.62679153199997,4.9107063640000206],[-75.626913486999968,4.9109189710000578]],[[-75.626868877999982,4.910356322000041],[-75.626913486999968,4.9109189710000578]]]},"properties":{"OBJECTID":261,"administrador":2,"categoria":1,"codigo_tramo":"29RSC","nombre_ruta":"Troncal del Eje Cafetero","nombre_tramo":"Por Defnir","ruta":"29","superficie":3,"territorial":21,"amenaza_cat":"Alta","longitud_km":5.3173883686225025,"Shape_Length":0.046592806777184505}},{"type":"Feature","id":262,"geometry":{"type":"LineString","coordinates":[[-77.457402687999945,1.204699842000025],[-77.456216365999978,1.203634419000025]]},"properties":{"OBJECTID":262,"administrador":1,"categoria":1,"codigo_tramo":"2501B","nombre_ruta":"Alternas a la Troncal de Occidente","nombre_tramo":"Por Defnir","ruta":"25","superficie":1,"territorial":17,"amenaza_cat":"Alta","longitud_km":1.037310850369487,"Shape_Length":0.0015945174996011492}},{"type":"Feature","id":263,"geometry":{"type":"LineString","coordinates":[[-76.199801506999961,1.8545914770000422],[-76.135865303999935,1.8568241540000372],[-76.119373748999976,1.8706373090000739],[-76.089817033999964,1.8459610630000611]]},"properties":{"OBJECTID":263,"administrador":2,"categoria":1,"codigo_tramo":"2002","nombre_ruta":"Popayan - Paletara - San Jose de Isnos - Pitalito - San Agustin","nombre_tramo":"Por Defnir","ruta":"20","superficie":3,"territorial":14,"amenaza_cat":"Alta","longitud_km":14.856038797319149,"Shape_Length":0.12399083262577887}},{"type":"Feature","id":264,"geometry":{"type":"MultiLineString","coordinates":[[[-76.231683614999952,1.8710467140000446],[-76.231828807999989,1.8708973340000625]],[[-76.231828807999989,1.8708973340000625],[-76.228199749999987,1.8512892510000256],[-76.199801506999961,1.8545914770000422]]]},"properties":{"OBJECTID":264,"administrador":2,"categoria":1,"codigo_tramo":"2002","nombre_ruta":"Popayan - Paletara - San Jose de Isnos - Pitalito - San Agustin","nombre_tramo":"Por Defnir","ruta":"20","superficie":3,"territorial":14,"amenaza_cat":"Alta","longitud_km":6.1832073745976723,"Shape_Length":0.048738997658756555}},{"type":"Feature","id":265,"geometry":{"type":"LineString","coordinates":[[-76.430212724999933,3.2128523350000364],[-76.429682886999956,3.2130032270000584]]},"properties":{"OBJECTID":265,"administrador":2,"categoria":4,"codigo_tramo":"25CCD","nombre_ruta":"Troncal de Occidente","nombre_tramo":"Por Defnir","ruta":"25","superficie":3,"territorial":8,"amenaza_cat":"Alta","longitud_km":0.061828400175061062,"Shape_Length":0.00055090534748761483}},{"type":"Feature","id":266,"geometry":{"type":"MultiLineString","coordinates":[[[-76.393723849999958,3.2332881300000622],[-76.392775068999981,3.2340125260000718]],[[-76.395872088999965,3.2336850950000553],[-76.395313524999949,3.2329762440000422]],[[-76.394494540999972,3.2318799460000491],[-76.393723849999958,3.2332881300000622]],[[-76.395313524999949,3.2329762440000422],[-76.395109859999934,3.2321611370000483]],[[-76.395109859999934,3.2321611370000483],[-76.394494540999972,3.2318799460000491]],[[-76.395386262999978,3.2307612250000375],[-76.395109859999934,3.2321611370000483]],[[-76.395386262999978,3.2307612250000375],[-76.394494540999972,3.2318799460000491]],[[-76.423891935999961,3.2169357980000655],[-76.395386262999978,3.2307612250000375]],[[-76.426822590999961,3.2175895880000667],[-76.426197829999978,3.2177490150000381]],[[-76.426197829999978,3.2177490150000381],[-76.425670180999987,3.2175852750000331]],[[-76.425670180999987,3.2175852750000331],[-76.423891935999961,3.2169357980000655]],[[-76.425828731999957,3.2169845600000713],[-76.425670180999987,3.2175852750000331]],[[-76.425828731999957,3.2169845600000713],[-76.423891935999961,3.2169357980000655]],[[-76.429682886999956,3.2130032270000584],[-76.425828731999957,3.2169845600000713]]]},"properties":{"OBJECTID":266,"administrador":2,"categoria":4,"codigo_tramo":"25CCD","nombre_ruta":"Troncal de Occidente","nombre_tramo":"Por Defnir","ruta":"25","superficie":3,"territorial":8,"amenaza_cat":"Alta","longitud_km":5.9992978117302851,"Shape_Length":0.050947548511483115}},{"type":"Feature","id":267,"geometry":{"type":"MultiLineString","coordinates":[[[-76.42688414099996,3.2175568230000522],[-76.426822590999961,3.2175895880000667]],[[-76.430225219999954,3.2128458770000634],[-76.430212724999933,3.2128523350000364]]]},"properties":{"OBJECTID":267,"administrador":2,"categoria":4,"codigo_tramo":"25CCD","nombre_ruta":"Troncal de Occidente","nombre_tramo":"Por Defnir","ruta":"25","superficie":3,"territorial":8,"amenaza_cat":"Alta","longitud_km":0.0093106279682899761,"Shape_Length":8.3792901643750086e-05}},{"type":"Feature","id":268,"geometry":{"type":"MultiLineString","coordinates":[[[-75.685440971999981,2.1560764090000362],[-75.742164419999938,2.1186753230000477],[-75.741956794999965,2.1072658850000607],[-75.785803378999958,2.0770638670000494],[-75.79087261799998,2.0624145190000718]],[[-75.79087261799998,2.0624145190000718],[-75.824838415999977,2.0664121670000668],[-75.858214243999953,2.0464193260000343]]]},"properties":{"OBJECTID":268,"administrador":2,"categoria":1,"codigo_tramo":"4504","nombre_ruta":"Troncal del Magdalena","nombre_tramo":"Por Defnir","ruta":"45","superficie":3,"territorial":14,"amenaza_cat":"Alta","longitud_km":28.234859470610527,"Shape_Length":0.2212047649833454}},{"type":"Feature","id":269,"geometry":{"type":"MultiLineString","coordinates":[[[-75.641865714999938,2.1932302510000454],[-75.685440971999981,2.1560764090000362]],[[-75.640496541999937,2.1935170360000598],[-75.641060367999955,2.1933567010000274]],[[-75.641060367999955,2.1933567010000274],[-75.64167256099995,2.1932379280000305]],[[-75.64167256099995,2.1932379280000305],[-75.641865714999938,2.1932302510000454]]]},"properties":{"OBJECTID":269,"administrador":2,"categoria":1,"codigo_tramo":"4504","nombre_ruta":"Troncal del Magdalena","nombre_tramo":"Por Defnir","ruta":"45","superficie":3,"territorial":14,"amenaza_cat":"Alta","longitud_km":7.3880526221267138,"Shape_Length":0.058667490408205042}},{"type":"Feature","id":270,"geometry":{"type":"MultiLineString","coordinates":[[[-75.992212514999949,1.8930578240000386],[-76.031562216999987,1.8651414000000273]],[[-76.031562216999987,1.8651414000000273],[-76.031791858999952,1.8648941060000652]],[[-76.031791858999952,1.8648941060000652],[-76.031926366999983,1.8647736640000403]],[[-76.031926366999983,1.8647736640000403],[-76.032191901999965,1.8645706440000254]]]},"properties":{"OBJECTID":270,"administrador":2,"categoria":1,"codigo_tramo":"4504","nombre_ruta":"Troncal del Magdalena","nombre_tramo":"Por Defnir","ruta":"45","superficie":3,"territorial":14,"amenaza_cat":"Alta","longitud_km":5.9580303556471801,"Shape_Length":0.049098791463223788}},{"type":"Feature","id":271,"geometry":{"type":"LineString","coordinates":[[-75.858214243999953,2.0464193260000343],[-75.889434574999939,2.0080013840000674],[-75.933186119999959,1.9807170300000507],[-75.932783694999955,1.951492275000021],[-75.959628863999967,1.9079813510000463],[-75.992212514999949,1.8930578240000386]]},"properties":{"OBJECTID":271,"administrador":2,"categoria":1,"codigo_tramo":"4504","nombre_ruta":"Troncal del Magdalena","nombre_tramo":"Por Defnir","ruta":"45","superficie":3,"territorial":14,"amenaza_cat":"Alta","longitud_km":26.441534156227007,"Shape_Length":0.21725804724793715}},{"type":"Feature","id":272,"geometry":{"type":"LineString","coordinates":[[-77.287556344999985,1.3931679720000716],[-77.286853256999962,1.3975554800000509]]},"properties":{"OBJECTID":272,"administrador":1,"categoria":2,"codigo_tramo":"25NR04","nombre_ruta":"Alternas a la Troncal de Occidente","nombre_tramo":"Por Defnir","ruta":"25","superficie":3,"territorial":17,"amenaza_cat":"Alta","longitud_km":0.68027501871705653,"Shape_Length":0.0044434850270546567}},{"type":"Feature","id":273,"geometry":{"type":"MultiLineString","coordinates":[[[-76.536522825999953,2.642014864000032],[-76.53026837699997,2.6393220130000259]],[[-76.53026837699997,2.6393220130000259],[-76.509063273999971,2.6217265800000291],[-76.498809412999947,2.6271772740000756]]]},"properties":{"OBJECTID":273,"administrador":1,"categoria":1,"codigo_tramo":"2602A","nombre_ruta":"Alternas a la Troncal de Occidente","nombre_tramo":"Por Defnir","ruta":"26","superficie":3,"territorial":8,"amenaza_cat":"Alta","longitud_km":7.5246386760105732,"Shape_Length":0.045976683063562424}},{"type":"Feature","id":274,"geometry":{"type":"MultiLineString","coordinates":[[[-76.498809412999947,2.6271772740000756],[-76.433084772999962,2.5994772570000464],[-76.385204630999965,2.6090587930000311]],[[-76.385204630999965,2.6090587930000311],[-76.382381909999935,2.6092664600000717]],[[-76.382381909999935,2.6092664600000717],[-76.409342528999957,2.5681904340000301],[-76.425250917999961,2.5610093830000551],[-76.419951418999972,2.5468185980000726]],[[-76.385204630999965,2.6090587930000311],[-76.382381909999935,2.6092664600000717]]]},"properties":{"OBJECTID":274,"administrador":1,"categoria":1,"codigo_tramo":"2602A","nombre_ruta":"Alternas a la Troncal de Occidente","nombre_tramo":"Por Defnir","ruta":"26","superficie":3,"territorial":8,"amenaza_cat":"Alta","longitud_km":29.344573406345017,"Shape_Length":0.2075492235458983}},{"type":"Feature","id":275,"geometry":{"type":"LineString","coordinates":[[-76.419951418999972,2.5468185980000726],[-76.418560590999959,2.5189158190000285],[-76.406513339999947,2.5108874330000504]]},"properties":{"OBJECTID":275,"administrador":1,"categoria":1,"codigo_tramo":"2602A","nombre_ruta":"Alternas a la Troncal de Occidente","nombre_tramo":"Por Defnir","ruta":"26","superficie":3,"territorial":8,"amenaza_cat":"Alta","longitud_km":5.5298378506945962,"Shape_Length":0.042414687017199644}},{"type":"Feature","id":276,"geometry":{"type":"LineString","coordinates":[[-76.749589001999936,1.7701915100000747],[-76.783361235999962,1.8140279130000749]]},"properties":{"OBJECTID":276,"administrador":1,"categoria":2,"codigo_tramo":"25CC15-1","nombre_ruta":"Transversal Rosas Condagua","nombre_tramo":"Por Defnir","ruta":"25","superficie":3,"territorial":8,"amenaza_cat":"Alta","longitud_km":8.6591057029856895,"Shape_Length":0.055337094406292316}},{"type":"Feature","id":277,"geometry":{"type":"LineString","coordinates":[[-76.573033223999971,1.7016283510000676],[-76.598403149999967,1.7271729610000648],[-76.626639286999989,1.6936393090000479],[-76.670760426999948,1.7245667430000253],[-76.721552174999943,1.7286375650000423],[-76.749589001999936,1.7701915100000747]]},"properties":{"OBJECTID":277,"administrador":1,"categoria":2,"codigo_tramo":"25CC15-1","nombre_ruta":"Transversal Rosas Condagua","nombre_tramo":"Por Defnir","ruta":"25","superficie":3,"territorial":8,"amenaza_cat":"Alta","longitud_km":38.221965873690245,"Shape_Length":0.23480396953363664}},{"type":"Feature","id":278,"geometry":{"type":"LineString","coordinates":[[-75.911426322999944,5.0273073240000485],[-75.911366022999971,5.0272556510000754]]},"properties":{"OBJECTID":278,"administrador":1,"categoria":2,"codigo_tramo":"50RS01","nombre_ruta":"Conexión Troncal de Occidente - Transversal Las Animas - Bogotá","nombre_tramo":"Por Defnir","ruta":"50","superficie":3,"territorial":21,"amenaza_cat":"Alta","longitud_km":0.008805990970382609,"Shape_Length":7.94115163118166e-05}},{"type":"Feature","id":279,"geometry":{"type":"MultiLineString","coordinates":[[[-75.945333969999979,5.1069379460000732],[-75.942359469999985,5.0803385440000284]],[[-75.942372129999967,5.0802790370000253],[-75.944706150999934,5.0778548800000749]],[[-75.94499183299996,5.0776459750000527],[-75.945811507999963,5.0719711080000707]]]},"properties":{"OBJECTID":279,"administrador":1,"categoria":2,"codigo_tramo":"50RS01","nombre_ruta":"Conexión Troncal de Occidente - Transversal Las Animas - Bogotá","nombre_tramo":"Por Defnir","ruta":"50","superficie":3,"territorial":21,"amenaza_cat":"Alta","longitud_km":5.8586083395068114,"Shape_Length":0.035864099959203977}},{"type":"Feature","id":280,"geometry":{"type":"LineString","coordinates":[[-75.905194851999966,4.9438268230000517],[-75.905101714999944,4.9179354070000727],[-75.895312106999938,4.9079446590000657]]},"properties":{"OBJECTID":280,"administrador":1,"categoria":2,"codigo_tramo":"50RS01","nombre_ruta":"Conexión Troncal de Occidente - Transversal Las Animas - Bogotá","nombre_tramo":"Por Defnir","ruta":"50","superficie":3,"territorial":21,"amenaza_cat":"Alta","longitud_km":4.644871787223857,"Shape_Length":0.039879130491918942}},{"type":"Feature","id":281,"geometry":{"type":"MultiLineString","coordinates":[[[-75.942359469999985,5.0803385440000284],[-75.942372129999967,5.0802790370000253]],[[-75.944706150999934,5.0778548800000749],[-75.94499183299996,5.0776459750000527]],[[-75.945811507999963,5.0719711080000707],[-75.949871802999951,5.0532793820000279],[-75.911426322999944,5.0273073240000485]],[[-75.911366022999971,5.0272556510000754],[-75.898067332999972,4.9645155450000402],[-75.905194851999966,4.9438268230000517]]]},"properties":{"OBJECTID":281,"administrador":1,"categoria":2,"codigo_tramo":"50RS01","nombre_ruta":"Conexión Troncal de Occidente - Transversal Las Animas - Bogotá","nombre_tramo":"Por Defnir","ruta":"50","superficie":3,"territorial":21,"amenaza_cat":"Alta","longitud_km":19.571837003958045,"Shape_Length":0.15195465541231626}},{"type":"Feature","id":282,"geometry":{"type":"LineString","coordinates":[[-75.922753906999958,4.8692142830000762],[-75.894783713999971,4.904628495000054]]},"properties":{"OBJECTID":282,"administrador":1,"categoria":1,"codigo_tramo":"2302","nombre_ruta":"Alternas a la Troncal de Occidente","nombre_tramo":"Por Defnir","ruta":"23","superficie":3,"territorial":21,"amenaza_cat":"Alta","longitud_km":5.1922219706110448,"Shape_Length":0.045127575915795859}},{"type":"Feature","id":283,"geometry":{"type":"MultiLineString","coordinates":[[[-75.976491028999988,4.7908348770000657],[-75.961918046999983,4.8073228410000297],[-75.938210540999989,4.8124494270000469],[-75.944511217999946,4.8489236470000492],[-75.922753906999958,4.8692142830000762]],[[-75.976604596999948,4.7904558360000351],[-75.976491028999988,4.7908348770000657]],[[-75.976768528999969,4.7906387090000635],[-75.976491028999988,4.7908348770000657]]]},"properties":{"OBJECTID":283,"administrador":1,"categoria":1,"codigo_tramo":"2302","nombre_ruta":"Alternas a la Troncal de Occidente","nombre_tramo":"Por Defnir","ruta":"23","superficie":3,"territorial":21,"amenaza_cat":"Alta","longitud_km":13.690989312664643,"Shape_Length":0.11376098998159265}},{"type":"Feature","id":284,"geometry":{"type":"MultiLineString","coordinates":[[[-75.788663095999937,4.6762710680000623],[-75.788797125999963,4.676502120000066]],[[-75.788663095999937,4.6762710680000623],[-75.788570466999943,4.6764407950000759]],[[-75.782888306999951,4.668658601000061],[-75.788663095999937,4.6762710680000623]]]},"properties":{"OBJECTID":284,"administrador":1,"categoria":2,"codigo_tramo":"29VLA","nombre_ruta":"Acceso a Armenia","nombre_tramo":"Por Defnir","ruta":"29","superficie":3,"territorial":20,"amenaza_cat":"Alta","longitud_km":1.1878026259395886,"Shape_Length":0.010015461057979496}},{"type":"Feature","id":285,"geometry":{"type":"LineString","coordinates":[[-76.02711508699997,2.5613599520000321],[-76.049555813999973,2.582240999000021]]},"properties":{"OBJECTID":285,"administrador":1,"categoria":3,"codigo_tramo":"26CC04","nombre_ruta":"Circuitos Ecoturisticos Huila - Cauca","nombre_tramo":"Por Defnir","ruta":"26","superficie":3,"territorial":8,"amenaza_cat":"Alta","longitud_km":3.9503433447894523,"Shape_Length":0.030652966448688215}},{"type":"Feature","id":286,"geometry":{"type":"MultiLineString","coordinates":[[[-76.621046437999951,2.4293546690000198],[-76.62082043099997,2.4303829940000696]],[[-76.62656347099994,2.4245752680000692],[-76.621046437999951,2.4293546690000198]]]},"properties":{"OBJECTID":286,"administrador":1,"categoria":1,"codigo_tramo":"2503","nombre_ruta":"Troncal de Occidente","nombre_tramo":"Por Defnir","ruta":"25","superficie":3,"territorial":8,"amenaza_cat":"Alta","longitud_km":1.1019124887572607,"Shape_Length":0.0083522056495306321}},{"type":"Feature","id":287,"geometry":{"type":"LineString","coordinates":[[-76.893193491999966,2.1708600930000443],[-76.812480834999974,2.2055699310000705]]},"properties":{"OBJECTID":287,"administrador":1,"categoria":1,"codigo_tramo":"2503","nombre_ruta":"Troncal de Occidente","nombre_tramo":"Por Defnir","ruta":"25","superficie":3,"territorial":8,"amenaza_cat":"Alta","longitud_km":12.069499821794221,"Shape_Length":0.087859580319885805}},{"type":"Feature","id":288,"geometry":{"type":"MultiLineString","coordinates":[[[-77.196791125999937,1.8882038240000725],[-77.156118153999955,1.9300920870000482],[-77.158499475999974,1.9412124920000338]],[[-77.196832646999951,1.8875115160000746],[-77.196791125999937,1.8882038240000725]]]},"properties":{"OBJECTID":288,"administrador":1,"categoria":1,"codigo_tramo":"2503","nombre_ruta":"Troncal de Occidente","nombre_tramo":"Por Defnir","ruta":"25","superficie":3,"territorial":8,"amenaza_cat":"Alta","longitud_km":8.8480494617211587,"Shape_Length":0.070452000663059983}},{"type":"Feature","id":289,"geometry":{"type":"MultiLineString","coordinates":[[[-76.999086812999963,2.0911394830000631],[-76.970785879999937,2.1324835650000296],[-76.935557074999963,2.1378109100000415],[-76.893193491999966,2.1708600930000443]],[[-77.158499475999974,1.9412124920000338],[-77.139230347999955,1.9421943960000476],[-77.106306510999957,1.9764869430000545],[-77.049942119999969,2.0731883120000703],[-77.023824077999961,2.0786813550000716],[-77.007818593999957,2.0990773530000411],[-76.999086812999963,2.0911394830000631]]]},"properties":{"OBJECTID":289,"administrador":1,"categoria":1,"codigo_tramo":"2503","nombre_ruta":"Troncal de Occidente","nombre_tramo":"Por Defnir","ruta":"25","superficie":3,"territorial":8,"amenaza_cat":"Alta","longitud_km":46.363730433374698,"Shape_Length":0.38264050119641102}},{"type":"Feature","id":290,"geometry":{"type":"LineString","coordinates":[[-76.812480834999974,2.2055699310000705],[-76.754871912999988,2.2596655040000542],[-76.717953756999975,2.2743381600000703],[-76.726493955999956,2.2804253010000366],[-76.709457290999978,2.2757310410000287]]},"properties":{"OBJECTID":290,"administrador":1,"categoria":1,"codigo_tramo":"2503","nombre_ruta":"Troncal de Occidente","nombre_tramo":"Por Defnir","ruta":"25","superficie":3,"territorial":8,"amenaza_cat":"Alta","longitud_km":23.487469982961567,"Shape_Length":0.14691218673635828}},{"type":"Feature","id":291,"geometry":{"type":"MultiLineString","coordinates":[[[-76.653490233999946,2.3931060120000325],[-76.635003243999961,2.4162651150000443]],[[-76.693799565999939,2.3068865740000319],[-76.691681182999957,2.3085491340000317]],[[-76.705767374999937,2.2912309760000653],[-76.70494000399998,2.2917989660000444]],[[-76.708839122999962,2.2888721530000566],[-76.708052780999935,2.2895111460000521]],[[-76.709457290999978,2.2757310410000287],[-76.700755901999969,2.2830420420000337],[-76.709120120999955,2.2886812960000498]]]},"properties":{"OBJECTID":291,"administrador":1,"categoria":1,"codigo_tramo":"2503","nombre_ruta":"Troncal de Occidente","nombre_tramo":"Por Defnir","ruta":"25","superficie":3,"territorial":8,"amenaza_cat":"Alta","longitud_km":7.9374018525297094,"Shape_Length":0.055795421640730966}},{"type":"Feature","id":292,"geometry":{"type":"MultiLineString","coordinates":[[[-76.635003243999961,2.4162651150000443],[-76.62656347099994,2.4245752680000692]],[[-76.68287758699995,2.3592275650000261],[-76.673191447999955,2.38069605000004],[-76.653490233999946,2.3931060120000325]],[[-76.691681182999957,2.3085491340000317],[-76.684095221999939,2.3078726080000251],[-76.694446162999952,2.3398136790000308],[-76.68287758699995,2.3592275650000261]],[[-76.70494000399998,2.2917989660000444],[-76.707278413999973,2.3057118300000639],[-76.693799565999939,2.3068865740000319]],[[-76.708052780999935,2.2895111460000521],[-76.705767374999937,2.2912309760000653]],[[-76.709120120999955,2.2886812960000498],[-76.708839122999962,2.2888721530000566]]]},"properties":{"OBJECTID":292,"administrador":1,"categoria":1,"codigo_tramo":"2503","nombre_ruta":"Troncal de Occidente","nombre_tramo":"Por Defnir","ruta":"25","superficie":3,"territorial":8,"amenaza_cat":"Alta","longitud_km":21.240255324950859,"Shape_Length":0.15331046234741041}},{"type":"Feature","id":293,"geometry":{"type":"MultiLineString","coordinates":[[[-76.353790444999959,3.0658196120000412],[-76.340612710999949,3.0973267640000586],[-76.306352837999952,3.1241028620000293]],[[-76.441914840999971,3.047334377000027],[-76.406190184999957,3.033255074000067],[-76.353790444999959,3.0658196120000412]]]},"properties":{"OBJECTID":293,"administrador":1,"categoria":1,"codigo_tramo":"3105","nombre_ruta":"Alternas a la Troncal de Occidente","nombre_tramo":"Por Defnir","ruta":"31","superficie":3,"territorial":8,"amenaza_cat":"Alta","longitud_km":21.289092619780764,"Shape_Length":0.17772726730197647}},{"type":"Feature","id":294,"geometry":{"type":"LineString","coordinates":[[-76.306352837999952,3.1241028620000293],[-76.251868825999964,3.183573483000032],[-76.241036654999959,3.227734210000051]]},"properties":{"OBJECTID":294,"administrador":1,"categoria":1,"codigo_tramo":"3105","nombre_ruta":"Alternas a la Troncal de Occidente","nombre_tramo":"Por Defnir","ruta":"31","superficie":3,"territorial":8,"amenaza_cat":"Alta","longitud_km":14.787969315063856,"Shape_Length":0.12612503971070463}},{"type":"Feature","id":295,"geometry":{"type":"MultiLineString","coordinates":[[[-76.223728140999981,3.27111955700002],[-76.223301704999983,3.2723520560000452]],[[-76.228950441999984,3.2558753890000389],[-76.223728140999981,3.27111955700002]],[[-76.228950441999984,3.2558753890000389],[-76.223728140999981,3.27111955700002]],[[-76.241036654999959,3.227734210000051],[-76.231694001999983,3.2321003500000529],[-76.228950441999984,3.2558753890000389]]]},"properties":{"OBJECTID":295,"administrador":1,"categoria":1,"codigo_tramo":"3105","nombre_ruta":"Alternas a la Troncal de Occidente","nombre_tramo":"Por Defnir","ruta":"31","superficie":3,"territorial":8,"amenaza_cat":"Alta","longitud_km":7.5705154426465562,"Shape_Length":0.067777291099209297}},{"type":"Feature","id":296,"geometry":{"type":"LineString","coordinates":[[-76.480343316999949,3.0172838110000271],[-76.47275485199998,3.0334500180000532],[-76.441914840999971,3.047334377000027]]},"properties":{"OBJECTID":296,"administrador":1,"categoria":1,"codigo_tramo":"3105","nombre_ruta":"Alternas a la Troncal de Occidente","nombre_tramo":"Por Defnir","ruta":"31","superficie":3,"territorial":8,"amenaza_cat":"Alta","longitud_km":5.8431069041899386,"Shape_Length":0.051679961008849543}},{"type":"Feature","id":297,"geometry":{"type":"LineString","coordinates":[[-76.223301704999983,3.2723520560000452],[-76.223185139999941,3.2726932200000647]]},"properties":{"OBJECTID":297,"administrador":1,"categoria":1,"codigo_tramo":"3105","nombre_ruta":"Alternas a la Troncal de Occidente","nombre_tramo":"Por Defnir","ruta":"31","superficie":3,"territorial":8,"amenaza_cat":"Alta","longitud_km":0.039918097689573218,"Shape_Length":0.00036052777166815751}},{"type":"Feature","id":298,"geometry":{"type":"MultiLineString","coordinates":[[[-75.993811607999987,4.7924472670000569],[-75.977651697999988,4.7902296240000624]],[[-75.977292132999935,4.7904026020000288],[-75.977651697999988,4.7902296240000624]],[[-75.977651697999988,4.7902296240000624],[-75.97725096299996,4.7901309760000572]]]},"properties":{"OBJECTID":298,"administrador":1,"categoria":2,"codigo_tramo":"4803","nombre_ruta":"Alternas a la Troncal de Occidente","nombre_tramo":"Por Defnir","ruta":"48","superficie":3,"territorial":25,"amenaza_cat":"Alta","longitud_km":1.9686179538516055,"Shape_Length":0.017123072751618017}},{"type":"Feature","id":299,"geometry":{"type":"MultiLineString","coordinates":[[[-77.236413357999936,1.1977425820000462],[-77.219054580999966,1.2026331750000736],[-77.199428469999987,1.1775366850000637],[-77.163591337999947,1.1822698650000234],[-77.154334774999938,1.157519240000056],[-77.100562415999946,1.1479573030000552]],[[-77.246245023999961,1.1998492670000473],[-77.241191433999973,1.1972354850000215]],[[-77.237168822999934,1.197015939000039],[-77.236413357999936,1.1977425820000462]],[[-77.237502635999988,1.1973407560000737],[-77.236413357999936,1.1977425820000462]],[[-77.237168822999934,1.197015939000039],[-77.237502635999988,1.1973407560000737]],[[-77.238088230999949,1.1969359500000678],[-77.237502635999988,1.1973407560000737]],[[-77.241191433999973,1.1972354850000215],[-77.240358800999957,1.1968496510000364]],[[-77.241191433999973,1.1972354850000215],[-77.240351184999952,1.1964783560000569]],[[-77.237818470999969,1.1968218520000278],[-77.237168822999934,1.197015939000039]],[[-77.238301941999964,1.19671498200006],[-77.238088230999949,1.1969359500000678]],[[-77.240358800999957,1.1968496510000364],[-77.239714570999979,1.1966124490000425]],[[-77.240358800999957,1.1968496510000364],[-77.240351184999952,1.1964783560000569]],[[-77.238301941999964,1.19671498200006],[-77.237818470999969,1.1968218520000278]],[[-77.238696999999945,1.1966177020000259],[-77.238301941999964,1.19671498200006]],[[-77.23936578699994,1.1964744250000194],[-77.238696999999945,1.1966177020000259]],[[-77.239714570999979,1.1966124490000425],[-77.23936578699994,1.1964744250000194]],[[-77.240351184999952,1.1964783560000569],[-77.239635134999958,1.1964287420000232]],[[-77.239635134999958,1.1964287420000232],[-77.23936578699994,1.1964744250000194]]]},"properties":{"OBJECTID":299,"administrador":1,"categoria":1,"codigo_tramo":"1003","nombre_ruta":"Transversal Tumaco - Leticia","nombre_tramo":"Por Defnir","ruta":"10","superficie":1,"territorial":17,"amenaza_cat":"Alta","longitud_km":28.463998254182446,"Shape_Length":0.1832035718648834}},{"type":"Feature","id":300,"geometry":{"type":"LineString","coordinates":[[-76.495179517999986,2.389728820000073],[-76.494043342999987,2.3873446960000706]]},"properties":{"OBJECTID":300,"administrador":1,"categoria":1,"codigo_tramo":"2401","nombre_ruta":"Circuitos Ecoturisticos Huila - Cauca","nombre_tramo":"Por Defnir","ruta":"24","superficie":3,"territorial":8,"amenaza_cat":"Alta","longitud_km":0.31526063161581069,"Shape_Length":0.0026410113362139763}},{"type":"Feature","id":301,"geometry":{"type":"LineString","coordinates":[[-76.494043342999987,2.3873446960000706],[-76.494954809999967,2.4009268340000745],[-76.476361857999962,2.3779902370000627],[-76.478120408999985,2.3847131700000546],[-76.465350468999986,2.3782978130000743],[-76.437366476999955,2.3866813620000471],[-76.398914971999943,2.3690358410000272],[-76.365869569999973,2.369405658000062],[-76.358633406999957,2.3577000040000371],[-76.315892343999963,2.3574842510000735],[-76.280520580999962,2.3154549980000638],[-76.223141409999982,2.2948368530000494],[-76.179027539999936,2.2483624660000601],[-76.186934345999987,2.2429980090000754],[-76.167825013999959,2.2411053190000416],[-76.159512089999964,2.2285030610000263],[-76.153033396999945,2.2402988610000421],[-76.132979586999966,2.2224318010000275]]},"properties":{"OBJECTID":301,"administrador":1,"categoria":1,"codigo_tramo":"2401","nombre_ruta":"Circuitos Ecoturisticos Huila - Cauca","nombre_tramo":"Por Defnir","ruta":"24","superficie":3,"territorial":8,"amenaza_cat":"Alta","longitud_km":73.383004819277062,"Shape_Length":0.48960181842784511}},{"type":"Feature","id":302,"geometry":{"type":"LineString","coordinates":[[-76.132979586999966,2.2224318010000275],[-76.132911845999956,2.2220794340000225]]},"properties":{"OBJECTID":302,"administrador":1,"categoria":1,"codigo_tramo":"2401","nombre_ruta":"Circuitos Ecoturisticos Huila - Cauca","nombre_tramo":"Por Defnir","ruta":"24","superficie":3,"territorial":8,"amenaza_cat":"Alta","longitud_km":0.03973272664937931,"Shape_Length":0.00035881937764670435}},{"type":"Feature","id":303,"geometry":{"type":"MultiLineString","coordinates":[[[-76.647824467999953,1.1585200020000457],[-76.647371975999988,1.1625658510000676]],[[-76.648278834999985,1.1486209240000562],[-76.647824467999953,1.1585200020000457]],[[-76.648278834999985,1.1486209240000562],[-76.647824467999953,1.1585200020000457]],[[-76.648092998999971,1.1478437600000575],[-76.648278834999985,1.1486209240000562]]]},"properties":{"OBJECTID":303,"administrador":1,"categoria":1,"codigo_tramo":"4503","nombre_ruta":"Troncal del Magdalena","nombre_tramo":"Por Defnir","ruta":"45","superficie":3,"territorial":19,"amenaza_cat":"Alta","longitud_km":2.7494376669314571,"Shape_Length":0.024689148172747422}},{"type":"Feature","id":304,"geometry":{"type":"MultiLineString","coordinates":[[[-77.296468049999987,1.1623408750000408],[-77.295889993999936,1.162574831000029]],[[-77.296494578999955,1.1613648610000382],[-77.296468049999987,1.1623408750000408]],[[-77.295716505999962,1.1612073760000499],[-77.29600342599997,1.1623457010000493]],[[-77.296468049999987,1.1623408750000408],[-77.296372902999963,1.1616089440000223]],[[-77.29617570399995,1.1612130790000492],[-77.296494578999955,1.1613648610000382]],[[-77.295716505999962,1.1612073760000499],[-77.29617570399995,1.1612130790000492]],[[-77.295159110999975,1.1607085400000301],[-77.29617570399995,1.1612130790000492]],[[-77.295002040999975,1.1610762030000501],[-77.295716505999962,1.1612073760000499]],[[-77.294601945999943,1.1610087670000553],[-77.295002040999975,1.1610762030000501]],[[-77.295002040999975,1.1610762030000501],[-77.295159110999975,1.1607085400000301]],[[-77.293242945999964,1.1608476320000705],[-77.294601945999943,1.1610087670000553]],[[-77.294601945999943,1.1610087670000553],[-77.294478649999974,1.1606315200000381]],[[-77.297192184999972,1.1587402420000217],[-77.295047874999966,1.1606405070000392]],[[-77.294478649999974,1.1606315200000381],[-77.293242945999964,1.1608476320000705]],[[-77.295047874999966,1.1606405070000392],[-77.294478649999974,1.1606315200000381]]]},"properties":{"OBJECTID":304,"administrador":2,"categoria":1,"codigo_tramo":"25NRD","nombre_ruta":"Troncal de Occidente","nombre_tramo":"Por Defnir","ruta":"25","superficie":3,"territorial":17,"amenaza_cat":"Alta","longitud_km":1.7528747921806249,"Shape_Length":0.013445557933830636}},{"type":"Feature","id":305,"geometry":{"type":"MultiLineString","coordinates":[[[-75.629428114999939,2.1974898810000241],[-75.636262231999979,2.1925979840000309]],[[-75.636262231999979,2.1925979840000309],[-75.629428114999939,2.1974898810000241]],[[-75.640496541999937,2.1935170360000598],[-75.636262231999979,2.1925979840000309]]]},"properties":{"OBJECTID":305,"administrador":1,"categoria":1,"codigo_tramo":"4504","nombre_ruta":"Troncal del Magdalena","nombre_tramo":"Por Defnir","ruta":"45","superficie":3,"territorial":14,"amenaza_cat":"Alta","longitud_km":2.5571978641526742,"Shape_Length":0.021141924517872529}},{"type":"Feature","id":306,"geometry":{"type":"LineString","coordinates":[[-75.966761536999968,2.4995346930000437],[-75.966765481999971,2.4998924120000652]]},"properties":{"OBJECTID":306,"administrador":1,"categoria":2,"codigo_tramo":"3701","nombre_ruta":"Transversal Huila - Cauca","nombre_tramo":"Por Defnir","ruta":"37","superficie":3,"territorial":14,"amenaza_cat":"Alta","longitud_km":0.039579343478005138,"Shape_Length":0.00035774075250295275}},{"type":"Feature","id":307,"geometry":{"type":"MultiLineString","coordinates":[[[-75.966722525999955,2.4987744380000549],[-75.96867357299999,2.5010663490000411]],[[-75.966722525999955,2.4987744380000549],[-75.966761536999968,2.4995346930000437]],[[-75.887530076999951,2.3887336600000708],[-75.889647010999965,2.4282559860000674],[-75.918194422999989,2.4570015100000546],[-75.916824864999967,2.4716553640000711],[-75.966722525999955,2.4987744380000549]]]},"properties":{"OBJECTID":307,"administrador":1,"categoria":2,"codigo_tramo":"3701","nombre_ruta":"Transversal Huila - Cauca","nombre_tramo":"Por Defnir","ruta":"37","superficie":3,"territorial":14,"amenaza_cat":"Alta","longitud_km":21.289823275231456,"Shape_Length":0.15537133318320734}},{"type":"Feature","id":308,"geometry":{"type":"MultiLineString","coordinates":[[[-75.975822790999985,2.5531881100000646],[-75.972806152999965,2.5619686580000689]],[[-75.976582937999979,2.550582266000049],[-75.975822790999985,2.5531881100000646]],[[-75.966768079999952,2.5001281910000444],[-75.961856460999968,2.5407259770000223],[-75.976582937999979,2.550582266000049]],[[-75.968582841999989,2.5011118180000267],[-75.966768079999952,2.5001281910000444]],[[-75.966765481999971,2.4998924120000652],[-75.966768079999952,2.5001281910000444]]]},"properties":{"OBJECTID":308,"administrador":1,"categoria":1,"codigo_tramo":"3701","nombre_ruta":"Transversal Huila - Cauca","nombre_tramo":"Por Defnir","ruta":"37","superficie":3,"territorial":8,"amenaza_cat":"Alta","longitud_km":9.3981487970043265,"Shape_Length":0.072913030741337245}},{"type":"Feature","id":309,"geometry":{"type":"LineString","coordinates":[[-75.972806152999965,2.5619686580000689],[-75.969226095999943,2.5699865240000577]]},"properties":{"OBJECTID":309,"administrador":1,"categoria":1,"codigo_tramo":"3701","nombre_ruta":"Transversal Huila - Cauca","nombre_tramo":"Por Defnir","ruta":"37","superficie":3,"territorial":8,"amenaza_cat":"Alta","longitud_km":1.0435816103056155,"Shape_Length":0.0087808304457597935}},{"type":"Feature","id":310,"geometry":{"type":"LineString","coordinates":[[-75.96867357299999,2.5010663490000411],[-75.968582841999989,2.5011118180000267]]},"properties":{"OBJECTID":310,"administrador":1,"categoria":1,"codigo_tramo":"3701","nombre_ruta":"Transversal Huila - Cauca","nombre_tramo":"Por Defnir","ruta":"37","superficie":3,"territorial":8,"amenaza_cat":"Alta","longitud_km":0.01139567935263169,"Shape_Length":0.00010148667065546856}},{"type":"Feature","id":311,"geometry":{"type":"LineString","coordinates":[[-76.366226308999956,1.1032654380000508],[-76.33892586199994,1.1150072300000602]]},"properties":{"OBJECTID":311,"administrador":1,"categoria":4,"codigo_tramo":"65PTA","nombre_ruta":"Alternas a la Troncal Villagarzon - Saravena","nombre_tramo":"Por Defnir","ruta":"65","superficie":3,"territorial":19,"amenaza_cat":"Alta","longitud_km":3.9010169260648375,"Shape_Length":0.029718413244521749}},{"type":"Feature","id":312,"geometry":{"type":"MultiLineString","coordinates":[[[-77.620854480999981,0.82210006100007149],[-77.620489855999949,0.82179231800006391]],[[-77.621016274999988,0.82185807800004795],[-77.620489855999949,0.82179231800006391]],[[-77.620489855999949,0.82179231800006391],[-77.581667298999946,0.80478787600003443]]]},"properties":{"OBJECTID":312,"administrador":1,"categoria":2,"codigo_tramo":"25NR01","nombre_ruta":"Acceso a Ipiales","nombre_tramo":"Por Defnir","ruta":"25","superficie":3,"territorial":17,"amenaza_cat":"Alta","longitud_km":5.9908613278201202,"Shape_Length":0.043390919522466015}},{"type":"Feature","id":313,"geometry":{"type":"MultiLineString","coordinates":[[[-75.877532425999959,4.9014719330000389],[-75.869705089999968,4.9131953270000395]],[[-75.877668233999941,4.9011480810000307],[-75.877532425999959,4.9014719330000389]],[[-75.881449933999988,4.8971263040000395],[-75.877668233999941,4.9011480810000307]],[[-75.881823978999989,4.8930279080000219],[-75.881449933999988,4.8971263040000395]],[[-75.881823978999989,4.8930279080000219],[-75.881449933999988,4.8971263040000395]],[[-75.87008689999999,4.8892639450000388],[-75.881823978999989,4.8930279080000219]],[[-75.86988557899997,4.8896746960000428],[-75.87008689999999,4.8892639450000388]],[[-75.869801162999977,4.8889013810000392],[-75.87008689999999,4.8892639450000388]]]},"properties":{"OBJECTID":313,"administrador":1,"categoria":2,"codigo_tramo":"25RSA","nombre_ruta":"Troncal de Occidente","nombre_tramo":"Por Defnir","ruta":"25","superficie":3,"territorial":21,"amenaza_cat":"Alta","longitud_km":5.0082633559987908,"Shape_Length":0.041443722679914537}},{"type":"Feature","id":314,"geometry":{"type":"MultiLineString","coordinates":[[[-75.602535159999945,4.9945027370000616],[-75.602286479999975,4.994261209000058]],[[-75.602286479999975,4.994261209000058],[-75.601817628999981,4.9922723380000207]],[[-75.602777252999942,4.9941647600000465],[-75.602286479999975,4.994261209000058]],[[-75.605897144999972,4.9881091160000324],[-75.602777252999942,4.9941647600000465]],[[-75.603664641999956,4.9815041570000744],[-75.605897144999972,4.9881091160000324]],[[-75.603664641999956,4.9815041570000744],[-75.605897144999972,4.9881091160000324]],[[-75.616834907999987,4.9382498260000602],[-75.603664641999956,4.9815041570000744]]]},"properties":{"OBJECTID":314,"administrador":2,"categoria":1,"codigo_tramo":"2902","nombre_ruta":"Troncal del Eje Cafetero","nombre_tramo":"Por Defnir","ruta":"29","superficie":3,"territorial":5,"amenaza_cat":"Alta","longitud_km":9.0341888390719838,"Shape_Length":0.068861377302970622}},{"type":"Feature","id":315,"geometry":{"type":"LineString","coordinates":[[-75.617560333999961,4.9369187970000326],[-75.616834907999987,4.9382498260000602]]},"properties":{"OBJECTID":315,"administrador":2,"categoria":1,"codigo_tramo":"2902","nombre_ruta":"Troncal del Eje Cafetero","nombre_tramo":"Por Defnir","ruta":"29","superficie":3,"territorial":5,"amenaza_cat":"Alta","longitud_km":0.16825877682903048,"Shape_Length":0.0015158763407194682}},{"type":"Feature","id":316,"geometry":{"type":"LineString","coordinates":[[-76.319343634999939,3.7167921160000219],[-76.321708387999934,3.7287572030000433]]},"properties":{"OBJECTID":316,"administrador":1,"categoria":4,"codigo_tramo":"25VLC","nombre_ruta":"Alternas a la Troncal de Occidente","nombre_tramo":"Por Defnir","ruta":"25","superficie":3,"territorial":25,"amenaza_cat":"Alta","longitud_km":1.9081253732247563,"Shape_Length":0.012196530804661872}},{"type":"Feature","id":317,"geometry":{"type":"MultiLineString","coordinates":[[[-75.829308673999947,4.8031296430000339],[-75.775696454999945,4.8122482830000308]],[[-75.829539011999941,4.8029124810000212],[-75.798261575999959,4.8131666190000715]],[[-75.798261575999959,4.8131666190000715],[-75.783427561999986,4.8135940820000656]],[[-75.783427561999986,4.8135940820000656],[-75.77568974899998,4.8115200110000274]],[[-75.766927358999965,4.8127875880000488],[-75.767106325999976,4.8133831960000748]],[[-75.767106325999976,4.8133831960000748],[-75.767230715999972,4.8132638200000315]],[[-75.767265584999961,4.8127141430000506],[-75.767230715999972,4.8132638200000315]],[[-75.768642691999958,4.8116421050000326],[-75.767230715999972,4.8132638200000315]],[[-75.766927358999965,4.8127875880000488],[-75.767265584999961,4.8127141430000506]],[[-75.767146512999943,4.8122314910000341],[-75.766927358999965,4.8127875880000488]],[[-75.767265584999961,4.8127141430000506],[-75.767313139999942,4.8124420400000645]],[[-75.775696454999945,4.8122482830000308],[-75.768642691999958,4.8116421050000326]],[[-75.767313139999942,4.8124420400000645],[-75.767262734999974,4.8123342420000199]],[[-75.768642691999958,4.8116421050000326],[-75.767313139999942,4.8124420400000645]],[[-75.767262734999974,4.8123342420000199],[-75.767146512999943,4.8122314910000341]],[[-75.767961941999943,4.8119258550000268],[-75.767262734999974,4.8123342420000199]],[[-75.77568974899998,4.8115200110000274],[-75.775696454999945,4.8122482830000308]],[[-75.767961941999943,4.8119258550000268],[-75.767146512999943,4.8122314910000341]],[[-75.77568974899998,4.8115200110000274],[-75.767961941999943,4.8119258550000268]],[[-75.841015502999937,4.8014501680000308],[-75.831116729999962,4.8033671460000278]],[[-75.831116729999962,4.8033671460000278],[-75.829308673999947,4.8031296430000339]],[[-75.839658198999985,4.8020206180000287],[-75.831109314999935,4.8030624200000602]],[[-75.831116729999962,4.8033671460000278],[-75.831109314999935,4.8030624200000602]],[[-75.829308673999947,4.8031296430000339],[-75.829539011999941,4.8029124810000212]],[[-75.831109314999935,4.8030624200000602],[-75.829539011999941,4.8029124810000212]],[[-75.841015502999937,4.8014501680000308],[-75.842389580999964,4.8024000840000554]],[[-75.841779378999945,4.8009156180000332],[-75.839658198999985,4.8020206180000287]],[[-75.841863470999954,4.8009426940000708],[-75.841015502999937,4.8014501680000308]],[[-75.841925596999943,4.8009074290000626],[-75.841863470999954,4.8009426940000708]],[[-75.841892774999963,4.8008500080000545],[-75.841779378999945,4.8009156180000332]]]},"properties":{"OBJECTID":317,"administrador":6,"categoria":1,"codigo_tramo":"29RS01","nombre_ruta":"Acceso a Pereira","nombre_tramo":"Por Defnir","ruta":"29","superficie":3,"territorial":21,"amenaza_cat":"Alta","longitud_km":19.054539729231639,"Shape_Length":0.16188710269953657}},{"type":"Feature","id":318,"geometry":{"type":"LineString","coordinates":[[-76.308008162999954,3.8044781280000279],[-76.308145800999966,3.8069216180000467]]},"properties":{"OBJECTID":318,"administrador":2,"categoria":4,"codigo_tramo":"25VLD","nombre_ruta":"Alternas a la Troncal de Occidente","nombre_tramo":"Por Defnir","ruta":"25","superficie":3,"territorial":25,"amenaza_cat":"Alta","longitud_km":0.27092934082461001,"Shape_Length":0.0024473633974624771}},{"type":"Feature","id":319,"geometry":{"type":"LineString","coordinates":[[-76.310853864999956,3.7980084520000332],[-76.308008162999954,3.8044781280000279]]},"properties":{"OBJECTID":319,"administrador":2,"categoria":4,"codigo_tramo":"25VLD","nombre_ruta":"Alternas a la Troncal de Occidente","nombre_tramo":"Por Defnir","ruta":"25","superficie":3,"territorial":25,"amenaza_cat":"Alta","longitud_km":0.81841343803708222,"Shape_Length":0.0070678658318987829}},{"type":"Feature","id":320,"geometry":{"type":"MultiLineString","coordinates":[[[-76.063794246999976,4.4032712620000325],[-76.063339581999969,4.4058117260000245]],[[-76.063641505999954,4.4030237920000559],[-76.063208085999975,4.4057572560000722]],[[-76.064638916999968,4.4035628430000315],[-76.063794246999976,4.4032712620000325]],[[-76.064215847999947,4.4028803450000282],[-76.064638916999968,4.4035628430000315]],[[-76.06497380199994,4.4031658680000305],[-76.064638916999968,4.4035628430000315]],[[-76.063742759999968,4.4029979920000528],[-76.063794246999976,4.4032712620000325]],[[-76.063641505999954,4.4030237920000559],[-76.062409481999964,4.4017049320000297]],[[-76.063267935999988,4.4017653490000725],[-76.063641505999954,4.4030237920000559]],[[-76.063742759999968,4.4029979920000528],[-76.063641505999954,4.4030237920000559]],[[-76.063602775999982,4.4025072590000605],[-76.063742759999968,4.4029979920000528]],[[-76.064215847999947,4.4028803450000282],[-76.063742759999968,4.4029979920000528]],[[-76.064215847999947,4.4028803450000282],[-76.063602775999982,4.4025072590000605]],[[-76.064700714999958,4.4027713360000575],[-76.064215847999947,4.4028803450000282]],[[-76.064960931999963,4.4028473030000441],[-76.064700714999958,4.4027713360000575]],[[-76.064888427999961,4.4025800740000705],[-76.064700714999958,4.4027713360000575]],[[-76.069055207999952,4.3794933090000541],[-76.063602775999982,4.4025072590000605]],[[-76.062409481999964,4.4017049320000297],[-76.063267935999988,4.4017653490000725]],[[-76.062893029999941,4.4007036360000598],[-76.063267935999988,4.4017653490000725]],[[-76.062893029999941,4.4007036360000598],[-76.062409481999964,4.4017049320000297]],[[-76.069597714999986,4.3781326670000453],[-76.062893029999941,4.4007036360000598]],[[-76.071267299999988,4.3797905370000763],[-76.069055207999952,4.3794933090000541]],[[-76.069480468999984,4.3786573020000219],[-76.069055207999952,4.3794933090000541]],[[-76.070155575999934,4.3783671000000481],[-76.071174085999985,4.3792481140000632]],[[-76.070155575999934,4.3783671000000481],[-76.069480468999984,4.3786573020000219]],[[-76.069706482999948,4.3781735580000714],[-76.069480468999984,4.3786573020000219]],[[-76.069706482999948,4.3781735580000714],[-76.070155575999934,4.3783671000000481]],[[-76.069856043999948,4.3778061880000223],[-76.070155575999934,4.3783671000000481]],[[-76.069597714999986,4.3781326670000453],[-76.069706482999948,4.3781735580000714]],[[-76.069856043999948,4.3778061880000223],[-76.069706482999948,4.3781735580000714]],[[-76.069360862999986,4.3763949840000578],[-76.069597714999986,4.3781326670000453]],[[-76.069952305999948,4.3770792600000732],[-76.069597714999986,4.3781326670000453]],[[-76.070214752999959,4.3737120490000621],[-76.069856043999948,4.3778061880000223]],[[-76.069952305999948,4.3770792600000732],[-76.069360862999986,4.3763949840000578]],[[-76.070194798999978,4.3757396720000656],[-76.069952305999948,4.3770792600000732]],[[-76.070194798999978,4.3757396720000656],[-76.069360862999986,4.3763949840000578]],[[-76.070117959999948,4.3737146270000267],[-76.070194798999978,4.3757396720000656]]]},"properties":{"OBJECTID":320,"administrador":3,"categoria":1,"codigo_tramo":"25VLH","nombre_ruta":"Troncal de Occidente","nombre_tramo":"Por Defnir","ruta":"25","superficie":3,"territorial":25,"amenaza_cat":"Alta","longitud_km":10.380775393476826,"Shape_Length":0.083862308618495945}},{"type":"Feature","id":321,"geometry":{"type":"MultiLineString","coordinates":[[[-76.049673749999954,1.846843217000071],[-76.04581576399994,1.8510372850000749]],[[-76.049673749999954,1.846843217000071],[-76.050816356999974,1.846423216000062]],[[-76.050816356999974,1.846423216000062],[-76.049673749999954,1.846843217000071]],[[-76.067321041999946,1.8467236930000581],[-76.066840636999984,1.8466847480000297]],[[-76.066840636999984,1.8466847480000297],[-76.061382468999966,1.8462557370000354]],[[-76.061382468999966,1.8462557370000354],[-76.066840636999984,1.8466847480000297]],[[-76.053729412999985,1.8463617780000732],[-76.050816356999974,1.846423216000062]],[[-76.060211250999942,1.8461926940000239],[-76.053729412999985,1.8463617780000732]],[[-76.053729412999985,1.8463617780000732],[-76.060211250999942,1.8461926940000239]],[[-76.061382468999966,1.8462557370000354],[-76.060211250999942,1.8461926940000239]]]},"properties":{"OBJECTID":321,"administrador":1,"categoria":1,"codigo_tramo":"4503","nombre_ruta":"Troncal del Magdalena","nombre_tramo":"Por Defnir","ruta":"45","superficie":3,"territorial":14,"amenaza_cat":"Alta","longitud_km":4.0969722879926556,"Shape_Length":0.036620016511289745}},{"type":"Feature","id":322,"geometry":{"type":"MultiLineString","coordinates":[[[-77.265172494999945,1.2716986180000731],[-77.268665824999971,1.3022086110000259]],[[-77.264862064999988,1.2711313230000201],[-77.265172494999945,1.2716986180000731]],[[-77.265391587999943,1.2706110050000348],[-77.265172494999945,1.2716986180000731]],[[-77.264862064999988,1.2711313230000201],[-77.265312195999968,1.2709218230000374]],[[-77.264517215999945,1.2708553100000586],[-77.264862064999988,1.2711313230000201]],[[-77.264665869999988,1.2699985350000702],[-77.264517215999945,1.2708553100000586]],[[-77.26574616399995,1.268926418000035],[-77.265391587999943,1.2706110050000348]],[[-77.265473074999989,1.270181520000051],[-77.264974414999983,1.2697997010000677]],[[-77.264974414999983,1.2697997010000677],[-77.264665869999988,1.2699985350000702]],[[-77.264974414999983,1.2697997010000677],[-77.264968866999936,1.2698034070000404]],[[-77.26574616399995,1.268926418000035],[-77.264974414999983,1.2697997010000677]],[[-77.286509974999944,1.2340899160000731],[-77.295395784999982,1.2565147030000503],[-77.26574616399995,1.268926418000035]]]},"properties":{"OBJECTID":322,"administrador":1,"categoria":1,"codigo_tramo":"2502","nombre_ruta":"Troncal de Occidente","nombre_tramo":"Por Defnir","ruta":"25","superficie":1,"territorial":17,"amenaza_cat":"Alta","longitud_km":13.592605263996028,"Shape_Length":0.094425743473130014}},{"type":"Feature","id":323,"geometry":{"type":"MultiLineString","coordinates":[[[-77.286853256999962,1.3975554800000509],[-77.284132613999986,1.4272718010000744]],[[-77.286967488999949,1.396082156000034],[-77.286853256999962,1.3975554800000509]],[[-77.283927405999975,1.3821354340000198],[-77.286967488999949,1.396082156000034]],[[-77.287556344999985,1.3931679720000716],[-77.286967488999949,1.396082156000034]],[[-77.284368915999949,1.3822408050000377],[-77.287556344999985,1.3931679720000716]],[[-77.283927405999975,1.3821354340000198],[-77.284368915999949,1.3822408050000377]],[[-77.284081459999982,1.3815555540000446],[-77.284368915999949,1.3822408050000377]],[[-77.283806754999944,1.3818062020000639],[-77.283927405999975,1.3821354340000198]],[[-77.283806754999944,1.3818062020000639],[-77.284081459999982,1.3815555540000446]],[[-77.284023286999968,1.3787273630000527],[-77.283806754999944,1.3818062020000639]],[[-77.284023286999968,1.3787273630000527],[-77.284081459999982,1.3815555540000446]],[[-77.278883164999968,1.3160931450000248],[-77.284023286999968,1.3787273630000527]],[[-77.268665824999971,1.3022086110000259],[-77.278883164999968,1.3160931450000248]]]},"properties":{"OBJECTID":323,"administrador":1,"categoria":1,"codigo_tramo":"2502","nombre_ruta":"Troncal de Occidente","nombre_tramo":"Por Defnir","ruta":"25","superficie":1,"territorial":17,"amenaza_cat":"Alta","longitud_km":20.02746773491446,"Shape_Length":0.14786648550108633}},{"type":"Feature","id":324,"geometry":{"type":"LineString","coordinates":[[-77.318096465999986,1.6789544900000237],[-77.327092080999989,1.6836036860000263],[-77.265721739999947,1.800153430000023],[-77.279229713999939,1.8059211350000623],[-77.269586599999968,1.8322950510000737],[-77.243432746999986,1.8632732080000665],[-77.214812227999971,1.8694549810000467],[-77.196832646999951,1.8875115160000746]]},"properties":{"OBJECTID":324,"administrador":1,"categoria":1,"codigo_tramo":"2502","nombre_ruta":"Troncal de Occidente","nombre_tramo":"Por Defnir","ruta":"25","superficie":1,"territorial":17,"amenaza_cat":"Alta","longitud_km":35.684085201741468,"Shape_Length":0.27991953405629511}},{"type":"Feature","id":325,"geometry":{"type":"LineString","coordinates":[[-77.284132613999986,1.4272718010000744],[-77.276852031999965,1.4744660730000305],[-77.283708184999966,1.4881823660000464],[-77.317313842999965,1.5001219300000344],[-77.310371808999946,1.5166253330000359]]},"properties":{"OBJECTID":325,"administrador":1,"categoria":1,"codigo_tramo":"2502","nombre_ruta":"Troncal de Occidente","nombre_tramo":"Por Defnir","ruta":"25","superficie":1,"territorial":17,"amenaza_cat":"Alta","longitud_km":14.313007609607702,"Shape_Length":0.11665458298763257}},{"type":"Feature","id":326,"geometry":{"type":"LineString","coordinates":[[-77.310371808999946,1.5166253330000359],[-77.322089391999953,1.504664865000052],[-77.329690359999972,1.5158676180000725],[-77.317315991999976,1.5299465050000549],[-77.34290171899994,1.5258903140000371],[-77.34027449599995,1.5382903060000217],[-77.36066675099994,1.5317352880000499],[-77.36782812499996,1.5401787660000537],[-77.348925815999962,1.5686521030000335],[-77.358090428999958,1.587088877000042],[-77.334901291999984,1.6344169480000232],[-77.343692841999939,1.6536629440000752],[-77.331172723999941,1.6528370960000416],[-77.335285648999957,1.6667771800000537],[-77.318096465999986,1.6789544900000237]]},"properties":{"OBJECTID":326,"administrador":1,"categoria":1,"codigo_tramo":"2502","nombre_ruta":"Troncal de Occidente","nombre_tramo":"Por Defnir","ruta":"25","superficie":1,"territorial":17,"amenaza_cat":"Alta","longitud_km":38.940637326621115,"Shape_Length":0.29687270859215886}},{"type":"Feature","id":327,"geometry":{"type":"MultiLineString","coordinates":[[[-76.29138323899997,3.5567879060000678],[-76.290801973999976,3.5605703990000279]],[[-76.297111805999975,3.5381262760000709],[-76.29138323899997,3.5567879060000678]],[[-76.297297095999966,3.5381230500000243],[-76.29138323899997,3.5567879060000678]],[[-76.321582294999985,3.5342980200000511],[-76.297330416999955,3.5380880050000201]],[[-76.297247831999982,3.537849794000067],[-76.321492144999979,3.534229989000039]],[[-76.297297095999966,3.5381230500000243],[-76.297111805999975,3.5381262760000709]],[[-76.297247831999982,3.537849794000067],[-76.297111805999975,3.5381262760000709]],[[-76.297297095999966,3.5381230500000243],[-76.297330416999955,3.5380880050000201]],[[-76.297330416999955,3.5380880050000201],[-76.297247831999982,3.537849794000067]]]},"properties":{"OBJECTID":327,"administrador":2,"categoria":1,"codigo_tramo":"2505","nombre_ruta":"Troncal de Occidente","nombre_tramo":"Por Defnir","ruta":"25","superficie":3,"territorial":25,"amenaza_cat":"Alta","longitud_km":10.787291486109957,"Shape_Length":0.092780536671245292}},{"type":"Feature","id":328,"geometry":{"type":"MultiLineString","coordinates":[[[-76.293628174999981,3.6373210150000546],[-76.294314224999937,3.6398106340000709]],[[-76.293744223999965,3.6373209460000453],[-76.294418231999941,3.6394246020000764]],[[-76.293698822999943,3.6370048740000698],[-76.293744223999965,3.6373209460000453]],[[-76.293586956999945,3.637016878000054],[-76.293628174999981,3.6373210150000546]],[[-76.293611431999977,3.6342903090000505],[-76.293586956999945,3.637016878000054]],[[-76.293663378999952,3.6356539540000199],[-76.293698822999943,3.6370048740000698]],[[-76.293846650999967,3.6331478970000717],[-76.293663378999952,3.6356539540000199]],[[-76.294567365999967,3.6354332760000716],[-76.293663378999952,3.6356539540000199]],[[-76.293611431999977,3.6342903090000505],[-76.291650791999984,3.6346840670000233]],[[-76.310325493999983,3.6100342420000402],[-76.293611431999977,3.6342903090000505]],[[-76.31052662999997,3.6099541640000439],[-76.293846650999967,3.6331478970000717]]]},"properties":{"OBJECTID":328,"administrador":2,"categoria":1,"codigo_tramo":"25VLB","nombre_ruta":"Troncal de Occidente","nombre_tramo":"Por Defnir","ruta":"25","superficie":3,"territorial":25,"amenaza_cat":"Alta","longitud_km":8.4976585134118334,"Shape_Length":0.072964513763172159}},{"type":"Feature","id":329,"geometry":{"type":"MultiLineString","coordinates":[[[-76.320222774999934,3.5874894320000408],[-76.310325493999983,3.6100342420000402]],[[-76.321908389999976,3.5862179290000427],[-76.31052662999997,3.6099541640000439]],[[-76.32271934299996,3.5863660970000524],[-76.322170301999961,3.5875758890000498]],[[-76.320222774999934,3.5874894320000408],[-76.319204058999958,3.5862522340000282]],[[-76.32118380299994,3.5866315890000351],[-76.320222774999934,3.5874894320000408]],[[-76.32118380299994,3.5866315890000351],[-76.319221884999934,3.5861490450000701]],[[-76.326698059999956,3.5818633830000408],[-76.32118380299994,3.5866315890000351]],[[-76.32271934299996,3.5863660970000524],[-76.321908389999976,3.5862179290000427]],[[-76.322745804999954,3.5854977580000309],[-76.32271934299996,3.5863660970000524]],[[-76.322745804999954,3.5854977580000309],[-76.321908389999976,3.5862179290000427]],[[-76.326432117999957,3.5823415250000608],[-76.322745804999954,3.5854977580000309]],[[-76.328478349999955,3.5785987820000287],[-76.326432117999957,3.5823415250000608]],[[-76.327867484999956,3.5810815400000706],[-76.326432117999957,3.5823415250000608]],[[-76.327221471999962,3.5801151230000414],[-76.326698059999956,3.5818633830000408]],[[-76.328255658999979,3.5787517770000363],[-76.326698059999956,3.5818633830000408]],[[-76.328170526999941,3.5811562630000253],[-76.327867484999956,3.5810815400000706]],[[-76.327992266999956,3.5808644880000315],[-76.327867484999956,3.5810815400000706]],[[-76.328295308999941,3.5807541830000673],[-76.328181222999945,3.5810246080000638]],[[-76.328295308999941,3.5807541830000673],[-76.328031483999951,3.580768416000069]],[[-76.328478349999955,3.5785987820000287],[-76.328295308999941,3.5807541830000673]],[[-76.327272096999934,3.5795870810000565],[-76.327221471999962,3.5801151230000414]],[[-76.327539486999967,3.5799927200000639],[-76.327221471999962,3.5801151230000414]],[[-76.32776765999995,3.5795052410000494],[-76.327607225999941,3.5799286720000509]],[[-76.32776765999995,3.5795052410000494],[-76.327346966999983,3.5794838920000416]],[[-76.328255658999979,3.5787517770000363],[-76.32776765999995,3.5795052410000494]],[[-76.337432326999988,3.5268397240000695],[-76.328255658999979,3.5787517770000363]],[[-76.337678504999985,3.527029409000022],[-76.328478349999955,3.5785987820000287]],[[-76.337708160999966,3.5257530650000604],[-76.337678504999985,3.527029409000022]],[[-76.337471090999941,3.5255914190000226],[-76.337432326999988,3.5268397240000695]],[[-76.337694782999961,3.5246511120000719],[-76.337708160999966,3.5257530650000604]],[[-76.337534995999988,3.5246873880000749],[-76.337471090999941,3.5255914190000226]],[[-76.337543281999956,3.5244315390000338],[-76.337534995999988,3.5246873880000749]],[[-76.337700661999975,3.5243968570000561],[-76.337694782999961,3.5246511120000719]]]},"properties":{"OBJECTID":329,"administrador":2,"categoria":1,"codigo_tramo":"25VLB","nombre_ruta":"Troncal de Occidente","nombre_tramo":"Por Defnir","ruta":"25","superficie":3,"territorial":25,"amenaza_cat":"Alta","longitud_km":22.506801535838637,"Shape_Length":0.1996770326442753}},{"type":"Feature","id":330,"geometry":{"type":"LineString","coordinates":[[-76.72530747899998,2.4782731320000266],[-76.664224604999959,2.479496847000064],[-76.639499321999949,2.4552247520000492]]},"properties":{"OBJECTID":330,"administrador":1,"categoria":1,"codigo_tramo":"2001","nombre_ruta":"Conexión Costa Pacifica - Troncal de Occidente","nombre_tramo":"Por Defnir","ruta":"20","superficie":3,"territorial":8,"amenaza_cat":"Alta","longitud_km":12.231408701361538,"Shape_Length":0.095742990711187054}},{"type":"Feature","id":331,"geometry":{"type":"MultiLineString","coordinates":[[[-76.969486203999963,2.5040716830000633],[-76.892909819999943,2.4800071890000481],[-76.883925308999949,2.4605414010000572],[-76.849383668999963,2.4354632330000641],[-76.806824467999945,2.4520803880000699],[-76.791087679999976,2.4417614530000264]],[[-76.736050735999981,2.4563702700000363],[-76.72530747899998,2.4782731320000266]],[[-76.735282335999955,2.4522888250000392],[-76.736050735999981,2.4563702700000363]],[[-76.735282335999955,2.4522888250000392],[-76.736050735999981,2.4563702700000363]],[[-76.791087679999976,2.4417614530000264],[-76.749504607999938,2.4298067990000618],[-76.735282335999955,2.4522888250000392]]]},"properties":{"OBJECTID":331,"administrador":1,"categoria":1,"codigo_tramo":"2001","nombre_ruta":"Conexión Costa Pacifica - Troncal de Occidente","nombre_tramo":"Por Defnir","ruta":"20","superficie":3,"territorial":8,"amenaza_cat":"Alta","longitud_km":44.131501712149003,"Shape_Length":0.31147192655703881}},{"type":"Feature","id":332,"geometry":{"type":"LineString","coordinates":[[-75.683095741999978,4.8148914800000284],[-75.683038107999948,4.8150170890000368]]},"properties":{"OBJECTID":332,"administrador":1,"categoria":1,"codigo_tramo":"2902","nombre_ruta":"Troncal del Eje Cafetero","nombre_tramo":"Por Defnir","ruta":"29","superficie":3,"territorial":21,"amenaza_cat":"Alta","longitud_km":0.015296858910199508,"Shape_Length":0.00013820021288869368}},{"type":"Feature","id":333,"geometry":{"type":"MultiLineString","coordinates":[[[-75.657112239999947,4.8533682090000525],[-75.656974177999984,4.8536205230000746]],[[-75.657034220999947,4.8533522550000612],[-75.65690738699999,4.8535837480000623]],[[-75.657329640999933,4.8529709030000276],[-75.657112239999947,4.8533682090000525]],[[-75.65704677399998,4.8533293440000307],[-75.657034220999947,4.8533522550000612]],[[-75.657081515999948,4.8532659350000245],[-75.65704677399998,4.8533293440000307]],[[-75.683887931999948,4.822305482000047],[-75.657081515999948,4.8532659350000245]],[[-75.683877534999965,4.822397325000054],[-75.657329640999933,4.8529709030000276]],[[-75.683887931999948,4.822305482000047],[-75.683877534999965,4.822397325000054]],[[-75.684044851999943,4.8219989030000647],[-75.683887931999948,4.822305482000047]],[[-75.684824370999934,4.8193009020000659],[-75.684044851999943,4.8219989030000647]],[[-75.683038107999948,4.8150170890000368],[-75.684824370999934,4.8193009020000659]]]},"properties":{"OBJECTID":333,"administrador":1,"categoria":1,"codigo_tramo":"2902","nombre_ruta":"Troncal del Eje Cafetero","nombre_tramo":"Por Defnir","ruta":"29","superficie":3,"territorial":21,"amenaza_cat":"Alta","longitud_km":10.340385898940246,"Shape_Length":0.090433390881285644}},{"type":"Feature","id":334,"geometry":{"type":"MultiLineString","coordinates":[[[-75.749049861999936,4.8126653330000408],[-75.715800550999973,4.822923587000048]],[[-75.767106325999976,4.8133831960000748],[-75.755100426999945,4.8130876310000303]],[[-75.755100426999945,4.8130876310000303],[-75.749049861999936,4.8126653330000408]],[[-75.755100426999945,4.8130876310000303],[-75.749049861999936,4.8126653330000408]]]},"properties":{"OBJECTID":334,"administrador":6,"categoria":1,"codigo_tramo":"29RSC","nombre_ruta":"Troncal del Eje Cafetero","nombre_tramo":"Por Defnir","ruta":"29","superficie":3,"territorial":21,"amenaza_cat":"Alta","longitud_km":7.1926687646994605,"Shape_Length":0.058935915917072632}},{"type":"Feature","id":335,"geometry":{"type":"LineString","coordinates":[[-75.715800550999973,4.822923587000048],[-75.66859459899996,4.8495189280000659]]},"properties":{"OBJECTID":335,"administrador":6,"categoria":1,"codigo_tramo":"29RSC","nombre_ruta":"Troncal del Eje Cafetero","nombre_tramo":"Por Defnir","ruta":"29","superficie":3,"territorial":21,"amenaza_cat":"Alta","longitud_km":6.5637285957661637,"Shape_Length":0.05418223017867356}},{"type":"Feature","id":336,"geometry":{"type":"MultiLineString","coordinates":[[[-76.510821752999959,3.4883241680000765],[-76.508895962999986,3.4936755630000675]],[[-76.510045099999957,3.4905068480000523],[-76.510907103999955,3.4883720060000201]]]},"properties":{"OBJECTID":336,"administrador":2,"categoria":1,"codigo_tramo":"2301","nombre_ruta":"Alternas a la Troncal de Occidente","nombre_tramo":"Por Defnir","ruta":"23","superficie":3,"territorial":25,"amenaza_cat":"Alta","longitud_km":0.88653332703708909,"Shape_Length":0.0079896662642113953}},{"type":"Feature","id":337,"geometry":{"type":"MultiLineString","coordinates":[[[-76.486385577999954,3.5785165660000757],[-76.486358185999961,3.5788432130000274]],[[-76.485761510999964,3.5747970560000226],[-76.486385577999954,3.5785165660000757]],[[-76.486385577999954,3.5785165660000757],[-76.486492448999968,3.5746165580000593]],[[-76.485761510999964,3.5747970560000226],[-76.486492448999968,3.5746165580000593]],[[-76.485326745999942,3.5720773540000437],[-76.485761510999964,3.5747970560000226]],[[-76.486492448999968,3.5746165580000593],[-76.48603561799996,3.5719600780000746]],[[-76.493360862999964,3.5624745590000657],[-76.485326745999942,3.5720773540000437]],[[-76.48603561799996,3.5719600780000746],[-76.485326745999942,3.5720773540000437]],[[-76.48603561799996,3.5719600780000746],[-76.493581973999937,3.5628970590000222]],[[-76.493581973999937,3.5628970590000222],[-76.493360862999964,3.5624745590000657]],[[-76.493581973999937,3.5628970590000222],[-76.494064723999941,3.5618982080000592]],[[-76.493451593999964,3.562144265000029],[-76.493360862999964,3.5624745590000657]],[[-76.493383372999972,3.560971147000032],[-76.493451593999964,3.562144265000029]],[[-76.493451593999964,3.562144265000029],[-76.494064723999941,3.5618982080000592]],[[-76.494064723999941,3.5618982080000592],[-76.493383372999972,3.560971147000032]],[[-76.490480006999974,3.5471974480000199],[-76.493383372999972,3.560971147000032]],[[-76.490139844999987,3.5463148250000245],[-76.490480006999974,3.5471974480000199]],[[-76.490480006999974,3.5471974480000199],[-76.490817031999939,3.5462905940000269]],[[-76.490139844999987,3.5463148250000245],[-76.490817031999939,3.5462905940000269]],[[-76.490264546999981,3.5447931090000679],[-76.490139844999987,3.5463148250000245]],[[-76.490817031999939,3.5462905940000269],[-76.490934058999983,3.5448960330000432]],[[-76.490885010999989,3.543502912000065],[-76.489265127999943,3.5455528000000527]],[[-76.490934058999983,3.5448960330000432],[-76.490264546999981,3.5447931090000679]],[[-76.490934058999983,3.5448960330000432],[-76.510045099999957,3.4905068480000523]],[[-76.490885010999989,3.543502912000065],[-76.490264546999981,3.5447931090000679]],[[-76.508895962999986,3.4936755630000675],[-76.490885010999989,3.543502912000065]]]},"properties":{"OBJECTID":337,"administrador":2,"categoria":1,"codigo_tramo":"2301","nombre_ruta":"Alternas a la Troncal de Occidente","nombre_tramo":"Por Defnir","ruta":"23","superficie":3,"territorial":25,"amenaza_cat":"Alta","longitud_km":21.417788899394786,"Shape_Length":0.17909782849093808}},{"type":"Feature","id":338,"geometry":{"type":"MultiLineString","coordinates":[[[-76.570825126999978,2.497076398000047],[-76.560838739999951,2.4944631820000609]],[[-76.639499321999949,2.4552247520000492],[-76.570825126999978,2.497076398000047]],[[-76.560838739999951,2.4944631820000609],[-76.558423776999973,2.4939201950000438]],[[-76.558423776999973,2.4939201950000438],[-76.557937938999942,2.492286196000066]],[[-76.557937938999942,2.492286196000066],[-76.558708726999953,2.4929622440000685]],[[-76.620762293999974,2.4330232710000246],[-76.639499321999949,2.4552247520000492]],[[-76.621046437999951,2.4293546690000198],[-76.620762293999974,2.4330232710000246]],[[-76.620507550999946,2.4322315280000453],[-76.620762293999974,2.4330232710000246]],[[-76.620629737999934,2.4308450380000295],[-76.620507550999946,2.4322315280000453]],[[-76.62082043099997,2.4303829940000696],[-76.620507550999946,2.4322315280000453]]]},"properties":{"OBJECTID":338,"administrador":1,"categoria":1,"codigo_tramo":"25CCB","nombre_ruta":"Troncal de Occidente","nombre_tramo":"Por Defnir","ruta":"25","superficie":3,"territorial":8,"amenaza_cat":"Alta","longitud_km":16.354723040842966,"Shape_Length":0.13277925302500382}},{"type":"Feature","id":339,"geometry":{"type":"MultiLineString","coordinates":[[[-76.799103446999936,1.961096919000056],[-76.798682321999934,1.9601797040000406]],[[-76.796116652999956,1.9559354260000532],[-76.807593383999972,1.9359942240000692],[-76.82704025299995,1.9305465370000547],[-76.811736795999934,1.9168788150000751],[-76.80608669999998,1.860158464000051],[-76.798592706999955,1.8605326720000335],[-76.797183078999979,1.8844381200000271],[-76.782861499999967,1.858438154000055]]]},"properties":{"OBJECTID":339,"administrador":1,"categoria":2,"codigo_tramo":"25CC15","nombre_ruta":"Transversal Rosas Condagua","nombre_tramo":"Por Defnir","ruta":"25","superficie":3,"territorial":8,"amenaza_cat":"Alta","longitud_km":26.210598170885778,"Shape_Length":0.18286588302620863}},{"type":"Feature","id":340,"geometry":{"type":"LineString","coordinates":[[-76.726089973999933,2.228407169000036],[-76.773661810999954,2.162674227000025],[-76.763509734999957,2.1494900400000461]]},"properties":{"OBJECTID":340,"administrador":1,"categoria":2,"codigo_tramo":"25CC15","nombre_ruta":"Transversal Rosas Condagua","nombre_tramo":"Por Defnir","ruta":"25","superficie":3,"territorial":8,"amenaza_cat":"Alta","longitud_km":19.365994877085054,"Shape_Length":0.097781165737922157}},{"type":"Feature","id":341,"geometry":{"type":"MultiLineString","coordinates":[[[-76.763509734999957,2.1494900400000461],[-76.783282976999942,2.1499098090000643],[-76.76718363699996,2.1383312880000744],[-76.778709547999938,2.1310333220000643],[-76.776593314999957,2.1116379340000435],[-76.802831668999943,2.1106649910000215],[-76.799206570999957,2.0880367870000214],[-76.815010875999974,2.0793233880000344],[-76.795104555999956,2.0347236410000278],[-76.799712136999972,2.0185235530000227],[-76.774405769999987,1.9952258740000275],[-76.783880139999951,1.9761619830000541],[-76.771628307999947,1.9868286180000609],[-76.780398472999934,1.9637397160000205],[-76.799103446999936,1.961096919000056]],[[-76.798682321999934,1.9601797040000406],[-76.796116652999956,1.9559354260000532]]]},"properties":{"OBJECTID":341,"administrador":1,"categoria":2,"codigo_tramo":"25CC15","nombre_ruta":"Transversal Rosas Condagua","nombre_tramo":"Por Defnir","ruta":"25","superficie":3,"territorial":8,"amenaza_cat":"Alta","longitud_km":52.67133478638204,"Shape_Length":0.32614343933844142}},{"type":"Feature","id":342,"geometry":{"type":"LineString","coordinates":[[-76.738419152999938,2.2594894630000226],[-76.739205578999986,2.2297469220000607],[-76.726089973999933,2.228407169000036]]},"properties":{"OBJECTID":342,"administrador":1,"categoria":2,"codigo_tramo":"25CC15","nombre_ruta":"Transversal Rosas Condagua","nombre_tramo":"Por Defnir","ruta":"25","superficie":3,"territorial":8,"amenaza_cat":"Alta","longitud_km":6.3887406713898951,"Shape_Length":0.042936791172619268}},{"type":"Feature","id":343,"geometry":{"type":"LineString","coordinates":[[-76.782861499999967,1.858438154000055],[-76.786413685999946,1.8507332130000691],[-76.769237523999948,1.8376365770000689],[-76.773852246999979,1.8155586020000669],[-76.78650748299998,1.8236740490000329],[-76.783361235999962,1.8140279130000749]]},"properties":{"OBJECTID":343,"administrador":1,"categoria":2,"codigo_tramo":"25CC15","nombre_ruta":"Transversal Rosas Condagua","nombre_tramo":"Por Defnir","ruta":"25","superficie":3,"territorial":8,"amenaza_cat":"Alta","longitud_km":13.795910968029309,"Shape_Length":0.077819124182532937}},{"type":"Feature","id":344,"geometry":{"type":"LineString","coordinates":[[-76.281788758999937,1.1407817040000623],[-76.260161119999964,1.1276061420000474],[-76.24233809499998,1.1304432820000443],[-76.198195460999955,1.167470278000053],[-76.174422869999944,1.1343825580000271],[-76.152039885999955,1.1645409580000319],[-76.151764173999936,1.1862284820000468],[-76.117497833999948,1.2182817330000262],[-76.02531481799997,1.2263935160000301],[-76.007441495999956,1.237853570000027],[-75.974362263999978,1.3274178000000347]]},"properties":{"OBJECTID":344,"administrador":1,"categoria":1,"codigo_tramo":"6501","nombre_ruta":"Troncal Villagarzon - Saravena","nombre_tramo":"Por Defnir","ruta":"65","superficie":3,"territorial":6,"amenaza_cat":"Alta","longitud_km":54.957592077955816,"Shape_Length":0.45714639801332274}},{"type":"Feature","id":345,"geometry":{"type":"LineString","coordinates":[[-76.282794270999943,1.1403780390000406],[-76.281788758999937,1.1407817040000623]]},"properties":{"OBJECTID":345,"administrador":1,"categoria":1,"codigo_tramo":"6501","nombre_ruta":"Troncal Villagarzon - Saravena","nombre_tramo":"Por Defnir","ruta":"65","superficie":3,"territorial":6,"amenaza_cat":"Alta","longitud_km":0.12187452382660349,"Shape_Length":0.0010835127199985831}},{"type":"Feature","id":346,"geometry":{"type":"LineString","coordinates":[[-76.636459778999949,5.630979428000046],[-76.643329447999974,5.6723193650000212]]},"properties":{"OBJECTID":346,"administrador":1,"categoria":1,"codigo_tramo":"1307","nombre_ruta":"Transversal Tribuga - Arauca","nombre_tramo":"Por Defnir","ruta":"13","superficie":3,"territorial":10,"amenaza_cat":"Alta","longitud_km":5.4624752249964699,"Shape_Length":0.041906834088628359}},{"type":"Feature","id":347,"geometry":{"type":"LineString","coordinates":[[-76.624739093999949,5.4111596720000534],[-76.623073082999952,5.4331092360000639],[-76.636914828999977,5.4580436710000413],[-76.626380667999967,5.4640895390000424],[-76.625326799999982,5.5316504470000609],[-76.638451250999935,5.5327969190000204],[-76.61590231699995,5.5624501400000668],[-76.639938581999957,5.5966161460000308],[-76.636459778999949,5.630979428000046]]},"properties":{"OBJECTID":347,"administrador":1,"categoria":1,"codigo_tramo":"1307","nombre_ruta":"Transversal Tribuga - Arauca","nombre_tramo":"Por Defnir","ruta":"13","superficie":3,"territorial":10,"amenaza_cat":"Alta","longitud_km":33.359547657668443,"Shape_Length":0.2569864197355135}},{"type":"Feature","id":348,"geometry":{"type":"LineString","coordinates":[[-76.614942004999989,5.3766870680000238],[-76.624739093999949,5.4111596720000534]]},"properties":{"OBJECTID":348,"administrador":1,"categoria":1,"codigo_tramo":"1307","nombre_ruta":"Transversal Tribuga - Arauca","nombre_tramo":"Por Defnir","ruta":"13","superficie":3,"territorial":10,"amenaza_cat":"Alta","longitud_km":4.2444859108283843,"Shape_Length":0.035837736806556254}},{"type":"Feature","id":349,"geometry":{"type":"LineString","coordinates":[[-75.65073050999996,5.087904897000044],[-75.673025327999937,5.1423502540000641],[-75.658342835999974,5.1638478080000709]]},"properties":{"OBJECTID":349,"administrador":2,"categoria":1,"codigo_tramo":"50CL02","nombre_ruta":"Troncal del Eje Cafetero","nombre_tramo":"Por Defnir","ruta":"50","superficie":3,"territorial":5,"amenaza_cat":"Alta","longitud_km":10.425028200351452,"Shape_Length":0.0848663518478079}},{"type":"Feature","id":350,"geometry":{"type":"LineString","coordinates":[[-75.658342835999974,5.1638478080000709],[-75.658615545999965,5.1798671350000518],[-75.639377088999936,5.203150006000044]]},"properties":{"OBJECTID":350,"administrador":2,"categoria":1,"codigo_tramo":"50CL02","nombre_ruta":"Troncal del Eje Cafetero","nombre_tramo":"Por Defnir","ruta":"50","superficie":3,"territorial":5,"amenaza_cat":"Alta","longitud_km":5.5577000859230967,"Shape_Length":0.046224467679742434}},{"type":"Feature","id":351,"geometry":{"type":"LineString","coordinates":[[-76.623610341999949,5.3525611150000714],[-76.614942004999989,5.3766870680000238]]},"properties":{"OBJECTID":351,"administrador":1,"categoria":1,"codigo_tramo":"1307","nombre_ruta":"Transversal Tribuga - Arauca","nombre_tramo":"Por Defnir","ruta":"13","superficie":3,"territorial":10,"amenaza_cat":"Alta","longitud_km":3.3573814674774791,"Shape_Length":0.025635944969920641}},{"type":"Feature","id":352,"geometry":{"type":"MultiLineString","coordinates":[[[-76.625938727999937,5.3025488760000599],[-76.623610341999949,5.3525611150000714]],[[-76.628752286999941,5.2814302140000677],[-76.625938727999937,5.3025488760000599]],[[-76.628856273999986,5.2811650280000322],[-76.628752286999941,5.2814302140000677]]]},"properties":{"OBJECTID":352,"administrador":1,"categoria":1,"codigo_tramo":"1307","nombre_ruta":"Transversal Tribuga - Arauca","nombre_tramo":"Por Defnir","ruta":"13","superficie":3,"territorial":10,"amenaza_cat":"Alta","longitud_km":7.9710731866697184,"Shape_Length":0.071656513165701846}},{"type":"Feature","id":353,"geometry":{"type":"MultiLineString","coordinates":[[[-76.388838147999934,2.17029567000003],[-76.392437747999963,2.1401572980000196],[-76.387154184999986,2.1319888730000685],[-76.381792388999941,2.1391316920000349],[-76.355409322999947,2.0808017340000333],[-76.34017546299998,2.0605895130000249],[-76.280727510999952,2.0412230280000472],[-76.249491111999987,2.0032759210000677],[-76.250662456999976,1.9679385930000421],[-76.230950788999962,1.9575426850000213],[-76.216126823999957,1.9327454890000695]],[[-76.216126823999957,1.9327454890000695],[-76.214576730999966,1.9296920600000362]],[[-76.216126823999957,1.9327454890000695],[-76.214576730999966,1.9296920600000362]],[[-76.214576730999966,1.9296920600000362],[-76.22423572699995,1.908365414000059],[-76.206526757999939,1.8736154530000704],[-76.218271258999948,1.8648907820000318],[-76.231754482999975,1.8734604460000241]]]},"properties":{"OBJECTID":353,"administrador":1,"categoria":1,"codigo_tramo":"2002","nombre_ruta":"Popayan - Paletara - San Jose de Isnos - Pitalito - San Agustin","nombre_tramo":"Por Defnir","ruta":"20","superficie":3,"territorial":14,"amenaza_cat":"Alta","longitud_km":57.313216484506455,"Shape_Length":0.43641583893852265}},{"type":"Feature","id":354,"geometry":{"type":"LineString","coordinates":[[-76.231754482999975,1.8734604460000241],[-76.231683614999952,1.8710467140000446]]},"properties":{"OBJECTID":354,"administrador":1,"categoria":1,"codigo_tramo":"2002","nombre_ruta":"Popayan - Paletara - San Jose de Isnos - Pitalito - San Agustin","nombre_tramo":"Por Defnir","ruta":"20","superficie":3,"territorial":14,"amenaza_cat":"Alta","longitud_km":0.38059016010643676,"Shape_Length":0.0024147721302749006}},{"type":"Feature","id":355,"geometry":{"type":"MultiLineString","coordinates":[[[-76.350256161999937,3.4182832340000573],[-76.336166892999984,3.4592721690000303]],[[-76.353622687999973,3.3969216660000257],[-76.350256161999937,3.4182832340000573]],[[-76.350256161999937,3.4182832340000573],[-76.35381705399999,3.3968532750000691]],[[-76.352165075999949,3.3952969620000317],[-76.353622687999973,3.3969216660000257]],[[-76.353778903999967,3.3960723320000739],[-76.353622687999973,3.3969216660000257]],[[-76.35381705399999,3.3968532750000691],[-76.353999057999943,3.3961347010000509]],[[-76.35381705399999,3.3968532750000691],[-76.355733836999946,3.396048669000038]],[[-76.353999057999943,3.3961347010000509],[-76.354837810999982,3.3958252130000233]],[[-76.353778903999967,3.3960723320000739],[-76.353503758999977,3.3955662170000664]],[[-76.354007888999945,3.3956640890000358],[-76.353999057999943,3.3961347010000509]],[[-76.353868586999965,3.3956370460000471],[-76.353778903999967,3.3960723320000739]],[[-76.355753802999971,3.395978914000068],[-76.353963228999987,3.3945137010000508]],[[-76.354837810999982,3.3958252130000233],[-76.354007888999945,3.3956640890000358]],[[-76.354022175999944,3.3953867710000623],[-76.354837810999982,3.3958252130000233]],[[-76.354007888999945,3.3956640890000358],[-76.353868586999965,3.3956370460000471]],[[-76.354022175999944,3.3953867710000623],[-76.354007888999945,3.3956640890000358]],[[-76.353868586999965,3.3956370460000471],[-76.353503758999977,3.3955662170000664]],[[-76.353857676999951,3.3952778510000599],[-76.353868586999965,3.3956370460000471]],[[-76.353503758999977,3.3955662170000664],[-76.353857676999951,3.3952778510000599]],[[-76.353963228999987,3.3945137010000508],[-76.354022175999944,3.3953867710000623]],[[-76.353762994999954,3.3939871730000277],[-76.352527537999947,3.395335517000035]],[[-76.353857676999951,3.3952778510000599],[-76.353762994999954,3.3939871730000277]],[[-76.353778717999944,3.3935526330000698],[-76.353963228999987,3.3945137010000508]],[[-76.353762994999954,3.3939871730000277],[-76.353778717999944,3.3935526330000698]],[[-76.350421872999959,3.2876317300000437],[-76.339923769999984,3.3040143630000216],[-76.352598002999969,3.3250740610000662],[-76.353778717999944,3.3935526330000698]]]},"properties":{"OBJECTID":355,"administrador":2,"categoria":1,"codigo_tramo":"2504A","nombre_ruta":"Troncal de Occidente","nombre_tramo":"Por Defnir","ruta":"25","superficie":3,"territorial":25,"amenaza_cat":"Alta","longitud_km":25.453875687541924,"Shape_Length":0.21857286747005295}},{"type":"Feature","id":356,"geometry":{"type":"MultiLineString","coordinates":[[[-76.337550415999942,3.5239619300000413],[-76.337543281999956,3.5244315390000338]],[[-76.337767885999938,3.5236718930000279],[-76.337700661999975,3.5243968570000561]],[[-76.337550388999944,3.5226064050000332],[-76.337550415999942,3.5239619300000413]],[[-76.337807784999939,3.5222454440000206],[-76.337767885999938,3.5236718930000279]],[[-76.327455578999945,3.4862067670000556],[-76.337550388999944,3.5226064050000332]],[[-76.32805450799998,3.4863833770000383],[-76.337807784999939,3.5222454440000206]],[[-76.32805450799998,3.4863833770000383],[-76.327455578999945,3.4862067670000556]],[[-76.328231989999949,3.4858477390000644],[-76.32805450799998,3.4863833770000383]],[[-76.327813295999988,3.4856855720000226],[-76.327455578999945,3.4862067670000556]],[[-76.327813295999988,3.4856855720000226],[-76.328231989999949,3.4858477390000644]],[[-76.328683579999961,3.4844197640000516],[-76.328231989999949,3.4858477390000644]],[[-76.328683579999961,3.4844197640000516],[-76.327813295999988,3.4856855720000226]],[[-76.336166892999984,3.4592721690000303],[-76.328683579999961,3.4844197640000516]]]},"properties":{"OBJECTID":356,"administrador":2,"categoria":1,"codigo_tramo":"2504A","nombre_ruta":"Troncal de Occidente","nombre_tramo":"Por Defnir","ruta":"25","superficie":3,"territorial":25,"amenaza_cat":"Alta","longitud_km":12.545722638576299,"Shape_Length":0.11045953480324248}},{"type":"Feature","id":357,"geometry":{"type":"MultiLineString","coordinates":[[[-76.627314372999933,5.7053975170000513],[-76.607419685999957,5.7259770640000625],[-76.551270553999984,5.7491343630000529],[-76.480516224999974,5.7450830210000277],[-76.453789590999975,5.7567479860000503],[-76.406018487999972,5.7471260140000595],[-76.400389519999976,5.7370663650000324]],[[-76.384185139999943,5.7328696040000295],[-76.372842877999972,5.7265196570000398]]]},"properties":{"OBJECTID":357,"administrador":1,"categoria":1,"codigo_tramo":"6002","nombre_ruta":"Transversal Tribuga - Arauca","nombre_tramo":"Por Defnir","ruta":"60","superficie":3,"territorial":10,"amenaza_cat":"Alta","longitud_km":34.981070725621102,"Shape_Length":0.26264901952499675}},{"type":"Feature","id":358,"geometry":{"type":"LineString","coordinates":[[-76.372842877999972,5.7265196570000398],[-76.33464059399995,5.7041009960000224],[-76.292858457999955,5.7281549670000231],[-76.299274055999945,5.7449196020000386],[-76.280665572999965,5.7379853220000427],[-76.248592153999937,5.7569822180000756],[-76.247467372999949,5.770978661000072],[-76.236190879999981,5.7751496460000453],[-76.230153887999961,5.8517576150000536],[-76.219776426999942,5.8590619640000341],[-76.176367236999965,5.8493996630000424],[-76.147891507999987,5.8684686280000733],[-76.12406720499996,5.8620183020000241],[-76.107342689999939,5.8693203720000611],[-76.11003255299994,5.8807676190000393],[-76.102546229999973,5.8712488890000714],[-76.085218407999946,5.8817279410000651]]},"properties":{"OBJECTID":358,"administrador":1,"categoria":1,"codigo_tramo":"6002","nombre_ruta":"Transversal Tribuga - Arauca","nombre_tramo":"Por Defnir","ruta":"60","superficie":3,"territorial":10,"amenaza_cat":"Alta","longitud_km":69.002242795324833,"Shape_Length":0.44898510349919718}},{"type":"Feature","id":359,"geometry":{"type":"LineString","coordinates":[[-76.400389519999976,5.7370663650000324],[-76.384185139999943,5.7328696040000295]]},"properties":{"OBJECTID":359,"administrador":1,"categoria":1,"codigo_tramo":"6002","nombre_ruta":"Transversal Tribuga - Arauca","nombre_tramo":"Por Defnir","ruta":"60","superficie":3,"territorial":10,"amenaza_cat":"Alta","longitud_km":2.7163258393640408,"Shape_Length":0.016739018312811094}},{"type":"Feature","id":360,"geometry":{"type":"LineString","coordinates":[[-75.85632437999999,6.2484464130000674],[-75.842696019999948,6.2528400250000686],[-75.837501033999956,6.2823594310000317],[-75.859473763999972,6.3310768510000344],[-75.847397633999947,6.349932529000057],[-75.852193373999967,6.3684091560000411],[-75.832701224999937,6.3969709010000315]]},"properties":{"OBJECTID":360,"administrador":2,"categoria":1,"codigo_tramo":"25B02","nombre_ruta":"Alternas a la Troncal de Occidente","nombre_tramo":"Por Defnir","ruta":"25","superficie":3,"territorial":1,"amenaza_cat":"Alta","longitud_km":21.205202092114728,"Shape_Length":0.17379472785232974}},{"type":"Feature","id":361,"geometry":{"type":"LineString","coordinates":[[-75.843619888999967,6.167355543000042],[-75.85632437999999,6.2484464130000674]]},"properties":{"OBJECTID":361,"administrador":2,"categoria":1,"codigo_tramo":"25B02","nombre_ruta":"Alternas a la Troncal de Occidente","nombre_tramo":"Por Defnir","ruta":"25","superficie":3,"territorial":1,"amenaza_cat":"Alta","longitud_km":10.522362475562028,"Shape_Length":0.082080041964722919}},{"type":"Feature","id":362,"geometry":{"type":"MultiLineString","coordinates":[[[-75.84323600099998,5.9674852100000635],[-75.833074978999946,5.9985440830000698],[-75.866710835999982,6.0569781520000561],[-75.843619888999967,6.167355543000042]],[[-75.842982139999947,5.9670274280000513],[-75.84323600099998,5.9674852100000635]],[[-75.84323600099998,5.9674852100000635],[-75.843456223999965,5.9667869550000319]]]},"properties":{"OBJECTID":362,"administrador":2,"categoria":1,"codigo_tramo":"25B02","nombre_ruta":"Alternas a la Troncal de Occidente","nombre_tramo":"Por Defnir","ruta":"25","superficie":3,"territorial":1,"amenaza_cat":"Alta","longitud_km":25.238265513877035,"Shape_Length":0.21412457188423559}},{"type":"Feature","id":363,"geometry":{"type":"MultiLineString","coordinates":[[[-75.63340164799996,4.5298559560000626],[-75.63375868299994,4.5298515320000661]],[[-75.633302750999974,4.5298189490000595],[-75.63340164799996,4.5298559560000626]],[[-75.63375868299994,4.5298515320000661],[-75.634180155999957,4.5295672870000203]],[[-75.634180155999957,4.5295672870000203],[-75.633634557999983,4.5296863080000662]],[[-75.650884604999987,4.5182801870000731],[-75.634180155999957,4.5295672870000203]],[[-75.651485889999947,4.5182177170000273],[-75.650884604999987,4.5182801870000731]],[[-75.651236453999957,4.518030048000071],[-75.650884604999987,4.5182801870000731]],[[-75.651485889999947,4.5182177170000273],[-75.651236453999957,4.518030048000071]],[[-75.654179130999978,4.5074255500000504],[-75.651485889999947,4.5182177170000273]],[[-75.654179130999978,4.5074255500000504],[-75.651236453999957,4.518030048000071]],[[-75.697959560999948,4.4827726730000563],[-75.654179130999978,4.5074255500000504]]]},"properties":{"OBJECTID":363,"administrador":2,"categoria":1,"codigo_tramo":"4002A","nombre_ruta":"Transversal Buenaventura - Villavicencio - Puerto Carreño","nombre_tramo":"Por Defnir","ruta":"40","superficie":3,"territorial":20,"amenaza_cat":"Alta","longitud_km":11.348713565058111,"Shape_Length":0.095410782416980186}},{"type":"Feature","id":364,"geometry":{"type":"MultiLineString","coordinates":[[[-77.607040598999959,0.82848737900002334],[-77.60787993799994,0.82794885000004115]],[[-77.607670174999953,0.82835238900003105],[-77.60787993799994,0.82794885000004115]],[[-77.607827095999937,0.82814117000003762],[-77.607670174999953,0.82835238900003105]],[[-77.607908473999942,0.82834849300002134],[-77.607827095999937,0.82814117000003762]],[[-77.607827095999937,0.82814117000003762],[-77.60787993799994,0.82794885000004115]],[[-77.60787993799994,0.82794885000004115],[-77.62086385799995,0.82219981400004372]],[[-77.62086385799995,0.82219981400004372],[-77.621656641999948,0.82203153200003953]],[[-77.621656641999948,0.82203153200003953],[-77.657273502999942,0.81885683800004472]],[[-77.62086385799995,0.82219981400004372],[-77.620854480999981,0.82210006100007149]],[[-77.620854480999981,0.82210006100007149],[-77.621016274999988,0.82185807800004795]],[[-77.621016274999988,0.82185807800004795],[-77.621656641999948,0.82203153200003953]]]},"properties":{"OBJECTID":364,"administrador":2,"categoria":1,"codigo_tramo":"25NRC","nombre_ruta":"Troncal de Occidente","nombre_tramo":"Por Defnir","ruta":"25","superficie":3,"territorial":17,"amenaza_cat":"Alta","longitud_km":6.5180664561093788,"Shape_Length":0.053960364904982502}},{"type":"Feature","id":365,"geometry":{"type":"MultiLineString","coordinates":[[[-75.703093378999938,4.4900417280000511],[-75.703116773999966,4.4902894540000489]],[[-75.70349758499998,4.4899699670000359],[-75.703093378999938,4.4900417280000511]],[[-75.703260331999957,4.4874939800000675],[-75.703093378999938,4.4900417280000511]],[[-75.702982788999975,4.4869168750000199],[-75.703260331999957,4.4874939800000675]],[[-75.699527692999936,4.4867717630000357],[-75.702982788999975,4.4869168750000199]]]},"properties":{"OBJECTID":365,"administrador":2,"categoria":1,"codigo_tramo":"40QN04","nombre_ruta":"Transversal Buenaventura - Villavicencio - Puerto Carreño","nombre_tramo":"Por Defnir","ruta":"40","superficie":3,"territorial":20,"amenaza_cat":"Alta","longitud_km":1.1059502555832716,"Shape_Length":0.0073110843140620115}},{"type":"Feature","id":366,"geometry":{"type":"LineString","coordinates":[[-75.697959560999948,4.4827726730000563],[-75.699527692999936,4.4867717630000357]]},"properties":{"OBJECTID":366,"administrador":2,"categoria":1,"codigo_tramo":"40QN04","nombre_ruta":"Transversal Buenaventura - Villavicencio - Puerto Carreño","nombre_tramo":"Por Defnir","ruta":"40","superficie":3,"territorial":20,"amenaza_cat":"Alta","longitud_km":1.1653487521258614,"Shape_Length":0.0042955510469930005}},{"type":"Feature","id":367,"geometry":{"type":"LineString","coordinates":[[-75.671240545999979,5.7986857490000716],[-75.700127974999987,5.8262906940000221],[-75.730999957999984,5.8267017090000763],[-75.759908904999975,5.86721876200005]]},"properties":{"OBJECTID":367,"administrador":2,"categoria":1,"codigo_tramo":"25B01","nombre_ruta":"Alternas a la Troncal de Occidente","nombre_tramo":"Por Defnir","ruta":"25","superficie":3,"territorial":1,"amenaza_cat":"Alta","longitud_km":14.793302908624542,"Shape_Length":0.12060422501217113}},{"type":"Feature","id":368,"geometry":{"type":"MultiLineString","coordinates":[[[-75.639636499999938,5.7591724350000391],[-75.641046736999954,5.7567900500000633]],[[-75.631746278999969,5.7544402330000253],[-75.636941579999984,5.7572736490000693]],[[-75.629404826999973,5.7511383990000695],[-75.630636210999967,5.7522603370000525]],[[-75.627293792999978,5.7490603630000692],[-75.628724190999947,5.7509016040000347]],[[-75.62714766199997,5.748577899000054],[-75.627177508999978,5.7486217190000275]],[[-75.62147516999994,5.7462110250000364],[-75.626190502999975,5.7480727830000546]],[[-75.620085920999941,5.7446534070000439],[-75.620942454999977,5.7454927690000659]],[[-75.618765792999966,5.7428003720000333],[-75.619805714999984,5.7444052260000262]],[[-75.606947004999938,5.7414228520000279],[-75.618194683999945,5.7424370230000363]]]},"properties":{"OBJECTID":368,"administrador":2,"categoria":1,"codigo_tramo":"25B01","nombre_ruta":"Alternas a la Troncal de Occidente","nombre_tramo":"Por Defnir","ruta":"25","superficie":3,"territorial":1,"amenaza_cat":"Alta","longitud_km":4.0434763884258826,"Shape_Length":0.032211086111665489}},{"type":"Feature","id":369,"geometry":{"type":"LineString","coordinates":[[-75.859306868999965,5.9328502850000291],[-75.861098446999961,5.9344161380000742]]},"properties":{"OBJECTID":369,"administrador":2,"categoria":1,"codigo_tramo":"25B01","nombre_ruta":"Alternas a la Troncal de Occidente","nombre_tramo":"Por Defnir","ruta":"25","superficie":3,"territorial":1,"amenaza_cat":"Alta","longitud_km":0.27537161283867179,"Shape_Length":0.0023794216414535132}},{"type":"Feature","id":370,"geometry":{"type":"LineString","coordinates":[[-75.642237083999987,5.7569562350000751],[-75.655042536999986,5.7891790390000324],[-75.671240545999979,5.7986857490000716]]},"properties":{"OBJECTID":370,"administrador":2,"categoria":1,"codigo_tramo":"25B01","nombre_ruta":"Alternas a la Troncal de Occidente","nombre_tramo":"Por Defnir","ruta":"25","superficie":3,"territorial":1,"amenaza_cat":"Alta","longitud_km":6.3613218587146099,"Shape_Length":0.053455755952814002}},{"type":"Feature","id":371,"geometry":{"type":"LineString","coordinates":[[-75.759908904999975,5.86721876200005],[-75.80616826399995,5.8948610310000618],[-75.835672020999937,5.9290207830000554],[-75.859306868999965,5.9328502850000291]]},"properties":{"OBJECTID":371,"administrador":2,"categoria":1,"codigo_tramo":"25B01","nombre_ruta":"Alternas a la Troncal de Occidente","nombre_tramo":"Por Defnir","ruta":"25","superficie":3,"territorial":1,"amenaza_cat":"Alta","longitud_km":15.132686337523229,"Shape_Length":0.12296919987172927}},{"type":"Feature","id":372,"geometry":{"type":"MultiLineString","coordinates":[[[-75.636941579999984,5.7572736490000693],[-75.639636499999938,5.7591724350000391]],[[-75.641046736999954,5.7567900500000633],[-75.642237083999987,5.7569562350000751]],[[-75.630636210999967,5.7522603370000525],[-75.631746278999969,5.7544402330000253]],[[-75.628724190999947,5.7509016040000347],[-75.629404826999973,5.7511383990000695]],[[-75.627177508999978,5.7486217190000275],[-75.627293792999978,5.7490603630000692]],[[-75.626190502999975,5.7480727830000546],[-75.62714766199997,5.748577899000054]],[[-75.620942454999977,5.7454927690000659],[-75.62147516999994,5.7462110250000364]],[[-75.619805714999984,5.7444052260000262],[-75.620085920999941,5.7446534070000439]],[[-75.618194683999945,5.7424370230000363],[-75.618765792999966,5.7428003720000333]]]},"properties":{"OBJECTID":372,"administrador":2,"categoria":1,"codigo_tramo":"25B01","nombre_ruta":"Alternas a la Troncal de Occidente","nombre_tramo":"Por Defnir","ruta":"25","superficie":3,"territorial":1,"amenaza_cat":"Alta","longitud_km":1.2749665787736013,"Shape_Length":0.011146980228460933}},{"type":"Feature","id":373,"geometry":{"type":"MultiLineString","coordinates":[[[-76.268002974999945,1.8794888300000707],[-76.294565703999979,1.8879600830000527]],[[-76.263367278999965,1.876946887000031],[-76.268002974999945,1.8794888300000707]],[[-76.263367278999965,1.876946887000031],[-76.268002974999945,1.8794888300000707]],[[-76.231828807999989,1.8708973340000625],[-76.263367278999965,1.876946887000031]]]},"properties":{"OBJECTID":373,"administrador":2,"categoria":1,"codigo_tramo":"20HL01","nombre_ruta":"Popayan - Paletara - San Jose de Isnos - Pitalito - San Agustin","nombre_tramo":"Por Defnir","ruta":"20","superficie":3,"territorial":14,"amenaza_cat":"Alta","longitud_km":9.9691659113645184,"Shape_Length":0.070568027849496603}},{"type":"Feature","id":374,"geometry":{"type":"MultiLineString","coordinates":[[[-75.625718284999948,6.1551683830000457],[-75.631551644999945,6.1529639570000541]],[[-75.631551644999945,6.1529639570000541],[-75.625735555999938,6.1550715290000539]],[[-75.631912411999963,6.1521594150000283],[-75.631551644999945,6.1529639570000541]]]},"properties":{"OBJECTID":374,"administrador":1,"categoria":1,"codigo_tramo":"2509","nombre_ruta":"Troncal de Occidente","nombre_tramo":"Por Defnir","ruta":"25","superficie":3,"territorial":1,"amenaza_cat":"Alta","longitud_km":1.4835204245602012,"Shape_Length":0.013303891064557581}},{"type":"Feature","id":375,"geometry":{"type":"MultiLineString","coordinates":[[[-75.632642715999964,6.1490750260000482],[-75.633739398999978,6.1096528280000371]],[[-75.63353516799998,6.1095065020000447],[-75.632489353999972,6.1490133050000395]]]},"properties":{"OBJECTID":375,"administrador":2,"categoria":1,"codigo_tramo":"2509","nombre_ruta":"Troncal de Occidente","nombre_tramo":"Por Defnir","ruta":"25","superficie":3,"territorial":1,"amenaza_cat":"Alta","longitud_km":10.563798737417912,"Shape_Length":0.078958092154976789}},{"type":"Feature","id":376,"geometry":{"type":"MultiLineString","coordinates":[[[-75.622010987999943,2.2117749970000204],[-75.621990917999938,2.2121457840000289]],[[-75.621827879999955,2.2117354830000409],[-75.622010987999943,2.2117749970000204]],[[-75.622010987999943,2.2117749970000204],[-75.622078726999973,2.2116894960000764]],[[-75.622078726999973,2.2116894960000764],[-75.621949960999984,2.2114586430000713]],[[-75.62238889799994,2.2111994160000563],[-75.622078726999973,2.2116894960000764]],[[-75.621882640999956,2.2114579320000303],[-75.621804950999945,2.2116837410000585]],[[-75.621949960999984,2.2114586430000713],[-75.621882640999956,2.2114579320000303]],[[-75.62238889799994,2.2111994160000563],[-75.621949960999984,2.2114586430000713]],[[-75.635870069999953,2.2040918950000332],[-75.62238889799994,2.2111994160000563]],[[-75.640236439999967,2.1968995550000727],[-75.635870069999953,2.2040918950000332]],[[-75.635870069999953,2.2040918950000332],[-75.640454128999977,2.1968984050000699]],[[-75.640454128999977,2.1968984050000699],[-75.640236439999967,2.1968995550000727]],[[-75.64114925299998,2.194079595000062],[-75.640236439999967,2.1968995550000727]],[[-75.640454128999977,2.1968984050000699],[-75.640499400999943,2.1968282710000722]],[[-75.640499400999943,2.1968282710000722],[-75.640499424999973,2.1968299450000472]],[[-75.64037239299995,2.1966033860000493],[-75.640499400999943,2.1968282710000722]],[[-75.640499400999943,2.1968282710000722],[-75.641523320999966,2.1937455340000724]],[[-75.640630661999978,2.1935924280000449],[-75.64114925299998,2.194079595000062]],[[-75.64114925299998,2.194079595000062],[-75.641155225999967,2.1937761810000325]],[[-75.641155225999967,2.1937761810000325],[-75.641523320999966,2.1937455340000724]],[[-75.641155225999967,2.1937761810000325],[-75.640630661999978,2.1935924280000449]],[[-75.64128833999996,2.1934609720000253],[-75.641155225999967,2.1937761810000325]],[[-75.641534999999976,2.1937267820000557],[-75.641523320999966,2.1937455340000724]],[[-75.641534999999976,2.1937267820000557],[-75.641307076999965,2.193460655000024]],[[-75.641865714999938,2.1932302510000454],[-75.641534999999976,2.1937267820000557]],[[-75.640496541999937,2.1935170360000598],[-75.640630661999978,2.1935924280000449]],[[-75.64128833999996,2.1934609720000253],[-75.641060367999955,2.1933567010000274]],[[-75.641307076999965,2.193460655000024],[-75.64128833999996,2.1934609720000253]],[[-75.64167256099995,2.1932379280000305],[-75.641307076999965,2.193460655000024]]]},"properties":{"OBJECTID":376,"administrador":2,"categoria":1,"codigo_tramo":"45HLB","nombre_ruta":"Troncal del Magdalena","nombre_tramo":"Por Defnir","ruta":"45","superficie":3,"territorial":14,"amenaza_cat":"Alta","longitud_km":5.2433457074110352,"Shape_Length":0.045388073874097608}},{"type":"Feature","id":377,"geometry":{"type":"LineString","coordinates":[[-76.959516834999988,5.624217672000043],[-77.046665815999972,5.7090384800000606]]},"properties":{"OBJECTID":377,"administrador":1,"categoria":3,"codigo_tramo":"5001","nombre_ruta":"Transversal Tribuga - Arauca","nombre_tramo":"Por Defnir","ruta":"50","superficie":3,"territorial":10,"amenaza_cat":"Alta","longitud_km":13.478125248100067,"Shape_Length":0.12161214725146291}},{"type":"Feature","id":378,"geometry":{"type":"LineString","coordinates":[[-76.901594531999933,5.5678147600000329],[-76.959516834999988,5.624217672000043]]},"properties":{"OBJECTID":378,"administrador":1,"categoria":3,"codigo_tramo":"5001","nombre_ruta":"Transversal Tribuga - Arauca","nombre_tramo":"Por Defnir","ruta":"50","superficie":3,"territorial":10,"amenaza_cat":"Alta","longitud_km":8.9601778339348161,"Shape_Length":0.080847273713533702}},{"type":"Feature","id":379,"geometry":{"type":"MultiLineString","coordinates":[[[-75.857001597999954,4.7086679880000588],[-75.788936827999976,4.677014037000049]],[[-75.788936827999976,4.677014037000049],[-75.788563912999962,4.6767092310000749]],[[-75.788936827999976,4.677014037000049],[-75.788812349999944,4.6765504470000678]],[[-75.788563912999962,4.6767092310000749],[-75.788812349999944,4.6765504470000678]],[[-75.788563912999962,4.6767092310000749],[-75.788540524999974,4.6766906130000621]],[[-75.788540524999974,4.6766906130000621],[-75.788266294999971,4.6765613460000282]],[[-75.788544793999961,4.6764608970000268],[-75.788540524999974,4.6766906130000621]],[[-75.788544793999961,4.6764608970000268],[-75.788266294999971,4.6765613460000282]],[[-75.788266294999971,4.6765613460000282],[-75.786830751999958,4.6759700580000754]],[[-75.788812349999944,4.6765504470000678],[-75.788797125999963,4.676502120000066]],[[-75.788797125999963,4.676502120000066],[-75.788570466999943,4.6764407950000759]],[[-75.788570466999943,4.6764407950000759],[-75.788544793999961,4.6764608970000268]]]},"properties":{"OBJECTID":379,"administrador":1,"categoria":2,"codigo_tramo":"25VL07","nombre_ruta":"Acceso a Armenia","nombre_tramo":"Por Defnir","ruta":"25","superficie":3,"territorial":20,"amenaza_cat":"Alta","longitud_km":10.700845113700796,"Shape_Length":0.079051209942080633}},{"type":"Feature","id":380,"geometry":{"type":"MultiLineString","coordinates":[[[-75.902532342999962,4.7391021360000423],[-75.902378366999983,4.7390011450000316]],[[-75.902378366999983,4.7390011450000316],[-75.88979859799997,4.7259663720000731],[-75.862468965999938,4.7282977230000256],[-75.857001597999954,4.7086679880000588]]]},"properties":{"OBJECTID":380,"administrador":1,"categoria":2,"codigo_tramo":"25VL07","nombre_ruta":"Acceso a Armenia","nombre_tramo":"Por Defnir","ruta":"25","superficie":3,"territorial":20,"amenaza_cat":"Alta","longitud_km":9.4496026421219526,"Shape_Length":0.066105017577220385}},{"type":"Feature","id":381,"geometry":{"type":"MultiLineString","coordinates":[[[-75.653461559999982,4.858379856000056],[-75.640730171999962,4.8535024400000566]],[[-75.65354211999994,4.8583713500000272],[-75.653461559999982,4.858379856000056]],[[-75.654276005999975,4.8579869280000594],[-75.65354211999994,4.8583713500000272]],[[-75.637307711999938,4.8568188040000564],[-75.638664677999941,4.8583889060000729]],[[-75.637067825999964,4.8552145230000292],[-75.637294109999971,4.8560745110000312]],[[-75.636744844999953,4.8546539420000272],[-75.637067825999964,4.8552145230000292]],[[-75.636744844999953,4.8546539420000272],[-75.637067825999964,4.8552145230000292]],[[-75.636714617999985,4.8546570130000646],[-75.636744844999953,4.8546539420000272]],[[-75.636730768999939,4.8544400410000321],[-75.636744844999953,4.8546539420000272]],[[-75.636730768999939,4.8544400410000321],[-75.636671364999984,4.8545144910000317]],[[-75.640730171999962,4.8535024400000566],[-75.636730768999939,4.8544400410000321]],[[-75.640730171999962,4.8535024400000566],[-75.641113534999988,4.8524628060000623],[-75.642081102999953,4.8528276980000555],[-75.640730171999962,4.8535024400000566]]]},"properties":{"OBJECTID":381,"administrador":2,"categoria":1,"codigo_tramo":"29RSE","nombre_ruta":"Troncal del Eje Cafetero","nombre_tramo":"Por Defnir","ruta":"29","superficie":3,"territorial":21,"amenaza_cat":"Alta","longitud_km":4.479129670864241,"Shape_Length":0.026901636163900979}},{"type":"Feature","id":382,"geometry":{"type":"MultiLineString","coordinates":[[[-75.632933804999936,4.8627081610000573],[-75.632858967999937,4.8633951000000479]],[[-75.633636628999966,4.8612064250000344],[-75.632933804999936,4.8627081610000573]],[[-75.633636628999966,4.8612064250000344],[-75.633575665999956,4.8626037160000237]],[[-75.63656524999999,4.8546703110000635],[-75.633636628999966,4.8612064250000344]],[[-75.637294109999971,4.8560745110000312],[-75.637307711999938,4.8568188040000564]],[[-75.636671364999984,4.8545144910000317],[-75.63656524999999,4.8546703110000635]],[[-75.63656524999999,4.8546703110000635],[-75.636714617999985,4.8546570130000646]]]},"properties":{"OBJECTID":382,"administrador":2,"categoria":1,"codigo_tramo":"29RSE","nombre_ruta":"Troncal del Eje Cafetero","nombre_tramo":"Por Defnir","ruta":"29","superficie":3,"territorial":21,"amenaza_cat":"Alta","longitud_km":1.3439005037651357,"Shape_Length":0.011992818719533152}},{"type":"Feature","id":383,"geometry":{"type":"LineString","coordinates":[[-78.267690074999962,1.4285288350000656],[-78.238476834999972,1.4123411010000382],[-78.198833672999967,1.3615460380000286],[-78.177540003999979,1.3624317190000284],[-78.171145955999975,1.350815801000067],[-78.146902111999964,1.354308685000035],[-78.117654318999939,1.3336468770000351]]},"properties":{"OBJECTID":383,"administrador":1,"categoria":1,"codigo_tramo":"1001","nombre_ruta":"Transversal Tumaco - Leticia","nombre_tramo":"Por Defnir","ruta":"10","superficie":1,"territorial":17,"amenaza_cat":"Alta","longitud_km":23.893133532458194,"Shape_Length":0.19270781578277735}},{"type":"Feature","id":384,"geometry":{"type":"MultiLineString","coordinates":[[[-78.73158843799996,1.8208061110000244],[-78.761344482999959,1.8196574660000238],[-78.790690328999972,1.7975612590000196],[-78.779219084999966,1.7228757890000566],[-78.657484140999941,1.4917348150000294]],[[-78.657484140999941,1.4917348150000294],[-78.623734128999956,1.4337150350000343],[-78.540553410999962,1.389262441000028],[-78.405763559999968,1.4254502630000729],[-78.267690074999962,1.4285288350000656]]]},"properties":{"OBJECTID":384,"administrador":1,"categoria":1,"codigo_tramo":"1001","nombre_ruta":"Transversal Tumaco - Leticia","nombre_tramo":"Por Defnir","ruta":"10","superficie":1,"territorial":17,"amenaza_cat":"Alta","longitud_km":95.338040941336303,"Shape_Length":0.842418982556282}},{"type":"Feature","id":385,"geometry":{"type":"LineString","coordinates":[[-75.861962589999962,4.9345541570000364],[-75.853386916999966,4.955399939000074],[-75.859227601999976,5.0045115400000668]]},"properties":{"OBJECTID":385,"administrador":2,"categoria":1,"codigo_tramo":"2507","nombre_ruta":"Troncal de Occidente","nombre_tramo":"Por Defnir","ruta":"25","superficie":3,"territorial":21,"amenaza_cat":"Alta","longitud_km":8.173399854120774,"Shape_Length":0.071998513587806567}},{"type":"Feature","id":386,"geometry":{"type":"MultiLineString","coordinates":[[[-75.841927953999971,5.0974050930000203],[-75.841861697999946,5.0976797710000596]],[[-75.842332313999975,5.0952688040000567],[-75.842277296999953,5.095587728000055]],[[-75.844075607999969,5.0846625550000226],[-75.843749847999959,5.0869940000000611]]]},"properties":{"OBJECTID":386,"administrador":2,"categoria":1,"codigo_tramo":"2507","nombre_ruta":"Troncal de Occidente","nombre_tramo":"Por Defnir","ruta":"25","superficie":3,"territorial":21,"amenaza_cat":"Alta","longitud_km":0.3309365709309155,"Shape_Length":0.0029602839170972742}},{"type":"Feature","id":387,"geometry":{"type":"MultiLineString","coordinates":[[[-75.853287189999946,5.0493067460000702],[-75.853210161999982,5.0497961580000492]],[[-75.855510008999943,5.0357340720000252],[-75.854457384999989,5.0413107340000352]],[[-75.858130952999943,5.0274919300000533],[-75.856135671999937,5.0339822690000346]],[[-75.860030135999978,5.0152606560000663],[-75.858921000999942,5.0235062330000346]],[[-75.859490516999983,5.0074435920000724],[-75.85975878499994,5.0104087070000674]]]},"properties":{"OBJECTID":387,"administrador":2,"categoria":1,"codigo_tramo":"2507","nombre_ruta":"Troncal de Occidente","nombre_tramo":"Por Defnir","ruta":"25","superficie":3,"territorial":21,"amenaza_cat":"Alta","longitud_km":2.6902101274755927,"Shape_Length":0.02425775213830636}},{"type":"Feature","id":388,"geometry":{"type":"MultiLineString","coordinates":[[[-75.841861697999946,5.0976797710000596],[-75.836101117999988,5.1130106450000312]],[[-75.842277296999953,5.095587728000055],[-75.841927953999971,5.0974050930000203]],[[-75.843749847999959,5.0869940000000611],[-75.842332313999975,5.0952688040000567]],[[-75.850609626999983,5.0672143490000394],[-75.844075607999969,5.0846625550000226]],[[-75.853210161999982,5.0497961580000492],[-75.850609626999983,5.0672143490000394]],[[-75.854457384999989,5.0413107340000352],[-75.853287189999946,5.0493067460000702]],[[-75.856135671999937,5.0339822690000346],[-75.855510008999943,5.0357340720000252]],[[-75.858921000999942,5.0235062330000346],[-75.858130952999943,5.0274919300000533]],[[-75.85975878499994,5.0104087070000674],[-75.860030135999978,5.0152606560000663]],[[-75.859227601999976,5.0045115400000668],[-75.859490516999983,5.0074435920000724]]]},"properties":{"OBJECTID":388,"administrador":2,"categoria":1,"codigo_tramo":"2507","nombre_ruta":"Troncal de Occidente","nombre_tramo":"Por Defnir","ruta":"25","superficie":3,"territorial":21,"amenaza_cat":"Alta","longitud_km":9.4811616920840844,"Shape_Length":0.084674123928564132}},{"type":"Feature","id":389,"geometry":{"type":"LineString","coordinates":[[-75.869974113999945,4.8831487090000678],[-75.869840156999942,4.8842686590000426]]},"properties":{"OBJECTID":389,"administrador":2,"categoria":1,"codigo_tramo":"2507","nombre_ruta":"Troncal de Occidente","nombre_tramo":"Por Defnir","ruta":"25","superficie":3,"territorial":21,"amenaza_cat":"Alta","longitud_km":0.12479620304174417,"Shape_Length":0.001127932835009798}},{"type":"Feature","id":390,"geometry":{"type":"MultiLineString","coordinates":[[[-75.865603198999963,4.9221885000000611],[-75.861962589999962,4.9345541570000364]],[[-75.86628507599994,4.9203278640000576],[-75.865603198999963,4.9221885000000611]],[[-75.866331111999955,4.9202006050000477],[-75.86628507599994,4.9203278640000576]],[[-75.867140465999967,4.9180034220000266],[-75.866331111999955,4.9202006050000477]],[[-75.869705089999968,4.9131953270000395],[-75.867140465999967,4.9180034220000266]],[[-75.86988557899997,4.8896746960000428],[-75.869705089999968,4.9131953270000395]],[[-75.869801162999977,4.8889013810000392],[-75.86988557899997,4.8896746960000428]],[[-75.869840156999942,4.8842686590000426],[-75.869801162999977,4.8889013810000392]]]},"properties":{"OBJECTID":390,"administrador":2,"categoria":1,"codigo_tramo":"2507","nombre_ruta":"Troncal de Occidente","nombre_tramo":"Por Defnir","ruta":"25","superficie":3,"territorial":21,"amenaza_cat":"Alta","longitud_km":5.7606266190801216,"Shape_Length":0.051730365383279214}},{"type":"Feature","id":391,"geometry":{"type":"LineString","coordinates":[[-75.835164784999961,5.1152819740000268],[-75.821116207999978,5.1721879270000386],[-75.780788981999933,5.2200493180000649]]},"properties":{"OBJECTID":391,"administrador":1,"categoria":1,"codigo_tramo":"2507","nombre_ruta":"Troncal de Occidente","nombre_tramo":"Por Defnir","ruta":"25","superficie":3,"territorial":21,"amenaza_cat":"Alta","longitud_km":17.893645671372411,"Shape_Length":0.12120034222219171}},{"type":"Feature","id":392,"geometry":{"type":"LineString","coordinates":[[-75.836101117999988,5.1130106450000312],[-75.835164784999961,5.1152819740000268]]},"properties":{"OBJECTID":392,"administrador":1,"categoria":1,"codigo_tramo":"2507","nombre_ruta":"Troncal de Occidente","nombre_tramo":"Por Defnir","ruta":"25","superficie":3,"territorial":21,"amenaza_cat":"Alta","longitud_km":0.27921362704105662,"Shape_Length":0.0024567569910677908}},{"type":"Feature","id":393,"geometry":{"type":"MultiLineString","coordinates":[[[-75.604872210999986,4.7075434210000253],[-75.604225740999937,4.7084379770000737]],[[-75.604841036999971,4.7073874930000557],[-75.603858413999944,4.707930238000074]]]},"properties":{"OBJECTID":393,"administrador":2,"categoria":1,"codigo_tramo":"2901","nombre_ruta":"Troncal del Eje Cafetero","nombre_tramo":"Por Defnir","ruta":"29","superficie":3,"territorial":21,"amenaza_cat":"Alta","longitud_km":0.27213670307821686,"Shape_Length":0.0022262508037364393}},{"type":"Feature","id":394,"geometry":{"type":"MultiLineString","coordinates":[[[-75.664743754999961,4.7461016580000432],[-75.698911540999973,4.7822135600000593],[-75.694222814999989,4.8009539370000311]],[[-75.664743754999961,4.7461016580000432],[-75.664934670999969,4.745103026000038]],[[-75.664743754999961,4.7461016580000432],[-75.665303236999989,4.7453457480000338]],[[-75.665303236999989,4.7453457480000338],[-75.664934670999969,4.745103026000038]],[[-75.665405620999934,4.7452941370000303],[-75.665303236999989,4.7453457480000338]],[[-75.665434146999985,4.744832079000048],[-75.665405620999934,4.7452941370000303]],[[-75.664934670999969,4.745103026000038],[-75.664939109999978,4.7450414390000333]],[[-75.656886078999946,4.7394953430000442],[-75.664939109999978,4.7450414390000333]],[[-75.664939109999978,4.7450414390000333],[-75.665201027999956,4.7447732990000304]],[[-75.665201027999956,4.7447732990000304],[-75.665434146999985,4.744832079000048]],[[-75.65710155499994,4.7391864990000272],[-75.665201027999956,4.7447732990000304]],[[-75.65710155499994,4.7391864990000272],[-75.656886078999946,4.7394953430000442]],[[-75.655618024999967,4.7385844620000626],[-75.656886078999946,4.7394953430000442]],[[-75.655756476999954,4.7382263170000556],[-75.65710155499994,4.7391864990000272]],[[-75.614090547999979,4.711567518000038],[-75.655618024999967,4.7385844620000626]],[[-75.655756476999954,4.7382263170000556],[-75.655618024999967,4.7385844620000626]],[[-75.614428240999985,4.7112284990000717],[-75.655756476999954,4.7382263170000556]],[[-75.614428240999985,4.7112284990000717],[-75.614090547999979,4.711567518000038]],[[-75.603858413999944,4.707930238000074],[-75.614090547999979,4.711567518000038]],[[-75.604225740999937,4.7084379770000737],[-75.614428240999985,4.7112284990000717]]]},"properties":{"OBJECTID":394,"administrador":2,"categoria":1,"codigo_tramo":"2901","nombre_ruta":"Troncal del Eje Cafetero","nombre_tramo":"Por Defnir","ruta":"29","superficie":3,"territorial":21,"amenaza_cat":"Alta","longitud_km":27.990028925155979,"Shape_Length":0.21709981212676299}},{"type":"Feature","id":395,"geometry":{"type":"MultiLineString","coordinates":[[[-75.666258982999977,4.744946025000047],[-75.693593300999964,4.7496888000000581],[-75.715101999999945,4.7784951000000433],[-75.758662490999939,4.8003221280000616]],[[-75.666258982999977,4.744946025000047],[-75.665405620999934,4.7452941370000303]],[[-75.666258982999977,4.744946025000047],[-75.665434146999985,4.744832079000048]]]},"properties":{"OBJECTID":395,"administrador":2,"categoria":1,"codigo_tramo":"29RSD","nombre_ruta":"Troncal del Eje Cafetero","nombre_tramo":"Por Defnir","ruta":"29","superficie":3,"territorial":21,"amenaza_cat":"Alta","longitud_km":13.046129290039769,"Shape_Length":0.11417041985560111}},{"type":"Feature","id":396,"geometry":{"type":"MultiLineString","coordinates":[[[-75.899531192999973,4.7533234640000614],[-75.898781834999966,4.7577405130000443]],[[-75.899720292999973,4.753390520000039],[-75.898861085999954,4.7576946080000653]],[[-75.899531192999973,4.7533234640000614],[-75.899720292999973,4.753390520000039]],[[-75.89979604499996,4.753132876000052],[-75.899720292999973,4.753390520000039]],[[-75.899641218999989,4.7530735150000396],[-75.899531192999973,4.7533234640000614]],[[-75.89979604499996,4.753132876000052],[-75.899641218999989,4.7530735150000396]],[[-75.90137892499996,4.747952600000076],[-75.89979604499996,4.753132876000052]],[[-75.900993978999963,4.747860413000069],[-75.899641218999989,4.7530735150000396]],[[-75.90137892499996,4.747952600000076],[-75.900993978999963,4.747860413000069]],[[-75.902668582999979,4.745875088000048],[-75.90137892499996,4.747952600000076]],[[-75.902420314999972,4.7456086620000519],[-75.900993978999963,4.747860413000069]],[[-75.902668582999979,4.745875088000048],[-75.902420314999972,4.7456086620000519]],[[-75.902798014999973,4.7394549810000512],[-75.902668582999979,4.745875088000048]],[[-75.902339359999985,4.7395642520000365],[-75.902420314999972,4.7456086620000519]],[[-75.902339359999985,4.7395642520000365],[-75.902798014999973,4.7394549810000512]],[[-75.902332261999959,4.7391893060000712],[-75.902339359999985,4.7395642520000365]],[[-75.902798014999973,4.7394549810000512],[-75.902619808999987,4.7391388320000374]],[[-75.911787592999985,4.7325836350000259],[-75.902798014999973,4.7394549810000512]],[[-75.902332261999959,4.7391893060000712],[-75.902378366999983,4.7390011450000316]],[[-75.902532342999962,4.7391021360000423],[-75.902332261999959,4.7391893060000712]],[[-75.902619808999987,4.7391388320000374],[-75.902532342999962,4.7391021360000423]],[[-75.91188989699998,4.7322737780000352],[-75.902619808999987,4.7391388320000374]],[[-75.912275402999967,4.7324839610000708],[-75.911787592999985,4.7325836350000259]],[[-75.911787592999985,4.7325836350000259],[-75.91188989699998,4.7322737780000352]],[[-75.911957263999966,4.7322450100000424],[-75.912275402999967,4.7324839610000708]],[[-75.917003330999989,4.7213389440000242],[-75.912275402999967,4.7324839610000708]],[[-75.91188989699998,4.7322737780000352],[-75.911957263999966,4.7322450100000424]],[[-75.916684767999982,4.7211083320000284],[-75.911957263999966,4.7322450100000424]],[[-75.917003330999989,4.7213389440000242],[-75.916684767999982,4.7211083320000284]],[[-75.917178461999981,4.7210682060000408],[-75.917003330999989,4.7213389440000242]],[[-75.916841963999957,4.7208567980000566],[-75.916684767999982,4.7211083320000284]],[[-75.917178461999981,4.7210682060000408],[-75.916841963999957,4.7208567980000566]],[[-75.923529519999988,4.7051560980000318],[-75.917178461999981,4.7210682060000408]],[[-75.923201397999946,4.7048155240000256],[-75.916841963999957,4.7208567980000566]],[[-75.923529519999988,4.7051560980000318],[-75.923201397999946,4.7048155240000256]],[[-75.923865020999983,4.7044505260000733],[-75.923529519999988,4.7051560980000318]],[[-75.923516433999964,4.7044068020000509],[-75.923201397999946,4.7048155240000256]],[[-75.923865020999983,4.7044505260000733],[-75.923516433999964,4.7044068020000509]],[[-75.924045174999947,4.6913132730000484],[-75.923865020999983,4.7044505260000733]],[[-75.923709034999945,4.6912070060000701],[-75.923516433999964,4.7044068020000509]],[[-75.924045174999947,4.6913132730000484],[-75.923709034999945,4.6912070060000701]],[[-75.922061373999952,4.6478295690000664],[-75.924045174999947,4.6913132730000484]],[[-75.921952307999959,4.6479138210000315],[-75.923709034999945,4.6912070060000701]]]},"properties":{"OBJECTID":396,"administrador":6,"categoria":1,"codigo_tramo":"2506","nombre_ruta":"Troncal de Occidente","nombre_tramo":"Por Defnir","ruta":"25","superficie":3,"territorial":25,"amenaza_cat":"Alta","longitud_km":28.198306092151835,"Shape_Length":0.24045349485759185}},{"type":"Feature","id":397,"geometry":{"type":"MultiLineString","coordinates":[[[-75.988333590999957,4.5544996460000675],[-75.988202454999964,4.5546898280000505]],[[-75.990585238999984,4.5530467880000742],[-75.989431517999947,4.5532942170000297]],[[-75.990986672999952,4.5530991460000223],[-75.990907540999956,4.5530882460000726]],[[-76.004463230999988,4.5454968000000235],[-75.992779015999986,4.5528520870000762]],[[-75.993826077999984,4.5515932400000452],[-75.993342380999934,4.5521966670000324]],[[-75.994884264999939,4.5504012910000711],[-75.994660205999935,4.5505931560000477]],[[-76.004158344999951,4.5452217890000384],[-75.99588853299997,4.5498777930000642]],[[-76.004463230999988,4.5454968000000235],[-76.004158344999951,4.5452217890000384]],[[-76.009485488999985,4.5394482130000711],[-76.004463230999988,4.5454968000000235]],[[-76.009321134999936,4.5392401010000754],[-76.004158344999951,4.5452217890000384]],[[-76.009485488999985,4.5394482130000711],[-76.009321134999936,4.5392401010000754]],[[-76.018513506999966,4.5305705420000209],[-76.009485488999985,4.5394482130000711]],[[-76.01813760899995,4.5305483340000592],[-76.009321134999936,4.5392401010000754]],[[-76.018513506999966,4.5305705420000209],[-76.01813760899995,4.5305483340000592]],[[-76.018814834999944,4.5279895990000227],[-76.018513506999966,4.5305705420000209]],[[-76.018415382999933,4.5281068110000433],[-76.01813760899995,4.5305483340000592]],[[-76.019648683999947,4.5225164700000278],[-76.018415382999933,4.5281068110000433]],[[-76.018814834999944,4.5279895990000227],[-76.018415382999933,4.5281068110000433]],[[-76.020033996999985,4.5226669580000589],[-76.018814834999944,4.5279895990000227]],[[-76.020033996999985,4.5226669580000589],[-76.019648683999947,4.5225164700000278]],[[-76.019350577999944,4.5176012780000292],[-76.020033996999985,4.5226669580000589]],[[-76.018950165999968,4.5178498730000456],[-76.019648683999947,4.5225164700000278]],[[-76.017014864999965,4.5074633970000377],[-76.018950165999968,4.5178498730000456]],[[-76.019350577999944,4.5176012780000292],[-76.018950165999968,4.5178498730000456]],[[-76.017372964999936,4.5075481470000227],[-76.019350577999944,4.5176012780000292]],[[-76.017372964999936,4.5075481470000227],[-76.017014864999965,4.5074633970000377]],[[-76.028445717999944,4.4909295340000313],[-76.017372964999936,4.5075481470000227]],[[-76.028197048999971,4.4906253970000307],[-76.017014864999965,4.5074633970000377]],[[-76.028445717999944,4.4909295340000313],[-76.028344696999966,4.490449973000068]],[[-76.028692378999949,4.4907261890000427],[-76.028445717999944,4.4909295340000313]],[[-76.028344696999966,4.490449973000068],[-76.028692378999949,4.4907261890000427]],[[-76.030296711999938,4.486580985000046],[-76.028692378999949,4.4907261890000427]],[[-76.030166562999966,4.4865773340000601],[-76.028344696999966,4.490449973000068]]]},"properties":{"OBJECTID":397,"administrador":6,"categoria":1,"codigo_tramo":"2506","nombre_ruta":"Troncal de Occidente","nombre_tramo":"Por Defnir","ruta":"25","superficie":3,"territorial":25,"amenaza_cat":"Alta","longitud_km":19.241050046470292,"Shape_Length":0.16642641692708957}},{"type":"Feature","id":398,"geometry":{"type":"MultiLineString","coordinates":[[[-75.921408102999976,4.6378839460000449],[-75.921952307999959,4.6479138210000315]],[[-75.921787609999967,4.6378452260000245],[-75.922061373999952,4.6478295690000664]],[[-75.921208106999984,4.6372021660000655],[-75.921408102999976,4.6378839460000449]],[[-75.921787609999967,4.6378452260000245],[-75.921408102999976,4.6378839460000449]],[[-75.921787609999967,4.6378452260000245],[-75.921897612999942,4.6372168620000593]],[[-75.921897612999942,4.6372168620000593],[-75.921208106999984,4.6372021660000655]],[[-75.921897612999942,4.6372168620000593],[-75.945955119999951,4.6172652550000635]],[[-75.945746093999958,4.6169022080000559],[-75.921208106999984,4.6372021660000655]],[[-75.945955119999951,4.6172652550000635],[-75.945746093999958,4.6169022080000559]],[[-75.946375093999961,4.6172058080000511],[-75.945955119999951,4.6172652550000635]],[[-75.946375093999961,4.6172058080000511],[-75.946426805999977,4.6167934770000443]],[[-75.970831466999982,4.5837288700000727],[-75.946375093999961,4.6172058080000511]],[[-75.946426805999977,4.6167934770000443],[-75.945746093999958,4.6169022080000559]],[[-75.970401741999979,4.583635690000051],[-75.946426805999977,4.6167934770000443]],[[-75.970831466999982,4.5837288700000727],[-75.970401741999979,4.583635690000051]],[[-75.970857964999936,4.5836241800000721],[-75.970831466999982,4.5837288700000727]],[[-75.970401741999979,4.583635690000051],[-75.970454647999986,4.5834808510000471]],[[-75.970454647999986,4.5834808510000471],[-75.970857964999936,4.5836241800000721]],[[-75.976683892999972,4.571524924000073],[-75.970857964999936,4.5836241800000721]],[[-75.976213812999958,4.5714984580000646],[-75.970454647999986,4.5834808510000471]],[[-75.976213812999958,4.5714984580000646],[-75.976683892999972,4.571524924000073]],[[-75.976683892999972,4.571524924000073],[-75.976667164999981,4.57146491900005]],[[-75.976254912999934,4.5714107740000713],[-75.976213812999958,4.5714984580000646]],[[-75.976254912999934,4.5714107740000713],[-75.976667164999981,4.57146491900005]],[[-75.986806942999976,4.5569154470000512],[-75.976667164999981,4.57146491900005]],[[-75.986516907999942,4.5568412360000252],[-75.976254912999934,4.5714107740000713]],[[-75.986806942999976,4.5569154470000512],[-75.986516907999942,4.5568412360000252]],[[-75.988202454999964,4.5546898280000505],[-75.986806942999976,4.5569154470000512]],[[-75.993342380999934,4.5521966670000324],[-75.986516907999942,4.5568412360000252]],[[-75.989431517999947,4.5532942170000297],[-75.988333590999957,4.5544996460000675]],[[-75.992779015999986,4.5528520870000762],[-75.990986672999952,4.5530991460000223]],[[-75.990907540999956,4.5530882460000726],[-75.990585238999984,4.5530467880000742]],[[-75.994660205999935,4.5505931560000477],[-75.993826077999984,4.5515932400000452]],[[-75.99588853299997,4.5498777930000642],[-75.994884264999939,4.5504012910000711]]]},"properties":{"OBJECTID":398,"administrador":6,"categoria":1,"codigo_tramo":"2506","nombre_ruta":"Troncal de Occidente","nombre_tramo":"Por Defnir","ruta":"25","superficie":3,"territorial":25,"amenaza_cat":"Alta","longitud_km":29.453214262523218,"Shape_Length":0.25172237901746836}},{"type":"Feature","id":399,"geometry":{"type":"MultiLineString","coordinates":[[[-75.643014557999948,4.586502805000066],[-75.642632510999988,4.5884770180000487]],[[-75.643241751999938,4.5830834540000751],[-75.643014557999948,4.586502805000066]],[[-75.643439070999989,4.582057806000023],[-75.643241751999938,4.5830834540000751]],[[-75.643439070999989,4.582057806000023],[-75.642503946999966,4.5828966000000264]],[[-75.64439198599996,4.5782910390000211],[-75.643439070999989,4.582057806000023]],[[-75.644664903999967,4.5783249890000661],[-75.64368228099994,4.5813965930000222]],[[-75.644664903999967,4.5783249890000661],[-75.64439198599996,4.5782910390000211]],[[-75.644939612999963,4.5765664320000496],[-75.644664903999967,4.5783249890000661]],[[-75.644841568999936,4.5765664320000496],[-75.64439198599996,4.5782910390000211]]]},"properties":{"OBJECTID":399,"administrador":2,"categoria":1,"codigo_tramo":"2901","nombre_ruta":"Troncal del Eje Cafetero","nombre_tramo":"Por Defnir","ruta":"29","superficie":3,"territorial":20,"amenaza_cat":"Alta","longitud_km":2.1355287523125255,"Shape_Length":0.018685915177798176}},{"type":"Feature","id":400,"geometry":{"type":"MultiLineString","coordinates":[[[-75.600888849999933,4.6759259400000701],[-75.602209665999965,4.6771003880000421]],[[-75.601153783999962,4.6757613440000227],[-75.602280974999985,4.6770195730000523]],[[-75.600888849999933,4.6759259400000701],[-75.601153783999962,4.6757613440000227]],[[-75.599970215999974,4.6571474700000408],[-75.600888849999933,4.6759259400000701]],[[-75.600668692999989,4.6572123980000697],[-75.601153783999962,4.6757613440000227]],[[-75.599970215999974,4.6571474700000408],[-75.600668692999989,4.6572123980000697]],[[-75.601387672999977,4.6567119580000735],[-75.600668692999989,4.6572123980000697]],[[-75.599952946999963,4.6571341310000207],[-75.599970215999974,4.6571474700000408]],[[-75.600662749999969,4.6567741420000743],[-75.599970215999974,4.6571474700000408]],[[-75.600662749999969,4.6567741420000743],[-75.600644153999951,4.6567770180000707]],[[-75.601175187999957,4.6564029280000341],[-75.600662749999969,4.6567741420000743]],[[-75.601387672999977,4.6567119580000735],[-75.601175187999957,4.6564029280000341]],[[-75.61074933499998,4.6384478790000685],[-75.601387672999977,4.6567119580000735]],[[-75.610620288999939,4.6384822300000224],[-75.601175187999957,4.6564029280000341]],[[-75.612293523999938,4.6372145810000234],[-75.611933016999956,4.6374698430000763]],[[-75.612293523999938,4.6372145810000234],[-75.612156668999944,4.637250424000058]],[[-75.612939640999969,4.6366091490000372],[-75.612293523999938,4.6372145810000234]],[[-75.612939640999969,4.6366091490000372],[-75.612965884999937,4.636446582000076]],[[-75.613384931999974,4.6359650510000279],[-75.612939640999969,4.6366091490000372]],[[-75.615952161999985,4.6316857230000323],[-75.615440583999941,4.6329233000000727]],[[-75.617176282999935,4.6289554740000654],[-75.616815328999962,4.629637272000025]],[[-75.618579014999966,4.6265435420000358],[-75.618422346999978,4.626740921000021]],[[-75.635370021999961,4.6077268660000641],[-75.618740438999964,4.6263692600000468]],[[-75.639773912999942,4.5979892760000212],[-75.638336936999963,4.5988559780000742]],[[-75.639136415999985,4.5980098580000686],[-75.637871605999976,4.5986678530000518]],[[-75.639972839999984,4.5979076320000445],[-75.639898083999981,4.5979455660000212]],[[-75.640695852999954,4.5968559340000752],[-75.640465997999968,4.5973686660000226]],[[-75.641238385999941,4.5936391810000714],[-75.640888498999971,4.596440775000076]],[[-75.640817596999966,4.593759230000046],[-75.640892396999959,4.5961660010000287]],[[-75.641688598999963,4.5901197170000501],[-75.640817596999966,4.593759230000046]],[[-75.641238385999941,4.5936391810000714],[-75.640817596999966,4.593759230000046]],[[-75.643162618999952,4.5866970980000588],[-75.641238385999941,4.5936391810000714]],[[-75.642632510999988,4.5884770180000487],[-75.642554381999958,4.5886305770000604]],[[-75.643292420999956,4.5832394350000527],[-75.643162618999952,4.5866970980000588]],[[-75.643315381999969,4.5831335800000375],[-75.643292420999956,4.5832394350000527]],[[-75.64368228099994,4.5813965930000222],[-75.643315381999969,4.5831335800000375]]]},"properties":{"OBJECTID":400,"administrador":2,"categoria":1,"codigo_tramo":"2901","nombre_ruta":"Troncal del Eje Cafetero","nombre_tramo":"Por Defnir","ruta":"29","superficie":3,"territorial":20,"amenaza_cat":"Alta","longitud_km":17.509669803425496,"Shape_Length":0.14095964220980106}},{"type":"Feature","id":401,"geometry":{"type":"MultiLineString","coordinates":[[[-75.605693344999963,4.7076379290000432],[-75.604872210999986,4.7075434210000253]],[[-75.605693344999963,4.7076379290000432],[-75.605414070999984,4.7073122220000414]],[[-75.60721046499998,4.690420639000024],[-75.605693344999963,4.7076379290000432]],[[-75.605414070999984,4.7073122220000414],[-75.604841036999971,4.7073874930000557]],[[-75.606811294999943,4.6904400900000383],[-75.605414070999984,4.7073122220000414]],[[-75.60721046499998,4.690420639000024],[-75.606811294999943,4.6904400900000383]],[[-75.606596596999964,4.6878903430000491],[-75.606811294999943,4.6904400900000383]],[[-75.606977984999958,4.6878177260000484],[-75.60721046499998,4.690420639000024]],[[-75.602209665999965,4.6771003880000421],[-75.606596596999964,4.6878903430000491]],[[-75.606977984999958,4.6878177260000484],[-75.606596596999964,4.6878903430000491]],[[-75.602280974999985,4.6770195730000523],[-75.606977984999958,4.6878177260000484]]]},"properties":{"OBJECTID":401,"administrador":2,"categoria":1,"codigo_tramo":"2901","nombre_ruta":"Troncal del Eje Cafetero","nombre_tramo":"Por Defnir","ruta":"29","superficie":3,"territorial":20,"amenaza_cat":"Alta","longitud_km":9.1178234825577515,"Shape_Length":0.065430529264787873}},{"type":"Feature","id":402,"geometry":{"type":"MultiLineString","coordinates":[[[-75.600644153999951,4.6567770180000707],[-75.599952946999963,4.6571341310000207]],[[-75.611969395999949,4.6369694950000735],[-75.610620288999939,4.6384822300000224]],[[-75.611933016999956,4.6374698430000763],[-75.61074933499998,4.6384478790000685]],[[-75.612156668999944,4.637250424000058],[-75.611969395999949,4.6369694950000735]],[[-75.612629014999982,4.6363390150000328],[-75.611969395999949,4.6369694950000735]],[[-75.612965884999937,4.636446582000076],[-75.612629014999982,4.6363390150000328]],[[-75.637843227999952,4.5987080500000275],[-75.612629014999982,4.6363390150000328]],[[-75.615440583999941,4.6329233000000727],[-75.613384931999974,4.6359650510000279]],[[-75.616815328999962,4.629637272000025],[-75.615952161999985,4.6316857230000323]],[[-75.618422346999978,4.626740921000021],[-75.617176282999935,4.6289554740000654]],[[-75.618740438999964,4.6263692600000468],[-75.618579014999966,4.6265435420000358]],[[-75.638246618999972,4.5989599760000601],[-75.635370021999961,4.6077268660000641]],[[-75.638246618999972,4.5989599760000601],[-75.637843227999952,4.5987080500000275]],[[-75.638336936999963,4.5988559780000742],[-75.638246618999972,4.5989599760000601]],[[-75.637871605999976,4.5986678530000518],[-75.637843227999952,4.5987080500000275]],[[-75.640892396999959,4.5961660010000287],[-75.639136415999985,4.5980098580000686]],[[-75.639898083999981,4.5979455660000212],[-75.639773912999942,4.5979892760000212]],[[-75.640465997999968,4.5973686660000226],[-75.639972839999984,4.5979076320000445]],[[-75.640888498999971,4.596440775000076],[-75.640695852999954,4.5968559340000752]],[[-75.642554381999958,4.5886305770000604],[-75.641688598999963,4.5901197170000501]]]},"properties":{"OBJECTID":402,"administrador":2,"categoria":1,"codigo_tramo":"2901","nombre_ruta":"Troncal del Eje Cafetero","nombre_tramo":"Por Defnir","ruta":"29","superficie":3,"territorial":20,"amenaza_cat":"Alta","longitud_km":8.8208045724900437,"Shape_Length":0.075392082712699746}},{"type":"Feature","id":403,"geometry":{"type":"MultiLineString","coordinates":[[[-75.593298306999941,5.0183930690000693],[-75.606760311999949,5.0581499870000357]],[[-75.593255409999983,5.0183387900000298],[-75.593298306999941,5.0183930690000693]],[[-75.593298306999941,5.0183930690000693],[-75.593056831999945,5.0169840340000746]],[[-75.593192660999989,5.018123532000061],[-75.593255409999983,5.0183387900000298]],[[-75.592651873999955,5.0163567890000422],[-75.593192660999989,5.018123532000061]],[[-75.593056831999945,5.0169840340000746],[-75.592994222999948,5.0162916380000411]],[[-75.592771969999944,5.0155247260000237],[-75.592651873999955,5.0163567890000422]],[[-75.592994222999948,5.0162916380000411],[-75.592651873999955,5.0163567890000422]],[[-75.592994222999948,5.0162916380000411],[-75.593111183999952,5.0156542280000735]],[[-75.593111183999952,5.0156542280000735],[-75.592771969999944,5.0155247260000237]],[[-75.593111183999952,5.0156542280000735],[-75.595920919999969,5.00391412700003]],[[-75.595920919999969,5.00391412700003],[-75.592771969999944,5.0155247260000237]],[[-75.59678219999995,4.9983998360000328],[-75.595920919999969,5.00391412700003]],[[-75.595920919999969,5.00391412700003],[-75.59713409699998,4.999600570000041]],[[-75.597137971999985,4.999595404000047],[-75.597244640999975,4.9994511640000496]]]},"properties":{"OBJECTID":403,"administrador":2,"categoria":1,"codigo_tramo":"29CL03","nombre_ruta":"Troncal del Eje Cafetero","nombre_tramo":"Por Defnir","ruta":"29","superficie":3,"territorial":5,"amenaza_cat":"Alta","longitud_km":10.274563341179384,"Shape_Length":0.082783576039383133}},{"type":"Feature","id":404,"geometry":{"type":"MultiLineString","coordinates":[[[-75.59713409699998,4.999600570000041],[-75.597137971999985,4.999595404000047]],[[-75.597244640999975,4.9994511640000496],[-75.597929103999945,4.9976484090000213]],[[-75.597929103999945,4.9976484090000213],[-75.59678219999995,4.9983998360000328]],[[-75.598041866999949,4.996709451000072],[-75.597929103999945,4.9976484090000213]],[[-75.597929103999945,4.9976484090000213],[-75.599020205999977,4.996969368000066]],[[-75.598041866999949,4.996709451000072],[-75.598358039999937,4.9973709590000226]],[[-75.598683839999978,4.9957170300000371],[-75.599020205999977,4.996969368000066]],[[-75.601072870999985,4.9962673030000246],[-75.599020205999977,4.996969368000066]],[[-75.599020205999977,4.996969368000066],[-75.599021880999942,4.9969690200000514]],[[-75.598040879999985,4.9967119800000432],[-75.598041866999949,4.996709451000072]],[[-75.598041866999949,4.996709451000072],[-75.602004870999963,4.9952906480000365]],[[-75.601146810999978,4.9962291070000333],[-75.601072870999985,4.9962673030000246]],[[-75.600411119999933,4.9960829700000318],[-75.601146810999978,4.9962291070000333]],[[-75.601516817999936,4.9959347190000472],[-75.601146810999978,4.9962291070000333]],[[-75.600411119999933,4.9960829700000318],[-75.601516817999936,4.9959347190000472]],[[-75.59870904099995,4.9957020010000406],[-75.600411119999933,4.9960829700000318]],[[-75.602004870999963,4.9952906480000365],[-75.601516817999936,4.9959347190000472]],[[-75.602535159999945,4.9945027370000616],[-75.602004870999963,4.9952906480000365]],[[-75.602777252999942,4.9941647600000465],[-75.602535159999945,4.9945027370000616]]]},"properties":{"OBJECTID":404,"administrador":2,"categoria":1,"codigo_tramo":"29CL03","nombre_ruta":"Troncal del Eje Cafetero","nombre_tramo":"Por Defnir","ruta":"29","superficie":3,"territorial":5,"amenaza_cat":"Alta","longitud_km":2.4468533759328581,"Shape_Length":0.020289316725520017}},{"type":"Feature","id":405,"geometry":{"type":"MultiLineString","coordinates":[[[-75.653904345999933,4.8589443930000584],[-75.638664677999941,4.8583889060000729]],[[-75.653904345999933,4.8589443930000584],[-75.653461559999982,4.858379856000056]],[[-75.653925590999961,4.8588828230000445],[-75.653904345999933,4.8589443930000584]],[[-75.653925590999961,4.8588828230000445],[-75.653904345999933,4.8589443930000584]],[[-75.65354211999994,4.8583713500000272],[-75.653925590999961,4.8588828230000445]],[[-75.654121334999957,4.8584269940000695],[-75.653925590999961,4.8588828230000445]],[[-75.654276005999975,4.8579869280000594],[-75.654121334999957,4.8584269940000695]],[[-75.656974177999984,4.8536205230000746],[-75.654121334999957,4.8584269940000695]],[[-75.653461559999982,4.858379856000056],[-75.65354211999994,4.8583713500000272]],[[-75.638664677999941,4.8583889060000729],[-75.638616875999958,4.8583801050000375]],[[-75.65690738699999,4.8535837480000623],[-75.654276005999975,4.8579869280000594]],[[-75.657287767999946,4.8534630980000202],[-75.656974177999984,4.8536205230000746]],[[-75.656843999999978,4.8532089600000745],[-75.657034220999947,4.8533522550000612]],[[-75.657329640999933,4.8529709030000276],[-75.657287767999946,4.8534630980000202]],[[-75.657287767999946,4.8534630980000202],[-75.657112239999947,4.8533682090000525]],[[-75.657112239999947,4.8533682090000525],[-75.65704677399998,4.8533293440000307]],[[-75.65704677399998,4.8533293440000307],[-75.656843999999978,4.8532089600000745]],[[-75.656843999999978,4.8532089600000745],[-75.657081515999948,4.8532659350000245]]]},"properties":{"OBJECTID":405,"administrador":2,"categoria":1,"codigo_tramo":"2902","nombre_ruta":"Troncal del Eje Cafetero","nombre_tramo":"Por Defnir","ruta":"29","superficie":3,"territorial":21,"amenaza_cat":"Alta","longitud_km":5.0321261073389323,"Shape_Length":0.030386576735114475}},{"type":"Feature","id":406,"geometry":{"type":"MultiLineString","coordinates":[[[-75.626580763999982,4.9111473270000374],[-75.617560333999961,4.9369187970000326]],[[-75.626692659999946,4.9104128900000319],[-75.626580763999982,4.9111473270000374]],[[-75.62679153199997,4.9107063640000206],[-75.626580763999982,4.9111473270000374]],[[-75.626692659999946,4.9104128900000319],[-75.62679153199997,4.9107063640000206]],[[-75.626868877999982,4.910356322000041],[-75.62679153199997,4.9107063640000206]],[[-75.626066669999943,4.907367109000063],[-75.626692659999946,4.9104128900000319]],[[-75.626484889999972,4.9072548840000536],[-75.626868877999982,4.910356322000041]],[[-75.625979896999979,4.9068892170000709],[-75.626066669999943,4.907367109000063]],[[-75.626484889999972,4.9072548840000536],[-75.626066669999943,4.907367109000063]],[[-75.626185653999983,4.9068817900000568],[-75.626484889999972,4.9072548840000536]],[[-75.626185653999983,4.9068817900000568],[-75.625979896999979,4.9068892170000709]],[[-75.627115919999937,4.8920599800000559],[-75.625979896999979,4.9068892170000709]],[[-75.627231373999962,4.8920570920000728],[-75.626185653999983,4.9068817900000568]],[[-75.627031159999945,4.8904363520000516],[-75.627115919999937,4.8920599800000559]],[[-75.62744313799999,4.8904819470000689],[-75.627223826999966,4.8906120820000751]],[[-75.627223826999966,4.8906120820000751],[-75.627031159999945,4.8904363520000516]],[[-75.627443824999943,4.8904810420000331],[-75.62744313799999,4.8904819470000689]],[[-75.627001112999949,4.8901991360000352],[-75.627031159999945,4.8904363520000516]],[[-75.627493683999944,4.8901972290000231],[-75.627494015999957,4.8901983080000377]],[[-75.626900012999954,4.8894860540000309],[-75.627001112999949,4.8901991360000352]],[[-75.62716091599998,4.8899882940000339],[-75.627001112999949,4.8901991360000352]],[[-75.627392360999977,4.8900189810000256],[-75.627493683999944,4.8901972290000231]],[[-75.627198558999964,4.8899777390000736],[-75.627392360999977,4.8900189810000256]],[[-75.626900012999954,4.8894860540000309],[-75.62716091599998,4.8899882940000339]],[[-75.62716091599998,4.8899882940000339],[-75.627198558999964,4.8899777390000736]],[[-75.627754919999973,4.8889870200000587],[-75.627198558999964,4.8899777390000736]],[[-75.625006678999966,4.8790036980000764],[-75.626900012999954,4.8894860540000309]],[[-75.623996256999988,4.8665267780000363],[-75.625006678999966,4.8790036980000764]],[[-75.623996256999988,4.8665267780000363],[-75.625006678999966,4.8790036980000764]],[[-75.632858967999937,4.8633951000000479],[-75.623996256999988,4.8665267780000363]],[[-75.63331816699997,4.8628844450000202],[-75.632858967999937,4.8633951000000479]],[[-75.63331816699997,4.8628844450000202],[-75.632933804999936,4.8627081610000573]],[[-75.633575665999956,4.8626037160000237],[-75.63331816699997,4.8628844450000202]],[[-75.633887496999989,4.8622740600000611],[-75.633575665999956,4.8626037160000237]],[[-75.638616875999958,4.8583801050000375],[-75.633887496999989,4.8622740600000611]]]},"properties":{"OBJECTID":406,"administrador":2,"categoria":1,"codigo_tramo":"2902","nombre_ruta":"Troncal del Eje Cafetero","nombre_tramo":"Por Defnir","ruta":"29","superficie":3,"territorial":21,"amenaza_cat":"Alta","longitud_km":15.782781328264914,"Shape_Length":0.12544600256438049}},{"type":"Feature","id":407,"geometry":{"type":"MultiLineString","coordinates":[[[-75.627223826999966,4.8906120820000751],[-75.627115919999937,4.8920599800000559]],[[-75.62744313799999,4.8904819470000689],[-75.627231373999962,4.8920570920000728]],[[-75.627392360999977,4.8900189810000256],[-75.627223826999966,4.8906120820000751]],[[-75.627493683999944,4.8901972290000231],[-75.62744313799999,4.8904819470000689]],[[-75.633479716999943,4.8785847360000503],[-75.627493683999944,4.8901972290000231]],[[-75.633156829999962,4.8783381200000235],[-75.627392360999977,4.8900189810000256]],[[-75.633479716999943,4.8785847360000503],[-75.633156829999962,4.8783381200000235]],[[-75.633914040999969,4.8779740370000582],[-75.633479716999943,4.8785847360000503]],[[-75.633156829999962,4.8783381200000235],[-75.633151733999966,4.878342529000065]],[[-75.633475800999975,4.8778715140000486],[-75.633156829999962,4.8783381200000235]],[[-75.633914040999969,4.8779740370000582],[-75.633475800999975,4.8778715140000486]],[[-75.633887496999989,4.8622740600000611],[-75.633914040999969,4.8779740370000582]],[[-75.633475800999975,4.8778715140000486],[-75.633476126999938,4.8778680720000693]],[[-75.633575665999956,4.8626037160000237],[-75.633475800999975,4.8778715140000486]],[[-75.633890531999953,4.8622680080000578],[-75.633887496999989,4.8622740600000611]]]},"properties":{"OBJECTID":407,"administrador":2,"categoria":1,"codigo_tramo":"29RS02","nombre_ruta":"Troncal del Eje Cafetero","nombre_tramo":"Por Defnir","ruta":"29","superficie":3,"territorial":21,"amenaza_cat":"Alta","longitud_km":7.3197341503002189,"Shape_Length":0.063193403425015074}},{"type":"Feature","id":408,"geometry":{"type":"MultiLineString","coordinates":[[[-73.185123621999935,7.103325749000021],[-73.184540700999946,7.0804079580000234]],[[-73.185241043999952,7.1032089050000309],[-73.184852070999966,7.0802904870000702]],[[-73.168743693999943,7.082936701000051],[-73.159126508999975,7.0848986500000706]],[[-73.168670346999988,7.0829069610000488],[-73.159086512999977,7.0845931580000752]],[[-73.159126508999975,7.0848986500000706],[-73.15836987299997,7.0848518060000742]],[[-73.159126508999975,7.0848986500000706],[-73.159086512999977,7.0845931580000752]],[[-73.15836987299997,7.0848518060000742],[-73.157962960999953,7.084710507000068]],[[-73.15836987299997,7.0848518060000742],[-73.158554828999968,7.0845503540000436]],[[-73.159086512999977,7.0845931580000752],[-73.158554828999968,7.0845503540000436]],[[-73.158554828999968,7.0845503540000436],[-73.158043063999969,7.0845093330000282]],[[-73.169277376999958,7.0823874080000451],[-73.168743693999943,7.082936701000051]],[[-73.169174799999951,7.0823259070000404],[-73.168670346999988,7.0829069610000488]],[[-73.169399966999947,7.0822509830000513],[-73.169277376999958,7.0823874080000451]],[[-73.169309114999976,7.0821705630000338],[-73.169174799999951,7.0823259070000404]],[[-73.169472202999941,7.0821740650000606],[-73.169399966999947,7.0822509830000513]],[[-73.169619433999969,7.0820178810000698],[-73.169472202999941,7.0821740650000606]],[[-73.169377499999939,7.0820901760000652],[-73.169309114999976,7.0821705630000338]],[[-73.169513798999958,7.0819267520000722],[-73.169377499999939,7.0820901760000652]],[[-73.170145910999963,7.0814274180000325],[-73.169619433999969,7.0820178810000698]],[[-73.170040299999982,7.0813837440000498],[-73.169513798999958,7.0819267520000722]],[[-73.174162226999954,7.0706385380000256],[-73.170145910999963,7.0814274180000325]],[[-73.174261219999948,7.0703177890000575],[-73.170040299999982,7.0813837440000498]],[[-73.184540700999946,7.0804079580000234],[-73.184204191999982,7.0798553710000647]],[[-73.184852070999966,7.0802904870000702],[-73.184540700999946,7.0804079580000234]],[[-73.184852070999966,7.0802904870000702],[-73.184465832999933,7.0796783340000502]],[[-73.184465832999933,7.0796783340000502],[-73.184204191999982,7.0798553710000647]],[[-73.184204191999982,7.0798553710000647],[-73.174620374999961,7.0710397180000655]],[[-73.184465832999933,7.0796783340000502],[-73.174819997999975,7.0708370750000427]],[[-73.174620374999961,7.0710397180000655],[-73.174162226999954,7.0706385380000256]],[[-73.174819997999975,7.0708370750000427],[-73.174620374999961,7.0710397180000655]],[[-73.174819997999975,7.0708370750000427],[-73.174261219999948,7.0703177890000575]],[[-73.174261219999948,7.0703177890000575],[-73.174162226999954,7.0706385380000256]]]},"properties":{"OBJECTID":408,"administrador":6,"categoria":1,"codigo_tramo":"6602","nombre_ruta":"Transversal Tribuga - Arauca","nombre_tramo":"Por Defnir","ruta":"66","superficie":3,"territorial":22,"amenaza_cat":"Alta","longitud_km":16.886408294430506,"Shape_Length":0.12587438532345666}},{"type":"Feature","id":409,"geometry":{"type":"MultiLineString","coordinates":[[[-73.214718127999959,7.1118372270000236],[-73.194604488999971,7.1044288320000533]],[[-73.214718127999959,7.1118372270000236],[-73.214487436999946,7.1115158480000673]],[[-73.215406050999945,7.1115018980000286],[-73.214718127999959,7.1118372270000236]],[[-73.219594685999937,7.1117951040000662],[-73.217874086999984,7.1112754910000717]],[[-73.214487436999946,7.1115158480000673],[-73.194824192999988,7.1041525120000415]],[[-73.215406050999945,7.1115018980000286],[-73.215168597999934,7.1112324200000216]],[[-73.215168597999934,7.1112324200000216],[-73.214487436999946,7.1115158480000673]],[[-73.217874086999984,7.1112754910000717],[-73.215406050999945,7.1115018980000286]],[[-73.217874086999984,7.1112754910000717],[-73.215168597999934,7.1112324200000216]],[[-73.194039788999987,7.1044101650000471],[-73.190619324999943,7.1041885110000749]],[[-73.193813348999981,7.1041242560000342],[-73.19080945099995,7.1038212220000219]],[[-73.194604488999971,7.1044288320000533],[-73.194039788999987,7.1044101650000471]],[[-73.194824192999988,7.1041525120000415],[-73.194604488999971,7.1044288320000533]],[[-73.193813348999981,7.1041242560000342],[-73.194039788999987,7.1044101650000471]],[[-73.190619324999943,7.1041885110000749],[-73.189984558999981,7.103928450000069]],[[-73.19080945099995,7.1038212220000219],[-73.190619324999943,7.1041885110000749]],[[-73.194824192999988,7.1041525120000415],[-73.193813348999981,7.1041242560000342]],[[-73.189984558999981,7.103928450000069],[-73.187229768999941,7.1032596880000369]],[[-73.190283287999989,7.1035876430000258],[-73.189984558999981,7.103928450000069]],[[-73.19080945099995,7.1038212220000219],[-73.190283287999989,7.1035876430000258]],[[-73.190283287999989,7.1035876430000258],[-73.187548198999934,7.1031357460000208]],[[-73.185851783999965,7.1032727720000253],[-73.185123621999935,7.103325749000021]],[[-73.186347291999937,7.1032702790000712],[-73.185851783999965,7.1032727720000253]],[[-73.187229768999941,7.1032596880000369],[-73.186347291999937,7.1032702790000712]],[[-73.186339343999975,7.1031430510000746],[-73.185241043999952,7.1032089050000309]],[[-73.186431245999984,7.1031430510000746],[-73.186339343999975,7.1031430510000746]],[[-73.187548198999934,7.1031357460000208],[-73.186431245999984,7.1031430510000746]]]},"properties":{"OBJECTID":409,"administrador":6,"categoria":1,"codigo_tramo":"6602","nombre_ruta":"Transversal Tribuga - Arauca","nombre_tramo":"Por Defnir","ruta":"66","superficie":3,"territorial":22,"amenaza_cat":"Alta","longitud_km":8.8966660212036022,"Shape_Length":0.072564218365225683}},{"type":"Feature","id":410,"geometry":{"type":"LineString","coordinates":[[-75.842735906999962,4.803792488000056],[-75.841917605999981,4.8248771500000203],[-75.867149674999951,4.8528921210000249],[-75.869974113999945,4.8831487090000678]]},"properties":{"OBJECTID":410,"administrador":6,"categoria":1,"codigo_tramo":"2507","nombre_ruta":"Troncal de Occidente","nombre_tramo":"Por Defnir","ruta":"25","superficie":3,"territorial":21,"amenaza_cat":"Alta","longitud_km":10.226719928616095,"Shape_Length":0.089191398118941528}},{"type":"Feature","id":411,"geometry":{"type":"MultiLineString","coordinates":[[[-75.842442701999971,4.80246648800005],[-75.842735906999962,4.803792488000056]],[[-75.842451165999989,4.8022449540000594],[-75.842442701999971,4.80246648800005]],[[-75.842451165999989,4.8022449540000594],[-75.842126633999953,4.8011157380000213]],[[-75.842451165999989,4.8022449540000594],[-75.843457220999937,4.8000867550000521]],[[-75.841779378999945,4.8009156180000332],[-75.839658198999985,4.8020206180000287]],[[-75.842126633999953,4.8011157380000213],[-75.841863470999954,4.8009426940000708]],[[-75.841863470999954,4.8009426940000708],[-75.841779378999945,4.8009156180000332]]]},"properties":{"OBJECTID":411,"administrador":1,"categoria":1,"codigo_tramo":"2507","nombre_ruta":"Troncal de Occidente","nombre_tramo":"Por Defnir","ruta":"25","superficie":3,"territorial":21,"amenaza_cat":"Alta","longitud_km":0.94024258167764097,"Shape_Length":0.0079308649234806142}},{"type":"Feature","id":412,"geometry":{"type":"MultiLineString","coordinates":[[[-76.147712714999955,4.2202417600000217],[-76.145867797999983,4.2221353760000397]],[[-76.147712714999955,4.2202417600000217],[-76.14642817899994,4.2202118350000433]],[[-76.15517032799994,4.2016991620000681],[-76.147712714999955,4.2202417600000217]],[[-76.14642817899994,4.2202118350000433],[-76.146083595999983,4.2200414470000283]],[[-76.146083595999983,4.2200414470000283],[-76.146399589999987,4.2194915890000289]],[[-76.15517032799994,4.2016991620000681],[-76.154329023999935,4.1999779110000759]],[[-76.154857928999945,4.1987949260000619],[-76.15517032799994,4.2016991620000681]],[[-76.154082609999989,4.199863419000053],[-76.153795023999976,4.2008715270000607]],[[-76.154329023999935,4.1999779110000759],[-76.154082609999989,4.199863419000053]]]},"properties":{"OBJECTID":412,"administrador":3,"categoria":1,"codigo_tramo":"25VLG","nombre_ruta":"Alternas a la Troncal de Occidente","nombre_tramo":"Por Defnir","ruta":"25","superficie":3,"territorial":25,"amenaza_cat":"Alta","longitud_km":3.7672717617225917,"Shape_Length":0.031090224959614138}},{"type":"Feature","id":413,"geometry":{"type":"MultiLineString","coordinates":[[[-77.080027708999978,3.8907845900000666],[-77.078858903999958,3.8903162570000518]],[[-77.078858903999958,3.8903162570000518],[-77.07761574899996,3.8896972030000256]],[[-77.078858903999958,3.8903162570000518],[-77.07761574899996,3.8896972030000256]],[[-77.07536847199998,3.8892046200000436],[-77.073532253999986,3.8883934330000329]],[[-77.07761574899996,3.8896972030000256],[-77.07536847199998,3.8892046200000436]],[[-77.07536847199998,3.8892046200000436],[-77.073693085999935,3.88807096000005]],[[-77.073386397999968,3.8880745340000544],[-77.073532253999986,3.8883934330000329]],[[-77.073693085999935,3.88807096000005],[-77.073532253999986,3.8883934330000329]],[[-77.073386397999968,3.8880745340000544],[-77.073555542999941,3.887958936000075]],[[-77.069062775999953,3.8848792100000651],[-77.073386397999968,3.8880745340000544]],[[-77.073693085999935,3.88807096000005],[-77.073555542999941,3.887958936000075]],[[-77.073555542999941,3.887958936000075],[-77.069168891999936,3.8847034400000666]],[[-77.044096005999961,3.8821636350000404],[-77.069062775999953,3.8848792100000651]],[[-77.069168891999936,3.8847034400000666],[-77.069062775999953,3.8848792100000651]],[[-77.069168891999936,3.8847034400000666],[-77.045776005999983,3.8823482500000637]],[[-76.997168737999971,3.8719792310000685],[-77.043635470999959,3.8820783830000209]],[[-77.045776005999983,3.8823482500000637],[-76.997168737999971,3.8719792310000685]],[[-77.043635470999959,3.8820783830000209],[-77.044096005999961,3.8821636350000404]],[[-76.963391255999966,3.8796259580000765],[-76.963032543999987,3.8802135010000711]],[[-76.963391255999966,3.8796259580000765],[-76.962949777999938,3.880171176000033]],[[-76.963653118999957,3.8793439630000535],[-76.963391255999966,3.8796259580000765]],[[-76.997168737999971,3.8719792310000685],[-76.99095966699997,3.865867655000045],[-76.963653118999957,3.8793439630000535]]]},"properties":{"OBJECTID":413,"administrador":2,"categoria":1,"codigo_tramo":"4001","nombre_ruta":"Transversal Buenaventura - Villavicencio - Puerto Carreño","nombre_tramo":"Por Defnir","ruta":"40","superficie":1,"territorial":25,"amenaza_cat":"Alta","longitud_km":25.176189260107179,"Shape_Length":0.20978911373931397}},{"type":"Feature","id":414,"geometry":{"type":"LineString","coordinates":[[-76.306332454999961,3.0335426210000378],[-76.31024182699997,3.0375053360000379]]},"properties":{"OBJECTID":414,"administrador":1,"categoria":2,"codigo_tramo":"37CCB","nombre_ruta":"Circuitos Ecoturisticos Huila - Cauca","nombre_tramo":"Por Defnir","ruta":"37","superficie":3,"territorial":8,"amenaza_cat":"Alta","longitud_km":1.0407751499079214,"Shape_Length":0.0055665338951348519}},{"type":"Feature","id":415,"geometry":{"type":"MultiLineString","coordinates":[[[-76.631298366999943,7.5846012670000391],[-76.631211748999988,7.5843643480000651]],[[-76.631211748999988,7.5843643480000651],[-76.630806794999955,7.5836746100000596]],[[-76.631211748999988,7.5843643480000651],[-76.630806794999955,7.5836746100000596]],[[-76.630806794999955,7.5836746100000596],[-76.577048758999979,7.4975518180000336]]]},"properties":{"OBJECTID":415,"administrador":2,"categoria":1,"codigo_tramo":"6202","nombre_ruta":"Troncal de Uraba","nombre_tramo":"Por Defnir","ruta":"62","superficie":3,"territorial":1,"amenaza_cat":"Alta","longitud_km":11.678029634220636,"Shape_Length":0.10337561454336892}},{"type":"Feature","id":416,"geometry":{"type":"MultiLineString","coordinates":[[[-76.399571802999958,7.1870773750000581],[-76.399951914999974,7.1868416100000445]],[[-76.399951914999974,7.1868416100000445],[-76.400423995999972,7.1862149690000479]],[[-76.400423995999972,7.1862149690000479],[-76.400422032999984,7.1862068050000403]],[[-76.400422032999984,7.1862068050000403],[-76.400415339999938,7.1861379620000321]],[[-76.400415339999938,7.1861379620000321],[-76.400416069999949,7.1861108120000381]],[[-76.400416069999949,7.1861108120000381],[-76.400511752999989,7.1857193800000232]],[[-76.400511752999989,7.1857193800000232],[-76.40064324399998,7.1854887710000526]],[[-76.400955042999954,7.1853891200000248],[-76.40216768099998,7.1840514360000611]],[[-76.40064324399998,7.1854887710000526],[-76.400680062999982,7.1854578190000211]],[[-76.400680062999982,7.1854578190000211],[-76.400747852999984,7.185418706000064]],[[-76.400747852999984,7.185418706000064],[-76.400751706999984,7.1854171710000401]],[[-76.400751706999984,7.1854171710000401],[-76.400825680999958,7.1853943860000413]],[[-76.400825680999958,7.1853943860000413],[-76.400852422999947,7.1853901070000461]],[[-76.400852422999947,7.1853901070000461],[-76.400879388999954,7.1853881000000683]],[[-76.400879388999954,7.1853881000000683],[-76.400955042999954,7.1853891200000248]],[[-76.40216768099998,7.1840514360000611],[-76.402427987999943,7.1838033490000726]],[[-76.402427987999943,7.1838033490000726],[-76.402598215999944,7.1837022030000526]],[[-76.402598215999944,7.1837022030000526],[-76.404036340999937,7.1832427900000653]],[[-76.404956714999969,7.1832716080000409],[-76.406784785999946,7.1829470620000393]],[[-76.404643300999965,7.1832057100000384],[-76.404956714999969,7.1832716080000409]],[[-76.404036340999937,7.1832427900000653],[-76.404057247999958,7.1832377760000554]],[[-76.404057247999958,7.1832377760000554],[-76.404643300999965,7.1832057100000384]],[[-76.406784785999946,7.1829470620000393],[-76.408543479999935,7.1808362640000496]],[[-76.408543479999935,7.1808362640000496],[-76.40824446299996,7.1801939470000207]],[[-76.40824446299996,7.1801939470000207],[-76.40820763499994,7.1800271440000643]],[[-76.40820763499994,7.1800271440000643],[-76.408121147999964,7.1796354320000546]],[[-76.408121147999964,7.1796354320000546],[-76.40732160999994,7.1787634620000631]],[[-76.40732160999994,7.1787634620000631],[-76.406690042999969,7.1778993030000606]],[[-76.406690042999969,7.1778993030000606],[-76.406685997999944,7.1778191320000246]],[[-76.406685997999944,7.1778191320000246],[-76.406687637999937,7.1777570110000397]],[[-76.406687637999937,7.1777570110000397],[-76.406687794999982,7.1777528290000419]],[[-76.406687794999982,7.1777528290000419],[-76.407080592999989,7.1768890590000751]],[[-76.407080592999989,7.1768890590000751],[-76.407364016999963,7.1755115460000525]],[[-76.407364016999963,7.1755115460000525],[-76.407395325999971,7.1743300830000294]],[[-76.407395325999971,7.1743300830000294],[-76.40767851399994,7.1734497350000765]],[[-76.40767851399994,7.1734497350000765],[-76.407700863999935,7.1731349590000377]],[[-76.407700863999935,7.1731349590000377],[-76.407482004999963,7.1724710920000234]],[[-76.407482004999963,7.1724710920000234],[-76.40604785499994,7.1688159960000348]],[[-76.40604785499994,7.1688159960000348],[-76.40620549099998,7.1685579610000332]],[[-76.40620549099998,7.1685579610000332],[-76.407397063999952,7.1666074750000348]],[[-76.407397439999954,7.1666068410000321],[-76.407589514999984,7.1662707220000357]],[[-76.407589514999984,7.1662707220000357],[-76.409902388999967,7.1621484630000509]],[[-76.409902388999967,7.1621484630000509],[-76.410149254999965,7.1615970430000289]],[[-76.410149254999965,7.1615970430000289],[-76.411537427999974,7.1564968930000532]],[[-76.411537427999974,7.1564968930000532],[-76.411331885999971,7.1555218490000243]],[[-76.411331885999971,7.1555218490000243],[-76.409890047999966,7.1520100820000607]],[[-76.409890047999966,7.1520100820000607],[-76.409169948999988,7.1503689920000397]],[[-76.409169948999988,7.1503689920000397],[-76.40966266099997,7.1479323640000416]],[[-76.40966266099997,7.1479323640000416],[-76.410138896999968,7.1475009530000762]],[[-76.410138896999968,7.1475009530000762],[-76.410555294999938,7.1471271980000211]],[[-76.410555294999938,7.1471271980000211],[-76.408589929999948,7.1401332800000432]],[[-76.408589929999948,7.1401332800000432],[-76.408499419999941,7.1400957970000718]],[[-76.408499419999941,7.1400957970000718],[-76.403372876999981,7.1360531110000238]],[[-76.403372876999981,7.1360531110000238],[-76.402737221999985,7.1352493270000537]],[[-76.402737221999985,7.1352493270000537],[-76.401710839999964,7.1327547270000764]],[[-76.401710839999964,7.1327547270000764],[-76.40097540499994,7.1308218590000365]],[[-76.40097540499994,7.1308218590000365],[-76.399423466999963,7.1280628740000225]],[[-76.399423466999963,7.1280628740000225],[-76.399422337999965,7.1273732370000289]],[[-76.399422337999965,7.1273732370000289],[-76.399680923999938,7.1262731960000565]],[[-76.399680923999938,7.1262731960000565],[-76.399681861999966,7.1262630730000751]],[[-76.399681861999966,7.1262630730000751],[-76.399685903999966,7.1261692050000534]],[[-76.399685903999966,7.1261692050000534],[-76.399685678999958,7.1260964580000632]],[[-76.399685678999958,7.1260964580000632],[-76.399685395999938,7.1260763350000502]],[[-76.399685395999938,7.1260763350000502],[-76.399251856999967,7.1234621540000376]],[[-76.399251856999967,7.1234621540000376],[-76.400628661999974,7.1213534550000759]],[[-76.400628661999974,7.1213534550000759],[-76.403015600999936,7.118995233000021]],[[-76.403015600999936,7.118995233000021],[-76.404665653999984,7.117437619000043]],[[-76.404665653999984,7.117437619000043],[-76.405202402999976,7.116984043000059]],[[-76.405202402999976,7.116984043000059],[-76.40604677999994,7.1163342470000543]],[[-76.40604677999994,7.1163342470000543],[-76.406484987999988,7.1159970200000657]],[[-76.406484987999988,7.1159970200000657],[-76.407010970999977,7.1154567680000582]],[[-76.407010970999977,7.1154567680000582],[-76.407171299999959,7.1151325000000725]],[[-76.407171299999959,7.1151325000000725],[-76.407547731999955,7.1141724380000255]],[[-76.407547731999955,7.1141724380000255],[-76.407899830999952,7.1129362630000514]],[[-76.407899830999952,7.1129362630000514],[-76.407985560999975,7.112422691000063]],[[-76.407985560999975,7.112422691000063],[-76.408725681999954,7.1048751470000298]],[[-76.408725681999954,7.1048751470000298],[-76.409151091999945,7.1032768330000522]],[[-76.409151091999945,7.1032768330000522],[-76.409124534999989,7.1022142060000419]],[[-76.409124534999989,7.1022142060000419],[-76.409536218999961,7.1008112110000638]],[[-76.409536218999961,7.1008112110000638],[-76.409464434999961,7.0993755870000541]],[[-76.409464434999961,7.0993755870000541],[-76.409441880999964,7.0987484250000534]],[[-76.409441880999964,7.0987484250000534],[-76.409250537999981,7.0966167020000626]],[[-76.409250537999981,7.0966167020000626],[-76.409259946999953,7.0965260550000266]],[[-76.409259946999953,7.0965260550000266],[-76.40930272199995,7.096154815000034]],[[-76.40930272199995,7.096154815000034],[-76.410343649999959,7.0950022440000566]],[[-76.410343649999959,7.0950022440000566],[-76.411334082999986,7.0933288330000437]],[[-76.411334082999986,7.0933288330000437],[-76.411440292999941,7.0930571730000338]],[[-76.411440292999941,7.0930571730000338],[-76.410629344999961,7.0907250510000495]],[[-76.410629344999961,7.0907250510000495],[-76.410684965999963,7.089903980000031]],[[-76.410684965999963,7.089903980000031],[-76.411986732999935,7.0892671160000305]],[[-76.411986732999935,7.0892671160000305],[-76.413198568999974,7.0890699060000202]],[[-76.413198568999974,7.0890699060000202],[-76.414318654999988,7.0882044500000347]],[[-76.414318654999988,7.0882044500000347],[-76.41697901799995,7.0874414510000747]],[[-76.41697901799995,7.0874414510000747],[-76.418954808999956,7.0856853190000493]],[[-76.418954808999956,7.0856853190000493],[-76.419345538999949,7.0850200240000731]],[[-76.419345538999949,7.0850200240000731],[-76.419413934999966,7.084899718000031]],[[-76.419413934999966,7.084899718000031],[-76.419642422999971,7.0831823170000234]],[[-76.419642422999971,7.0831823170000234],[-76.418923939999956,7.080353184000046]],[[-76.418923931999984,7.0803531220000764],[-76.418729773999985,7.0792588630000637]],[[-76.418729773999985,7.0792588630000637],[-76.419189863999975,7.07791356000007]],[[-76.419189863999975,7.07791356000007],[-76.419397649999951,7.0776107790000538]],[[-76.419397649999951,7.0776107790000538],[-76.419889631999979,7.0768256720000409]],[[-76.419889631999979,7.0768256720000409],[-76.419982854999944,7.0765384210000661]],[[-76.419982854999944,7.0765384210000661],[-76.41999279099997,7.0764934870000502]],[[-76.41999279099997,7.0764934870000502],[-76.419997561999935,7.0764698490000342]],[[-76.419997561999935,7.0764698490000342],[-76.420001591999949,7.0764456260000657]],[[-76.420001591999949,7.0764456260000657],[-76.419214925999938,7.0732715700000313]],[[-76.419214925999938,7.0732715700000313],[-76.419498260999944,7.0727027580000481]],[[-76.419498260999944,7.0727027580000481],[-76.419523058999971,7.0726749640000435]],[[-76.419523058999971,7.0726749640000435],[-76.41957526799996,7.0726183840000658]],[[-76.41957526799996,7.0726183840000658],[-76.419604298999957,7.0725878890000331]],[[-76.419604298999957,7.0725878890000331],[-76.419643607999944,7.0725477820000719]],[[-76.419643607999944,7.0725477820000719],[-76.420825762999982,7.0700367870000491]],[[-76.420825762999982,7.0700367870000491],[-76.421038177999947,7.0695258540000623]],[[-76.421038177999947,7.0695258540000623],[-76.421651653999959,7.0685464060000527]],[[-76.421651653999959,7.0685464060000527],[-76.421792179999954,7.0683691080000699]],[[-76.421792179999954,7.0683691080000699],[-76.422188213999959,7.0680095560000495]],[[-76.424257909999938,7.0676645350000626],[-76.426513009999951,7.0678595040000687]],[[-76.422188213999959,7.0680095560000495],[-76.423638108999967,7.0673486780000303]],[[-76.426513009999951,7.0678595040000687],[-76.428507827999965,7.0671253300000672]],[[-76.424198647999958,7.0676343340000471],[-76.424257909999938,7.0676645350000626]],[[-76.423638108999967,7.0673486780000303],[-76.424198647999958,7.0676343340000471]],[[-76.428507827999965,7.0671253300000672],[-76.431229004999977,7.0648567880000428]],[[-76.431229004999977,7.0648567880000428],[-76.431571963999943,7.0644594450000682]],[[-76.431571963999943,7.0644594450000682],[-76.43182640699996,7.0623598290000587]],[[-76.43182640699996,7.0623598290000587],[-76.430977264999967,7.0609733320000601]],[[-76.42691554999999,7.0612965380000219],[-76.426341655999977,7.0612522090000311]],[[-76.427085230999978,7.0612848730000337],[-76.42691554999999,7.0612965380000219]],[[-76.428047185999958,7.0611563000000501],[-76.427085230999978,7.0612848730000337]],[[-76.426341655999977,7.0612522090000311],[-76.426323043999957,7.0612420410000709]],[[-76.426323043999957,7.0612420410000709],[-76.426306909999937,7.0612310280000656]],[[-76.426306909999937,7.0612310280000656],[-76.426251413999978,7.0611849760000496]],[[-76.426251413999978,7.0611849760000496],[-76.426229515999978,7.061160659000052]],[[-76.428816669999946,7.0610196310000219],[-76.428047185999958,7.0611563000000501]],[[-76.426229515999978,7.061160659000052],[-76.426211519999981,7.0611386530000573]],[[-76.426211519999981,7.0611386530000573],[-76.426176845999976,7.0610914200000252]],[[-76.426176845999976,7.0610914200000252],[-76.425727110999958,7.0603326920000313]],[[-76.430347832999985,7.0605676320000725],[-76.428816669999946,7.0610196310000219]],[[-76.430977264999967,7.0609733320000601],[-76.430347832999985,7.0605676320000725]],[[-76.425727110999958,7.0603326920000313],[-76.42556964299996,7.0598144470000648]],[[-76.42556964299996,7.0598144470000648],[-76.425221077999936,7.0567891200000759]],[[-76.425221077999936,7.0567891200000759],[-76.424988192999933,7.0547138730000256]],[[-76.424988192999933,7.0547138730000256],[-76.424524769999948,7.054144716000053]],[[-76.424524769999948,7.054144716000053],[-76.424176981999949,7.0537913470000717]],[[-76.424176981999949,7.0537913470000717],[-76.423425076999933,7.0522400190000667]],[[-76.423425076999933,7.0522400190000667],[-76.422899562999987,7.0513690280000674]],[[-76.422899562999987,7.0513690280000674],[-76.422619414999986,7.0508764020000285]],[[-76.422619414999986,7.0508764020000285],[-76.422385722999934,7.0501749230000428]],[[-76.422385722999934,7.0501749230000428],[-76.42219774299997,7.0492621170000689]],[[-76.42219774299997,7.0492621170000689],[-76.422170272999949,7.0492279580000741]],[[-76.422170272999949,7.0492279580000741],[-76.421782211999982,7.0489558720000218]],[[-76.421782211999982,7.0489558720000218],[-76.421646991999978,7.048896189000061]],[[-76.421646991999978,7.048896189000061],[-76.420832620999988,7.048187255000073]],[[-76.420832620999988,7.048187255000073],[-76.419821814999978,7.0473895520000269]],[[-76.419821814999978,7.0473895520000269],[-76.41790803799995,7.0466819960000748]],[[-76.41790803799995,7.0466819960000748],[-76.417169564999938,7.0463424490000648]],[[-76.417169564999938,7.0463424490000648],[-76.415802396999936,7.0457086070000514]],[[-76.415802396999936,7.0457086070000514],[-76.415339522999943,7.0455451870000729]],[[-76.415339522999943,7.0455451870000729],[-76.414037159999964,7.0453399000000445]],[[-76.414037159999964,7.0453399000000445],[-76.412221995999971,7.0449214900000356]],[[-76.411979305999978,7.0449744730000248],[-76.410589529999982,7.0446510330000365]],[[-76.412221995999971,7.0449214900000356],[-76.411979305999978,7.0449744730000248]],[[-76.410589529999982,7.0446510330000365],[-76.410053857999969,7.0443435830000567]],[[-76.408399104999944,7.0444302690000313],[-76.407931745999974,7.0444636430000287]],[[-76.407931745999974,7.0444636430000287],[-76.40791252799994,7.0444623870000669]],[[-76.40791252799994,7.0444623870000669],[-76.407893739999963,7.0444602070000428]],[[-76.407893739999963,7.0444602070000428],[-76.407220649999942,7.0443253510000545]],[[-76.408451082999989,7.0444199230000208],[-76.408399104999944,7.0444302690000313]],[[-76.409039281999981,7.0443028560000585],[-76.408451082999989,7.0444199230000208]],[[-76.410053857999969,7.0443435830000567],[-76.409039281999981,7.0443028560000585]],[[-76.407220649999942,7.0443253510000545],[-76.407191486999977,7.0443174540000655]],[[-76.407191486999977,7.0443174540000655],[-76.407134283999937,7.044299550000062]],[[-76.407134283999937,7.044299550000062],[-76.407083673999978,7.0442818410000427]],[[-76.407083673999978,7.0442818410000427],[-76.406869341999936,7.0441858780000643]],[[-76.406869341999936,7.0441858780000643],[-76.406863419999979,7.0441827170000693]],[[-76.406863419999979,7.0441827170000693],[-76.405729710999935,7.0436950980000574]],[[-76.403541738999934,7.0440880750000474],[-76.401686379999944,7.0433883370000672]],[[-76.404226363999953,7.043831768000075],[-76.403541738999934,7.0440880750000474]],[[-76.404503998999985,7.0437278220000508],[-76.404226363999953,7.043831768000075]],[[-76.405338093999944,7.0436430050000354],[-76.404503998999985,7.0437278220000508]],[[-76.405729710999935,7.0436950980000574],[-76.405338093999944,7.0436430050000354]],[[-76.401686379999944,7.0433883370000672],[-76.399883716999966,7.0425117400000659]],[[-76.399883716999966,7.0425117400000659],[-76.398984533999965,7.0422939640000664]],[[-76.398984533999965,7.0422939640000664],[-76.398423535999939,7.0421576160000541]],[[-76.398423535999939,7.0421576160000541],[-76.398087036999982,7.0419957990000626]],[[-76.398087036999982,7.0419957990000626],[-76.397012092999944,7.0414244440000289]],[[-76.397012092999944,7.0414244440000289],[-76.397005671999977,7.0414207510000324]],[[-76.397005671999977,7.0414207510000324],[-76.39664587599998,7.0410205150000706]],[[-76.39664587599998,7.0410205150000706],[-76.396206040999971,7.0401649300000599]],[[-76.396206040999971,7.0401649300000599],[-76.396150692999981,7.0398300300000756]],[[-76.396150692999981,7.0398300300000756],[-76.396202685999981,7.0393229370000654]],[[-76.396202685999981,7.0393229370000654],[-76.396242115999939,7.0390992510000387]],[[-76.396242115999939,7.0390992510000387],[-76.396301843999936,7.038742280000065]],[[-76.396301843999936,7.038742280000065],[-76.396305692999988,7.0387053130000368]],[[-76.396305692999988,7.0387053130000368],[-76.39630787699997,7.0386494080000261]],[[-76.39630787699997,7.0386494080000261],[-76.396307742999966,7.0385995890000572]],[[-76.396307742999966,7.0385995890000572],[-76.39630505599996,7.0385415400000397]],[[-76.39630505599996,7.0385415400000397],[-76.396302166999988,7.0385146010000312]],[[-76.396302166999988,7.0385146010000312],[-76.396295669999972,7.0384654970000611]],[[-76.396295669999972,7.0384654970000611],[-76.395299177999959,7.037554761000024]],[[-76.395299177999959,7.037554761000024],[-76.395287782999958,7.0375509070000248]],[[-76.395287782999958,7.0375509070000248],[-76.395267448999959,7.0375432800000226]],[[-76.395267448999959,7.0375432800000226],[-76.394773566999959,7.0373076560000527]],[[-76.394773566999959,7.0373076560000527],[-76.394729263999977,7.0372847140000658]],[[-76.394729263999977,7.0372847140000658],[-76.39469595199995,7.037265092000041]],[[-76.39469595199995,7.037265092000041],[-76.394323659999941,7.0369388310000431]],[[-76.394323659999941,7.0369388310000431],[-76.393824927999958,7.0364088230000448]],[[-76.393824927999958,7.0364088230000448],[-76.393307356999969,7.0360600860000204]],[[-76.393307356999969,7.0360600860000204],[-76.393285188999982,7.0360453560000451]],[[-76.393285188999982,7.0360453560000451],[-76.393258712999966,7.0360256010000626]],[[-76.393258712999966,7.0360256010000626],[-76.393212515999949,7.0359902080000438]],[[-76.393212515999949,7.0359902080000438],[-76.39320059399995,7.035979730000065]],[[-76.39320059399995,7.035979730000065],[-76.392979132999983,7.0357314200000474]],[[-76.392979132999983,7.0357314200000474],[-76.392817351999952,7.0355109030000449]],[[-76.392816921999952,7.0355103160000567],[-76.39263733599995,7.0352655400000685]],[[-76.39263733599995,7.0352655400000685],[-76.388935395999965,7.0331218050000643]],[[-76.388935395999965,7.0331218050000643],[-76.388299461999964,7.0327056750000452]],[[-76.353008423999938,7.0332095320000576],[-76.352173851999964,7.0330418030000601]],[[-76.355312257999969,7.0325868810000429],[-76.353008423999938,7.0332095320000576]],[[-76.351821400999938,7.0330042560000265],[-76.35075212199996,7.0328330200000551]],[[-76.352173851999964,7.0330418030000601],[-76.351821400999938,7.0330042560000265]],[[-76.388299461999964,7.0327056750000452],[-76.387549590999981,7.0323502340000346]],[[-76.35075212199996,7.0328330200000551],[-76.349222226999984,7.0321753400000375]],[[-76.356147090999968,7.0316869780000388],[-76.355312257999969,7.0325868810000429]],[[-76.387549590999981,7.0323502340000346],[-76.386514030999933,7.0321399820000465]],[[-76.386514030999933,7.0321399820000465],[-76.384916897999972,7.0320382620000714]],[[-76.384916897999972,7.0320382620000714],[-76.384332774999962,7.0318202230000679]],[[-76.349222226999984,7.0321753400000375],[-76.348885965999955,7.0321625250000466]],[[-76.348885965999955,7.0321625250000466],[-76.347870693999937,7.0319658870000694]],[[-76.384332129999962,7.0318199760000653],[-76.384278686999949,7.0317995480000377]],[[-76.384278686999949,7.0317995480000377],[-76.383894608999981,7.0316723850000358]],[[-76.347870693999937,7.0319658870000694],[-76.346407685999964,7.0312560560000748]],[[-76.383894608999981,7.0316723850000358],[-76.383638029999986,7.0315912370000433]],[[-76.383638029999986,7.0315912370000433],[-76.382821173999957,7.0312170980000701]],[[-76.356183227999963,7.0316164610000556],[-76.356147090999968,7.0316869780000388]],[[-76.356702773999984,7.0309735380000689],[-76.356183227999963,7.0316164610000556]],[[-76.382821173999957,7.0312170980000701],[-76.381005989999949,7.0302000070000759]],[[-76.346407685999964,7.0312560560000748],[-76.345703508999975,7.0310234930000206]],[[-76.357425538999962,7.0305452930000456],[-76.356702773999984,7.0309735380000689]],[[-76.345703508999975,7.0310234930000206],[-76.345014613999979,7.0309052660000475]],[[-76.345014613999979,7.0309052660000475],[-76.343853697999975,7.0307029920000446]],[[-76.343853697999975,7.0307029920000446],[-76.343457382999986,7.0306225870000389]],[[-76.343457382999986,7.0306225870000389],[-76.342512497999962,7.0298270980000552]],[[-76.35773500199997,7.0304097980000506],[-76.357425538999962,7.0305452930000456]],[[-76.36174067099995,7.0269875060000686],[-76.35773500199997,7.0304097980000506]],[[-76.381005989999949,7.0302000070000759],[-76.380691033999938,7.0300888760000362]],[[-76.380691033999938,7.0300888760000362],[-76.379462294999939,7.0296070400000303]],[[-76.342512497999962,7.0298270980000552],[-76.34245483899997,7.0292243340000482]],[[-76.379462294999939,7.0296070400000303],[-76.377533515999971,7.0281794040000705]],[[-76.34245483899997,7.0292243340000482],[-76.340982087999976,7.0278743510000368]],[[-76.377533515999971,7.0281794040000705],[-76.377347974999964,7.0278235920000611]],[[-76.340891356999975,7.0278921750000336],[-76.339554972999963,7.0279412280000315]],[[-76.377347974999964,7.0278235920000611],[-76.377005399999973,7.027195817000063]],[[-76.339554972999963,7.0279412280000315],[-76.338810618999958,7.027546166000036]],[[-76.340982087999976,7.0278743510000368],[-76.340891356999975,7.0278921750000336]],[[-76.338810618999958,7.027546166000036],[-76.335307409999984,7.0248963470000376]],[[-76.377005399999973,7.027195817000063],[-76.37669356899994,7.0268754040000658]],[[-76.361843335999936,7.0268258770000216],[-76.36174067099995,7.0269875060000686]],[[-76.37669356899994,7.0268754040000658],[-76.376332864999938,7.0265734550000616]],[[-76.364092893999953,7.025327265000044],[-76.361843335999936,7.0268258770000216]],[[-76.376332864999938,7.0265734550000616],[-76.376264857999956,7.0260660160000725]],[[-76.376264857999956,7.0260660160000725],[-76.376364319999936,7.0258050850000586]],[[-76.376364319999936,7.0258050850000586],[-76.376362648999987,7.024769066000033]],[[-76.364612482999974,7.0248322420000591],[-76.364092893999953,7.025327265000044]],[[-76.335307409999984,7.0248963470000376],[-76.334456602999978,7.0245228210000619]],[[-76.364635306999958,7.0248103760000618],[-76.364612482999974,7.0248322420000591]],[[-76.376362648999987,7.024769066000033],[-76.376242049999973,7.0244174280000493]],[[-76.365197031999969,7.0239082850000614],[-76.364635306999958,7.0248103760000618]],[[-76.376242049999973,7.0244174280000493],[-76.376144856999986,7.0242825560000597]],[[-76.334456602999978,7.0245228210000619],[-76.331824429999983,7.023051204000069]],[[-76.376144856999986,7.0242825560000597],[-76.37538219299995,7.0239527750000548]],[[-76.37538219299995,7.0239527750000548],[-76.375120010999979,7.0238746250000759]],[[-76.375120010999979,7.0238746250000759],[-76.372930507999968,7.0233794030000354]],[[-76.365284729999985,7.023601511000038],[-76.365197031999969,7.0239082850000614]],[[-76.366105646999983,7.0223010820000695],[-76.365284729999985,7.023601511000038]],[[-76.372930507999968,7.0233794030000354],[-76.37252501599994,7.0231548980000298]],[[-76.37252501599994,7.0231548980000298],[-76.370320670999945,7.0216720140000461]],[[-76.331824429999983,7.023051204000069],[-76.331611439999961,7.0229967060000718]],[[-76.331611439999961,7.0229967060000718],[-76.330400594999958,7.0226871060000349]],[[-76.328844665999952,7.022787982000068],[-76.328165935999948,7.0226783940000246]],[[-76.330270976999941,7.0226563200000669],[-76.328844665999952,7.022787982000068]],[[-76.330400594999958,7.0226871060000349],[-76.330270976999941,7.0226563200000669]],[[-76.328165935999948,7.0226783940000246],[-76.327683025999988,7.0224209060000362]],[[-76.367368812999985,7.0216716970000448],[-76.366105646999983,7.0223010820000695]],[[-76.327683025999988,7.0224209060000362],[-76.327505501999951,7.0223256430000447]],[[-76.327505501999951,7.0223256430000447],[-76.324656324999978,7.0220871780000493]],[[-76.324656324999978,7.0220871780000493],[-76.32229435499994,7.0206951120000554]],[[-76.370320670999945,7.0216720140000461],[-76.369326638999951,7.0214663370000494]],[[-76.367920396999978,7.0214292780000278],[-76.367368812999985,7.0216716970000448]],[[-76.369326638999951,7.0214663370000494],[-76.368268540999964,7.0213733400000251]],[[-76.368268540999964,7.0213733400000251],[-76.367920396999978,7.0214292780000278]],[[-76.32229435499994,7.0206951120000554],[-76.32167368599994,7.020318838000037]],[[-76.32167368599994,7.020318838000037],[-76.321565670999973,7.0202782820000493]],[[-76.321565670999973,7.0202782820000493],[-76.320262272999969,7.0196501530000432]],[[-76.320262272999969,7.0196501530000432],[-76.320114006999972,7.0194522640000514]],[[-76.320114006999972,7.0194522640000514],[-76.320030378999945,7.0191819570000575]],[[-76.320030378999945,7.0191819570000575],[-76.320021447999977,7.0191703640000469]],[[-76.320021447999977,7.0191703640000469],[-76.319155055999943,7.0186613920000696]],[[-76.319155055999943,7.0186613920000696],[-76.319039055999951,7.0186295190000578]],[[-76.319039055999951,7.0186295190000578],[-76.315729353999984,7.0177681920000623]],[[-76.315729353999984,7.0177681920000623],[-76.315261456999963,7.0173076150000497]],[[-76.315261456999963,7.0173076150000497],[-76.314674997999987,7.0168512270000747]],[[-76.311243805999936,7.0169134940000504],[-76.310420859999965,7.0171302290000312]],[[-76.310420859999965,7.0171302290000312],[-76.309548900999971,7.0170581430000425]],[[-76.309548900999971,7.0170581430000425],[-76.308895666999945,7.0167871350000723]],[[-76.313357456999938,7.0161641210000312],[-76.311243805999936,7.0169134940000504]],[[-76.314674997999987,7.0168512270000747],[-76.314274370999954,7.0167027060000464]],[[-76.308895666999945,7.0167871350000723],[-76.30875660199996,7.0164826580000295]],[[-76.314274370999954,7.0167027060000464],[-76.314222391999976,7.0166825070000414]],[[-76.314222391999976,7.0166825070000414],[-76.313357456999938,7.0161641210000312]],[[-76.30875660199996,7.0164826580000295],[-76.308177356999977,7.0152946330000532]],[[-76.308177356999977,7.0152946330000532],[-76.307568697999955,7.0147464620000619]],[[-76.304134340999951,7.0150947280000651],[-76.303481656999963,7.01510311800007]],[[-76.303481656999963,7.01510311800007],[-76.300347066999961,7.0147208590000218]],[[-76.305141603999971,7.0147702560000766],[-76.304134340999951,7.0150947280000651]],[[-76.305425827999954,7.0146910090000461],[-76.305141603999971,7.0147702560000766]],[[-76.307568697999955,7.0147464620000619],[-76.307380651999949,7.0146981330000244]],[[-76.307380651999949,7.0146981330000244],[-76.305425827999954,7.0146910090000461]],[[-76.300347066999961,7.0147208590000218],[-76.299958543999935,7.0146065200000294]],[[-76.299958543999935,7.0146065200000294],[-76.298582980999981,7.0145438630000285]],[[-76.298582980999981,7.0145438630000285],[-76.297546783999962,7.0143577340000434]],[[-76.297546783999962,7.0143577340000434],[-76.295400597999958,7.0141873700000588]],[[-76.295400597999958,7.0141873700000588],[-76.294668932999969,7.0138437180000324]],[[-76.294668932999969,7.0138437180000324],[-76.293790196999964,7.0134536260000573]],[[-76.293790196999964,7.0134536260000573],[-76.292877515999976,7.0133973500000479]],[[-76.292510791999973,7.0133965150000677],[-76.291532444999973,7.0133729680000556]],[[-76.292877515999976,7.0133973500000479],[-76.292510791999973,7.0133965150000677]],[[-76.291532444999973,7.0133729680000556],[-76.290049142999976,7.0128570580000655]],[[-76.290049142999976,7.0128570580000655],[-76.288476721999984,7.0117857320000212]],[[-76.288476721999984,7.0117857320000212],[-76.256569843999955,6.9919100970000727]]]},"properties":{"OBJECTID":416,"administrador":2,"categoria":1,"codigo_tramo":"6202","nombre_ruta":"Troncal de Uraba","nombre_tramo":"Por Defnir","ruta":"62","superficie":3,"territorial":1,"amenaza_cat":"Alta","longitud_km":44.975241376069341,"Shape_Length":0.36949928119534942}},{"type":"Feature","id":417,"geometry":{"type":"MultiLineString","coordinates":[[[-76.577048758999979,7.4975518180000336],[-76.555523309999955,7.4869818530000316],[-76.527972076999959,7.3935628230000248],[-76.489905767999971,7.3552721980000229],[-76.485121193999987,7.3019866450000563],[-76.455666873999974,7.2932469160000437],[-76.433083031999956,7.2341046300000471]],[[-76.433083031999956,7.2341046300000471],[-76.433407315999943,7.2331590180000376]],[[-76.433407315999943,7.2331590180000376],[-76.433459718999984,7.2300791180000488]],[[-76.433459718999984,7.2300791180000488],[-76.433428824999964,7.2266588590000538]],[[-76.433428824999964,7.2266588590000538],[-76.433414164999988,7.2249818040000378]],[[-76.433414164999988,7.2249818040000378],[-76.433397858999967,7.2231172900000615]],[[-76.433397858999967,7.2231172900000615],[-76.433396855999945,7.2230019010000319]],[[-76.433396855999945,7.2230019010000319],[-76.433374739999977,7.2203369500000463]],[[-76.433374731999947,7.220336451000037],[-76.43303978299997,7.2182624510000437]],[[-76.43303978299997,7.2182624510000437],[-76.43297460499997,7.2181303290000756]],[[-76.43297460499997,7.2181303290000756],[-76.432892371999969,7.217963634000057]],[[-76.432892371999969,7.217963634000057],[-76.431100883999989,7.215714632000072]],[[-76.431100883999989,7.215714632000072],[-76.425970267999958,7.2114039440000397]],[[-76.425970267999958,7.2114039440000397],[-76.42495809899998,7.2107286310000518]],[[-76.42495809899998,7.2107286310000518],[-76.424820158999978,7.2106467730000645]],[[-76.424820158999978,7.2106467730000645],[-76.424779195999974,7.2106237740000552]],[[-76.424779195999974,7.2106237740000552],[-76.424640083999975,7.2105517540000506]],[[-76.424640083999975,7.2105517540000506],[-76.416370287999939,7.2066939820000471]],[[-76.416370287999939,7.2066939820000471],[-76.416347024999936,7.2066801110000256]],[[-76.416347024999936,7.2066801110000256],[-76.41625170399999,7.2066210370000476]],[[-76.41625170399999,7.2066210370000476],[-76.415784726999959,7.206322425000053]],[[-76.415784726999959,7.206322425000053],[-76.41497975599998,7.205807673000038]],[[-76.41497975599998,7.205807673000038],[-76.414839160999975,7.2057177680000564]],[[-76.414839160999975,7.2057177680000564],[-76.414122804999977,7.2030820930000345]],[[-76.414122804999977,7.2030820930000345],[-76.414443669999969,7.2024800420000474]],[[-76.414443669999969,7.2024800420000474],[-76.414462857999979,7.2022517270000321]],[[-76.414462857999979,7.2022517270000321],[-76.414462187999959,7.2022323020000272]],[[-76.414462187999959,7.2022323020000272],[-76.414458637999985,7.202188144000047]],[[-76.414458637999985,7.202188144000047],[-76.414334744999962,7.2017778270000576]],[[-76.414334744999962,7.2017778270000576],[-76.413410732999978,7.2002551920000428]],[[-76.413410732999978,7.2002551920000428],[-76.412817686999972,7.1992805460000682]],[[-76.412817686999972,7.1992805460000682],[-76.412720049999962,7.1980696220000482]],[[-76.412720049999962,7.1980696220000482],[-76.412859265999941,7.1970833480000351]],[[-76.412859265999941,7.1970833480000351],[-76.411865659999989,7.1928687350000473]],[[-76.411865659999989,7.1928687350000473],[-76.411018597999941,7.1917581030000406]],[[-76.411018597999941,7.1917581030000406],[-76.409003488999986,7.1905970170000728]],[[-76.409003488999986,7.1905970170000728],[-76.408600410999952,7.1904683110000747]],[[-76.408600410999952,7.1904683110000747],[-76.407195714999943,7.189996825000037]],[[-76.407195714999943,7.189996825000037],[-76.406380185999978,7.1896129270000415]],[[-76.405710652999971,7.1897086870000635],[-76.405092243999945,7.1896670230000268]],[[-76.406168960999935,7.1896430680000663],[-76.405710652999971,7.1897086870000635]],[[-76.405092243999945,7.1896670230000268],[-76.404339659999948,7.1895171960000539]],[[-76.406380185999978,7.1896129270000415],[-76.406168960999935,7.1896430680000663]],[[-76.404339659999948,7.1895171960000539],[-76.403572389999965,7.1891453650000585]],[[-76.403572389999965,7.1891453650000585],[-76.403533976999938,7.1891274970000723]],[[-76.403533976999938,7.1891274970000723],[-76.401102382999966,7.1878040480000323]],[[-76.401102382999966,7.1878040480000323],[-76.400557343999935,7.1875771970000528]],[[-76.400557343999935,7.1875771970000528],[-76.399571802999958,7.1870773750000581]]]},"properties":{"OBJECTID":417,"administrador":2,"categoria":1,"codigo_tramo":"6202","nombre_ruta":"Troncal de Uraba","nombre_tramo":"Por Defnir","ruta":"62","superficie":3,"territorial":1,"amenaza_cat":"Alta","longitud_km":44.709206040624331,"Shape_Length":0.38880552935103385}},{"type":"Feature","id":418,"geometry":{"type":"LineString","coordinates":[[-76.68074498499999,7.6726658430000612],[-76.631298366999943,7.5846012670000391]]},"properties":{"OBJECTID":418,"administrador":2,"categoria":1,"codigo_tramo":"6202","nombre_ruta":"Troncal de Uraba","nombre_tramo":"Por Defnir","ruta":"62","superficie":3,"territorial":1,"amenaza_cat":"Alta","longitud_km":11.271788940956615,"Shape_Length":0.10099672062847513}},{"type":"Feature","id":419,"geometry":{"type":"LineString","coordinates":[[-75.780788981999933,5.2200493180000649],[-75.775293350999959,5.2349529260000622],[-75.784406661999981,5.2287693020000461],[-75.788458077999962,5.2847301660000312]]},"properties":{"OBJECTID":419,"administrador":1,"categoria":1,"codigo_tramo":"2508","nombre_ruta":"Troncal de Occidente","nombre_tramo":"Por Defnir","ruta":"25","superficie":3,"territorial":5,"amenaza_cat":"Alta","longitud_km":10.620412775981682,"Shape_Length":0.083005053586047456}},{"type":"Feature","id":420,"geometry":{"type":"MultiLineString","coordinates":[[[-75.709234145999972,5.3882240160000379],[-75.720754623999937,5.4036350250000282],[-75.698932647999982,5.4407634710000252],[-75.677618670999948,5.4516269320000674]],[[-75.681093020999981,5.4477037220000284],[-75.681121691999977,5.4476607150000405]]]},"properties":{"OBJECTID":420,"administrador":1,"categoria":1,"codigo_tramo":"2508","nombre_ruta":"Troncal de Occidente","nombre_tramo":"Por Defnir","ruta":"25","superficie":3,"territorial":5,"amenaza_cat":"Alta","longitud_km":12.588421017614781,"Shape_Length":0.086282068262284156}},{"type":"Feature","id":421,"geometry":{"type":"MultiLineString","coordinates":[[[-75.681121691999977,5.4476607150000405],[-75.652877066999963,5.4527683110000567]],[[-75.652877066999963,5.4527683110000567],[-75.651172226999961,5.4518900910000525]],[[-75.651172226999961,5.4518900910000525],[-75.652877066999963,5.4527683110000567]],[[-75.651172226999961,5.4518900910000525],[-75.646509170999934,5.4141254430000458],[-75.613447603999987,5.3779413320000344]],[[-75.677618670999948,5.4516269320000674],[-75.681093020999981,5.4477037220000284]],[[-75.613447603999987,5.3779413320000344],[-75.613049010999987,5.3778765370000201]]]},"properties":{"OBJECTID":421,"administrador":1,"categoria":1,"codigo_tramo":"2508","nombre_ruta":"Troncal de Occidente","nombre_tramo":"Por Defnir","ruta":"25","superficie":3,"territorial":5,"amenaza_cat":"Alta","longitud_km":17.714069834621824,"Shape_Length":0.12524782107171814}},{"type":"Feature","id":422,"geometry":{"type":"MultiLineString","coordinates":[[[-75.764185729999951,5.3508502100000328],[-75.761646602999974,5.3601386860000275]],[[-75.766881068999965,5.3473593710000387],[-75.76490346199995,5.3506478550000338]],[[-75.768868835999967,5.3427822150000566],[-75.76730017999995,5.3469557270000223]],[[-75.769837416999962,5.3400127110000426],[-75.768799994999938,5.3426400350000449]],[[-75.788458077999962,5.2847301660000312],[-75.790260426999964,5.3173160180000423],[-75.770282501999986,5.339901525000073]]]},"properties":{"OBJECTID":422,"administrador":1,"categoria":1,"codigo_tramo":"2508","nombre_ruta":"Troncal de Occidente","nombre_tramo":"Por Defnir","ruta":"25","superficie":3,"territorial":5,"amenaza_cat":"Alta","longitud_km":10.372142881181594,"Shape_Length":0.083538876991076955}},{"type":"Feature","id":423,"geometry":{"type":"MultiLineString","coordinates":[[[-75.761646602999974,5.3601386860000275],[-75.746356963999972,5.3741321550000407],[-75.710227959999941,5.3794612930000767],[-75.709234145999972,5.3882240160000379]],[[-75.76490346199995,5.3506478550000338],[-75.764185729999951,5.3508502100000328]],[[-75.76730017999995,5.3469557270000223],[-75.766881068999965,5.3473593710000387]],[[-75.768799994999938,5.3426400350000449],[-75.768868835999967,5.3427822150000566]],[[-75.770282501999986,5.339901525000073],[-75.769837416999962,5.3400127110000426]]]},"properties":{"OBJECTID":423,"administrador":1,"categoria":1,"codigo_tramo":"2508","nombre_ruta":"Troncal de Occidente","nombre_tramo":"Por Defnir","ruta":"25","superficie":3,"territorial":5,"amenaza_cat":"Alta","longitud_km":9.791879035249476,"Shape_Length":0.068009701155308869}},{"type":"Feature","id":424,"geometry":{"type":"MultiLineString","coordinates":[[[-75.32964611999995,2.8107759600000577],[-75.329161524999961,2.8122496370000363]],[[-75.32969111999995,2.8106409600000575],[-75.330335012999967,2.8113053790000322]],[[-75.325763843999937,2.8038570690000597],[-75.32964611999995,2.8107759600000577]],[[-75.32964611999995,2.8107759600000577],[-75.329679960999954,2.8106720100000757]]]},"properties":{"OBJECTID":424,"administrador":2,"categoria":1,"codigo_tramo":"45HL06","nombre_ruta":"Alternas a la Troncal del Magdalena","nombre_tramo":"Por Defnir","ruta":"45","superficie":1,"territorial":14,"amenaza_cat":"Alta","longitud_km":1.2804847253932539,"Shape_Length":0.010519527822620693}},{"type":"Feature","id":425,"geometry":{"type":"MultiLineString","coordinates":[[[-75.303257039999949,2.7900109800000337],[-75.325763843999937,2.8038570690000597]],[[-75.300840446999985,2.790519588000052],[-75.301746625999954,2.7897139470000525]],[[-75.301746625999954,2.7897139470000525],[-75.303266039999983,2.7900090000000546]],[[-75.301192128999958,2.7889590480000379],[-75.301746625999954,2.7897139470000525]]]},"properties":{"OBJECTID":425,"administrador":2,"categoria":1,"codigo_tramo":"45HL06","nombre_ruta":"Alternas a la Troncal del Magdalena","nombre_tramo":"Por Defnir","ruta":"45","superficie":1,"territorial":14,"amenaza_cat":"Alta","longitud_km":3.6218437081751209,"Shape_Length":0.030121792903654805}},{"type":"Feature","id":426,"geometry":{"type":"MultiLineString","coordinates":[[[-75.312001079999959,2.9494089890000623],[-75.311999637999975,2.9498984220000466]],[[-75.31200107899997,2.9494109700000308],[-75.312001079999959,2.9494089890000623]],[[-75.312001079999959,2.9494089890000623],[-75.312074637999956,2.9483550290000267]],[[-75.312074637999956,2.9483550290000267],[-75.311251055999946,2.9488009200000533]],[[-75.312074637999956,2.9483550290000267],[-75.312080999999978,2.947997970000074]],[[-75.311718119999966,2.9425940100000503],[-75.31208892099994,2.9479979710000634]],[[-75.311718119999966,2.9425940100000503],[-75.311718839999969,2.9425950000000398]],[[-75.310710839999956,2.9421960300000478],[-75.311718119999966,2.9425940100000503]],[[-75.311333999999988,2.9417450400000575],[-75.311718119999966,2.9425940100000503]],[[-75.30870508199996,2.942521068000076],[-75.310710119999953,2.9421960300000478]],[[-75.310710119999953,2.9421960300000478],[-75.310788959999968,2.9421719990000383]],[[-75.310710119999953,2.9421960300000478],[-75.311333999999988,2.9417450400000575]],[[-75.311333999999988,2.9417450400000575],[-75.343976999999938,2.8879839900000661]],[[-75.311333999999988,2.9417450400000575],[-75.311333999999988,2.9417419800000744]],[[-75.343976999999938,2.8879839900000661],[-75.344790732999968,2.8871967370000675]],[[-75.344790732999968,2.8871967370000675],[-75.345152006999967,2.8868928920000485]]]},"properties":{"OBJECTID":426,"administrador":2,"categoria":1,"codigo_tramo":"43HL02","nombre_ruta":"Alternas a la Troncal del Magdalena","nombre_tramo":"Por Defnir","ruta":"43","superficie":1,"territorial":14,"amenaza_cat":"Alta","longitud_km":8.9079830142096181,"Shape_Length":0.077660435529913932}},{"type":"Feature","id":427,"geometry":{"type":"LineString","coordinates":[[-75.308159159999946,2.9425979700000653],[-75.30870508199996,2.942521068000076]]},"properties":{"OBJECTID":427,"administrador":2,"categoria":1,"codigo_tramo":"43HL02","nombre_ruta":"Alternas a la Troncal del Magdalena","nombre_tramo":"Por Defnir","ruta":"43","superficie":1,"territorial":14,"amenaza_cat":"Alta","longitud_km":0.061299217396343822,"Shape_Length":0.00055131184251974513}},{"type":"Feature","id":428,"geometry":{"type":"LineString","coordinates":[[-78.657484140999941,1.4917348150000294],[-78.67796974099997,1.4797144820000199],[-78.685815724999941,1.4606659380000337],[-78.697889474999954,1.4191658840000514],[-78.688206911999941,1.3828048150000427],[-78.709535972999959,1.3576838080000471]]},"properties":{"OBJECTID":428,"administrador":1,"categoria":1,"codigo_tramo":"0501","nombre_ruta":"Conexión Transversal Tumaco - Leticia y Ecuador","nombre_tramo":"Por Defnir","ruta":"5","superficie":1,"territorial":17,"amenaza_cat":"Alta","longitud_km":18.803176271238403,"Shape_Length":0.15815623764901166}},{"type":"Feature","id":429,"geometry":{"type":"LineString","coordinates":[[-75.893013321999945,4.9059422060000202],[-75.888742047999983,4.903386686000033]]},"properties":{"OBJECTID":429,"administrador":1,"categoria":2,"codigo_tramo":"50RS01","nombre_ruta":"Conexión Troncal de Occidente - Transversal Las Animas - Bogotá","nombre_tramo":"Por Defnir","ruta":"50","superficie":3,"territorial":21,"amenaza_cat":"Alta","longitud_km":0.57740725206844778,"Shape_Length":0.0049773953080985691}},{"type":"Feature","id":430,"geometry":{"type":"MultiLineString","coordinates":[[[-75.888742047999983,4.903386686000033],[-75.884769607999942,4.9023097850000568]],[[-75.884769607999942,4.9023097850000568],[-75.88452461299994,4.9021991640000238]],[[-75.884673873999986,4.9020622500000286],[-75.884769607999942,4.9023097850000568]],[[-75.88452461299994,4.9021991640000238],[-75.884229375999951,4.9020059690000721]],[[-75.88452461299994,4.9021991640000238],[-75.884673873999986,4.9020622500000286]],[[-75.884673873999986,4.9020622500000286],[-75.884231838999938,4.9017797310000333]],[[-75.884229375999951,4.9020059690000721],[-75.877532425999959,4.9014719330000389]],[[-75.884231838999938,4.9017797310000333],[-75.884229375999951,4.9020059690000721]],[[-75.884231838999938,4.9017797310000333],[-75.877668233999941,4.9011480810000307]]]},"properties":{"OBJECTID":430,"administrador":1,"categoria":2,"codigo_tramo":"50RS01","nombre_ruta":"Conexión Troncal de Occidente - Transversal Las Animas - Bogotá","nombre_tramo":"Por Defnir","ruta":"50","superficie":3,"territorial":21,"amenaza_cat":"Alta","longitud_km":2.1870721024777935,"Shape_Length":0.019268406815120834}},{"type":"Feature","id":431,"geometry":{"type":"MultiLineString","coordinates":[[[-75.895141585999966,4.9077990670000418],[-75.894446251999966,4.9071918630000368]],[[-75.894446251999966,4.9071918630000368],[-75.89391225899999,4.9067231790000392]],[[-75.89391225899999,4.9067231790000392],[-75.893202592999955,4.906110472000023]],[[-75.893202592999955,4.906110472000023],[-75.893175597999971,4.9060853200000452]]]},"properties":{"OBJECTID":431,"administrador":2,"categoria":2,"codigo_tramo":"50RS01","nombre_ruta":"Conexión Troncal de Occidente - Transversal Las Animas - Bogotá","nombre_tramo":"Por Defnir","ruta":"50","superficie":3,"territorial":21,"amenaza_cat":"Alta","longitud_km":0.28911905231038054,"Shape_Length":0.0026081068904287622}},{"type":"Feature","id":432,"geometry":{"type":"MultiLineString","coordinates":[[[-75.642299383999955,4.5829573140000548],[-75.643014557999948,4.586502805000066]],[[-75.64047700499998,4.5846419600000559],[-75.642299383999955,4.5829573140000548]],[[-75.643241751999938,4.5830834540000751],[-75.643265091999979,4.5830991610000638]],[[-75.642503946999966,4.5828966000000264],[-75.643241751999938,4.5830834540000751]],[[-75.642299383999955,4.5829573140000548],[-75.642503946999966,4.5828966000000264]],[[-75.63610923799996,4.5670972370000413],[-75.633659501999944,4.5720784370000729]]]},"properties":{"OBJECTID":432,"administrador":1,"categoria":1,"codigo_tramo":"40QN05","nombre_ruta":"Conexión Troncal del eje Cafetero - Transversal Buenaventura - Puerto Carreño","nombre_tramo":"Por Defnir","ruta":"40","superficie":3,"territorial":20,"amenaza_cat":"Alta","longitud_km":1.5280064028897138,"Shape_Length":0.012652265292829725}},{"type":"Feature","id":433,"geometry":{"type":"MultiLineString","coordinates":[[[-75.640417441999944,4.5355791880000424],[-75.63610923799996,4.5670972370000413]],[[-75.640417441999944,4.5355791880000424],[-75.640235079999968,4.5350362860000359]],[[-75.64061447399996,4.5351045000000454],[-75.640417441999944,4.5355791880000424]],[[-75.64061447399996,4.5351045000000454],[-75.640235079999968,4.5350362860000359]],[[-75.640741765999962,4.5349259160000202],[-75.64061447399996,4.5351045000000454]],[[-75.640235079999968,4.5350362860000359],[-75.64017204999999,4.5348871030000737]],[[-75.640741765999962,4.5349259160000202],[-75.640565866999964,4.5345856690000232]],[[-75.641168336999954,4.5344941760000665],[-75.640741765999962,4.5349259160000202]],[[-75.64017204999999,4.5348871030000737],[-75.639786414999946,4.534325228000057]],[[-75.640379143999951,4.5345539630000644],[-75.64017204999999,4.5348871030000737]]]},"properties":{"OBJECTID":433,"administrador":1,"categoria":1,"codigo_tramo":"40QN05","nombre_ruta":"Conexión Troncal del eje Cafetero - Transversal Buenaventura - Puerto Carreño","nombre_tramo":"Por Defnir","ruta":"40","superficie":3,"territorial":20,"amenaza_cat":"Alta","longitud_km":4.4017918475560478,"Shape_Length":0.035728232826035357}},{"type":"Feature","id":434,"geometry":{"type":"MultiLineString","coordinates":[[[-75.643603875999986,4.5844665370000257],[-75.643162618999952,4.5866970980000588]],[[-75.643603875999986,4.5844665370000257],[-75.643292420999956,4.5832394350000527]],[[-75.643315381999969,4.5831335800000375],[-75.643603875999986,4.5844665370000257]],[[-75.643265091999979,4.5830991610000638],[-75.643315381999969,4.5831335800000375]]]},"properties":{"OBJECTID":434,"administrador":1,"categoria":1,"codigo_tramo":"40QN05","nombre_ruta":"Conexión Troncal del eje Cafetero - Transversal Buenaventura - Puerto Carreño","nombre_tramo":"Por Defnir","ruta":"40","superficie":3,"territorial":20,"amenaza_cat":"Alta","longitud_km":0.60769703135718711,"Shape_Length":0.0049645583728354474}},{"type":"Feature","id":435,"geometry":{"type":"LineString","coordinates":[[-75.633659501999944,4.5720784370000729],[-75.64047700499998,4.5846419600000559]]},"properties":{"OBJECTID":435,"administrador":1,"categoria":1,"codigo_tramo":"40QN05","nombre_ruta":"Conexión Troncal del eje Cafetero - Transversal Buenaventura - Puerto Carreño","nombre_tramo":"Por Defnir","ruta":"40","superficie":3,"territorial":20,"amenaza_cat":"Alta","longitud_km":1.913052259809976,"Shape_Length":0.014294070705247092}},{"type":"Feature","id":436,"geometry":{"type":"LineString","coordinates":[[-75.974911350999946,2.5511306670000522],[-75.975822790999985,2.5531881100000646]]},"properties":{"OBJECTID":436,"administrador":1,"categoria":1,"codigo_tramo":"3701","nombre_ruta":"Transversal Huila - Cauca","nombre_tramo":"Por Defnir","ruta":"37","superficie":3,"territorial":8,"amenaza_cat":"Alta","longitud_km":0.27646112505424586,"Shape_Length":0.0022502876642710224}},{"type":"Feature","id":437,"geometry":{"type":"LineString","coordinates":[[-77.265391587999943,1.2706110050000348],[-77.278383997999981,1.3145315820000292]]},"properties":{"OBJECTID":437,"administrador":1,"categoria":4,"codigo_tramo":"25NRE","nombre_ruta":"Troncal de Occidente","nombre_tramo":"Por Defnir","ruta":"25","superficie":3,"territorial":17,"amenaza_cat":"Alta","longitud_km":5.6721900956102012,"Shape_Length":0.04580196285773707}},{"type":"Feature","id":438,"geometry":{"type":"LineString","coordinates":[[-77.278383997999981,1.3145315820000292],[-77.278883164999968,1.3160931450000248]]},"properties":{"OBJECTID":438,"administrador":1,"categoria":4,"codigo_tramo":"25NRE","nombre_ruta":"Troncal de Occidente","nombre_tramo":"Por Defnir","ruta":"25","superficie":3,"territorial":17,"amenaza_cat":"Alta","longitud_km":0.21669319731072359,"Shape_Length":0.0016394043725790222}},{"type":"Feature","id":439,"geometry":{"type":"LineString","coordinates":[[-75.65073050999996,5.087904897000044],[-75.638829948999955,5.0691185960000666],[-75.621400463999976,5.0703101340000671],[-75.606760311999949,5.0581499870000357]]},"properties":{"OBJECTID":439,"administrador":2,"categoria":1,"codigo_tramo":"5005","nombre_ruta":"Troncal del Eje Cafetero","nombre_tramo":"Por Defnir","ruta":"50","superficie":3,"territorial":5,"amenaza_cat":"Alta","longitud_km":7.2780550938839301,"Shape_Length":0.058740249261858571}},{"type":"Feature","id":440,"geometry":{"type":"LineString","coordinates":[[-75.639377088999936,5.203150006000044],[-75.638432503999979,5.2231713470000614],[-75.665119118999939,5.2705286690000435]]},"properties":{"OBJECTID":440,"administrador":2,"categoria":1,"codigo_tramo":"2903","nombre_ruta":"Troncal del Eje Cafetero","nombre_tramo":"Por Defnir","ruta":"29","superficie":3,"territorial":5,"amenaza_cat":"Alta","longitud_km":10.13016231595696,"Shape_Length":0.074402523349502203}},{"type":"Feature","id":441,"geometry":{"type":"LineString","coordinates":[[-75.648178064999968,5.3078915300000631],[-75.637833775999979,5.3086312170000269],[-75.637597766999988,5.3336786430000416],[-75.617628880999973,5.3517053550000355],[-75.612761484999965,5.3765966140000501]]},"properties":{"OBJECTID":441,"administrador":2,"categoria":1,"codigo_tramo":"2903","nombre_ruta":"Troncal del Eje Cafetero","nombre_tramo":"Por Defnir","ruta":"29","superficie":3,"territorial":5,"amenaza_cat":"Alta","longitud_km":10.350243534337864,"Shape_Length":0.087683956251658451}},{"type":"Feature","id":442,"geometry":{"type":"MultiLineString","coordinates":[[[-75.612752970999964,5.3772693970000205],[-75.613447603999987,5.3779413320000344]],[[-75.612752970999964,5.3772693970000205],[-75.610787922999975,5.3774572110000349]],[[-75.612761484999965,5.3765966140000501],[-75.612752970999964,5.3772693970000205]]]},"properties":{"OBJECTID":442,"administrador":2,"categoria":1,"codigo_tramo":"2903","nombre_ruta":"Troncal del Eje Cafetero","nombre_tramo":"Por Defnir","ruta":"29","superficie":3,"territorial":5,"amenaza_cat":"Alta","longitud_km":0.4287084229471198,"Shape_Length":0.0036132826245952564}},{"type":"Feature","id":443,"geometry":{"type":"LineString","coordinates":[[-75.665119118999939,5.2705286690000435],[-75.648178064999968,5.3078915300000631]]},"properties":{"OBJECTID":443,"administrador":2,"categoria":1,"codigo_tramo":"2903","nombre_ruta":"Troncal del Eje Cafetero","nombre_tramo":"Por Defnir","ruta":"29","superficie":3,"territorial":5,"amenaza_cat":"Alta","longitud_km":5.2527438692635942,"Shape_Length":0.041024172054250456}},{"type":"Feature","id":444,"geometry":{"type":"MultiLineString","coordinates":[[[-75.686033907999956,4.8180040390000727],[-75.68694667799997,4.8153710090000459]],[[-75.687280760999954,4.8141584070000363],[-75.685962445999962,4.8179701720000594]],[[-75.687365364999948,4.8141598320000298],[-75.68694667799997,4.8153710090000459]],[[-75.68694667799997,4.8153710090000459],[-75.688071913999977,4.8148903120000455]]]},"properties":{"OBJECTID":444,"administrador":1,"categoria":1,"codigo_tramo":"29RSA","nombre_ruta":"Troncal del Eje Cafetero","nombre_tramo":"Por Defnir","ruta":"29","superficie":3,"territorial":21,"amenaza_cat":"Alta","longitud_km":1.0362022013907199,"Shape_Length":0.0093251676025020089}},{"type":"Feature","id":445,"geometry":{"type":"MultiLineString","coordinates":[[[-75.685468947999937,4.8228816900000311],[-75.684549326999957,4.8218074100000763]],[[-75.686398678999979,4.8215713540000706],[-75.68568266699998,4.8228019610000388]],[[-75.685603926999988,4.8227724220000709],[-75.685378987999968,4.8215087020000738]],[[-75.683877534999965,4.822397325000054],[-75.684549326999957,4.8218074100000763]],[[-75.684044851999943,4.8219989030000647],[-75.684637015999954,4.8214076480000472]],[[-75.684549326999957,4.8218074100000763],[-75.684637015999954,4.8214076480000472]],[[-75.684549326999957,4.8218074100000763],[-75.685083751999969,4.8208339880000608]],[[-75.685378987999968,4.8215087020000738],[-75.686398678999979,4.8215713540000706]],[[-75.686481152999988,4.8208150670000691],[-75.686398678999979,4.8215713540000706]],[[-75.685378987999968,4.8215087020000738],[-75.685083751999969,4.8208339880000608]],[[-75.684637015999954,4.8214076480000472],[-75.684855547999973,4.8210997990000237]],[[-75.685081808999939,4.8205081060000339],[-75.684855547999973,4.8210997990000237]],[[-75.684855547999973,4.8210997990000237],[-75.685081808999939,4.8205081060000339]],[[-75.686634426999944,4.8208499160000429],[-75.686481152999988,4.8208150670000691]],[[-75.685083751999969,4.8208339880000608],[-75.685165182999981,4.8205258150000532]],[[-75.686481152999988,4.8208150670000691],[-75.685165182999981,4.8205258150000532]],[[-75.686499554999955,4.8207423280000512],[-75.686630392999973,4.8207867320000446]],[[-75.686152454999956,4.8206648660000724],[-75.686499554999955,4.8207423280000512]],[[-75.685507817999962,4.8195341450000342],[-75.686499554999955,4.8207423280000512]],[[-75.685187517999964,4.8204588680000597],[-75.686152454999956,4.8206648660000724]],[[-75.685360452999987,4.8199515480000628],[-75.686152454999956,4.8206648660000724]],[[-75.685165182999981,4.8205258150000532],[-75.685081808999939,4.8205081060000339]],[[-75.685165182999981,4.8205258150000532],[-75.685187517999964,4.8204588680000597]],[[-75.685081808999939,4.8205081060000339],[-75.68510538999999,4.8204410960000246]],[[-75.68510538999999,4.8204410960000246],[-75.685187517999964,4.8204588680000597]],[[-75.685187517999964,4.8204588680000597],[-75.685360452999987,4.8199515480000628]],[[-75.685237995999955,4.8200701140000319],[-75.68510538999999,4.8204410960000246]],[[-75.68510538999999,4.8204410960000246],[-75.685237995999955,4.8200701140000319]],[[-75.685237995999955,4.8200701140000319],[-75.685450471999957,4.8194566840000448]],[[-75.685360452999987,4.8199515480000628],[-75.685507817999962,4.8195341450000342]],[[-75.685450471999957,4.8194566840000448],[-75.684824370999934,4.8193009020000659]],[[-75.685507817999962,4.8195341450000342],[-75.686033907999956,4.8180040390000727]],[[-75.685962445999962,4.8179701720000594],[-75.685450471999957,4.8194566840000448]]]},"properties":{"OBJECTID":445,"administrador":1,"categoria":1,"codigo_tramo":"29RSA","nombre_ruta":"Troncal del Eje Cafetero","nombre_tramo":"Por Defnir","ruta":"29","superficie":3,"territorial":21,"amenaza_cat":"Alta","longitud_km":3.0859493228351047,"Shape_Length":0.024030234310848084}},{"type":"Feature","id":446,"geometry":{"type":"MultiLineString","coordinates":[[[-75.895141585999966,4.9077990670000418],[-75.894227004999948,4.9073115680000683]],[[-75.894533335999938,4.9069716720000542],[-75.895141585999966,4.9077990670000418]],[[-75.893202592999955,4.906110472000023],[-75.893822738999972,4.9069599620000304]],[[-75.894103949999987,4.9066098930000521],[-75.893175597999971,4.9060853200000452]],[[-75.893175597999971,4.9060853200000452],[-75.893202592999955,4.906110472000023]]]},"properties":{"OBJECTID":446,"administrador":2,"categoria":2,"codigo_tramo":"50RS01","nombre_ruta":"Conexión Troncal de Occidente - Transversal Las Animas - Bogotá","nombre_tramo":"Por Defnir","ruta":"50","superficie":9.2233720368547758e+18,"territorial":21,"amenaza_cat":"Alta","longitud_km":0.48376950144285424,"Shape_Length":0.0042182801426912629}},{"type":"Feature","id":447,"geometry":{"type":"MultiLineString","coordinates":[[[-76.960835316999976,3.8826584090000438],[-76.928030563999982,3.8810481080000727]],[[-76.961718624999946,3.8818904070000713],[-76.960835316999976,3.8826584090000438]],[[-76.962581915999976,3.8807855830000335],[-76.961718624999946,3.8818904070000713]],[[-76.962440504999961,3.8812068300000533],[-76.961718624999946,3.8818904070000713]],[[-76.962659004999978,3.880831181000076],[-76.962440504999961,3.8812068300000533]],[[-76.925981116999935,3.8803460780000592],[-76.928030563999982,3.8810481080000727]],[[-76.928030563999982,3.8810481080000727],[-76.92622976399997,3.8799485000000686]],[[-76.962911764999944,3.8804096900000218],[-76.962659004999978,3.880831181000076]],[[-76.962825043999942,3.8803766560000668],[-76.962581915999976,3.8807855830000335]],[[-76.963032543999987,3.8802135010000711],[-76.962911764999944,3.8804096900000218]],[[-76.962949777999938,3.880171176000033],[-76.962825043999942,3.8803766560000668]],[[-76.924600845999976,3.8797366090000764],[-76.925981116999935,3.8803460780000592]],[[-76.925981116999935,3.8803460780000592],[-76.92622976399997,3.8799485000000686]],[[-76.92622976399997,3.8799485000000686],[-76.924722380999981,3.8792926930000249]],[[-76.924722380999981,3.8792926930000249],[-76.924600845999976,3.8797366090000764]]]},"properties":{"OBJECTID":447,"administrador":2,"categoria":1,"codigo_tramo":"4001","nombre_ruta":"Transversal Buenaventura - Villavicencio - Puerto Carreño","nombre_tramo":"Por Defnir","ruta":"40","superficie":1,"territorial":25,"amenaza_cat":"Alta","longitud_km":6.0703914591826047,"Shape_Length":0.046641799138680572}},{"type":"Feature","id":448,"geometry":{"type":"MultiLineString","coordinates":[[[-73.324660384999959,5.5859951680000677],[-73.321720041999981,5.597977917000037]],[[-73.324702808999973,5.5862972120000336],[-73.321744531999968,5.5978982750000341]],[[-73.323695879999946,5.5877640300000735],[-73.324002959999973,5.5877360400000384]],[[-73.324280879999947,5.5865040300000715],[-73.324576080999975,5.5865510100000506]],[[-73.325699147999956,5.5840118730000654],[-73.325177967999934,5.5850922790000368]]]},"properties":{"OBJECTID":448,"administrador":2,"categoria":1,"codigo_tramo":"55BYA","nombre_ruta":"Troncal Central del Norte","nombre_tramo":"Por Defnir","ruta":"55","superficie":3,"territorial":4,"amenaza_cat":"Alta","longitud_km":3.2543005533931688,"Shape_Length":0.026117345840560531}},{"type":"Feature","id":449,"geometry":{"type":"MultiLineString","coordinates":[[[-74.745595634999972,4.247370634000049],[-74.744604788999936,4.2459278330000529]],[[-74.745726119999972,4.2472898580000447],[-74.744679158999986,4.245771047000062]]]},"properties":{"OBJECTID":449,"administrador":2,"categoria":1,"codigo_tramo":"45TLG","nombre_ruta":"Transversal Buenaventura - Villavicencio - Puerto Carreño","nombre_tramo":"Por Defnir","ruta":"45","superficie":3,"territorial":12,"amenaza_cat":"Alta","longitud_km":0.39807318942127617,"Shape_Length":0.0035949704991564053}},{"type":"Feature","id":450,"geometry":{"type":"MultiLineString","coordinates":[[[-74.785627016999968,4.2570189830000231],[-74.778849803999947,4.254415674000029]],[[-74.785643791999973,4.2569462910000766],[-74.778970639999955,4.2542683030000603]],[[-74.778849803999947,4.254415674000029],[-74.776944005999951,4.253551261000041]],[[-74.778970639999955,4.2542683030000603],[-74.778849803999947,4.254415674000029]],[[-74.778970639999955,4.2542683030000603],[-74.776804209999966,4.2532141500000762]],[[-74.776804209999966,4.2532141500000762],[-74.776944005999951,4.253551261000041]],[[-74.776944005999951,4.253551261000041],[-74.748500713999988,4.250318883000034]],[[-74.776804209999966,4.2532141500000762],[-74.748727865999967,4.2500434030000633]],[[-74.748500713999988,4.250318883000034],[-74.745595634999972,4.247370634000049]],[[-74.748727865999967,4.2500434030000633],[-74.748500713999988,4.250318883000034]],[[-74.748727865999967,4.2500434030000633],[-74.745726119999972,4.2472898580000447]]]},"properties":{"OBJECTID":450,"administrador":2,"categoria":1,"codigo_tramo":"45TLG","nombre_ruta":"Transversal Buenaventura - Villavicencio - Puerto Carreño","nombre_tramo":"Por Defnir","ruta":"45","superficie":3,"territorial":12,"amenaza_cat":"Alta","longitud_km":10.401936055276412,"Shape_Length":0.084958619610464026}},{"type":"Feature","id":451,"geometry":{"type":"MultiLineString","coordinates":[[[-76.658301999999935,7.7702650000000517],[-76.658641999999986,7.7699500010000406]],[[-76.658641999999986,7.7699500010000406],[-76.658176624999953,7.7698920840000483]],[[-76.658641999999986,7.7699500010000406],[-76.658653999999956,7.7699460000000613]],[[-76.658653999999956,7.7699460000000613],[-76.658641999999986,7.7699500010000406]],[[-76.663932000999978,7.7427580000000376],[-76.658653999999956,7.7699460000000613]],[[-76.663431999999943,7.7427600000000325],[-76.663932000999978,7.7427580000000376]],[[-76.663932000999978,7.7427580000000376],[-76.663629999999955,7.7424070000000711]]]},"properties":{"OBJECTID":451,"administrador":2,"categoria":1,"codigo_tramo":"62AND","nombre_ruta":"Troncal de Uraba","nombre_tramo":"Por Defnir","ruta":"62","superficie":1,"territorial":1,"amenaza_cat":"Alta","longitud_km":3.7609373255135039,"Shape_Length":0.029616370724437027}},{"type":"Feature","id":452,"geometry":{"type":"LineString","coordinates":[[-76.023415286999978,6.7510520010000619],[-76.021660559999987,6.7469267000000741]]},"properties":{"OBJECTID":452,"administrador":2,"categoria":1,"codigo_tramo":"6203","nombre_ruta":"Troncal de Uraba","nombre_tramo":"Por Defnir","ruta":"62","superficie":3,"territorial":1,"amenaza_cat":"Alta","longitud_km":0.51238423104685393,"Shape_Length":0.0044829873059152288}},{"type":"Feature","id":453,"geometry":{"type":"MultiLineString","coordinates":[[[-76.175636458999975,4.1651610870000582],[-76.167240078999953,4.1901583520000258]],[[-76.174782400999959,4.1655768550000403],[-76.167159548999962,4.1901104540000347]]]},"properties":{"OBJECTID":453,"administrador":3,"categoria":1,"codigo_tramo":"2506","nombre_ruta":"Troncal de Occidente","nombre_tramo":"Por Defnir","ruta":"25","superficie":3,"territorial":25,"amenaza_cat":"Alta","longitud_km":5.7892679570829326,"Shape_Length":0.052060295430026354}},{"type":"Feature","id":454,"geometry":{"type":"MultiLineString","coordinates":[[[-76.145867797999983,4.2221353760000397],[-76.11106844699998,4.265477679000071]],[[-76.145470625999963,4.2217396390000204],[-76.109558222999965,4.2622746410000332]],[[-76.145933414999945,4.2220195830000762],[-76.145867797999983,4.2221353760000397]],[[-76.145470625999963,4.2217396390000204],[-76.145933414999945,4.2220195830000762]],[[-76.146200256999975,4.2212819980000518],[-76.145933414999945,4.2220195830000762]],[[-76.145671172999982,4.2211729360000732],[-76.145470625999963,4.2217396390000204]],[[-76.146200256999975,4.2212819980000518],[-76.145671172999982,4.2211729360000732]],[[-76.14642817899994,4.2202118350000433],[-76.146200256999975,4.2212819980000518]],[[-76.146083595999983,4.2200414470000283],[-76.145671172999982,4.2211729360000732]],[[-76.154329023999935,4.1999779110000759],[-76.14642817899994,4.2202118350000433]],[[-76.146399589999987,4.2194915890000289],[-76.146083595999983,4.2200414470000283]],[[-76.153795023999976,4.2008715270000607],[-76.146399589999987,4.2194915890000289]],[[-76.154082609999989,4.199863419000053],[-76.153795023999976,4.2008715270000607]],[[-76.154857928999945,4.1987949260000619],[-76.154329023999935,4.1999779110000759]],[[-76.154149523999934,4.1989674170000626],[-76.154082609999989,4.199863419000053]],[[-76.154859038999973,4.1987666480000598],[-76.154149523999934,4.1989674170000626]],[[-76.154168079999977,4.1978995010000517],[-76.154149523999934,4.1989674170000626]],[[-76.154859038999973,4.1987666480000598],[-76.154857928999945,4.1987949260000619]],[[-76.154773948999946,4.1978860700000382],[-76.154859038999973,4.1987666480000598]],[[-76.161450540999965,4.1927385090000371],[-76.154168079999977,4.1978995010000517]],[[-76.154773948999946,4.1978860700000382],[-76.154168079999977,4.1978995010000517]],[[-76.167240078999953,4.1901583520000258],[-76.154773948999946,4.1978860700000382]],[[-76.162136824999948,4.1924614110000675],[-76.161450540999965,4.1927385090000371]],[[-76.167159548999962,4.1901104540000347],[-76.162136824999948,4.1924614110000675]]]},"properties":{"OBJECTID":454,"administrador":3,"categoria":1,"codigo_tramo":"2506","nombre_ruta":"Troncal de Occidente","nombre_tramo":"Por Defnir","ruta":"25","superficie":3,"territorial":25,"amenaza_cat":"Alta","longitud_km":22.269475016042048,"Shape_Length":0.19347376107184816}},{"type":"Feature","id":455,"geometry":{"type":"MultiLineString","coordinates":[[[-76.042757200999972,4.4655962950000685],[-76.030296711999938,4.486580985000046]],[[-76.042589085999964,4.465522313000065],[-76.030166562999966,4.4865773340000601]]]},"properties":{"OBJECTID":455,"administrador":3,"categoria":1,"codigo_tramo":"2506","nombre_ruta":"Troncal de Occidente","nombre_tramo":"Por Defnir","ruta":"25","superficie":3,"territorial":25,"amenaza_cat":"Alta","longitud_km":5.909514461037868,"Shape_Length":0.048851881015788565}},{"type":"Feature","id":456,"geometry":{"type":"MultiLineString","coordinates":[[[-76.053108198999951,4.4457893650000528],[-76.042757200999972,4.4655962950000685]],[[-76.052169066999966,4.4459028680000756],[-76.042589085999964,4.465522313000065]],[[-76.053108198999951,4.4457893650000528],[-76.052169066999966,4.4459028680000756]],[[-76.052746137999975,4.4435054120000359],[-76.052169066999966,4.4459028680000756]],[[-76.053546213999937,4.4439860030000204],[-76.053108198999951,4.4457893650000528]],[[-76.053546213999937,4.4439860030000204],[-76.052746137999975,4.4435054120000359]],[[-76.063339564999978,4.4058117570000377],[-76.053546213999937,4.4439860030000204]],[[-76.063208085999975,4.4057572560000722],[-76.052746137999975,4.4435054120000359]],[[-76.064949835999982,4.4033086270000581],[-76.063339581999969,4.4058117260000245]],[[-76.06497380199994,4.4031658680000305],[-76.064949835999982,4.4033086270000581]],[[-76.065282360999959,4.4029763230000754],[-76.064949835999982,4.4033086270000581]],[[-76.064960931999963,4.4028473030000441],[-76.06497380199994,4.4031658680000305]],[[-76.065282360999959,4.4029763230000754],[-76.064960931999963,4.4028473030000441]],[[-76.065442624999946,4.4023477660000481],[-76.065282360999959,4.4029763230000754]],[[-76.064960931999963,4.4028473030000441],[-76.065052966999986,4.4023313510000435]],[[-76.065052966999986,4.4023313510000435],[-76.065442624999946,4.4023477660000481]],[[-76.065285406999976,4.4020556600000305],[-76.065442624999946,4.4023477660000481]],[[-76.065285406999976,4.4020556600000305],[-76.065052966999986,4.4023313510000435]],[[-76.071267299999988,4.3797905370000763],[-76.065285406999976,4.4020556600000305]],[[-76.071174085999985,4.3792481140000632],[-76.071267299999988,4.3797905370000763]],[[-76.069934540999952,4.3604227300000389],[-76.071174085999985,4.3792481140000632]],[[-76.069036310999934,4.3607706430000235],[-76.070117959999948,4.3737146270000267]],[[-76.069934540999952,4.3604227300000389],[-76.069036310999934,4.3607706430000235]],[[-76.069023328999947,4.3588602900000524],[-76.069036310999934,4.3607706430000235]],[[-76.06993855099995,4.3590389770000684],[-76.069934540999952,4.3604227300000389]],[[-76.06993855099995,4.3590389770000684],[-76.069023328999947,4.3588602900000524]],[[-76.065736847999972,4.3286783880000712],[-76.06993855099995,4.3590389770000684]],[[-76.065804700999934,4.3313531200000739],[-76.069023328999947,4.3588602900000524]],[[-76.06553684499994,4.3299476290000598],[-76.065804700999934,4.3313531200000739]],[[-76.064446622999981,4.3309257920000732],[-76.064792846999978,4.3302644930000724]],[[-76.06553684499994,4.3299476290000598],[-76.064792846999978,4.3302644930000724]],[[-76.064792846999978,4.3302644930000724],[-76.065316121999956,4.3293499070000507]],[[-76.065440696999985,4.329530549000026],[-76.06553684499994,4.3299476290000598]],[[-76.065316121999956,4.3293499070000507],[-76.065440696999985,4.329530549000026]],[[-76.06539599499996,4.3292201770000247],[-76.065440696999985,4.329530549000026]],[[-76.065316121999956,4.3293499070000507],[-76.06539599499996,4.3292201770000247]],[[-76.065249588999961,4.3270640640000693],[-76.06539599499996,4.3292201770000247]],[[-76.06539599499996,4.3292201770000247],[-76.065736847999972,4.3286783880000712]],[[-76.066815798999983,4.32655661900003],[-76.065736847999972,4.3286783880000712]],[[-76.065249588999961,4.3270640640000693],[-76.064836536999962,4.3285438570000565]],[[-76.065251493999938,4.3270518470000638],[-76.065249588999961,4.3270640640000693]],[[-76.065584127999955,4.3252629520000596],[-76.065249588999961,4.3270640640000693]],[[-76.066815798999983,4.32655661900003],[-76.065584127999955,4.3252629520000596]],[[-76.071754197999951,4.3136808450000217],[-76.066815798999983,4.32655661900003]],[[-76.071719284999972,4.3115232260000198],[-76.065584127999955,4.3252629520000596]],[[-76.071507097999984,4.3127710500000376],[-76.071754197999951,4.3136808450000217]],[[-76.071974437999984,4.3127556740000728],[-76.071754197999951,4.3136808450000217]],[[-76.071974437999984,4.3127556740000728],[-76.071507097999984,4.3127710500000376]],[[-76.071719284999972,4.3115232260000198],[-76.071507097999984,4.3127710500000376]],[[-76.07212693799994,4.3119562530000621],[-76.071974437999984,4.3127556740000728]],[[-76.07212693799994,4.3119562530000621],[-76.071719284999972,4.3115232260000198]],[[-76.11106844699998,4.265477679000071],[-76.07212693799994,4.3119562530000621]],[[-76.109558222999965,4.2622746410000332],[-76.071719284999972,4.3115232260000198]]]},"properties":{"OBJECTID":456,"administrador":3,"categoria":1,"codigo_tramo":"2506","nombre_ruta":"Troncal de Occidente","nombre_tramo":"Por Defnir","ruta":"25","superficie":3,"territorial":25,"amenaza_cat":"Alta","longitud_km":48.856742502884501,"Shape_Length":0.42658783389279625}},{"type":"Feature","id":457,"geometry":{"type":"LineString","coordinates":[[-76.493959887999949,3.2045790110000212],[-76.494280398999933,3.2051801480000677]]},"properties":{"OBJECTID":457,"administrador":2,"categoria":1,"codigo_tramo":"2504","nombre_ruta":"Alternas a la Troncal de Occidente","nombre_tramo":"Popayan - Santander de Quilichao - Cali","ruta":"25","superficie":1,"territorial":25,"amenaza_cat":"Alta","longitud_km":0.075484222085713495,"Shape_Length":0.00068124371111638713}},{"type":"Feature","id":458,"geometry":{"type":"LineString","coordinates":[[-76.494280398999933,3.2051801480000677],[-76.530947625999943,3.2525767590000214],[-76.532797116999973,3.2744750050000562]]},"properties":{"OBJECTID":458,"administrador":2,"categoria":1,"codigo_tramo":"2504","nombre_ruta":"Alternas a la Troncal de Occidente","nombre_tramo":"Popayan - Santander de Quilichao - Cali","ruta":"25","superficie":1,"territorial":25,"amenaza_cat":"Alta","longitud_km":9.1609750002478769,"Shape_Length":0.081900530937417518}},{"type":"Feature","id":459,"geometry":{"type":"MultiLineString","coordinates":[[[-75.606908617999977,5.7436945350000315],[-75.606030853999982,5.7466035070000316]],[[-75.606947004999938,5.7414228520000279],[-75.606908617999977,5.7436945350000315]]]},"properties":{"OBJECTID":459,"administrador":2,"categoria":1,"codigo_tramo":"2508","nombre_ruta":"Troncal de Occidente","nombre_tramo":"Por Defnir","ruta":"25","superficie":3,"territorial":5,"amenaza_cat":"Alta","longitud_km":0.59357922806279906,"Shape_Length":0.0053105246677310055}},{"type":"Feature","id":460,"geometry":{"type":"MultiLineString","coordinates":[[[-72.994824817999984,5.7910024850000354],[-72.995461800999976,5.7929516860000376]],[[-72.99663443999998,5.7866955080000366],[-72.995165967999981,5.7891187470000318]],[[-72.997284623999974,5.7639738290000651],[-72.995747411999957,5.7605524130000276]],[[-72.99551080599997,5.7584198330000618],[-72.998238886999957,5.7512123670000506]],[[-72.989963930999977,5.7452158750000422],[-72.991850871999986,5.7457551610000337]],[[-72.970733158999963,5.7375202280000508],[-72.972238571999981,5.7380381320000424]],[[-72.956751279999935,5.7329704620000257],[-72.958250857999985,5.733109425000066]],[[-72.96058891399997,5.7327143710000428],[-72.963730629999986,5.7329862680000474]],[[-72.95051222799998,5.7279657980000707],[-72.956190160999938,5.7327604660000588]]]},"properties":{"OBJECTID":460,"administrador":1,"categoria":1,"codigo_tramo":"62BY05","nombre_ruta":"Accesos a Yopal","nombre_tramo":"Por Defnir","ruta":"62","superficie":3,"territorial":4,"amenaza_cat":"Alta","longitud_km":4.382516908914579,"Shape_Length":0.031986975689489418}},{"type":"Feature","id":461,"geometry":{"type":"MultiLineString","coordinates":[[[-76.119996844999946,2.4692597520000277],[-76.119904101999964,2.4702725480000254]],[[-76.122110994999957,2.4677973370000359],[-76.119996844999946,2.4692597520000277]]]},"properties":{"OBJECTID":461,"administrador":1,"categoria":1,"codigo_tramo":"2602","nombre_ruta":"Transversal Huila - Cauca","nombre_tramo":"Por Defnir","ruta":"26","superficie":3,"territorial":8,"amenaza_cat":"Alta","longitud_km":0.48263913839344019,"Shape_Length":0.0035876924631382595}},{"type":"Feature","id":462,"geometry":{"type":"MultiLineString","coordinates":[[[-76.12437999399998,2.4660750590000475],[-76.122910660999935,2.4667019580000442]],[[-76.124697042999969,2.4653573520000691],[-76.12437999399998,2.4660750590000475]]]},"properties":{"OBJECTID":462,"administrador":1,"categoria":1,"codigo_tramo":"2602","nombre_ruta":"Transversal Huila - Cauca","nombre_tramo":"Por Defnir","ruta":"26","superficie":3,"territorial":8,"amenaza_cat":"Alta","longitud_km":0.68236117939778329,"Shape_Length":0.0023820965600471261}},{"type":"Feature","id":463,"geometry":{"type":"MultiLineString","coordinates":[[[-73.208614066999985,5.7342592850000642],[-73.199275433999958,5.741215278000027]],[[-73.219144789999973,5.7295489880000332],[-73.199204099999974,5.7410255700000334]],[[-73.214961199999948,5.7315351840000517],[-73.208888436999985,5.7341419850000648]],[[-73.216446257999962,5.7308110710000619],[-73.216519173999984,5.7307304360000444]],[[-73.220043302999954,5.7289750760000402],[-73.220031419999941,5.7289841400000228]],[[-73.220176335999952,5.7288736000000426],[-73.220043302999954,5.7289750760000402]],[[-73.220048149999968,5.7289737810000361],[-73.220043302999954,5.7289750760000402]],[[-73.223147166999979,5.7251982070000622],[-73.220397903999981,5.7286955170000624]],[[-73.224752361999947,5.7228604700000574],[-73.223368102999984,5.724876446000053]],[[-73.226078290999965,5.7209200080000642],[-73.225230314999976,5.7221624170000496]],[[-73.230076243999974,5.7152044280000496],[-73.226160376999985,5.7207997410000644]],[[-73.227220499999987,5.719476352000072],[-73.226855259999979,5.7200638280000362]],[[-73.230031579999945,5.7154572390000453],[-73.228312284999959,5.7178736450000542]],[[-73.249445745999935,5.6947901190000607],[-73.245347790999972,5.7067457740000691]],[[-73.249688595999942,5.6948985550000657],[-73.245451904999982,5.7067459230000281]],[[-73.249688595999942,5.6948985550000657],[-73.249445745999935,5.6947901190000607]],[[-73.249876707999988,5.6946152310000571],[-73.249688595999942,5.6948985550000657]],[[-73.249687076999976,5.6944138230000476],[-73.249445745999935,5.6947901190000607]],[[-73.249687076999976,5.6944138230000476],[-73.249876707999988,5.6946152310000571]],[[-73.266750695999974,5.6846345230000566],[-73.249876707999988,5.6946152310000571]],[[-73.266678500999944,5.6845519220000256],[-73.249687076999976,5.6944138230000476]]]},"properties":{"OBJECTID":463,"administrador":2,"categoria":1,"codigo_tramo":"5502","nombre_ruta":"Troncal Central del Norte","nombre_tramo":"Por Defnir","ruta":"55","superficie":3,"territorial":4,"amenaza_cat":"Alta","longitud_km":14.4522707028882,"Shape_Length":0.12624277346814697}},{"type":"Feature","id":464,"geometry":{"type":"MultiLineString","coordinates":[[[-73.043270319999976,5.797042111000053],[-73.027542469999958,5.807149971000058]],[[-73.042912987999955,5.7969573040000455],[-73.027522805999979,5.8070518990000437]],[[-73.043270319999976,5.797042111000053],[-73.042912987999955,5.7969573040000455]],[[-73.043386681999948,5.7967305780000515],[-73.043270319999976,5.797042111000053]],[[-73.043016267999974,5.796605765000038],[-73.042912987999955,5.7969573040000455]],[[-73.043016267999974,5.796605765000038],[-73.043386681999948,5.7967305780000515]],[[-73.061929706999933,5.7895981560000678],[-73.043386681999948,5.7967305780000515]],[[-73.061944623999977,5.7892775440000719],[-73.043016267999974,5.796605765000038]],[[-73.062260069999979,5.7895857630000478],[-73.061929706999933,5.7895981560000678]],[[-73.061929706999933,5.7895981560000678],[-73.061944623999977,5.7892775440000719]],[[-73.062251008999965,5.7892612100000633],[-73.062260069999979,5.7895857630000478]],[[-73.062260069999979,5.7895857630000478],[-73.077887674999943,5.7885419420000517]],[[-73.062251008999965,5.7892612100000633],[-73.061944623999977,5.7892775440000719]],[[-73.077867347999984,5.7884273490000737],[-73.062251008999965,5.7892612100000633]]]},"properties":{"OBJECTID":464,"administrador":2,"categoria":1,"codigo_tramo":"5502","nombre_ruta":"Troncal Central del Norte","nombre_tramo":"Por Defnir","ruta":"55","superficie":3,"territorial":4,"amenaza_cat":"Alta","longitud_km":13.167566281275315,"Shape_Length":0.11130724501635775}},{"type":"Feature","id":465,"geometry":{"type":"MultiLineString","coordinates":[[[-73.303444099999979,5.6279207690000703],[-73.286829033999936,5.6457952050000699]],[[-73.30325109599994,5.6276034680000748],[-73.286724982999942,5.6457535200000279]],[[-73.30325109599994,5.6276034680000748],[-73.303444099999979,5.6279207690000703]],[[-73.303926298999954,5.6275570170000719],[-73.303444099999979,5.6279207690000703]],[[-73.303607684999974,5.6273799010000403],[-73.303926298999954,5.6275570170000719]],[[-73.303607684999974,5.6273799010000403],[-73.30325109599994,5.6276034680000748]],[[-73.307359804999976,5.6249946570000589],[-73.303926298999954,5.6275570170000719]],[[-73.31443950299996,5.6177695870000548],[-73.303607684999974,5.6273799010000403]]]},"properties":{"OBJECTID":465,"administrador":2,"categoria":1,"codigo_tramo":"5502","nombre_ruta":"Troncal Central del Norte","nombre_tramo":"Por Defnir","ruta":"55","superficie":3,"territorial":4,"amenaza_cat":"Alta","longitud_km":7.9741386493956163,"Shape_Length":0.069476238733168438}},{"type":"Feature","id":466,"geometry":{"type":"MultiLineString","coordinates":[[[-73.077887674999943,5.7885419420000517],[-73.08952149299995,5.7856921970000599]],[[-73.089531630999943,5.7853624710000418],[-73.077867347999984,5.7884273490000737]],[[-73.08952149299995,5.7856921970000599],[-73.089531630999943,5.7853624710000418]],[[-73.089900041999954,5.7856180560000325],[-73.08952149299995,5.7856921970000599]],[[-73.089840599999945,5.7853157460000375],[-73.089900041999954,5.7856180560000325]],[[-73.109912039999983,5.7788070300000527],[-73.089900041999954,5.7856180560000325]],[[-73.089531630999943,5.7853624710000418],[-73.089840599999945,5.7853157460000375]],[[-73.109927879999987,5.778464040000074],[-73.089840599999945,5.7853157460000375]],[[-73.110112919999949,5.7789060300000301],[-73.126100880999957,5.7797735770000713]],[[-73.125847823999948,5.7794298740000727],[-73.11038291999995,5.7785879700000464]],[[-73.126100880999957,5.7797735770000713],[-73.125847823999948,5.7794298740000727]],[[-73.126289879999945,5.7796665680000388],[-73.126100880999957,5.7797735770000713]],[[-73.126231919999952,5.7793125070000428],[-73.126289879999945,5.7796665680000388]],[[-73.151221357999987,5.768288425000037],[-73.126289879999945,5.7796665680000388]],[[-73.126231919999952,5.7793125070000428],[-73.125847823999948,5.7794298740000727]],[[-73.151064781999935,5.7679758190000712],[-73.126231919999952,5.7793125070000428]],[[-73.109912039999983,5.7788070300000527],[-73.110112919999949,5.7789060300000301]],[[-73.11038291999995,5.7785879700000464],[-73.110112919999949,5.7789060300000301]],[[-73.109927879999987,5.778464040000074],[-73.109912039999983,5.7788070300000527]],[[-73.11038291999995,5.7785879700000464],[-73.109927879999987,5.778464040000074]],[[-73.151221357999987,5.768288425000037],[-73.151064781999935,5.7679758190000712]],[[-73.151868220999972,5.768013518000032],[-73.151221357999987,5.768288425000037]],[[-73.151724613999988,5.7676932600000441],[-73.151868220999972,5.768013518000032]],[[-73.170323966999945,5.7541448160000641],[-73.151868220999972,5.768013518000032]],[[-73.151724613999988,5.7676932600000441],[-73.151064781999935,5.7679758190000712]],[[-73.170296066999981,5.7540322760000322],[-73.151724613999988,5.7676932600000441]]]},"properties":{"OBJECTID":466,"administrador":2,"categoria":1,"codigo_tramo":"5502","nombre_ruta":"Troncal Central del Norte","nombre_tramo":"Por Defnir","ruta":"55","superficie":3,"territorial":4,"amenaza_cat":"Alta","longitud_km":23.829945936411033,"Shape_Length":0.20506213457256989}},{"type":"Feature","id":467,"geometry":{"type":"MultiLineString","coordinates":[[[-75.537491817999978,5.0495851820000439],[-75.550690730999975,5.0534681160000332],[-75.546234941999955,5.0632816500000217],[-75.56583922599998,5.0504838010000412]],[[-75.537637515999961,5.0494061400000305],[-75.550752608999971,5.0534359880000466],[-75.546236885999974,5.0631901600000333],[-75.565585924999937,5.0501772450000431]],[[-75.606760311999949,5.0581499870000357],[-75.580787935999979,5.0421521830000415]],[[-75.579549523999958,5.0422007370000301],[-75.566136305999976,5.0506474860000594]],[[-75.578813447999948,5.0433407990000205],[-75.566393869999956,5.0505236840000407]],[[-75.528627000999961,5.0491673270000206],[-75.537111275999962,5.0492918240000222]],[[-75.528901666999957,5.047901166000031],[-75.537283163999973,5.0491058320000661]],[[-75.566136305999976,5.0506474860000594],[-75.566393869999956,5.0505236840000407]],[[-75.56583922599998,5.0504838010000412],[-75.566136305999976,5.0506474860000594]],[[-75.566393869999956,5.0505236840000407],[-75.565585924999937,5.0501772450000431]],[[-75.565585924999937,5.0501772450000431],[-75.56583922599998,5.0504838010000412]],[[-75.537111275999962,5.0492918240000222],[-75.537491817999978,5.0495851820000439]],[[-75.537637515999961,5.0494061400000305],[-75.537491817999978,5.0495851820000439]],[[-75.537283163999973,5.0491058320000661],[-75.537637515999961,5.0494061400000305]],[[-75.537283163999973,5.0491058320000661],[-75.537111275999962,5.0492918240000222]],[[-75.528901666999957,5.047901166000031],[-75.528633557999967,5.0481085480000729]],[[-75.528719494999962,5.0477824700000724],[-75.528901666999957,5.047901166000031]],[[-75.579529067999943,5.0420636140000283],[-75.578813447999948,5.0433407990000205]],[[-75.580787935999979,5.0421521830000415],[-75.579549523999958,5.0422007370000301]],[[-75.580787935999979,5.0421521830000415],[-75.579609738999977,5.0419730280000294]],[[-75.579609738999977,5.0419730280000294],[-75.579529067999943,5.0420636140000283]]]},"properties":{"OBJECTID":467,"administrador":2,"categoria":1,"codigo_tramo":"5005","nombre_ruta":"Transversal Las Animas - Bogotá","nombre_tramo":"Por Defnir","ruta":"50","superficie":3,"territorial":5,"amenaza_cat":"Alta","longitud_km":28.191741737826817,"Shape_Length":0.18129334696978294}},{"type":"Feature","id":468,"geometry":{"type":"LineString","coordinates":[[-75.577723886999934,5.6708611440000709],[-75.578179929999976,5.6708775080000464]]},"properties":{"OBJECTID":468,"administrador":2,"categoria":1,"codigo_tramo":"2508","nombre_ruta":"Troncal de Occidente","nombre_tramo":"Por Defnir","ruta":"25","superficie":3,"territorial":5,"amenaza_cat":"Alta","longitud_km":0.051312457946052416,"Shape_Length":0.00045633649687801232}},{"type":"Feature","id":469,"geometry":{"type":"LineString","coordinates":[[-75.585610547999977,5.4456126820000463],[-75.578866582999979,5.5163305840000589]]},"properties":{"OBJECTID":469,"administrador":2,"categoria":1,"codigo_tramo":"2508","nombre_ruta":"Troncal de Occidente","nombre_tramo":"Por Defnir","ruta":"25","superficie":3,"territorial":5,"amenaza_cat":"Alta","longitud_km":8.5357272553609995,"Shape_Length":0.071038741030543237}},{"type":"Feature","id":470,"geometry":{"type":"MultiLineString","coordinates":[[[-75.610787922999975,5.3774572110000349],[-75.585610547999977,5.4456126820000463]],[[-75.613049010999987,5.3778765370000201],[-75.610787922999975,5.3774572110000349]]]},"properties":{"OBJECTID":470,"administrador":2,"categoria":1,"codigo_tramo":"2508","nombre_ruta":"Troncal de Occidente","nombre_tramo":"Por Defnir","ruta":"25","superficie":3,"territorial":5,"amenaza_cat":"Alta","longitud_km":8.7715312104495329,"Shape_Length":0.074956840103677924}},{"type":"Feature","id":471,"geometry":{"type":"LineString","coordinates":[[-75.578866582999979,5.5163305840000589],[-75.569829881999965,5.5385488190000274],[-75.583965538999962,5.6079328940000437]]},"properties":{"OBJECTID":471,"administrador":2,"categoria":1,"codigo_tramo":"2508","nombre_ruta":"Troncal de Occidente","nombre_tramo":"Por Defnir","ruta":"25","superficie":3,"territorial":5,"amenaza_cat":"Alta","longitud_km":11.304369267299364,"Shape_Length":0.094795029420732202}},{"type":"Feature","id":472,"geometry":{"type":"MultiLineString","coordinates":[[[-75.602273640999954,5.7356596110000737],[-75.606947004999938,5.7414228520000279]],[[-75.602228887999956,5.7356136150000339],[-75.602273640999954,5.7356596110000737]],[[-75.602219222999963,5.7356036830000221],[-75.602228887999956,5.7356136150000339]],[[-75.602104201999964,5.7354766750000294],[-75.602219222999963,5.7356036830000221]],[[-75.602095103999943,5.7354663440000309],[-75.602104201999964,5.7354766750000294]],[[-75.602027086999954,5.7353891260000296],[-75.602095103999943,5.7354663440000309]],[[-75.602025601999969,5.7353874400000677],[-75.602027086999954,5.7353891260000296]],[[-75.601986014999966,5.7353410340000437],[-75.602025601999969,5.7353874400000677]],[[-75.601958533999948,5.7353080280000768],[-75.601986014999966,5.7353410340000437]],[[-75.601924551999957,5.7352673920000257],[-75.601958533999948,5.7353080280000768]],[[-75.601839041999938,5.7351665490000414],[-75.601888087999953,5.7352225110000745]],[[-75.600722811999958,5.6800543300000754],[-75.601799165999978,5.7351167060000421]]]},"properties":{"OBJECTID":472,"administrador":2,"categoria":1,"codigo_tramo":"2508","nombre_ruta":"Troncal de Occidente","nombre_tramo":"Por Defnir","ruta":"25","superficie":3,"territorial":5,"amenaza_cat":"Alta","longitud_km":7.3808591271527888,"Shape_Length":0.0630924496617222}},{"type":"Feature","id":473,"geometry":{"type":"MultiLineString","coordinates":[[[-75.578179929999976,5.6708775080000464],[-75.600722811999958,5.6800543300000754]],[[-75.583965538999962,5.6079328940000437],[-75.592504478999956,5.6460513960000753],[-75.573528265999983,5.6636905660000707],[-75.577723886999934,5.6708611440000709]]]},"properties":{"OBJECTID":473,"administrador":2,"categoria":1,"codigo_tramo":"2508","nombre_ruta":"Troncal de Occidente","nombre_tramo":"Por Defnir","ruta":"25","superficie":3,"territorial":5,"amenaza_cat":"Alta","longitud_km":11.872583034527853,"Shape_Length":0.097618474032866248}},{"type":"Feature","id":474,"geometry":{"type":"MultiLineString","coordinates":[[[-76.377830694999943,3.8679936670000643],[-76.377595124999971,3.8689240860000496]],[[-76.377830694999943,3.8679936670000643],[-76.37816354399996,3.8686454500000309]],[[-76.378939471999956,3.8508875220000505],[-76.377830694999943,3.8679936670000643]],[[-76.380615688999967,3.847777269000062],[-76.378939471999956,3.8508875220000505]]]},"properties":{"OBJECTID":474,"administrador":2,"categoria":4,"codigo_tramo":"23VLB","nombre_ruta":"Alternas a la Troncal de Occidente","nombre_tramo":"Por Defnir","ruta":"23","superficie":1,"territorial":28,"amenaza_cat":"Alta","longitud_km":2.5141930419641851,"Shape_Length":0.022366854630471718}},{"type":"Feature","id":475,"geometry":{"type":"MultiLineString","coordinates":[[[-76.312181823999936,3.8949330950000558],[-76.312217841999939,3.8951707370000577]],[[-76.312288061999936,3.8947299990000488],[-76.312350236999976,3.8951604670000393]],[[-76.310456767999938,3.8938930900000628],[-76.312181823999936,3.8949330950000558]],[[-76.311979967999946,3.8938994820000516],[-76.312181823999936,3.8949330950000558]],[[-76.312112462999949,3.8938642270000514],[-76.312288061999936,3.8947299990000488]],[[-76.313719809999952,3.8929674090000503],[-76.312288061999936,3.8947299990000488]],[[-76.31135263699997,3.8936056560000338],[-76.311979967999946,3.8938994820000516]],[[-76.312112462999949,3.8938642270000514],[-76.312444933999984,3.8932981690000474]],[[-76.311907906999977,3.8934467270000255],[-76.311979967999946,3.8938994820000516]],[[-76.312040108999952,3.8934101560000727],[-76.312112462999949,3.8938642270000514]],[[-76.311791189999951,3.891703170000028],[-76.310504303999949,3.8937448830000676]],[[-76.311336751999988,3.8935056590000272],[-76.311877821999985,3.8931050240000218]],[[-76.31189838399996,3.8933683610000571],[-76.311907906999977,3.8934467270000255]],[[-76.312031091999984,3.8933360810000295],[-76.312040108999952,3.8934101560000727]],[[-76.311877821999985,3.8931050240000218],[-76.31189838399996,3.8933683610000571]],[[-76.312024336999968,3.8927300950000472],[-76.312031091999984,3.8933360810000295]],[[-76.311791189999951,3.891703170000028],[-76.311877821999985,3.8931050240000218]],[[-76.313613639999971,3.8929604120000363],[-76.312024336999968,3.8927300950000472]],[[-76.312755162999963,3.8879116720000297],[-76.312024336999968,3.8927300950000472]],[[-76.312321396999948,3.8876552020000759],[-76.311791189999951,3.891703170000028]],[[-76.312755162999963,3.8879116720000297],[-76.312321396999948,3.8876552020000759]],[[-76.312860426999976,3.8864716540000472],[-76.312755162999963,3.8879116720000297]],[[-76.312443862999942,3.8868093900000531],[-76.312321396999948,3.8876552020000759]],[[-76.312860426999976,3.8864716540000472],[-76.312443862999942,3.8868093900000531]],[[-76.296949138999935,3.8614377670000408],[-76.312443862999942,3.8868093900000531]],[[-76.297551930999987,3.8609365040000512],[-76.312860426999976,3.8864716540000472]],[[-76.296949138999935,3.8614377670000408],[-76.297551930999987,3.8609365040000512]],[[-76.296329256999968,3.8596923100000708],[-76.296949138999935,3.8614377670000408]],[[-76.297551930999987,3.8609365040000512],[-76.297123438999961,3.8597253430000364]],[[-76.296329256999968,3.8596923100000708],[-76.297123438999961,3.8597253430000364]],[[-76.297123438999961,3.8597253430000364],[-76.297635726999943,3.8506416150000291]],[[-76.297635726999943,3.8506416150000291],[-76.296329256999968,3.8596923100000708]],[[-76.29821231699998,3.8479046010000388],[-76.297635726999943,3.8506416150000291]],[[-76.298494725999944,3.8465906170000608],[-76.29821231699998,3.8479046010000388]],[[-76.298868066999944,3.8467562420000263],[-76.29821231699998,3.8479046010000388]],[[-76.298868066999944,3.8467562420000263],[-76.298494725999944,3.8465906170000608]],[[-76.300533217999941,3.8388822880000362],[-76.298868066999944,3.8467562420000263]],[[-76.300052885999946,3.8387282630000641],[-76.298494725999944,3.8465906170000608]],[[-76.300533217999941,3.8388822880000362],[-76.300052885999946,3.8387282630000641]],[[-76.304979810999953,3.8229998210000531],[-76.300533217999941,3.8388822880000362]],[[-76.304604532999974,3.8226795440000387],[-76.300052885999946,3.8387282630000641]],[[-76.304979810999953,3.8229998210000531],[-76.304604532999974,3.8226795440000387]],[[-76.305441776999942,3.8220955600000366],[-76.304979810999953,3.8229998210000531]],[[-76.304604532999974,3.8226795440000387],[-76.304946663999942,3.8220065120000299]],[[-76.305441776999942,3.8220955600000366],[-76.304946663999942,3.8220065120000299]],[[-76.307794132999959,3.8153835440000421],[-76.305441776999942,3.8220955600000366]],[[-76.304946663999942,3.8220065120000299],[-76.307277073999956,3.8155088980000755]],[[-76.307794132999959,3.8153835440000421],[-76.307277073999956,3.8155088980000755]],[[-76.307277073999956,3.8155088980000755],[-76.308090870999933,3.8100077330000204]],[[-76.308601815999964,3.8099390830000743],[-76.307794132999959,3.8153835440000421]],[[-76.308145800999966,3.8069216180000467],[-76.308090870999933,3.8100077330000204]],[[-76.308601815999964,3.8099390830000743],[-76.308090870999933,3.8100077330000204]],[[-76.309024995999948,3.8042878430000542],[-76.308601815999964,3.8099390830000743]],[[-76.308706927999935,3.8044364920000362],[-76.308145800999966,3.8069216180000467]]]},"properties":{"OBJECTID":475,"administrador":2,"categoria":1,"codigo_tramo":"2505","nombre_ruta":"Troncal de Occidente","nombre_tramo":"Por Defnir","ruta":"25","superficie":3,"territorial":28,"amenaza_cat":"Alta","longitud_km":24.540135332862135,"Shape_Length":0.20685035783041344}},{"type":"Feature","id":476,"geometry":{"type":"MultiLineString","coordinates":[[[-76.319007288999956,3.7020476100000224],[-76.31983082499994,3.7070312140000397]],[[-76.315534124999942,3.6966731230000391],[-76.319600242999968,3.7069900990000519]],[[-76.31808052699995,3.7000737290000529],[-76.319007288999956,3.7020476100000224]],[[-76.320104391999962,3.7005873990000282],[-76.319007288999956,3.7020476100000224]],[[-76.319887776999963,3.7005630460000702],[-76.31808052699995,3.7000737290000529]],[[-76.315950115999954,3.696322738000049],[-76.31808052699995,3.7000737290000529]],[[-76.315950115999954,3.696322738000049],[-76.315534124999942,3.6966731230000391]],[[-76.313036519999969,3.6918104370000719],[-76.315534124999942,3.6966731230000391]],[[-76.313480139999967,3.6916574440000431],[-76.315950115999954,3.696322738000049]],[[-76.312552708999988,3.691143185000044],[-76.313036519999969,3.6918104370000719]],[[-76.313480139999967,3.6916574440000431],[-76.313036519999969,3.6918104370000719]],[[-76.312930308999967,3.6908330260000639],[-76.313480139999967,3.6916574440000431]],[[-76.312930308999967,3.6908330260000639],[-76.312552708999988,3.691143185000044]],[[-76.308195222999984,3.6880561960000477],[-76.312552708999988,3.691143185000044]],[[-76.308476395999946,3.687604231000023],[-76.312930308999967,3.6908330260000639]],[[-76.308476395999946,3.687604231000023],[-76.308195222999984,3.6880561960000477]],[[-76.303578714999958,3.6822275200000263],[-76.308195222999984,3.6880561960000477]],[[-76.304143709999948,3.6821238390000417],[-76.308476395999946,3.687604231000023]],[[-76.299962280999978,3.6752393950000624],[-76.303578714999958,3.6822275200000263]],[[-76.304143709999948,3.6821238390000417],[-76.303578714999958,3.6822275200000263]],[[-76.300735990999954,3.6747026200000619],[-76.304143709999948,3.6821238390000417]],[[-76.300735990999954,3.6747026200000619],[-76.299962280999978,3.6752393950000624]],[[-76.298589392999986,3.6733674460000429],[-76.299962280999978,3.6752393950000624]],[[-76.299305954999966,3.6728188700000715],[-76.300735990999954,3.6747026200000619]],[[-76.292232028999933,3.6640664000000243],[-76.298589392999986,3.6733674460000429]],[[-76.299305954999966,3.6728188700000715],[-76.298589392999986,3.6733674460000429]],[[-76.292616573999965,3.664260238000054],[-76.299305954999966,3.6728188700000715]],[[-76.292616573999965,3.664260238000054],[-76.292232028999933,3.6640664000000243]],[[-76.29274993599995,3.6631606500000657],[-76.292616573999965,3.664260238000054]],[[-76.292324662999988,3.663448064000022],[-76.292232028999933,3.6640664000000243]],[[-76.29274993599995,3.6631606500000657],[-76.292324662999988,3.663448064000022]],[[-76.294314224999937,3.6398106340000709],[-76.292324662999988,3.663448064000022]],[[-76.294418231999941,3.6394246020000764],[-76.29274993599995,3.6631606500000657]],[[-76.29388731399996,3.6390318200000706],[-76.294314224999937,3.6398106340000709]],[[-76.293744223999965,3.6373209460000453],[-76.294418231999941,3.6394246020000764]],[[-76.292207430999952,3.6358233550000705],[-76.29388731399996,3.6390318200000706]],[[-76.29388731399996,3.6390318200000706],[-76.293628174999981,3.6373210150000546]],[[-76.293628174999981,3.6373210150000546],[-76.293744223999965,3.6373209460000453]],[[-76.293586956999945,3.637016878000054],[-76.292207430999952,3.6358233550000705]],[[-76.293698822999943,3.6370048740000698],[-76.293586956999945,3.637016878000054]],[[-76.294567365999967,3.6354332760000716],[-76.293698822999943,3.6370048740000698]],[[-76.291650791999984,3.6346840670000233],[-76.292207430999952,3.6358233550000705]],[[-76.293846650999967,3.6331478970000717],[-76.294567365999967,3.6354332760000716]],[[-76.271109192999972,3.6093166430000565],[-76.291650791999984,3.6346840670000233]]]},"properties":{"OBJECTID":476,"administrador":2,"categoria":1,"codigo_tramo":"2505","nombre_ruta":"Troncal de Occidente","nombre_tramo":"Por Defnir","ruta":"25","superficie":3,"territorial":28,"amenaza_cat":"Alta","longitud_km":24.818872784826478,"Shape_Length":0.21025534973838661}},{"type":"Feature","id":477,"geometry":{"type":"MultiLineString","coordinates":[[[-76.321708387999934,3.7287572030000433],[-76.32333745699998,3.7347435880000717]],[[-76.319539504999966,3.7141865020000751],[-76.323570548999953,3.7347232270000745]],[[-76.319343634999939,3.7167921160000219],[-76.321708387999934,3.7287572030000433]],[[-76.318841360999954,3.7141120840000212],[-76.319343634999939,3.7167921160000219]],[[-76.319539504999966,3.7141865020000751],[-76.318841360999954,3.7141120840000212]],[[-76.319552895999948,3.7120414150000443],[-76.319539504999966,3.7141865020000751]],[[-76.318838449999987,3.7120575960000224],[-76.318841360999954,3.7141120840000212]],[[-76.319552895999948,3.7120414150000443],[-76.318838449999987,3.7120575960000224]],[[-76.319600242999968,3.7069900990000519],[-76.318838449999987,3.7120575960000224]],[[-76.31983082499994,3.7070312140000397],[-76.319552895999948,3.7120414150000443]]]},"properties":{"OBJECTID":477,"administrador":2,"categoria":1,"codigo_tramo":"2505","nombre_ruta":"Troncal de Occidente","nombre_tramo":"Por Defnir","ruta":"25","superficie":3,"territorial":28,"amenaza_cat":"Alta","longitud_km":6.6998273442833032,"Shape_Length":0.057814598209426943}},{"type":"Feature","id":478,"geometry":{"type":"MultiLineString","coordinates":[[[-76.310238679999941,3.7997194060000652],[-76.308706927999935,3.8044364920000362]],[[-76.310718359999953,3.7999466640000605],[-76.309024995999948,3.8042878430000542]],[[-76.310238679999941,3.7997194060000652],[-76.310718359999953,3.7999466640000605]],[[-76.311050290999958,3.7989503850000688],[-76.310718359999953,3.7999466640000605]],[[-76.310557703999962,3.7987978760000374],[-76.310238679999941,3.7997194060000652]],[[-76.311050290999958,3.7989503850000688],[-76.310557703999962,3.7987978760000374]],[[-76.32211680599994,3.7843171520000283],[-76.311050290999958,3.7989503850000688]],[[-76.310853864999956,3.7980084520000332],[-76.310557703999962,3.7987978760000374]],[[-76.321588427999984,3.7841371550000531],[-76.310853864999956,3.7980084520000332]],[[-76.32211680599994,3.7843171520000283],[-76.321588427999984,3.7841371550000531]],[[-76.326799806999986,3.771808902000032],[-76.32211680599994,3.7843171520000283]],[[-76.32631738699996,3.771799690000023],[-76.321588427999984,3.7841371550000531]],[[-76.32631738699996,3.771799690000023],[-76.326799806999986,3.771808902000032]],[[-76.326925059999951,3.7709403940000357],[-76.326799806999986,3.771808902000032]],[[-76.326445867999951,3.7708129060000601],[-76.32631738699996,3.771799690000023]],[[-76.326925059999951,3.7709403940000357],[-76.326445867999951,3.7708129060000601]],[[-76.325877662999972,3.7544405170000346],[-76.326925059999951,3.7709403940000357]],[[-76.325466974999983,3.7546699300000341],[-76.326445867999951,3.7708129060000601]],[[-76.32527657199995,3.7535068740000384],[-76.325466974999983,3.7546699300000341]],[[-76.325877662999972,3.7544405170000346],[-76.325466974999983,3.7546699300000341]],[[-76.325760238999976,3.7534294100000238],[-76.325877662999972,3.7544405170000346]],[[-76.325760238999976,3.7534294100000238],[-76.32527657199995,3.7535068740000384]],[[-76.323593986999981,3.7388560230000394],[-76.32527657199995,3.7535068740000384]],[[-76.32405412199995,3.7388707910000676],[-76.325760238999976,3.7534294100000238]],[[-76.32405412199995,3.7388707910000676],[-76.323593986999981,3.7388560230000394]],[[-76.32390821599995,3.7376487530000304],[-76.32405412199995,3.7388707910000676]],[[-76.323457659999974,3.737637937000045],[-76.323593986999981,3.7388560230000394]],[[-76.32390821599995,3.7376487530000304],[-76.323457659999974,3.737637937000045]],[[-76.323570548999953,3.7347232270000745],[-76.32390821599995,3.7376487530000304]],[[-76.32333745699998,3.7347435880000717],[-76.323457659999974,3.737637937000045]]]},"properties":{"OBJECTID":478,"administrador":2,"categoria":1,"codigo_tramo":"2505","nombre_ruta":"Troncal de Occidente","nombre_tramo":"Por Defnir","ruta":"25","superficie":3,"territorial":28,"amenaza_cat":"Alta","longitud_km":17.951038987614435,"Shape_Length":0.15387574540499485}},{"type":"Feature","id":479,"geometry":{"type":"LineString","coordinates":[[-76.290801973999976,3.5605703990000279],[-76.271109192999972,3.6093166430000565]]},"properties":{"OBJECTID":479,"administrador":2,"categoria":1,"codigo_tramo":"2505","nombre_ruta":"Troncal de Occidente","nombre_tramo":"Por Defnir","ruta":"25","superficie":3,"territorial":28,"amenaza_cat":"Alta","longitud_km":6.1469583363263318,"Shape_Length":0.052573776044948652}},{"type":"Feature","id":480,"geometry":{"type":"MultiLineString","coordinates":[[[-76.486892240999964,3.4920257980000429],[-76.483237525999982,3.4927527610000197]],[[-76.486436757999968,3.4919355540000652],[-76.483191796999961,3.4925134650000587]]]},"properties":{"OBJECTID":480,"administrador":2,"categoria":1,"codigo_tramo":"2505","nombre_ruta":"Alternas a la Troncal de Occidente","nombre_tramo":"Por Defnir","ruta":"25","superficie":3,"territorial":28,"amenaza_cat":"Alta","longitud_km":0.78258607484588272,"Shape_Length":0.0070223349068636066}},{"type":"Feature","id":481,"geometry":{"type":"MultiLineString","coordinates":[[[-76.335504939999964,3.5251551620000328],[-76.321582294999985,3.5342980200000511]],[[-76.335911525999961,3.5247689530000343],[-76.321492144999979,3.534229989000039]],[[-76.337678504999985,3.527029409000022],[-76.340012327999943,3.5241291990000718]],[[-76.335504939999964,3.5251551620000328],[-76.337432326999988,3.5268397240000695]],[[-76.338314625999942,3.5245103990000644],[-76.337708160999966,3.5257530650000604]],[[-76.337471090999941,3.5255914190000226],[-76.336514469999941,3.5249345150000408]],[[-76.336514469999941,3.5249345150000408],[-76.335504939999964,3.5251551620000328]],[[-76.337534995999988,3.5246873880000749],[-76.336514469999941,3.5249345150000408]],[[-76.337550388999944,3.5226064050000332],[-76.335911525999961,3.5247689530000343]],[[-76.336798893999969,3.5245709600000623],[-76.335911525999961,3.5247689530000343]],[[-76.337694782999961,3.5246511120000719],[-76.337534995999988,3.5246873880000749]],[[-76.338314625999942,3.5245103990000644],[-76.337694782999961,3.5246511120000719]],[[-76.337550415999942,3.5239619300000413],[-76.336798893999969,3.5245709600000623]],[[-76.337543281999956,3.5244315390000338],[-76.336798893999969,3.5245709600000623]],[[-76.340012327999943,3.5241291990000718],[-76.338314625999942,3.5245103990000644]],[[-76.337700661999975,3.5243968570000561],[-76.337543281999956,3.5244315390000338]],[[-76.338706634999937,3.5241566800000328],[-76.337700661999975,3.5243968570000561]],[[-76.338706634999937,3.5241566800000328],[-76.337767885999938,3.5236718930000279]],[[-76.339588540999955,3.5239314820000232],[-76.338706634999937,3.5241566800000328]],[[-76.354793957999959,3.5210584210000206],[-76.340012327999943,3.5241291990000718]],[[-76.339588540999955,3.5239314820000232],[-76.337807784999939,3.5222454440000206]],[[-76.35475626799996,3.5207204390000584],[-76.339588540999955,3.5239314820000232]],[[-76.358271381999941,3.5213237900000536],[-76.357315102999962,3.5207039990000339]],[[-76.358745349999936,3.5203475630000298],[-76.358271381999941,3.5213237900000536]],[[-76.358271381999941,3.5213237900000536],[-76.358087564999948,3.5205194280000569]],[[-76.35475626799996,3.5207204390000584],[-76.354793957999959,3.5210584210000206]],[[-76.357315102999962,3.5207039990000339],[-76.354793957999959,3.5210584210000206]],[[-76.357449887999962,3.5204061510000315],[-76.35475626799996,3.5207204390000584]],[[-76.358087564999948,3.5205194280000569],[-76.357315102999962,3.5207039990000339]],[[-76.358087564999948,3.5205194280000569],[-76.358031263999976,3.520273062000058]],[[-76.358745349999936,3.5203475630000298],[-76.358087564999948,3.5205194280000569]],[[-76.357782888999964,3.519052595000062],[-76.357449887999962,3.5204061510000315]],[[-76.358031263999976,3.520273062000058],[-76.357449887999962,3.5204061510000315]],[[-76.362186293999969,3.5195514190000381],[-76.358745349999936,3.5203475630000298]],[[-76.358031263999976,3.520273062000058],[-76.357782888999964,3.519052595000062]],[[-76.359277529999986,3.51986818000006],[-76.358031263999976,3.520273062000058]],[[-76.357782888999964,3.519052595000062],[-76.359277529999986,3.51986818000006]],[[-76.362094137999975,3.5189879600000609],[-76.359277529999986,3.51986818000006]],[[-76.362186293999969,3.5195514190000381],[-76.362094137999975,3.5189879600000609]],[[-76.39214134599996,3.512521371000048],[-76.362186293999969,3.5195514190000381]],[[-76.433296325999947,3.503231612000036],[-76.362094137999975,3.5189879600000609]],[[-76.393837090999966,3.5146152780000648],[-76.39214134599996,3.512521371000048]],[[-76.394256902999985,3.5141283290000729],[-76.395724606999977,3.5119015880000575]],[[-76.393384381999965,3.5122793660000298],[-76.394227740999952,3.5131514340000649]],[[-76.393384381999965,3.5122793660000298],[-76.39214134599996,3.512521371000048]],[[-76.395724606999977,3.5119015880000575],[-76.393384381999965,3.5122793660000298]],[[-76.431362108999963,3.5038895620000403],[-76.395724606999977,3.5119015880000575]],[[-76.431362108999963,3.5038895620000403],[-76.433610420999969,3.5058544660000734]],[[-76.433788658999958,3.5057612970000491],[-76.436132439999938,3.5028161130000512]],[[-76.433218942999986,3.5035059870000396],[-76.43398326199997,3.5036699930000736]],[[-76.434718242999963,3.5031705520000287],[-76.434108264999963,3.5036632700000609]],[[-76.433218942999986,3.5035059870000396],[-76.431362108999963,3.5038895620000403]],[[-76.434718242999963,3.5031705520000287],[-76.433218942999986,3.5035059870000396]],[[-76.433296325999947,3.503231612000036],[-76.433680766999942,3.502424804000043]],[[-76.434671206999951,3.5029218560000572],[-76.433296325999947,3.503231612000036]],[[-76.436132439999938,3.5028161130000512],[-76.434718242999963,3.5031705520000287]],[[-76.433838540999943,3.5023886070000572],[-76.434671206999951,3.5029218560000572]],[[-76.469170108999947,3.4938006580000547],[-76.434671206999951,3.5029218560000572]],[[-76.469294958999967,3.4940505670000448],[-76.436132439999938,3.5028161130000512]],[[-76.469952945999978,3.4947855180000715],[-76.469294958999967,3.4940505670000448]],[[-76.470619520999946,3.4940023280000219],[-76.469952945999978,3.4947855180000715]],[[-76.469913994999956,3.4940264350000234],[-76.469952945999978,3.4947855180000715]],[[-76.469913994999956,3.4940264350000234],[-76.469294958999967,3.4940505670000448]],[[-76.469901195999967,3.4937770050000267],[-76.469913994999956,3.4940264350000234]],[[-76.470619520999946,3.4940023280000219],[-76.469913994999956,3.4940264350000234]],[[-76.483237525999982,3.4927527610000197],[-76.470619520999946,3.4940023280000219]],[[-76.469170108999947,3.4938006580000547],[-76.469871284999954,3.4931941140000617]],[[-76.469901195999967,3.4937770050000267],[-76.469170108999947,3.4938006580000547]],[[-76.469871284999954,3.4931941140000617],[-76.469901195999967,3.4937770050000267]],[[-76.470562008999934,3.4937414270000318],[-76.469901195999967,3.4937770050000267]],[[-76.483191796999961,3.4925134650000587],[-76.470562008999934,3.4937414270000318]],[[-76.469871284999954,3.4931941140000617],[-76.470562008999934,3.4937414270000318]]]},"properties":{"OBJECTID":481,"administrador":2,"categoria":1,"codigo_tramo":"2505","nombre_ruta":"Alternas a la Troncal de Occidente","nombre_tramo":"Por Defnir","ruta":"25","superficie":3,"territorial":28,"amenaza_cat":"Alta","longitud_km":46.462138998181814,"Shape_Length":0.38301117750517261}},{"type":"Feature","id":482,"geometry":{"type":"LineString","coordinates":[[-76.43021398999997,3.2128745110000523],[-76.42975766099994,3.2135265190000268]]},"properties":{"OBJECTID":482,"administrador":2,"categoria":1,"codigo_tramo":"2504A","nombre_ruta":"Troncal de Occidente","nombre_tramo":"Por Defnir","ruta":"25","superficie":3,"territorial":8,"amenaza_cat":"Alta","longitud_km":0.088371935414156819,"Shape_Length":0.00079583326664554388}},{"type":"Feature","id":483,"geometry":{"type":"LineString","coordinates":[[-76.357735573999946,3.2771056110000245],[-76.357533904999968,3.2773952250000207]]},"properties":{"OBJECTID":483,"administrador":2,"categoria":1,"codigo_tramo":"2504A","nombre_ruta":"Troncal de Occidente","nombre_tramo":"Por Defnir","ruta":"25","superficie":3,"territorial":8,"amenaza_cat":"Alta","longitud_km":0.039120080731219219,"Shape_Length":0.00035291168094270502}},{"type":"Feature","id":484,"geometry":{"type":"MultiLineString","coordinates":[[[-76.357533904999968,3.2773952250000207],[-76.351370383999949,3.2862482840000666]],[[-76.392775068999981,3.2340125260000718],[-76.357735573999946,3.2771056110000245]],[[-76.394162481999956,3.233894494000026],[-76.392775068999981,3.2340125260000718]],[[-76.394162481999956,3.233894494000026],[-76.393723849999958,3.2332881300000622]],[[-76.394725230999939,3.2338369190000549],[-76.394162481999956,3.233894494000026]],[[-76.395313524999949,3.2329762440000422],[-76.394725230999939,3.2338369190000549]],[[-76.395872088999965,3.2336850950000553],[-76.394725230999939,3.2338369190000549]],[[-76.424791464999942,3.2208119850000685],[-76.422190228999966,3.2312734260000298],[-76.395872088999965,3.2336850950000553]],[[-76.426349776999984,3.2182313930000532],[-76.426197829999978,3.2177490150000381]],[[-76.42975766099994,3.2135265190000268],[-76.42732479099999,3.2169057350000685]]]},"properties":{"OBJECTID":484,"administrador":2,"categoria":1,"codigo_tramo":"2504A","nombre_ruta":"Troncal de Occidente","nombre_tramo":"Por Defnir","ruta":"25","superficie":3,"territorial":8,"amenaza_cat":"Alta","longitud_km":12.889123021165389,"Shape_Length":0.11311199307227682}},{"type":"Feature","id":485,"geometry":{"type":"MultiLineString","coordinates":[[[-76.426320297999951,3.2183486570000355],[-76.424791464999942,3.2208119850000685]],[[-76.426320297999951,3.2183486570000355],[-76.426349776999984,3.2182313930000532]],[[-76.42688414099996,3.2175568230000522],[-76.426320297999951,3.2183486570000355]],[[-76.42732479099999,3.2169057350000685],[-76.42688414099996,3.2175568230000522]],[[-76.430225219999954,3.2128458770000634],[-76.43021398999997,3.2128745110000523]],[[-76.44663935899996,3.1898067080000487],[-76.430225219999954,3.2128458770000634]],[[-76.447598273999972,3.1885226240000293],[-76.44663935899996,3.1898067080000487]],[[-76.447598273999972,3.1885226240000293],[-76.447012201999939,3.1884067600000208]],[[-76.448528874999965,3.1872149800000216],[-76.447598273999972,3.1885226240000293]],[[-76.44843087299995,3.1864183900000285],[-76.448528874999965,3.1872149800000216]],[[-76.449158818999933,3.186417562000031],[-76.448528874999965,3.1872149800000216]],[[-76.44843087299995,3.1864183900000285],[-76.449158818999933,3.186417562000031]],[[-76.45732150799995,3.1702512410000736],[-76.449158818999933,3.186417562000031]],[[-76.44825157799994,3.1860751700000378],[-76.44843087299995,3.1864183900000285]],[[-76.448075991999985,3.1846217720000709],[-76.44825157799994,3.1860751700000378]],[[-76.45732150799995,3.1702512410000736],[-76.456820318999974,3.1699345340000491]],[[-76.457280241999968,3.1689499570000521],[-76.45732150799995,3.1702512410000736]],[[-76.457534426999985,3.1673855860000231],[-76.457280241999968,3.1689499570000521]],[[-76.458521015999963,3.1618473950000521],[-76.457534426999985,3.1673855860000231]],[[-76.458635880999964,3.1611938620000615],[-76.458521015999963,3.1618473950000521]],[[-76.460773049999943,3.1594127110000727],[-76.458521015999963,3.1618473950000521]],[[-76.459451429999945,3.1563548170000217],[-76.458635880999964,3.1611938620000615]],[[-76.459816278999938,3.1582920860000741],[-76.458635880999964,3.1611938620000615]],[[-76.459885992999943,3.1580903550000698],[-76.459816278999938,3.1582920860000741]],[[-76.459752039999955,3.1546916970000325],[-76.459885992999943,3.1580903550000698]]]},"properties":{"OBJECTID":485,"administrador":2,"categoria":1,"codigo_tramo":"2504A","nombre_ruta":"Troncal de Occidente","nombre_tramo":"Por Defnir","ruta":"25","superficie":3,"territorial":8,"amenaza_cat":"Alta","longitud_km":9.5419471450448494,"Shape_Length":0.084150426612801921}},{"type":"Feature","id":486,"geometry":{"type":"LineString","coordinates":[[-76.351370383999949,3.2862482840000666],[-76.350421872999959,3.2876317300000437]]},"properties":{"OBJECTID":486,"administrador":2,"categoria":1,"codigo_tramo":"2504A","nombre_ruta":"Troncal de Occidente","nombre_tramo":"Por Defnir","ruta":"25","superficie":3,"territorial":8,"amenaza_cat":"Alta","longitud_km":0.18593043834652351,"Shape_Length":0.0016773777010425281}},{"type":"Feature","id":487,"geometry":{"type":"MultiLineString","coordinates":[[[-76.447012201999939,3.1884067600000208],[-76.44663935899996,3.1898067080000487]],[[-76.447496816999944,3.1859406620000641],[-76.447012201999939,3.1884067600000208]],[[-76.44825157799994,3.1860751700000378],[-76.447496816999944,3.1859406620000641]],[[-76.448075991999985,3.1846217720000709],[-76.447496816999944,3.1859406620000641]],[[-76.455731163999985,3.1708065290000604],[-76.448075991999985,3.1846217720000709]],[[-76.456079479999971,3.1699440030000687],[-76.455731163999985,3.1708065290000604]],[[-76.456489242999965,3.1701883100000714],[-76.455731163999985,3.1708065290000604]],[[-76.456489242999965,3.1701883100000714],[-76.456079479999971,3.1699440030000687]],[[-76.456820318999974,3.1699345340000491],[-76.456489242999965,3.1701883100000714]],[[-76.456665991999955,3.1687912880000226],[-76.456079479999971,3.1699440030000687]],[[-76.457250533999968,3.1691172240000469],[-76.456820318999974,3.1699345340000491]],[[-76.457250533999968,3.1691172240000469],[-76.456665991999955,3.1687912880000226]],[[-76.457280241999968,3.1689499570000521],[-76.457250533999968,3.1691172240000469]],[[-76.457534426999985,3.1673855860000231],[-76.456665991999955,3.1687912880000226]]]},"properties":{"OBJECTID":487,"administrador":2,"categoria":4,"codigo_tramo":"25CCC","nombre_ruta":"Troncal de Occidente","nombre_tramo":"Por Defnir","ruta":"25","superficie":3,"territorial":8,"amenaza_cat":"Alta","longitud_km":3.3425078869603708,"Shape_Length":0.029474573822376424}},{"type":"Feature","id":488,"geometry":{"type":"LineString","coordinates":[[-76.673985431999938,3.767853801000058],[-76.671309337999958,3.7682573530000241]]},"properties":{"OBJECTID":488,"administrador":5,"categoria":1,"codigo_tramo":"4001","nombre_ruta":"Transversal Buenaventura - Villavicencio - Puerto Carreño","nombre_tramo":"Por Defnir","ruta":"40","superficie":3,"territorial":28,"amenaza_cat":"Alta","longitud_km":0.37655137718879289,"Shape_Length":0.0027063505525721475}},{"type":"Feature","id":489,"geometry":{"type":"MultiLineString","coordinates":[[[-77.262539292999975,1.2713502620000554],[-77.248660623999967,1.2783108360000597]],[[-77.262409830999957,1.27065508000004],[-77.262539292999975,1.2713502620000554]],[[-77.262700561999964,1.2712594680000393],[-77.262539292999975,1.2713502620000554]],[[-77.263459502999979,1.2709005240000693],[-77.262700561999964,1.2712594680000393]],[[-77.264002059999939,1.2708392540000659],[-77.262700561999964,1.2712594680000393]],[[-77.26382956599997,1.2706576910000535],[-77.263459502999979,1.2709005240000693]]]},"properties":{"OBJECTID":489,"administrador":1,"categoria":2,"codigo_tramo":"25NRB","nombre_ruta":"Alternas a la Troncal de Occidente","nombre_tramo":"Por Defnir","ruta":"25","superficie":1,"territorial":17,"amenaza_cat":"Alta","longitud_km":3.6553103064884414,"Shape_Length":0.019068357669933467}},{"type":"Feature","id":490,"geometry":{"type":"MultiLineString","coordinates":[[[-77.263459502999979,1.2709005240000693],[-77.264002059999939,1.2708392540000659]],[[-77.262409830999957,1.27065508000004],[-77.263459502999979,1.2709005240000693]],[[-77.264002059999939,1.2708392540000659],[-77.264517215999945,1.2708553100000586]],[[-77.260706099999936,1.2676266000000282],[-77.26382956599997,1.2706576910000535]],[[-77.26382956599997,1.2706576910000535],[-77.264665869999988,1.2699985350000702]],[[-77.260706099999936,1.2676266000000282],[-77.262409830999957,1.27065508000004]],[[-77.264665869999988,1.2699985350000702],[-77.264669174999938,1.2699957990000712]],[[-77.260706099999936,1.2676266000000282],[-77.264050346999966,1.2604784520000294]],[[-77.264050346999966,1.2604784520000294],[-77.264488122999978,1.2529552690000401]],[[-77.264488122999978,1.2529552690000401],[-77.264284199999963,1.2480029010000635]],[[-77.264284199999963,1.2480029010000635],[-77.263796423999963,1.233645670000044]],[[-77.264315942999986,1.2337286140000288],[-77.264284199999963,1.2480029010000635]],[[-77.264315942999986,1.2337286140000288],[-77.263796423999963,1.233645670000044]],[[-77.264364699999987,1.2323316990000421],[-77.264315942999986,1.2337286140000288]],[[-77.263796423999963,1.233645670000044],[-77.264364699999987,1.2323316990000421]],[[-77.264364699999987,1.2323316990000421],[-77.26432986399999,1.2308865930000366]],[[-77.26432986399999,1.2308865930000366],[-77.239795600999969,1.2193367000000421],[-77.238824066999939,1.1972044450000681]],[[-77.238824066999939,1.1972044450000681],[-77.238088230999949,1.1969359500000678]],[[-77.238824066999939,1.1972044450000681],[-77.238696999999945,1.1966177020000259]],[[-77.238824066999939,1.1972044450000681],[-77.239714570999979,1.1966124490000425]],[[-77.238585898999986,1.1953872000000274],[-77.237818470999969,1.1968218520000278]],[[-77.238696999999945,1.1966177020000259],[-77.238585898999986,1.1953872000000274]],[[-77.238585898999986,1.1953872000000274],[-77.239635134999958,1.1964287420000232]],[[-77.238585898999986,1.1953872000000274],[-77.25634219899996,1.1643660010000758],[-77.293242945999964,1.1608476320000705]]]},"properties":{"OBJECTID":490,"administrador":1,"categoria":1,"codigo_tramo":"25NRD","nombre_ruta":"Troncal de Occidente","nombre_tramo":"Por Defnir","ruta":"25","superficie":1,"territorial":17,"amenaza_cat":"Alta","longitud_km":23.949465380877303,"Shape_Length":0.19373691280151045}},{"type":"Feature","id":491,"geometry":{"type":"MultiLineString","coordinates":[[[-76.43354153599995,3.7002316410000731],[-76.403688983999984,3.7397330070000407]],[[-76.43354153599995,3.7002316410000731],[-76.437463416999947,3.6916915000000472]],[[-76.437463416999947,3.6916915000000472],[-76.43354153599995,3.7002316410000731]],[[-76.437463416999947,3.6916915000000472],[-76.437075929999935,3.6816563290000204]]]},"properties":{"OBJECTID":491,"administrador":2,"categoria":1,"codigo_tramo":"2301","nombre_ruta":"Alternas a la Troncal de Occidente","nombre_tramo":"Por Defnir","ruta":"23","superficie":3,"territorial":28,"amenaza_cat":"Alta","longitud_km":9.2083419335320311,"Shape_Length":0.078350833919250878}},{"type":"Feature","id":492,"geometry":{"type":"MultiLineString","coordinates":[[[-76.369781942999964,3.8927708840000719],[-76.369966856999952,3.8920192590000511]],[[-76.369966856999952,3.8920192590000511],[-76.369310137999946,3.8922677010000371]],[[-76.377187238999966,3.8715743860000202],[-76.369966856999952,3.8920192590000511]],[[-76.377560330999984,3.8691080020000754],[-76.377187238999966,3.8715743860000202]],[[-76.378259707999973,3.8695206400000757],[-76.377187238999966,3.8715743860000202]],[[-76.378259707999973,3.8695206400000757],[-76.377560330999984,3.8691080020000754]],[[-76.378427527999975,3.8693708730000367],[-76.378259707999973,3.8695206400000757]],[[-76.378373353999962,3.8687684050000257],[-76.378427527999975,3.8693708730000367]],[[-76.379167549999977,3.8687491070000419],[-76.378427527999975,3.8693708730000367]],[[-76.377560330999984,3.8691080020000754],[-76.377595124999971,3.8689240860000496]],[[-76.377595124999971,3.8689240860000496],[-76.37816354399996,3.8686454500000309]],[[-76.379167549999977,3.8687491070000419],[-76.378373353999962,3.8687684050000257]],[[-76.37816354399996,3.8686454500000309],[-76.378373353999962,3.8687684050000257]],[[-76.380417031999968,3.8510627550000436],[-76.379167549999977,3.8687491070000419]],[[-76.380417031999968,3.8510627550000436],[-76.380037400999981,3.8504585760000509]],[[-76.38047807199996,3.8501316020000331],[-76.380417031999968,3.8510627550000436]],[[-76.379529409999975,3.8497555120000584],[-76.378939471999956,3.8508875220000505]],[[-76.378939471999956,3.8508875220000505],[-76.379769819999979,3.8504046770000286]],[[-76.380037400999981,3.8504585760000509],[-76.379769819999979,3.8504046770000286]],[[-76.38047807199996,3.8501316020000331],[-76.380037400999981,3.8504585760000509]],[[-76.379769819999979,3.8504046770000286],[-76.379529409999975,3.8497555120000584]],[[-76.380503499999975,3.8498612760000697],[-76.38047807199996,3.8501316020000331]],[[-76.379654141999936,3.8495768580000345],[-76.380503499999975,3.8498612760000697]],[[-76.380626317999941,3.8479882960000396],[-76.380503499999975,3.8498612760000697]],[[-76.379529409999975,3.8497555120000584],[-76.379654141999936,3.8495768580000345]],[[-76.380626317999941,3.8479882960000396],[-76.379654141999936,3.8495768580000345]],[[-76.380615688999967,3.847777269000062],[-76.380626317999941,3.8479882960000396]],[[-76.403688983999984,3.7397330070000407],[-76.412623747999987,3.7691117750000558],[-76.390023913999983,3.7928450330000487],[-76.392248984999981,3.8220950760000392],[-76.380615688999967,3.847777269000062]]]},"properties":{"OBJECTID":492,"administrador":2,"categoria":1,"codigo_tramo":"2301","nombre_ruta":"Alternas a la Troncal de Occidente","nombre_tramo":"Por Defnir","ruta":"23","superficie":3,"territorial":28,"amenaza_cat":"Alta","longitud_km":21.200960304603701,"Shape_Length":0.18190842296525245}},{"type":"Feature","id":493,"geometry":{"type":"MultiLineString","coordinates":[[[-76.437075929999935,3.6816563290000204],[-76.454497468999989,3.6591561900000329]],[[-76.454843832999984,3.6567173630000411],[-76.454497468999989,3.6591561900000329]],[[-76.454497468999989,3.6591561900000329],[-76.45535648699996,3.6568492310000238]],[[-76.45535648699996,3.6568492310000238],[-76.454843832999984,3.6567173630000411]],[[-76.45535648699996,3.6568492310000238],[-76.462356198999942,3.648814337000033]],[[-76.461408697999957,3.6480786530000273],[-76.454843832999984,3.6567173630000411]],[[-76.462356198999942,3.648814337000033],[-76.461518097999942,3.6480279060000385]],[[-76.462356198999942,3.648814337000033],[-76.462951703999977,3.6471525320000637]],[[-76.461518097999942,3.6480279060000385],[-76.461408697999957,3.6480786530000273]],[[-76.461518097999942,3.6480279060000385],[-76.461408697999957,3.6480786530000273]],[[-76.462951703999977,3.6471525320000637],[-76.461518097999942,3.6480279060000385]],[[-76.467719722999959,3.6342730280000524],[-76.462951703999977,3.6471525320000637]],[[-76.468226023999989,3.6333025530000214],[-76.467719722999959,3.6342730280000524]],[[-76.468226023999989,3.6333025530000214],[-76.468333066999946,3.6314494450000439]],[[-76.468226023999989,3.6333025530000214],[-76.469755269999951,3.6305408050000665]],[[-76.468333066999946,3.6314494450000439],[-76.468314021999959,3.6313099430000761]],[[-76.468314021999959,3.6313099430000761],[-76.469943923999949,3.629035386000055]],[[-76.469755269999951,3.6305408050000665],[-76.470221905999949,3.629472187000033]],[[-76.470221905999949,3.629472187000033],[-76.469943923999949,3.629035386000055]],[[-76.470350187999941,3.6293490890000726],[-76.470221905999949,3.629472187000033]],[[-76.470058955999946,3.6289778850000403],[-76.470350187999941,3.6293490890000726]],[[-76.471285054999953,3.6277793520000614],[-76.470350187999941,3.6293490890000726]],[[-76.469943923999949,3.629035386000055],[-76.470058955999946,3.6289778850000403]],[[-76.471285054999953,3.6277793520000614],[-76.470058955999946,3.6289778850000403]],[[-76.486358185999961,3.5788432130000274],[-76.471285054999953,3.6277793520000614]]]},"properties":{"OBJECTID":493,"administrador":2,"categoria":1,"codigo_tramo":"2301","nombre_ruta":"Alternas a la Troncal de Occidente","nombre_tramo":"Por Defnir","ruta":"23","superficie":3,"territorial":28,"amenaza_cat":"Alta","longitud_km":16.544099716718026,"Shape_Length":0.14024161944193428}},{"type":"Feature","id":494,"geometry":{"type":"LineString","coordinates":[[-78.117654318999939,1.3336468770000351],[-78.11582178599997,1.3091250690000606],[-78.093125031999989,1.2831065930000705],[-78.087907379999933,1.2367531100000519]]},"properties":{"OBJECTID":494,"administrador":1,"categoria":1,"codigo_tramo":"1002","nombre_ruta":"Transversal Tumaco - Leticia","nombre_tramo":"Por Defnir","ruta":"10","superficie":1,"territorial":17,"amenaza_cat":"Alta","longitud_km":15.482260354540266,"Shape_Length":0.1057632552036166}},{"type":"Feature","id":495,"geometry":{"type":"MultiLineString","coordinates":[[[-77.976833229999954,1.1997037450000221],[-77.961157196999977,1.1823992580000322],[-77.940135640999983,1.1953433930000301],[-77.915671756999984,1.1907400190000317],[-77.913026024999965,1.1690741980000325],[-77.877450292999981,1.157649607000053],[-77.864737932999958,1.1412805290000279]],[[-77.862993593999988,1.1395001930000603],[-77.864737932999958,1.1412805290000279]],[[-77.864737932999958,1.1412805290000279],[-77.862993593999988,1.1395001930000603]],[[-77.862993593999988,1.1395001930000603],[-77.847442837999949,1.1156348700000649],[-77.777084702999957,1.0880110250000712],[-77.787634068999978,1.0883074240000497],[-77.780704650999951,1.0710554050000383],[-77.775406618999966,1.0796293200000378],[-77.75476750699994,1.0519945780000626]]]},"properties":{"OBJECTID":495,"administrador":1,"categoria":1,"codigo_tramo":"1002","nombre_ruta":"Transversal Tumaco - Leticia","nombre_tramo":"Por Defnir","ruta":"10","superficie":1,"territorial":17,"amenaza_cat":"Alta","longitud_km":43.518202160583748,"Shape_Length":0.33561861543646787}},{"type":"Feature","id":496,"geometry":{"type":"LineString","coordinates":[[-78.087907379999933,1.2367531100000519],[-78.079831497999976,1.2195603210000741],[-78.020286419999934,1.2337711750000722],[-77.976833229999954,1.1997037450000221]]},"properties":{"OBJECTID":496,"administrador":1,"categoria":1,"codigo_tramo":"1002","nombre_ruta":"Transversal Tumaco - Leticia","nombre_tramo":"Por Defnir","ruta":"10","superficie":1,"territorial":17,"amenaza_cat":"Alta","longitud_km":17.65469668266503,"Shape_Length":0.13542806808979485}},{"type":"Feature","id":497,"geometry":{"type":"MultiLineString","coordinates":[[[-77.69567981199998,1.04465385900005],[-77.674224845999959,1.0563415080000595]],[[-77.75476750699994,1.0519945780000626],[-77.710935652999979,1.0377057280000486],[-77.69567981199998,1.04465385900005]]]},"properties":{"OBJECTID":497,"administrador":1,"categoria":1,"codigo_tramo":"1002","nombre_ruta":"Transversal Tumaco - Leticia","nombre_tramo":"Por Defnir","ruta":"10","superficie":1,"territorial":17,"amenaza_cat":"Alta","longitud_km":10.37452289683891,"Shape_Length":0.087297536313948543}},{"type":"Feature","id":498,"geometry":{"type":"LineString","coordinates":[[-77.674224845999959,1.0563415080000595],[-77.629086448999942,1.086019153000052]]},"properties":{"OBJECTID":498,"administrador":1,"categoria":1,"codigo_tramo":"1002","nombre_ruta":"Transversal Tumaco - Leticia","nombre_tramo":"Por Defnir","ruta":"10","superficie":1,"territorial":17,"amenaza_cat":"Alta","longitud_km":7.6772393129357983,"Shape_Length":0.054020713587259107}},{"type":"Feature","id":499,"geometry":{"type":"MultiLineString","coordinates":[[[-76.31135263699997,3.8936056560000338],[-76.310456767999938,3.8938930900000628]],[[-76.348848144999977,3.890776598000059],[-76.314057915999967,3.8928801590000717]],[[-76.311336751999988,3.8935056590000272],[-76.310504303999949,3.8937448830000676]],[[-76.311907906999977,3.8934467270000255],[-76.31135263699997,3.8936056560000338]],[[-76.31189838399996,3.8933683610000571],[-76.311336751999988,3.8935056590000272]],[[-76.312040108999952,3.8934101560000727],[-76.311907906999977,3.8934467270000255]],[[-76.312444933999984,3.8932981690000474],[-76.312040108999952,3.8934101560000727]],[[-76.312031091999984,3.8933360810000295],[-76.31189838399996,3.8933683610000571]],[[-76.313613639999971,3.8929604120000363],[-76.312031091999984,3.8933360810000295]],[[-76.313719809999952,3.8929674090000503],[-76.312444933999984,3.8932981690000474]],[[-76.314057915999967,3.8928801590000717],[-76.313719809999952,3.8929674090000503]],[[-76.314057915999967,3.8928801590000717],[-76.313613639999971,3.8929604120000363]]]},"properties":{"OBJECTID":499,"administrador":2,"categoria":1,"codigo_tramo":"4001","nombre_ruta":"Transversal Buenaventura - Villavicencio - Puerto Carreño","nombre_tramo":"Por Defnir","ruta":"40","superficie":3,"territorial":28,"amenaza_cat":"Alta","longitud_km":4.9573121029641802,"Shape_Length":0.04225452505467106}},{"type":"Feature","id":500,"geometry":{"type":"MultiLineString","coordinates":[[[-76.50896376999998,3.8774124270000243],[-76.503066733999958,3.875388785000041]],[[-76.497525822999989,3.8724786090000407],[-76.460397366999985,3.876113933000056]],[[-76.513931253999942,3.87347247200006],[-76.511047519999977,3.8759701080000468]],[[-76.530808544999957,3.863546943000074],[-76.514715310999975,3.8726779340000235]],[[-76.535729294999953,3.8628233640000644],[-76.535294573999977,3.8629903200000513]],[[-76.557820058999937,3.8493391030000339],[-76.551043487999948,3.853000072000043]],[[-76.563952919999963,3.8507370300000616],[-76.558699107999985,3.8488886110000635]]]},"properties":{"OBJECTID":500,"administrador":2,"categoria":1,"codigo_tramo":"4001","nombre_ruta":"Transversal Buenaventura - Villavicencio - Puerto Carreño","nombre_tramo":"Por Defnir","ruta":"40","superficie":3,"territorial":28,"amenaza_cat":"Alta","longitud_km":9.305306768353125,"Shape_Length":0.079596161048912512}},{"type":"Feature","id":501,"geometry":{"type":"MultiLineString","coordinates":[[[-76.511047519999977,3.8759701080000468],[-76.50896376999998,3.8774124270000243]],[[-76.503066733999958,3.875388785000041],[-76.497525822999989,3.8724786090000407]],[[-76.514715310999975,3.8726779340000235],[-76.513931253999942,3.87347247200006]],[[-76.535294573999977,3.8629903200000513],[-76.530808544999957,3.863546943000074]],[[-76.551043487999948,3.853000072000043],[-76.535729294999953,3.8628233640000644]],[[-76.558699107999985,3.8488886110000635],[-76.557820058999937,3.8493391030000339]]]},"properties":{"OBJECTID":501,"administrador":2,"categoria":1,"codigo_tramo":"4001","nombre_ruta":"Transversal Buenaventura - Villavicencio - Puerto Carreño","nombre_tramo":"Por Defnir","ruta":"40","superficie":3,"territorial":28,"amenaza_cat":"Alta","longitud_km":3.9113291968643908,"Shape_Length":0.033611332944543097}},{"type":"Feature","id":502,"geometry":{"type":"MultiLineString","coordinates":[[[-76.373339232999967,3.8970749240000373],[-76.424004307999951,3.8857369340000218]],[[-76.424004307999951,3.8857369340000218],[-76.373339232999967,3.8970749240000373]],[[-76.373339232999967,3.8970749240000373],[-76.369912918999944,3.893589969000061]],[[-76.369265575999975,3.8934971190000738],[-76.369912918999944,3.893589969000061]],[[-76.369782836999946,3.8929795520000425],[-76.369912918999944,3.893589969000061]],[[-76.369265575999975,3.8934971190000738],[-76.368553783999971,3.892716164000035]],[[-76.369782836999946,3.8929795520000425],[-76.369265575999975,3.8934971190000738]],[[-76.369011272999956,3.8922682590000477],[-76.369782836999946,3.8929795520000425]],[[-76.361074064999968,3.8910725160000652],[-76.348848144999977,3.890776598000059]],[[-76.36846307199994,3.8921316110000248],[-76.368553783999971,3.892716164000035]],[[-76.368553783999971,3.892716164000035],[-76.369011272999956,3.8922682590000477]],[[-76.369011272999956,3.8922682590000477],[-76.36846307199994,3.8921316110000248]],[[-76.36846307199994,3.8921316110000248],[-76.361074064999968,3.8910725160000652]],[[-76.460397366999985,3.876113933000056],[-76.42606581299998,3.8863606930000287]],[[-76.42606581299998,3.8863606930000287],[-76.424004307999951,3.8857369340000218]],[[-76.42606581299998,3.8863606930000287],[-76.424004307999951,3.8857369340000218]]]},"properties":{"OBJECTID":502,"administrador":2,"categoria":1,"codigo_tramo":"4001","nombre_ruta":"Transversal Buenaventura - Villavicencio - Puerto Carreño","nombre_tramo":"Por Defnir","ruta":"40","superficie":3,"territorial":28,"amenaza_cat":"Alta","longitud_km":26.650681067420329,"Shape_Length":0.17446597220097912}},{"type":"Feature","id":503,"geometry":{"type":"MultiLineString","coordinates":[[[-76.460773049999943,3.1594127110000727],[-76.493959887999949,3.2045790110000212]],[[-76.460474304999934,3.1590909450000595],[-76.460773049999943,3.1594127110000727]],[[-76.459816278999938,3.1582920860000741],[-76.460474304999934,3.1590909450000595]],[[-76.460474304999934,3.1590909450000595],[-76.459885992999943,3.1580903550000698]],[[-76.459450795999942,3.156686885000056],[-76.459816278999938,3.1582920860000741]],[[-76.459885992999943,3.1580903550000698],[-76.459563535999962,3.1566829130000542]]]},"properties":{"OBJECTID":503,"administrador":2,"categoria":1,"codigo_tramo":"2504","nombre_ruta":"Alternas a la Troncal de Occidente","nombre_tramo":"Popayan - Santander de Quilichao - Cali","ruta":"25","superficie":3,"territorial":8,"amenaza_cat":"Alta","longitud_km":7.0067761160476509,"Shape_Length":0.061772809533540522}},{"type":"Feature","id":504,"geometry":{"type":"LineString","coordinates":[[-76.718849893999959,3.7822691680000275],[-76.71345893299997,3.7801721200000316]]},"properties":{"OBJECTID":504,"administrador":5,"categoria":1,"codigo_tramo":"4001","nombre_ruta":"Transversal Buenaventura - Villavicencio - Puerto Carreño","nombre_tramo":"Por Defnir","ruta":"40","superficie":3,"territorial":25,"amenaza_cat":"Alta","longitud_km":0.67757135380573696,"Shape_Length":0.0057844680669609698}},{"type":"Feature","id":505,"geometry":{"type":"LineString","coordinates":[[-76.721241090999968,3.7820778850000352],[-76.719675862999964,3.7825368980000462]]},"properties":{"OBJECTID":505,"administrador":5,"categoria":1,"codigo_tramo":"4001","nombre_ruta":"Transversal Buenaventura - Villavicencio - Puerto Carreño","nombre_tramo":"Por Defnir","ruta":"40","superficie":3,"territorial":25,"amenaza_cat":"Alta","longitud_km":0.2281677962465338,"Shape_Length":0.0016311442689645062}},{"type":"Feature","id":506,"geometry":{"type":"LineString","coordinates":[[-76.733279035999942,3.7726510280000412],[-76.730618920999973,3.7736527680000336]]},"properties":{"OBJECTID":506,"administrador":5,"categoria":1,"codigo_tramo":"4001","nombre_ruta":"Transversal Buenaventura - Villavicencio - Puerto Carreño","nombre_tramo":"Por Defnir","ruta":"40","superficie":3,"territorial":25,"amenaza_cat":"Alta","longitud_km":0.34877172355413899,"Shape_Length":0.0028424804028605033}},{"type":"Feature","id":507,"geometry":{"type":"LineString","coordinates":[[-76.75417903999994,3.7780370260000495],[-76.753049328999964,3.7777577230000361]]},"properties":{"OBJECTID":507,"administrador":5,"categoria":1,"codigo_tramo":"4001","nombre_ruta":"Transversal Buenaventura - Villavicencio - Puerto Carreño","nombre_tramo":"Por Defnir","ruta":"40","superficie":3,"territorial":25,"amenaza_cat":"Alta","longitud_km":0.14122101055323108,"Shape_Length":0.0011637255300469911}},{"type":"Feature","id":508,"geometry":{"type":"LineString","coordinates":[[-76.756375441999978,3.7777339530000518],[-76.754635892999943,3.7777293720000671]]},"properties":{"OBJECTID":508,"administrador":5,"categoria":1,"codigo_tramo":"4001","nombre_ruta":"Transversal Buenaventura - Villavicencio - Puerto Carreño","nombre_tramo":"Por Defnir","ruta":"40","superficie":3,"territorial":25,"amenaza_cat":"Alta","longitud_km":0.21945813727861552,"Shape_Length":0.00173955503192193}},{"type":"Feature","id":509,"geometry":{"type":"LineString","coordinates":[[-76.879604622999977,3.8736549400000513],[-76.924600845999976,3.8797366090000764]]},"properties":{"OBJECTID":509,"administrador":2,"categoria":1,"codigo_tramo":"4001","nombre_ruta":"Transversal Buenaventura - Villavicencio - Puerto Carreño","nombre_tramo":"Por Defnir","ruta":"40","superficie":3,"territorial":25,"amenaza_cat":"Alta","longitud_km":5.588323663522643,"Shape_Length":0.045405360719759084}},{"type":"Feature","id":510,"geometry":{"type":"LineString","coordinates":[[-76.880037763999951,3.8734889940000699],[-76.924722380999981,3.8792926930000249]]},"properties":{"OBJECTID":510,"administrador":2,"categoria":1,"codigo_tramo":"4001","nombre_ruta":"Transversal Buenaventura - Villavicencio - Puerto Carreño","nombre_tramo":"Por Defnir","ruta":"40","superficie":1,"territorial":25,"amenaza_cat":"Alta","longitud_km":5.5926013868027411,"Shape_Length":0.045059936956474318}},{"type":"Feature","id":511,"geometry":{"type":"LineString","coordinates":[[-76.880037763999951,3.8734889940000699],[-76.879604622999977,3.8736549400000513]]},"properties":{"OBJECTID":511,"administrador":2,"categoria":1,"codigo_tramo":"4001","nombre_ruta":"Transversal Buenaventura - Villavicencio - Puerto Carreño","nombre_tramo":"Por Defnir","ruta":"40","superficie":3,"territorial":25,"amenaza_cat":"Alta","longitud_km":0.089293600994822919,"Shape_Length":0.00046384178419798448}},{"type":"Feature","id":512,"geometry":{"type":"LineString","coordinates":[[-76.879328947999966,3.8731880200000433],[-76.879604622999977,3.8736549400000513]]},"properties":{"OBJECTID":512,"administrador":2,"categoria":1,"codigo_tramo":"4001","nombre_ruta":"Transversal Buenaventura - Villavicencio - Puerto Carreño","nombre_tramo":"Por Defnir","ruta":"40","superficie":3,"territorial":25,"amenaza_cat":"Alta","longitud_km":0.060099627321186615,"Shape_Length":0.00054222780456090948}},{"type":"Feature","id":513,"geometry":{"type":"LineString","coordinates":[[-76.879738300999975,3.87286862600007],[-76.880037763999951,3.8734889940000699]]},"properties":{"OBJECTID":513,"administrador":2,"categoria":1,"codigo_tramo":"4001","nombre_ruta":"Transversal Buenaventura - Villavicencio - Puerto Carreño","nombre_tramo":"Por Defnir","ruta":"40","superficie":3,"territorial":25,"amenaza_cat":"Alta","longitud_km":0.077773383370752874,"Shape_Length":0.00068886467740665667}},{"type":"Feature","id":514,"geometry":{"type":"LineString","coordinates":[[-76.879738300999975,3.87286862600007],[-76.879328947999966,3.8731880200000433]]},"properties":{"OBJECTID":514,"administrador":2,"categoria":1,"codigo_tramo":"4001","nombre_ruta":"Transversal Buenaventura - Villavicencio - Puerto Carreño","nombre_tramo":"Por Defnir","ruta":"40","superficie":3,"territorial":25,"amenaza_cat":"Alta","longitud_km":0.094067539207233389,"Shape_Length":0.00051921325660597381}},{"type":"Feature","id":515,"geometry":{"type":"MultiLineString","coordinates":[[[-76.822671469999989,3.8665478970000322],[-76.852894657999968,3.8577058890000444],[-76.855000611999969,3.8740139800000293],[-76.873254119999956,3.8661159610000482],[-76.879328947999966,3.8731880200000433]],[[-76.806009206999988,3.8610427480000453],[-76.82780577799997,3.866524767000044],[-76.853033421999953,3.8576221660000556],[-76.855069488999959,3.8739437700000394],[-76.873088308999968,3.8659514770000669],[-76.879738300999975,3.87286862600007]],[[-76.815317091999987,3.8649462880000556],[-76.822671469999989,3.8665478970000322]],[[-76.813478768999971,3.8638816770000517],[-76.815317091999987,3.8649462880000556]],[[-76.810764018999976,3.8629303570000388],[-76.813478768999971,3.8638816770000517]],[[-76.806106943999964,3.861199116000023],[-76.810764018999976,3.8629303570000388]],[[-76.791954072999943,3.8361985960000311],[-76.792842818999986,3.8403792400000611]],[[-76.78636275599996,3.8267937370000595],[-76.787288929999988,3.8286387430000559]],[[-76.786396637999985,3.8266021260000684],[-76.78736312999996,3.8285274420000519]],[[-76.780340749999937,3.814529225000058],[-76.780548891999956,3.8154301300000384]],[[-76.780250296999952,3.8146367360000681],[-76.780428330999939,3.8154056000000764]],[[-76.778199520999976,3.8043987390000211],[-76.777723920999961,3.8063662840000347]],[[-76.778072702999964,3.8044294840000248],[-76.777631809999946,3.8062704760000656]]]},"properties":{"OBJECTID":515,"administrador":2,"categoria":1,"codigo_tramo":"4001","nombre_ruta":"Transversal Buenaventura - Villavicencio - Puerto Carreño","nombre_tramo":"Por Defnir","ruta":"40","superficie":1,"territorial":28,"amenaza_cat":"Alta","longitud_km":26.195012905914204,"Shape_Length":0.20374841416803657}},{"type":"Feature","id":516,"geometry":{"type":"MultiLineString","coordinates":[[[-76.791021109999974,3.8357279730000755],[-76.806106943999964,3.861199116000023]],[[-76.792842818999986,3.8403792400000611],[-76.806009206999988,3.8610427480000453]],[[-76.78736312999996,3.8285274420000519],[-76.791954072999943,3.8361985960000311]],[[-76.78933699199996,3.8345373490000725],[-76.791021109999974,3.8357279730000755]],[[-76.787597763999941,3.829253958000038],[-76.78933699199996,3.8345373490000725]],[[-76.787288929999988,3.8286387430000559],[-76.787597763999941,3.829253958000038]],[[-76.785703797999986,3.8257422620000625],[-76.78636275599996,3.8267937370000595]],[[-76.780548891999956,3.8154301300000384],[-76.786396637999985,3.8266021260000684]],[[-76.780651013999943,3.8163673100000324],[-76.785703797999986,3.8257422620000625]],[[-76.780428330999939,3.8154056000000764],[-76.780651013999943,3.8163673100000324]],[[-76.779763728999967,3.8125927120000256],[-76.780250296999952,3.8146367360000681]],[[-76.777723920999961,3.8063662840000347],[-76.780340749999937,3.814529225000058]],[[-76.77749829399994,3.8068279850000408],[-76.779763728999967,3.8125927120000256]],[[-76.777631809999946,3.8062704760000656],[-76.77749829399994,3.8068279850000408]],[[-76.768911138999954,3.7893963160000226],[-76.778072702999964,3.8044294840000248]],[[-76.768952126999977,3.7892828740000368],[-76.778199520999976,3.8043987390000211]],[[-76.768911400999968,3.7893958810000754],[-76.742802368999946,3.774056005000034],[-76.704817676999937,3.7786922590000245]],[[-76.700250385999936,3.77639672600003],[-76.704816382999979,3.7786922990000562]],[[-76.679653439999981,3.7693930250000562],[-76.669455876999962,3.7667462170000476]]]},"properties":{"OBJECTID":516,"administrador":2,"categoria":1,"codigo_tramo":"4001","nombre_ruta":"Transversal Buenaventura - Villavicencio - Puerto Carreño","nombre_tramo":"Por Defnir","ruta":"40","superficie":1,"territorial":28,"amenaza_cat":"Alta","longitud_km":28.18328439901688,"Shape_Length":0.2338060633853993}},{"type":"Feature","id":517,"geometry":{"type":"MultiLineString","coordinates":[[[-75.89352299799998,4.9084087940000245],[-75.879799281999965,4.9192662990000713]],[[-75.893858431999945,4.907114168000021],[-75.89352299799998,4.9084087940000245]],[[-75.89352299799998,4.9084087940000245],[-75.894227004999948,4.9073115680000683]],[[-75.894227004999948,4.9073115680000683],[-75.893858431999945,4.907114168000021]],[[-75.894446251999966,4.9071918630000368],[-75.894227004999948,4.9073115680000683]],[[-75.894533335999938,4.9069716720000542],[-75.894446251999966,4.9071918630000368]],[[-75.893858431999945,4.907114168000021],[-75.89391225899999,4.9067231790000392]],[[-75.894486280999956,4.9067807600000606],[-75.894533335999938,4.9069716720000542]],[[-75.894104877999951,4.906609627000023],[-75.894486280999956,4.9067807600000606]],[[-75.894486280999956,4.9067807600000606],[-75.894498898999984,4.905493659000058]],[[-75.89391225899999,4.9067231790000392],[-75.894103949999987,4.9066098930000521]],[[-75.894103949999987,4.9066098930000521],[-75.894104877999951,4.906609627000023]],[[-75.894498898999984,4.905493659000058],[-75.894104877999951,4.906609627000023]],[[-75.894783713999971,4.904628495000054],[-75.894498898999984,4.905493659000058]]]},"properties":{"OBJECTID":517,"administrador":2,"categoria":1,"codigo_tramo":"2302","nombre_ruta":"Alternas a la Troncal de Occidente","nombre_tramo":"Por Defnir","ruta":"9223372036854775807","superficie":9.2233720368547758e+18,"territorial":28,"amenaza_cat":"Alta","longitud_km":3.0288025235386371,"Shape_Length":0.025659489059650799}},{"type":"Feature","id":518,"geometry":{"type":"MultiLineString","coordinates":[[[-75.865603198999963,4.9221885000000611],[-75.868853554999987,4.9204506210000432]],[[-75.87089250799994,4.9205484300000535],[-75.868853554999987,4.9204506210000432]],[[-75.868853554999987,4.9204506210000432],[-75.86628507599994,4.9203278640000576]],[[-75.868853554999987,4.9204506210000432],[-75.867140465999967,4.9180034220000266]],[[-75.86628507599994,4.9203278640000576],[-75.865581309999982,4.9188932610000506]],[[-75.865581309999982,4.9188932610000506],[-75.866331111999955,4.9202006050000477]],[[-75.867140465999967,4.9180034220000266],[-75.865581309999982,4.9188932610000506]]]},"properties":{"OBJECTID":518,"administrador":2,"categoria":1,"codigo_tramo":"2302","nombre_ruta":"Alternas a la Troncal de Occidente","nombre_tramo":"Por Defnir","ruta":"9223372036854775807","superficie":9.2233720368547758e+18,"territorial":28,"amenaza_cat":"Alta","longitud_km":2.0906186761529595,"Shape_Length":0.016185950979265899}},{"type":"Feature","id":519,"geometry":{"type":"LineString","coordinates":[[-75.879799281999965,4.9192662990000713],[-75.87089250799994,4.9205484300000535]]},"properties":{"OBJECTID":519,"administrador":2,"categoria":1,"codigo_tramo":"2302","nombre_ruta":"Alternas a la Troncal de Occidente","nombre_tramo":"Por Defnir","ruta":"9223372036854775807","superficie":9.2233720368547758e+18,"territorial":28,"amenaza_cat":"Alta","longitud_km":1.0145915597490416,"Shape_Length":0.0089985822765938812}},{"type":"Feature","id":520,"geometry":{"type":"LineString","coordinates":[[-75.73922459299996,6.0591531830000349],[-75.712267983999936,6.0487365020000539],[-75.701235612999938,6.0300959010000383]]},"properties":{"OBJECTID":520,"administrador":1,"categoria":9.2233720368547758e+18,"codigo_tramo":"6003","nombre_ruta":"Transversal Tribuga - Arauca","nombre_tramo":"Por Defnir","ruta":"9223372036854775807","superficie":9.2233720368547758e+18,"territorial":1,"amenaza_cat":"Alta","longitud_km":6.861207858151058,"Shape_Length":0.050559922583790905}},{"type":"Feature","id":521,"geometry":{"type":"MultiLineString","coordinates":[[[-76.544669297999974,2.5104988340000318],[-76.558348579999972,2.5368837860000326]],[[-76.558240926999986,2.495030793000069],[-76.544669297999974,2.5104988340000318]],[[-76.558423776999973,2.4939201950000438],[-76.558240926999986,2.495030793000069]],[[-76.558240926999986,2.495030793000069],[-76.560838739999951,2.4944631820000609]],[[-76.560838739999951,2.4944631820000609],[-76.558930018999945,2.4924089650000383]],[[-76.558708726999953,2.4929622440000685],[-76.558423776999973,2.4939201950000438]],[[-76.558930018999945,2.4924089650000383],[-76.558708726999953,2.4929622440000685]],[[-76.559261771999957,2.4915508430000273],[-76.558930018999945,2.4924089650000383]],[[-76.559261771999957,2.4915508430000273],[-76.557937938999942,2.492286196000066]],[[-76.559405164999987,2.4912094420000699],[-76.559261771999957,2.4915508430000273]]]},"properties":{"OBJECTID":521,"administrador":2,"categoria":1,"codigo_tramo":"2504","nombre_ruta":"Troncal de Occidente","nombre_tramo":"Por Defnir","ruta":"9223372036854775807","superficie":9.2233720368547758e+18,"territorial":8,"amenaza_cat":"Alta","longitud_km":7.648373035544747,"Shape_Length":0.061286806714954248}},{"type":"Feature","id":522,"geometry":{"type":"MultiLineString","coordinates":[[[-76.521596971999941,2.6246515910000312],[-76.523367216999986,2.6260834620000537]],[[-76.566359513999942,2.5551427790000503],[-76.560403251999958,2.5707311700000446],[-76.526984651999953,2.5941876380000508],[-76.528192752999985,2.6092861910000238],[-76.514509562999933,2.6148137330000623],[-76.52033935999998,2.6244585120000465]]]},"properties":{"OBJECTID":522,"administrador":2,"categoria":1,"codigo_tramo":"2504","nombre_ruta":"Troncal de Occidente","nombre_tramo":"Por Defnir","ruta":"9223372036854775807","superficie":9.2233720368547758e+18,"territorial":8,"amenaza_cat":"Alta","longitud_km":11.763091786317455,"Shape_Length":0.10096752359842248}},{"type":"Feature","id":523,"geometry":{"type":"LineString","coordinates":[[-76.551913899999988,2.7935223310000197],[-76.537087896999935,2.8230319040000609],[-76.550823916999946,2.8854773410000689]]},"properties":{"OBJECTID":523,"administrador":2,"categoria":1,"codigo_tramo":"2504","nombre_ruta":"Troncal de Occidente","nombre_tramo":"Por Defnir","ruta":"9223372036854775807","superficie":9.2233720368547758e+18,"territorial":8,"amenaza_cat":"Alta","longitud_km":12.179563042485544,"Shape_Length":0.096962952315286177}},{"type":"Feature","id":524,"geometry":{"type":"MultiLineString","coordinates":[[[-76.53696432199996,2.6425587360000691],[-76.527223289999938,2.6855239310000343],[-76.554280361999986,2.7546957750000729],[-76.551913899999988,2.7935223310000197]],[[-76.536522825999953,2.642014864000032],[-76.53696432199996,2.6425587360000691]],[[-76.528078859999937,2.6339877930000739],[-76.536522825999953,2.642014864000032]],[[-76.528078859999937,2.6339877930000739],[-76.53026837699997,2.6393220130000259]],[[-76.523367216999986,2.6260834620000537],[-76.528078859999937,2.6339877930000739]],[[-76.52033935999998,2.6244585120000465],[-76.521596971999941,2.6246515910000312]]]},"properties":{"OBJECTID":524,"administrador":2,"categoria":1,"codigo_tramo":"2504","nombre_ruta":"Troncal de Occidente","nombre_tramo":"Por Defnir","ruta":"9223372036854775807","superficie":9.2233720368547758e+18,"territorial":8,"amenaza_cat":"Alta","longitud_km":22.240923418666032,"Shape_Length":0.18582109931261986}},{"type":"Feature","id":525,"geometry":{"type":"MultiLineString","coordinates":[[[-76.481307042999958,3.0350152050000361],[-76.480500720999942,3.0357175180000695]],[[-76.48036013799998,3.0354097050000632],[-76.481307042999958,3.0350152050000361]],[[-76.497707758999979,3.0278789450000545],[-76.481307042999958,3.0350152050000361]],[[-76.499240622999935,3.0275458290000756],[-76.498435753999956,3.0279983840000568]],[[-76.498435753999956,3.0279983840000568],[-76.497707758999979,3.0278789450000545]],[[-76.498156725999934,3.0274213330000634],[-76.498435753999956,3.0279983840000568]],[[-76.498156725999934,3.0274213330000634],[-76.497707758999979,3.0278789450000545]],[[-76.499240622999935,3.0275458290000756],[-76.498940183999935,3.0270833260000245]],[[-76.499240622999935,3.0275458290000756],[-76.499690075999979,3.0269066470000325]],[[-76.498940183999935,3.0270833260000245],[-76.498156725999934,3.0274213330000634]],[[-76.499690075999979,3.0269066470000325],[-76.498940183999935,3.0270833260000245]],[[-76.49521598299998,2.9954275370000687],[-76.499690075999979,3.0269066470000325]],[[-76.496607771999948,2.9909147070000586],[-76.49521598299998,2.9954275370000687]],[[-76.496894165999947,2.9912476810000612],[-76.49521598299998,2.9954275370000687]],[[-76.496894165999947,2.9912476810000612],[-76.496607771999948,2.9909147070000586]],[[-76.49762457199995,2.9904672830000436],[-76.496894165999947,2.9912476810000612]],[[-76.49762457199995,2.9904672830000436],[-76.496607771999948,2.9909147070000586]],[[-76.550823916999946,2.8854773410000689],[-76.548903156999984,2.9143986430000268],[-76.526309701999935,2.9338932550000436],[-76.522513846999971,2.9730906230000755],[-76.49762457199995,2.9904672830000436]]]},"properties":{"OBJECTID":525,"administrador":2,"categoria":1,"codigo_tramo":"2504","nombre_ruta":"Troncal de Occidente","nombre_tramo":"Por Defnir","ruta":"9223372036854775807","superficie":9.2233720368547758e+18,"territorial":8,"amenaza_cat":"Alta","longitud_km":23.502465919416753,"Shape_Length":0.1980840649350315}},{"type":"Feature","id":526,"geometry":{"type":"LineString","coordinates":[[-76.558348579999972,2.5368837860000326],[-76.566359513999942,2.5551427790000503]]},"properties":{"OBJECTID":526,"administrador":2,"categoria":1,"codigo_tramo":"2504","nombre_ruta":"Troncal de Occidente","nombre_tramo":"Por Defnir","ruta":"9223372036854775807","superficie":9.2233720368547758e+18,"territorial":8,"amenaza_cat":"Alta","longitud_km":2.5404958546526508,"Shape_Length":0.019939054363900012}},{"type":"Feature","id":527,"geometry":{"type":"MultiLineString","coordinates":[[[-76.31024182699997,3.0375053360000379],[-76.353790444999959,3.0658196120000412]],[[-76.306332454999961,3.0335426210000378],[-76.31024182699997,3.0375053360000379]],[[-76.289237584999967,3.0217974660000664],[-76.306332454999961,3.0335426210000378]]]},"properties":{"OBJECTID":527,"administrador":1,"categoria":1,"codigo_tramo":"3702","nombre_ruta":"Circuitos Ecoturisticos Huila - Cauca","nombre_tramo":"Por Defnir","ruta":"9223372036854775807","superficie":9.2233720368547758e+18,"territorial":8,"amenaza_cat":"Alta","longitud_km":11.231405103680306,"Shape_Length":0.078251404973109062}},{"type":"Feature","id":528,"geometry":{"type":"LineString","coordinates":[[-76.085503267999968,2.9429607420000252],[-76.093795494999938,2.9697951000000558],[-76.117556486999945,2.9613857180000309]]},"properties":{"OBJECTID":528,"administrador":1,"categoria":1,"codigo_tramo":"3702","nombre_ruta":"Circuitos Ecoturisticos Huila - Cauca","nombre_tramo":"Por Defnir","ruta":"9223372036854775807","superficie":9.2233720368547758e+18,"territorial":8,"amenaza_cat":"Alta","longitud_km":9.0915001452908228,"Shape_Length":0.053291569934481704}},{"type":"Feature","id":529,"geometry":{"type":"MultiLineString","coordinates":[[[-76.117556486999945,2.9613857180000309],[-76.135142937999944,2.9611286540000492],[-76.154054812999959,2.9954858060000333],[-76.148277723999968,2.9815869350000526],[-76.156116470999962,2.9668845810000448],[-76.182914808999953,3.011299379000036],[-76.202138195999964,3.006687366000051],[-76.240713246999974,3.0220514900000239]],[[-76.240713246999974,3.0220514900000239],[-76.268759988999989,2.9561127800000691]],[[-76.278850059999968,3.0211185860000569],[-76.289237584999967,3.0217974660000664]],[[-76.268759988999989,2.9561127800000691],[-76.266248453999935,3.0027270630000658],[-76.278850059999968,3.0211185860000569]]]},"properties":{"OBJECTID":529,"administrador":1,"categoria":1,"codigo_tramo":"3702","nombre_ruta":"Circuitos Ecoturisticos Huila - Cauca","nombre_tramo":"Por Defnir","ruta":"9223372036854775807","superficie":9.2233720368547758e+18,"territorial":8,"amenaza_cat":"Alta","longitud_km":57.199652585136334,"Shape_Length":0.35272583719354472}},{"type":"Feature","id":530,"geometry":{"type":"MultiLineString","coordinates":[[[-74.910441937999963,4.2333814340000231],[-74.898735374999944,4.2343397270000764]],[[-74.910239135999973,4.2328194280000275],[-74.898744069999964,4.23416228800005]],[[-74.910441937999963,4.2333814340000231],[-74.910666876999983,4.2332689960000494]],[[-74.910444371999972,4.2333812160000548],[-74.910441937999963,4.2333814340000231]],[[-74.911598398999956,4.2331598270000654],[-74.910444371999972,4.2333812160000548]],[[-74.910666876999983,4.2332689960000494],[-74.910241846999952,4.2328194830000712]],[[-74.911602252999955,4.233158736000064],[-74.911598398999956,4.2331598270000654]],[[-74.911297260999959,4.2327118670000345],[-74.911602252999955,4.233158736000064]],[[-74.919111148999946,4.2321515360000603],[-74.911602252999955,4.233158736000064]],[[-74.910241846999952,4.2328194830000712],[-74.910239135999973,4.2328194280000275]],[[-74.911655505999988,4.2325628180000763],[-74.910239135999973,4.2328194280000275]],[[-74.911650605999967,4.2325643450000712],[-74.911297260999959,4.2327118670000345]],[[-74.911655505999988,4.2325628180000763],[-74.911650605999967,4.2325643450000712]],[[-74.919075924999959,4.2319907680000597],[-74.911655505999988,4.2325628180000763]]]},"properties":{"OBJECTID":530,"administrador":2,"categoria":1,"codigo_tramo":"4004B","nombre_ruta":"Transversal Buenaventura - Villavicencio - Puerto Carreño","nombre_tramo":"Por Defnir","ruta":"9223372036854775807","superficie":9.2233720368547758e+18,"territorial":28,"amenaza_cat":"Alta","longitud_km":4.8169695999417481,"Shape_Length":0.042760375878038916}},{"type":"Feature","id":531,"geometry":{"type":"MultiLineString","coordinates":[[[-74.86187012399995,4.1911180120000608],[-74.860649778999971,4.1936183000000256]],[[-74.866449075999981,4.1822066990000621],[-74.863215496999942,4.1889120820000585]],[[-74.867808330999935,4.1794018980000374],[-74.866449075999981,4.1822066990000621]],[[-74.867037867999954,4.1813035280000577],[-74.866449075999981,4.1822066990000621]],[[-74.867037751999987,4.1813034610000273],[-74.867808330999935,4.1794018980000374]],[[-74.875470611999958,4.1652567320000458],[-74.867808330999935,4.1794018980000374]],[[-74.875969613999985,4.1642987520000361],[-74.875470611999958,4.1652567320000458]],[[-74.875632722999967,4.1650064410000596],[-74.875470611999958,4.1652567320000458]],[[-74.875632722999967,4.1650064410000596],[-74.875978788999987,4.1645561570000496]],[[-74.875632722999967,4.1650064410000596],[-74.876266640999972,4.1646869740000625]],[[-74.876289104999955,4.1646833810000317],[-74.877105139999969,4.1647368360000314]],[[-74.876073377999944,4.1646450730000311],[-74.876266640999972,4.1646869740000625]],[[-74.876266640999972,4.1646869740000625],[-74.876289104999955,4.1646833810000317]],[[-74.876266640999972,4.1646869740000625],[-74.876289104999955,4.1646833810000317]],[[-74.876289104999955,4.1646833810000317],[-74.876440609999975,4.164351277000037]],[[-74.875978788999987,4.1645561570000496],[-74.876072900999986,4.1646450740000205]],[[-74.875969613999985,4.1642987520000361],[-74.875978788999987,4.1645561570000496]],[[-74.875978788999987,4.1645561570000496],[-74.876197304999948,4.1641811720000419]],[[-74.876440593999973,4.1643512470000701],[-74.876429117999976,4.1643318920000638]],[[-74.876429117999976,4.1643318920000638],[-74.876197304999948,4.1641811720000419]],[[-74.876314745999935,4.1636837880000712],[-74.875969613999985,4.1642987520000361]],[[-74.876197304999948,4.1641811720000419],[-74.875969613999985,4.1642987520000361]],[[-74.876197304999948,4.1641811720000419],[-74.876403058999983,4.1637145030000511]]]},"properties":{"OBJECTID":531,"administrador":2,"categoria":1,"codigo_tramo":"4507","nombre_ruta":"Troncal del Magdalena","nombre_tramo":"Por Defnir","ruta":"9223372036854775807","superficie":9.2233720368547758e+18,"territorial":28,"amenaza_cat":"Alta","longitud_km":4.3629721512251161,"Shape_Length":0.039234122191428973}},{"type":"Feature","id":532,"geometry":{"type":"LineString","coordinates":[[-73.016617513999961,8.0561989040000412],[-73.015873533999979,8.0570073620000358]]},"properties":{"OBJECTID":532,"administrador":1,"categoria":1,"codigo_tramo":"7008","nombre_ruta":"Acceso a Cucuta y Venezuela","nombre_tramo":"Por Defnir","ruta":"9223372036854775807","superficie":9.2233720368547758e+18,"territorial":18,"amenaza_cat":"Alta","longitud_km":0.12201670312446775,"Shape_Length":0.0010986858414158602}},{"type":"Feature","id":533,"geometry":{"type":"MultiLineString","coordinates":[[[-72.934221882999964,8.1349113930000385],[-72.916360845999975,8.1417635990000576],[-72.886485587999971,8.1316528250000601],[-72.888860257999966,8.1246238530000596],[-72.877390052999942,8.1303198990000283],[-72.878409769999962,8.1166939920000232],[-72.856119624999963,8.0876353470000595]],[[-72.975543148999975,8.0935953880000397],[-72.947243067999977,8.1182905880000362],[-72.945549903999961,8.1292223960000456],[-72.960114157999953,8.1346774290000212],[-72.936007168999936,8.135011898000073]],[[-72.936007168999936,8.135011898000073],[-72.934221882999964,8.1349113930000385]],[[-72.854752301999952,8.0879811600000266],[-72.838418364999939,8.07656948500005]],[[-72.855644908999977,8.0878241710000225],[-72.854902175999939,8.0879816090000531]]]},"properties":{"OBJECTID":533,"administrador":1,"categoria":1,"codigo_tramo":"7008","nombre_ruta":"Acceso a Cucuta y Venezuela","nombre_tramo":"Por Defnir","ruta":"9223372036854775807","superficie":9.2233720368547758e+18,"territorial":18,"amenaza_cat":"Alta","longitud_km":37.754645870789211,"Shape_Length":0.2319397259437814}},{"type":"Feature","id":534,"geometry":{"type":"MultiLineString","coordinates":[[[-72.828990058999977,8.0854427290000217],[-72.810131559999945,8.0973585130000743],[-72.803278940999974,8.0825677230000679]],[[-72.854902175999939,8.0879816090000531],[-72.854752301999952,8.0879811600000266]],[[-72.856119624999963,8.0876353470000595],[-72.855644908999977,8.0878241710000225]],[[-72.801388897999971,8.0841800580000722],[-72.80017010399996,8.0867701240000542]],[[-72.838418364999939,8.07656948500005],[-72.828990058999977,8.0854427290000217]],[[-72.803278940999974,8.0825677230000679],[-72.801388897999971,8.0841800580000722]],[[-72.803278940999974,8.0825677230000679],[-72.801388897999971,8.0841800580000722]]]},"properties":{"OBJECTID":534,"administrador":1,"categoria":1,"codigo_tramo":"7008","nombre_ruta":"Acceso a Cucuta y Venezuela","nombre_tramo":"Por Defnir","ruta":"9223372036854775807","superficie":9.2233720368547758e+18,"territorial":18,"amenaza_cat":"Alta","longitud_km":8.057709162810669,"Shape_Length":0.060047718912918692}},{"type":"Feature","id":535,"geometry":{"type":"LineString","coordinates":[[-73.015873533999979,8.0570073620000358],[-72.996868862999975,8.0640970020000395],[-72.998736638999958,8.0789493740000466],[-72.989763925999966,8.0762657030000469],[-72.975543148999975,8.0935953880000397]]},"properties":{"OBJECTID":535,"administrador":1,"categoria":1,"codigo_tramo":"7008","nombre_ruta":"Acceso a Cucuta y Venezuela","nombre_tramo":"Por Defnir","ruta":"9223372036854775807","superficie":9.2233720368547758e+18,"territorial":18,"amenaza_cat":"Alta","longitud_km":12.545251876250537,"Shape_Length":0.067036393830542856}},{"type":"Feature","id":536,"geometry":{"type":"MultiLineString","coordinates":[[[-75.601505405999944,4.5226439360000654],[-75.600039037999977,4.5316019940000274],[-75.589114850999977,4.5257407620000549]],[[-75.633913244999974,4.5309464690000709],[-75.633705155999962,4.5304689940000458]],[[-75.633705155999962,4.5304689940000458],[-75.633455840999943,4.5299889160000362]],[[-75.633705155999962,4.5304689940000458],[-75.633709329999988,4.5299817690000737]],[[-75.633455840999943,4.5299889160000362],[-75.633709329999988,4.5299817690000737]],[[-75.633455840999943,4.5299889160000362],[-75.633428194999965,4.5299477600000273]],[[-75.633709329999988,4.5299817690000737],[-75.63375868299994,4.5298515320000661]],[[-75.633302750999974,4.5298189490000595],[-75.633428194999965,4.5299477600000273]],[[-75.633428194999965,4.5299477600000273],[-75.63340164799996,4.5298559560000626]],[[-75.63340164799996,4.5298559560000626],[-75.633506284999953,4.5296881270000426]],[[-75.63375868299994,4.5298515320000661],[-75.633634557999983,4.5296863080000662]],[[-75.633113027999968,4.5296855670000582],[-75.633302750999974,4.5298189490000595]],[[-75.633506284999953,4.5296881270000426],[-75.633095689999948,4.5296538930000452]],[[-75.633634557999983,4.5296863080000662],[-75.633506284999953,4.5296881270000426]],[[-75.633002680999937,4.5296340420000547],[-75.633113027999968,4.5296855670000582]],[[-75.633095689999948,4.5296538930000452],[-75.633002680999937,4.5296340420000547]],[[-75.633002680999937,4.5296340420000547],[-75.63190977499994,4.529271632000075]],[[-75.613840348999986,4.5280269820000285],[-75.612302283999952,4.5279069920000552]],[[-75.63190977499994,4.529271632000075],[-75.631911503999959,4.5292727160000368]],[[-75.63190977499994,4.529271632000075],[-75.632299807999971,4.5274271930000509]],[[-75.632299807999971,4.5274271930000509],[-75.619937665999942,4.5256830240000454]],[[-75.619375801999979,4.5256326730000751],[-75.613840348999986,4.5280269820000285]],[[-75.612302283999952,4.5279069920000552],[-75.610654407999959,4.5269095840000659]],[[-75.610654407999959,4.5269095840000659],[-75.609307243999979,4.5260890840000343]],[[-75.609307243999979,4.5260890840000343],[-75.608281343999977,4.5254172390000349]],[[-75.619937665999942,4.5256830240000454],[-75.619375801999979,4.5256326730000751]],[[-75.608281343999977,4.5254172390000349],[-75.608412012999963,4.5170814020000307],[-75.601505405999944,4.5226439360000654]],[[-75.589415716999952,4.5239851450000401],[-75.589379343999951,4.5238371650000317]],[[-75.589388485999962,4.5225455640000405],[-75.588264451999976,4.5203028800000311]],[[-75.588048092999941,4.5199125690000415],[-75.566201821999982,4.4885666880000485]],[[-75.565827335999984,4.4880706250000344],[-75.565563456999939,4.4877209700000549]],[[-75.565563456999939,4.4877209700000549],[-75.565563371999986,4.4877208570000562]]]},"properties":{"OBJECTID":536,"administrador":1,"categoria":1,"codigo_tramo":"4003A","nombre_ruta":"Tramo alterno","nombre_tramo":"Por Defnir","ruta":"40","superficie":1,"territorial":20,"amenaza_cat":"Alta","longitud_km":15.583481091795415,"Shape_Length":0.11203780959223296}},{"type":"Feature","id":537,"geometry":{"type":"MultiLineString","coordinates":[[[-75.589114850999977,4.5257407620000549],[-75.589415716999952,4.5239851450000401]],[[-75.589379343999951,4.5238371650000317],[-75.589388485999962,4.5225455640000405]],[[-75.588264451999976,4.5203028800000311],[-75.588048092999941,4.5199125690000415]],[[-75.566201821999982,4.4885666880000485],[-75.566194904999975,4.4885575260000223]],[[-75.566194904999975,4.4885575260000223],[-75.56585483899994,4.4881070570000361]],[[-75.56585483899994,4.4881070570000361],[-75.565827335999984,4.4880706250000344]],[[-75.565563371999986,4.4877208570000562],[-75.553452963999973,4.4729908970000452]]]},"properties":{"OBJECTID":537,"administrador":1,"categoria":1,"codigo_tramo":"4003A","nombre_ruta":"Tramo alterno","nombre_tramo":"Por Defnir","ruta":"40","superficie":1,"territorial":20,"amenaza_cat":"Alta","longitud_km":2.5841429885374363,"Shape_Length":0.02320983772461533}},{"type":"Feature","id":538,"geometry":{"type":"MultiLineString","coordinates":[[[-72.841496038999935,6.7845273890000612],[-72.844272029999956,6.7894392720000383]],[[-72.840672769999969,6.779120477000049],[-72.841496038999935,6.7845273890000612]]]},"properties":{"OBJECTID":538,"administrador":1,"categoria":2,"codigo_tramo":"55ST02","nombre_ruta":"Málaga - Los Curos","nombre_tramo":"Malaga - Los Curos","ruta":"55","superficie":1,"territorial":22,"amenaza_cat":"Alta","longitud_km":1.2441641055258974,"Shape_Length":0.011111278637482697}},{"type":"Feature","id":539,"geometry":{"type":"MultiLineString","coordinates":[[[-76.465570898999943,3.1182944380000208],[-76.465568355999949,3.1191066120000528]],[[-76.465638423999962,3.1178638660000502],[-76.465570898999943,3.1182944380000208]],[[-76.465570898999943,3.1182944380000208],[-76.465736571999969,3.118162969000025]],[[-76.465638423999962,3.1178638660000502],[-76.465761187999988,3.1180267010000762]],[[-76.46597921099999,3.1167973650000249],[-76.465638423999962,3.1178638660000502]],[[-76.46949247699996,3.0957160850000491],[-76.466444046999982,3.1152609480000706]],[[-76.469985580999946,3.0957047200000716],[-76.466541579999955,3.1152585030000637]],[[-76.469573687999969,3.0951676110000221],[-76.46949247699996,3.0957160850000491]],[[-76.469985580999946,3.0957047200000716],[-76.46949247699996,3.0957160850000491]],[[-76.470076843999948,3.0952181850000215],[-76.469985580999946,3.0957047200000716]],[[-76.469573687999969,3.0951676110000221],[-76.470076843999948,3.0952181850000215]],[[-76.475373857999955,3.0729663510000478],[-76.470076843999948,3.0952181850000215]],[[-76.475147668999966,3.0729869180000264],[-76.469573687999969,3.0951676110000221]],[[-76.475129652999954,3.0727040450000231],[-76.475147668999966,3.0729869180000264]],[[-76.475373857999955,3.0729663510000478],[-76.475147668999966,3.0729869180000264]],[[-76.475377425999966,3.0727067640000314],[-76.475373857999955,3.0729663510000478]],[[-76.475129652999954,3.0727040450000231],[-76.475377425999966,3.0727067640000314]],[[-76.475629883999943,3.0536974910000367],[-76.475377425999966,3.0727067640000314]],[[-76.47510677799994,3.0536922310000705],[-76.475129652999954,3.0727040450000231]],[[-76.475629883999943,3.0536974910000367],[-76.47510677799994,3.0536922310000705]],[[-76.475719698999967,3.0533507890000351],[-76.475629883999943,3.0536974910000367]],[[-76.475197440999978,3.0532124570000292],[-76.47510677799994,3.0536922310000705]],[[-76.475197440999978,3.0532124570000292],[-76.475719698999967,3.0533507890000351]],[[-76.479313653999952,3.0379597230000286],[-76.475719698999967,3.0533507890000351]],[[-76.478923689999988,3.037922730000048],[-76.475197440999978,3.0532124570000292]],[[-76.478923689999988,3.037922730000048],[-76.479313653999952,3.0379597230000286]],[[-76.480500720999942,3.0357175180000695],[-76.479313653999952,3.0379597230000286]],[[-76.478923689999988,3.037922730000048],[-76.48036013799998,3.0354097050000632]]]},"properties":{"OBJECTID":539,"administrador":2,"categoria":1,"codigo_tramo":"2504","nombre_ruta":"Troncal de Occidente","nombre_tramo":"Popayan - Santander de Quilichao - Cali","ruta":"9223372036854775807","superficie":9.2233720368547758e+18,"territorial":8,"amenaza_cat":"Alta","longitud_km":18.905858103085336,"Shape_Length":0.16852761200219357}},{"type":"Feature","id":540,"geometry":{"type":"MultiLineString","coordinates":[[[-76.459451429999945,3.1563548170000217],[-76.459450795999942,3.156686885000056]],[[-76.459563535999962,3.1566829130000542],[-76.459752039999955,3.1546916970000325]],[[-76.45970204799994,3.1516976550000209],[-76.459451429999945,3.1563548170000217]],[[-76.459752039999955,3.1546916970000325],[-76.460297694999952,3.151801889000069]],[[-76.460297694999952,3.151801889000069],[-76.45970204799994,3.1516976550000209]],[[-76.460369493999963,3.1514134220000756],[-76.460297694999952,3.151801889000069]],[[-76.45976032599998,3.1513191220000749],[-76.45970204799994,3.1516976550000209]],[[-76.45976032599998,3.1513191220000749],[-76.460369493999963,3.1514134220000756]],[[-76.466025681999952,3.1183937980000564],[-76.460369493999963,3.1514134220000756]],[[-76.465568355999949,3.1191066120000528],[-76.45976032599998,3.1513191220000749]],[[-76.465736571999969,3.118162969000025],[-76.466025681999952,3.1183937980000564]],[[-76.466102457999966,3.1179544700000292],[-76.466025681999952,3.1183937980000564]],[[-76.465761187999988,3.1180267010000762],[-76.466102457999966,3.1179544700000292]],[[-76.466541579999955,3.1152585030000637],[-76.466102457999966,3.1179544700000292]],[[-76.466444046999982,3.1152609480000706],[-76.46597921099999,3.1167973650000249]]]},"properties":{"OBJECTID":540,"administrador":2,"categoria":1,"codigo_tramo":"2504","nombre_ruta":"Troncal de Occidente","nombre_tramo":"Popayan - Santander de Quilichao - Cali","ruta":"9223372036854775807","superficie":9.2233720368547758e+18,"territorial":8,"amenaza_cat":"Alta","longitud_km":9.2951065973719498,"Shape_Length":0.083670076632011162}},{"type":"Feature","id":541,"geometry":{"type":"MultiLineString","coordinates":[[[-74.99023594199997,4.2444793150000351],[-74.966009328999974,4.1970861720000698],[-74.919057854999949,4.1654167610000741]],[[-74.914141920999953,4.1666576000000646],[-74.897713877999934,4.1667982520000351]],[[-74.914141920999953,4.1666576000000646],[-74.897867216999941,4.1662393720000637]],[[-74.897713877999934,4.1667982520000351],[-74.896271015999957,4.1666667000000643]],[[-74.897867216999941,4.1662393720000637],[-74.897713877999934,4.1667982520000351]],[[-74.917395023999973,4.1654384930000674],[-74.914141920999953,4.1666576000000646]],[[-74.884685262999938,4.1654380400000264],[-74.896271015999957,4.1666667000000643]],[[-74.896316350999939,4.1660867840000719],[-74.896271015999957,4.1666667000000643]],[[-74.896316350999939,4.1660867840000719],[-74.877105139999969,4.1647368360000314]],[[-74.897867216999941,4.1662393720000637],[-74.896316350999939,4.1660867840000719]],[[-74.896305525999935,4.1660866010000746],[-74.896316350999939,4.1660867840000719]],[[-74.919057854999949,4.1654167610000741],[-74.917395023999973,4.1654384930000674]],[[-74.877105139999969,4.1647368360000314],[-74.876440609999975,4.164351277000037]],[[-74.876440593999973,4.1643512470000701],[-74.876429117999976,4.1643318920000638]],[[-74.876429117999976,4.1643318920000638],[-74.876403058999983,4.1637145030000511]]]},"properties":{"OBJECTID":541,"administrador":2,"categoria":1,"codigo_tramo":"4004","nombre_ruta":"Transversal Buenaventura - Villavicencio - Puerto Carreño","nombre_tramo":"Por Defnir","ruta":"9223372036854775807","superficie":9.2233720368547758e+18,"territorial":28,"amenaza_cat":"Alta","longitud_km":21.203364496791352,"Shape_Length":0.18420314167202695}},{"type":"Feature","id":542,"geometry":{"type":"LineString","coordinates":[[-72.936007168999936,8.135011898000073],[-72.934221882999964,8.1349113930000385]]},"properties":{"OBJECTID":542,"administrador":1,"categoria":1,"codigo_tramo":"7008","nombre_ruta":"Acceso a Cucuta y Venezuela","nombre_tramo":"Por Defnir","ruta":"9223372036854775807","superficie":9.2233720368547758e+18,"territorial":18,"amenaza_cat":"Alta","longitud_km":0.33906454354638793,"Shape_Length":0.0017881127919480403}},{"type":"Feature","id":543,"geometry":{"type":"MultiLineString","coordinates":[[[-76.621235694999939,7.9275604110000586],[-76.624108253999964,7.9141996610000547]],[[-76.623679986999946,7.9140450790000614],[-76.621096915999942,7.9275308950000749]],[[-76.624108253999964,7.9141996610000547],[-76.623878223999952,7.9133309200000213]],[[-76.623878223999952,7.9133309200000213],[-76.624108253999964,7.9141996610000547]],[[-76.624288459999946,7.9133858040000291],[-76.624223857999937,7.912477559000024]],[[-76.624223857999937,7.912477559000024],[-76.623878223999952,7.9133309200000213]],[[-76.624223857999937,7.912477559000024],[-76.632497727999976,7.8830406090000338]],[[-76.632497727999976,7.8830406090000338],[-76.633871263999936,7.8781301190000477]],[[-76.633871263999936,7.8781301190000477],[-76.632497727999976,7.8830406090000338]],[[-76.640863615999933,7.8525716460000581],[-76.633871263999936,7.8781301190000477]],[[-76.641275048999944,7.8510645720000412],[-76.640863615999933,7.8525716460000581]],[[-76.640863615999933,7.8525716460000581],[-76.641978847999951,7.8513674410000363]],[[-76.641275048999944,7.8510645720000412],[-76.641901736999955,7.8514342820000707]],[[-76.641978847999951,7.8513674410000363],[-76.642181139999934,7.8503768990000253]],[[-76.641457354999943,7.8503981190000331],[-76.641275048999944,7.8510645720000412]],[[-76.641758139999979,7.84930292100006],[-76.641457354999943,7.8503981190000331]],[[-76.642165338999973,7.8503467050000495],[-76.641457354999943,7.8503981190000331]],[[-76.642181139999934,7.8503768990000253],[-76.642165338999973,7.8503467050000495]],[[-76.642165338999973,7.8503467050000495],[-76.641758139999979,7.84930292100006]],[[-76.646179595999968,7.8326313370000662],[-76.641758139999979,7.84930292100006]],[[-76.646540258999948,7.8313085530000421],[-76.646179595999968,7.8326313370000662]],[[-76.646179595999968,7.8326313370000662],[-76.647127735999959,7.8316446270000597]],[[-76.646540258999948,7.8313085530000421],[-76.647127735999959,7.8316446270000597]],[[-76.647127735999959,7.8316446270000597],[-76.647526505999963,7.8306872480000607]],[[-76.646771518999969,7.8304650440000501],[-76.646540258999948,7.8313085530000421]],[[-76.647526505999963,7.8306872480000607],[-76.646771518999969,7.8304650440000501]],[[-76.647475183999973,7.8305327570000713],[-76.647149428999967,7.8290938780000374]],[[-76.647149428999967,7.8290938780000374],[-76.646771518999969,7.8304650440000501]],[[-76.652740093999967,7.7938077010000484],[-76.647149428999967,7.8290938780000374]]]},"properties":{"OBJECTID":543,"administrador":2,"categoria":1,"codigo_tramo":"6201","nombre_ruta":"Troncal de Uraba","nombre_tramo":"Por Defnir","ruta":"9223372036854775807","superficie":9.2233720368547758e+18,"territorial":28,"amenaza_cat":"Alta","longitud_km":18.978247959324086,"Shape_Length":0.16891892141373768}},{"type":"Feature","id":544,"geometry":{"type":"MultiLineString","coordinates":[[[-76.653930887999934,7.7871318390000397],[-76.652740093999967,7.7938077010000484]],[[-76.653984538999964,7.786586054000054],[-76.653930887999934,7.7871318390000397]],[[-76.653930887999934,7.7871318390000397],[-76.654358783999953,7.786781984000072]],[[-76.654358783999953,7.786781984000072],[-76.654622446999952,7.7859567910000465]],[[-76.654622446999952,7.7859567910000465],[-76.654358783999953,7.786781984000072]],[[-76.654466332999959,7.7846530000000485],[-76.654090528999973,7.7859607390000747]],[[-76.654622446999952,7.7859567910000465],[-76.654466332999959,7.7846530000000485]],[[-76.657553999999948,7.7710310000000504],[-76.654466332999959,7.7846530000000485]],[[-76.657553999999948,7.7710310000000504],[-76.657530999999949,7.7705330000000572]],[[-76.65796153399998,7.7706413670000529],[-76.657553999999948,7.7710310000000504]],[[-76.65796153399998,7.7706413670000529],[-76.657530999999949,7.7705330000000572]],[[-76.657962999999938,7.7706410000000687],[-76.65796153399998,7.7706413670000529]],[[-76.657962999999938,7.7706410000000687],[-76.65796153399998,7.7706413670000529]],[[-76.658276999999941,7.7703330000000506],[-76.657962999999938,7.7706410000000687]],[[-76.657530999999949,7.7705330000000572],[-76.657598999999948,7.7698240000000283]],[[-76.658280300999934,7.7703236460000653],[-76.658276999999941,7.7703330000000506]],[[-76.658280300999934,7.7703236460000653],[-76.658276999999941,7.7703330000000506]],[[-76.658138998999959,7.7698630000000435],[-76.658280300999934,7.7703236460000653]],[[-76.658301999999935,7.7702650000000517],[-76.658280300999934,7.7703236460000653]],[[-76.658138998999959,7.7698630000000435],[-76.658176624999953,7.7698920840000483]],[[-76.657989998999938,7.7697770000000332],[-76.658138998999959,7.7698630000000435]],[[-76.657598999999948,7.7698240000000283],[-76.657733999999948,7.769281000000035]],[[-76.657598999999948,7.7698240000000283],[-76.657989998999938,7.7697770000000332]],[[-76.657733999999948,7.769281000000035],[-76.657989998999938,7.7697770000000332]],[[-76.657733999999948,7.769281000000035],[-76.66283599999997,7.74330800000007]],[[-76.66283599999997,7.74330800000007],[-76.662852799999939,7.7432354000000601]],[[-76.66283599999997,7.74330800000007],[-76.662852799999939,7.7432354000000601]],[[-76.662852799999939,7.7432354000000601],[-76.662853332999987,7.7432330010000214]],[[-76.662852799999939,7.7432354000000601],[-76.662853332999987,7.7432330010000214]],[[-76.662853332999987,7.7432330010000214],[-76.662856665999982,7.7432170000000724]],[[-76.662853332999987,7.7432330010000214],[-76.662856665999982,7.7432170000000724]],[[-76.662856665999982,7.7432170000000724],[-76.662857200999952,7.7432145990000549]],[[-76.662856665999982,7.7432170000000724],[-76.662857200999952,7.7432145990000549]],[[-76.662857200999952,7.7432145990000549],[-76.662859999999966,7.743203999000059]],[[-76.662857200999952,7.7432145990000549],[-76.662859999999966,7.743203999000059]],[[-76.662859999999966,7.743203999000059],[-76.662863090999963,7.7431900930000666]],[[-76.662859999999966,7.743203999000059],[-76.662863090999963,7.7431900930000666]],[[-76.662863090999963,7.7431900930000666],[-76.662835000999962,7.7426930000000311]],[[-76.662863090999963,7.7431900930000666],[-76.663188999999988,7.7428390010000498]],[[-76.662835000999962,7.7426930000000311],[-76.663188999999988,7.7428390010000498]],[[-76.663188999999988,7.7428390010000498],[-76.663391998999941,7.7427810000000363]],[[-76.663391998999941,7.7427810000000363],[-76.663621110999941,7.7423540000000344]],[[-76.663391998999941,7.7427810000000363],[-76.663414311999986,7.7427688440000679]],[[-76.662835000999962,7.7426930000000311],[-76.663030999999989,7.7419570000000704]],[[-76.663621999999975,7.742362000000071],[-76.663621110999941,7.7423540000000344]],[[-76.663621110999941,7.7423540000000344],[-76.66361999999998,7.7423450000000571]],[[-76.663621110999941,7.7423540000000344],[-76.66361999999998,7.7423450000000571]],[[-76.66361999999998,7.7423450000000571],[-76.663440000999969,7.7420250000000692]],[[-76.663440000999969,7.7420250000000692],[-76.663030999999989,7.7419570000000704]],[[-76.663440000999969,7.7420250000000692],[-76.667758945999935,7.7227268570000547]],[[-76.663030999999989,7.7419570000000704],[-76.667404742999963,7.7226828840000508]]]},"properties":{"OBJECTID":544,"administrador":2,"categoria":1,"codigo_tramo":"6201","nombre_ruta":"Troncal de Uraba","nombre_tramo":"Por Defnir","ruta":"9223372036854775807","superficie":9.2233720368547758e+18,"territorial":28,"amenaza_cat":"Alta","longitud_km":11.404491034967403,"Shape_Length":0.10111459418680041}},{"type":"Feature","id":545,"geometry":{"type":"MultiLineString","coordinates":[[[-76.667758945999935,7.7227268570000547],[-76.66814720299999,7.7214051720000612]],[[-76.667404742999963,7.7226828840000508],[-76.667683415999988,7.7214347830000634]],[[-76.667683415999988,7.7214347830000634],[-76.668587368999965,7.7174768570000651]],[[-76.66814720299999,7.7214051720000612],[-76.667683415999988,7.7214347830000634]],[[-76.66814720299999,7.7214051720000612],[-76.669022189999964,7.7174714020000579]],[[-76.669022189999964,7.7174714020000579],[-76.668587368999965,7.7174768570000651]],[[-76.668587368999965,7.7174768570000651],[-76.679653143999985,7.6751469000000725]],[[-76.669022189999964,7.7174714020000579],[-76.679653143999985,7.6751469000000725]],[[-76.679653143999985,7.6751469000000725],[-76.68074498499999,7.6726658430000612]]]},"properties":{"OBJECTID":545,"administrador":2,"categoria":1,"codigo_tramo":"6201","nombre_ruta":"Troncal de Uraba","nombre_tramo":"Por Defnir","ruta":"9223372036854775807","superficie":9.2233720368547758e+18,"territorial":28,"amenaza_cat":"Alta","longitud_km":11.425536855066804,"Shape_Length":0.10174803235865572}},{"type":"Feature","id":546,"geometry":{"type":"MultiLineString","coordinates":[[[-76.728287895999983,8.0951876920000245],[-76.659219668999981,8.0679341630000749],[-76.643298010999956,8.01416953100005]],[[-76.643298010999956,8.01416953100005],[-76.642849952999939,8.013218572000028]],[[-76.643244126999946,8.0131265290000329],[-76.643298010999956,8.01416953100005]],[[-76.643244126999946,8.0131265290000329],[-76.642849952999939,8.013218572000028]],[[-76.642849952999939,8.013218572000028],[-76.642638556999941,8.0124516810000728]],[[-76.64297914399998,8.0123252670000511],[-76.643244126999946,8.0131265290000329]],[[-76.642638556999941,8.0124516810000728],[-76.642670388999989,8.0119977020000306]],[[-76.642638556999941,8.0124516810000728],[-76.64297914399998,8.0123252670000511]],[[-76.64297914399998,8.0123252670000511],[-76.642986055999984,8.0123268860000394]],[[-76.642670388999989,8.0119977020000306],[-76.64297914399998,8.0123252670000511]],[[-76.642670388999989,8.0119977020000306],[-76.629866417999949,7.968030767000073]],[[-76.629525953999973,7.9674121130000231],[-76.629866417999949,7.968030767000073]],[[-76.629866417999949,7.968030767000073],[-76.62992623599996,7.967345592000072]],[[-76.62992623599996,7.967345592000072],[-76.629525953999973,7.9674121130000231]],[[-76.629525953999973,7.9674121130000231],[-76.629330618999973,7.9666736780000633]],[[-76.629773304999958,7.966546246000064],[-76.62992623599996,7.967345592000072]],[[-76.622851951999962,7.9430213400000298],[-76.629330618999973,7.9666736780000633]],[[-76.629330618999973,7.9666736780000633],[-76.629773304999958,7.966546246000064]],[[-76.623254455999984,7.9429982170000244],[-76.629773304999958,7.966546246000064]],[[-76.622383633999959,7.9385524180000289],[-76.622851951999962,7.9430213400000298]],[[-76.623254455999984,7.9429982170000244],[-76.622851951999962,7.9430213400000298]],[[-76.623254455999984,7.9429982170000244],[-76.622788874999969,7.9384141550000322]],[[-76.622788874999969,7.9384141550000322],[-76.622383633999959,7.9385524180000289]],[[-76.621096915999942,7.9275308950000749],[-76.622383633999959,7.9385524180000289]],[[-76.622788874999969,7.9384141550000322],[-76.621235694999939,7.9275604110000586]]]},"properties":{"OBJECTID":546,"administrador":2,"categoria":1,"codigo_tramo":"6201","nombre_ruta":"Troncal de Uraba","nombre_tramo":"Por Defnir","ruta":"9223372036854775807","superficie":9.2233720368547758e+18,"territorial":28,"amenaza_cat":"Alta","longitud_km":30.112479533128756,"Shape_Length":0.2663205640766822}},{"type":"Feature","id":547,"geometry":{"type":"MultiLineString","coordinates":[[[-76.964764317999936,3.8808814260000304],[-77.015593172999957,3.8917277780000745],[-77.041514602999939,3.884094598000047]],[[-77.041514602999939,3.884094598000047],[-77.043635470999959,3.8820783830000209]],[[-77.041514602999939,3.884094598000047],[-77.044096005999961,3.8821636350000404]],[[-76.960835316999976,3.8826584090000438],[-76.964151503999972,3.8812706160000516]],[[-77.043635470999959,3.8820783830000209],[-77.045776005999983,3.8823482500000637]],[[-76.962980336999976,3.8810464880000382],[-76.962440504999961,3.8812068300000533]],[[-76.962980336999976,3.8810464880000382],[-76.964151503999972,3.8812706160000516]],[[-76.964151503999972,3.8812706160000516],[-76.964764317999936,3.8808814260000304]],[[-76.962911764999944,3.8804096900000218],[-76.962980336999976,3.8810464880000382]],[[-76.962659004999978,3.880831181000076],[-76.962980336999976,3.8810464880000382]],[[-76.964764317999936,3.8808814260000304],[-76.963653118999957,3.8793439630000535]],[[-76.962581915999976,3.8807855830000335],[-76.962659004999978,3.880831181000076]],[[-76.96231592099997,3.879821100000072],[-76.962581915999976,3.8807855830000335]],[[-76.962825043999942,3.8803766560000668],[-76.96231592099997,3.879821100000072]],[[-76.963653118999957,3.8793439630000535],[-76.96231592099997,3.879821100000072]]]},"properties":{"OBJECTID":547,"administrador":2,"categoria":1,"codigo_tramo":"40VLA","nombre_ruta":"Transversal Buenaventura - Villavicencio - Puerto Carreño","nombre_tramo":"Por Defnir","ruta":"9223372036854775807","superficie":1,"territorial":25,"amenaza_cat":"Alta","longitud_km":12.399585043841919,"Shape_Length":0.099566684180543819}},{"type":"Feature","id":548,"geometry":{"type":"LineString","coordinates":[[-76.082448559999989,5.8752981220000606],[-75.965911295999945,5.8189346070000738],[-75.926165430999959,5.8305430470000488],[-75.914656892999972,5.8631368830000383]]},"properties":{"OBJECTID":548,"administrador":1,"categoria":1,"codigo_tramo":"6003","nombre_ruta":"Transversal Tribuga - Arauca","nombre_tramo":"Por Defnir","ruta":"9223372036854775807","superficie":9.2233720368547758e+18,"territorial":1,"amenaza_cat":"Alta","longitud_km":31.449013634440799,"Shape_Length":0.20542418522812556}},{"type":"Feature","id":549,"geometry":{"type":"LineString","coordinates":[[-75.914656892999972,5.8631368830000383],[-75.890937907999955,5.9102207150000368],[-75.867606226999953,5.9203164510000761],[-75.863161809999951,5.9328397160000463]]},"properties":{"OBJECTID":549,"administrador":1,"categoria":1,"codigo_tramo":"6003","nombre_ruta":"Transversal Tribuga - Arauca","nombre_tramo":"Por Defnir","ruta":"9223372036854775807","superficie":9.2233720368547758e+18,"territorial":1,"amenaza_cat":"Alta","longitud_km":11.615222013499407,"Shape_Length":0.091431537690235959}},{"type":"Feature","id":550,"geometry":{"type":"LineString","coordinates":[[-76.085218407999946,5.8817279410000651],[-76.082448559999989,5.8752981220000606]]},"properties":{"OBJECTID":550,"administrador":1,"categoria":1,"codigo_tramo":"6003","nombre_ruta":"Transversal Tribuga - Arauca","nombre_tramo":"Por Defnir","ruta":"9223372036854775807","superficie":9.2233720368547758e+18,"territorial":1,"amenaza_cat":"Alta","longitud_km":0.81213911645068637,"Shape_Length":0.0070010449445554604}},{"type":"Feature","id":551,"geometry":{"type":"MultiLineString","coordinates":[[[-76.292952139999954,7.0133961320000253],[-76.292877515999976,7.0133973500000479]],[[-76.292877515999976,7.0133973500000479],[-76.292510791999973,7.0133965150000677]],[[-76.292510791999973,7.0133965150000677],[-76.291532444999973,7.0133729680000556]],[[-76.291532444999973,7.0133729680000556],[-76.290049142999976,7.0128570580000655]],[[-76.290049142999976,7.0128570580000655],[-76.288476721999984,7.0117857320000212]],[[-76.288476721999984,7.0117857320000212],[-76.255119647999948,6.9992656240000315],[-76.23648813799997,6.9651238950000334],[-76.241530519999969,6.9338713920000714],[-76.226478128999986,6.9202612220000219]]]},"properties":{"OBJECTID":551,"administrador":2,"categoria":1,"codigo_tramo":"Por Defini","nombre_ruta":"Por Definir","nombre_tramo":"Por Definir","ruta":"PDef","superficie":3,"territorial":28,"amenaza_cat":"Alta","longitud_km":15.601046064490973,"Shape_Length":0.13136686218948176}},{"type":"Feature","id":552,"geometry":{"type":"LineString","coordinates":[[-76.226478128999986,6.9202612220000219],[-76.223891037999977,6.9170031550000317]]},"properties":{"OBJECTID":552,"administrador":2,"categoria":1,"codigo_tramo":"Por Defini","nombre_ruta":"Por Definir","nombre_tramo":"Por Definir","ruta":"PDef","superficie":3,"territorial":28,"amenaza_cat":"Alta","longitud_km":0.46841491454519074,"Shape_Length":0.0041602933092217114}},{"type":"Feature","id":553,"geometry":{"type":"MultiLineString","coordinates":[[[-76.223891037999977,6.9170031550000317],[-76.223399834999952,6.9158367570000223]],[[-76.223399834999952,6.9158367570000223],[-76.222317527999962,6.9133457130000693]],[[-76.222319803999937,6.9133548540000334],[-76.222318400999939,6.9133524870000542]],[[-76.220409777999976,6.9108149930000309],[-76.219227617999934,6.9096174320000614]]]},"properties":{"OBJECTID":553,"administrador":2,"categoria":1,"codigo_tramo":"Por Defini","nombre_ruta":"Por Definir","nombre_tramo":"Por Definir","ruta":"PDef","superficie":3,"territorial":28,"amenaza_cat":"Alta","longitud_km":0.62808508483851611,"Shape_Length":0.0056671180926784843}},{"type":"Feature","id":554,"geometry":{"type":"MultiLineString","coordinates":[[[-76.399560576999988,7.1870787890000543],[-76.399951914999974,7.1868416100000445]],[[-76.399951914999974,7.1868416100000445],[-76.400423995999972,7.1862149690000479]],[[-76.400423995999972,7.1862149690000479],[-76.400422032999984,7.1862068050000403]],[[-76.400422032999984,7.1862068050000403],[-76.400415339999938,7.1861379620000321]],[[-76.400415339999938,7.1861379620000321],[-76.400416069999949,7.1861108120000381]],[[-76.400416069999949,7.1861108120000381],[-76.400511752999989,7.1857193800000232]],[[-76.400511752999989,7.1857193800000232],[-76.40064324399998,7.1854887710000526]],[[-76.400955042999954,7.1853891200000248],[-76.40216768099998,7.1840514360000611]],[[-76.40064324399998,7.1854887710000526],[-76.400680062999982,7.1854578190000211]],[[-76.400680062999982,7.1854578190000211],[-76.400747852999984,7.185418706000064]],[[-76.400747852999984,7.185418706000064],[-76.400751706999984,7.1854171710000401]],[[-76.400751706999984,7.1854171710000401],[-76.400825680999958,7.1853943860000413]],[[-76.400825680999958,7.1853943860000413],[-76.400852422999947,7.1853901070000461]],[[-76.400852422999947,7.1853901070000461],[-76.400879388999954,7.1853881000000683]],[[-76.400879388999954,7.1853881000000683],[-76.400955042999954,7.1853891200000248]],[[-76.40216768099998,7.1840514360000611],[-76.402427987999943,7.1838033490000726]],[[-76.402427987999943,7.1838033490000726],[-76.402598215999944,7.1837022030000526]],[[-76.402598215999944,7.1837022030000526],[-76.404036340999937,7.1832427900000653]],[[-76.404956714999969,7.1832716080000409],[-76.406784785999946,7.1829470620000393]],[[-76.404643300999965,7.1832057100000384],[-76.404956714999969,7.1832716080000409]],[[-76.404036340999937,7.1832427900000653],[-76.404057247999958,7.1832377760000554]],[[-76.404057247999958,7.1832377760000554],[-76.404643300999965,7.1832057100000384]],[[-76.406784785999946,7.1829470620000393],[-76.408543479999935,7.1808362640000496]],[[-76.408543479999935,7.1808362640000496],[-76.40824446299996,7.1801939470000207]],[[-76.40824446299996,7.1801939470000207],[-76.40820763499994,7.1800271440000643]],[[-76.40820763499994,7.1800271440000643],[-76.408121147999964,7.1796354320000546]],[[-76.408121147999964,7.1796354320000546],[-76.40732160999994,7.1787634620000631]],[[-76.40732160999994,7.1787634620000631],[-76.406690042999969,7.1778993030000606]],[[-76.406690042999969,7.1778993030000606],[-76.406685997999944,7.1778191320000246]],[[-76.406685997999944,7.1778191320000246],[-76.406687637999937,7.1777570110000397]],[[-76.406687637999937,7.1777570110000397],[-76.406687794999982,7.1777528290000419]],[[-76.406687794999982,7.1777528290000419],[-76.407080592999989,7.1768890590000751]],[[-76.407080592999989,7.1768890590000751],[-76.407364016999963,7.1755115460000525]],[[-76.407364016999963,7.1755115460000525],[-76.407395325999971,7.1743300830000294]],[[-76.407395325999971,7.1743300830000294],[-76.40767851399994,7.1734497350000765]],[[-76.40767851399994,7.1734497350000765],[-76.407700863999935,7.1731349590000377]],[[-76.407700863999935,7.1731349590000377],[-76.407482004999963,7.1724710920000234]],[[-76.407482004999963,7.1724710920000234],[-76.40604785499994,7.1688159960000348]],[[-76.40604785499994,7.1688159960000348],[-76.40620549099998,7.1685579610000332]],[[-76.40620549099998,7.1685579610000332],[-76.407397063999952,7.1666074750000348]],[[-76.407397439999954,7.1666068410000321],[-76.407589514999984,7.1662707220000357]],[[-76.407589514999984,7.1662707220000357],[-76.409902388999967,7.1621484630000509]],[[-76.409902388999967,7.1621484630000509],[-76.410149254999965,7.1615970430000289]],[[-76.410149254999965,7.1615970430000289],[-76.411537427999974,7.1564968930000532]],[[-76.411537427999974,7.1564968930000532],[-76.411331885999971,7.1555218490000243]],[[-76.411331885999971,7.1555218490000243],[-76.409890047999966,7.1520100820000607]],[[-76.409890047999966,7.1520100820000607],[-76.409169948999988,7.1503689920000397]],[[-76.409169948999988,7.1503689920000397],[-76.40966266099997,7.1479323640000416]],[[-76.40966266099997,7.1479323640000416],[-76.410138896999968,7.1475009530000762]],[[-76.410138896999968,7.1475009530000762],[-76.410555294999938,7.1471271980000211]],[[-76.410555294999938,7.1471271980000211],[-76.408589929999948,7.1401332800000432]],[[-76.408589929999948,7.1401332800000432],[-76.408499419999941,7.1400957970000718]],[[-76.408499419999941,7.1400957970000718],[-76.403372876999981,7.1360531110000238]],[[-76.403372876999981,7.1360531110000238],[-76.402737221999985,7.1352493270000537]],[[-76.402737221999985,7.1352493270000537],[-76.401710839999964,7.1327547270000764]],[[-76.401710839999964,7.1327547270000764],[-76.40097540499994,7.1308218590000365]],[[-76.40097540499994,7.1308218590000365],[-76.399423466999963,7.1280628740000225]],[[-76.399423466999963,7.1280628740000225],[-76.399422337999965,7.1273732370000289]],[[-76.399422337999965,7.1273732370000289],[-76.399680923999938,7.1262731960000565]],[[-76.399680923999938,7.1262731960000565],[-76.399681861999966,7.1262630730000751]],[[-76.399681861999966,7.1262630730000751],[-76.399685903999966,7.1261692050000534]],[[-76.399685903999966,7.1261692050000534],[-76.399685678999958,7.1260964580000632]],[[-76.399685678999958,7.1260964580000632],[-76.399685395999938,7.1260763350000502]],[[-76.399685395999938,7.1260763350000502],[-76.399251856999967,7.1234621540000376]],[[-76.399251856999967,7.1234621540000376],[-76.400628661999974,7.1213534550000759]],[[-76.400628661999974,7.1213534550000759],[-76.403015600999936,7.118995233000021]],[[-76.403015600999936,7.118995233000021],[-76.404665653999984,7.117437619000043]],[[-76.404665653999984,7.117437619000043],[-76.405202402999976,7.116984043000059]],[[-76.405202402999976,7.116984043000059],[-76.40604677999994,7.1163342470000543]],[[-76.40604677999994,7.1163342470000543],[-76.406484987999988,7.1159970200000657]],[[-76.406484987999988,7.1159970200000657],[-76.407010970999977,7.1154567680000582]],[[-76.407010970999977,7.1154567680000582],[-76.407171299999959,7.1151325000000725]],[[-76.407171299999959,7.1151325000000725],[-76.407547731999955,7.1141724380000255]],[[-76.407547731999955,7.1141724380000255],[-76.407899830999952,7.1129362630000514]],[[-76.407899830999952,7.1129362630000514],[-76.407985560999975,7.112422691000063]],[[-76.407985560999975,7.112422691000063],[-76.408725681999954,7.1048751470000298]],[[-76.408725681999954,7.1048751470000298],[-76.409151091999945,7.1032768330000522]],[[-76.409151091999945,7.1032768330000522],[-76.409124534999989,7.1022142060000419]],[[-76.409124534999989,7.1022142060000419],[-76.409536218999961,7.1008112110000638]],[[-76.409536218999961,7.1008112110000638],[-76.409464434999961,7.0993755870000541]],[[-76.409464434999961,7.0993755870000541],[-76.409441880999964,7.0987484250000534]],[[-76.409441880999964,7.0987484250000534],[-76.409250537999981,7.0966167020000626]],[[-76.409250537999981,7.0966167020000626],[-76.409259946999953,7.0965260550000266]],[[-76.409259946999953,7.0965260550000266],[-76.40930272199995,7.096154815000034]],[[-76.40930272199995,7.096154815000034],[-76.410343649999959,7.0950022440000566]],[[-76.410343649999959,7.0950022440000566],[-76.411334082999986,7.0933288330000437]],[[-76.411334082999986,7.0933288330000437],[-76.411440292999941,7.0930571730000338]],[[-76.411440292999941,7.0930571730000338],[-76.410629344999961,7.0907250510000495]],[[-76.410629344999961,7.0907250510000495],[-76.410684965999963,7.089903980000031]],[[-76.410684965999963,7.089903980000031],[-76.411986732999935,7.0892671160000305]],[[-76.411986732999935,7.0892671160000305],[-76.413198568999974,7.0890699060000202]],[[-76.413198568999974,7.0890699060000202],[-76.414318654999988,7.0882044500000347]],[[-76.414318654999988,7.0882044500000347],[-76.41697901799995,7.0874414510000747]],[[-76.41697901799995,7.0874414510000747],[-76.418954808999956,7.0856853190000493]],[[-76.418954808999956,7.0856853190000493],[-76.419345538999949,7.0850200240000731]],[[-76.419345538999949,7.0850200240000731],[-76.419413934999966,7.084899718000031]],[[-76.419413934999966,7.084899718000031],[-76.419642422999971,7.0831823170000234]],[[-76.419642422999971,7.0831823170000234],[-76.418923939999956,7.080353184000046]],[[-76.418923931999984,7.0803531220000764],[-76.418729773999985,7.0792588630000637]],[[-76.418729773999985,7.0792588630000637],[-76.419189863999975,7.07791356000007]],[[-76.419189863999975,7.07791356000007],[-76.419397649999951,7.0776107790000538]],[[-76.419397649999951,7.0776107790000538],[-76.419889631999979,7.0768256720000409]],[[-76.419889631999979,7.0768256720000409],[-76.419982854999944,7.0765384210000661]],[[-76.419982854999944,7.0765384210000661],[-76.41999279099997,7.0764934870000502]],[[-76.41999279099997,7.0764934870000502],[-76.419997561999935,7.0764698490000342]],[[-76.419997561999935,7.0764698490000342],[-76.420001591999949,7.0764456260000657]],[[-76.420001591999949,7.0764456260000657],[-76.419214925999938,7.0732715700000313]],[[-76.419214925999938,7.0732715700000313],[-76.419498260999944,7.0727027580000481]],[[-76.419498260999944,7.0727027580000481],[-76.419523058999971,7.0726749640000435]],[[-76.419523058999971,7.0726749640000435],[-76.41957526799996,7.0726183840000658]],[[-76.41957526799996,7.0726183840000658],[-76.419604298999957,7.0725878890000331]],[[-76.419604298999957,7.0725878890000331],[-76.419643607999944,7.0725477820000719]],[[-76.419643607999944,7.0725477820000719],[-76.420825762999982,7.0700367870000491]],[[-76.420825762999982,7.0700367870000491],[-76.421038177999947,7.0695258540000623]],[[-76.421038177999947,7.0695258540000623],[-76.421651653999959,7.0685464060000527]],[[-76.421651653999959,7.0685464060000527],[-76.421792179999954,7.0683691080000699]],[[-76.421792179999954,7.0683691080000699],[-76.422188213999959,7.0680095560000495]],[[-76.424257909999938,7.0676645350000626],[-76.426513009999951,7.0678595040000687]],[[-76.422188213999959,7.0680095560000495],[-76.423638108999967,7.0673486780000303]],[[-76.426513009999951,7.0678595040000687],[-76.428507827999965,7.0671253300000672]],[[-76.424198647999958,7.0676343340000471],[-76.424257909999938,7.0676645350000626]],[[-76.423638108999967,7.0673486780000303],[-76.424198647999958,7.0676343340000471]],[[-76.428507827999965,7.0671253300000672],[-76.431229004999977,7.0648567880000428]],[[-76.431229004999977,7.0648567880000428],[-76.431571963999943,7.0644594450000682]],[[-76.431571963999943,7.0644594450000682],[-76.43182640699996,7.0623598290000587]],[[-76.43182640699996,7.0623598290000587],[-76.430977264999967,7.0609733320000601]],[[-76.42691554999999,7.0612965380000219],[-76.426341655999977,7.0612522090000311]],[[-76.427085230999978,7.0612848730000337],[-76.42691554999999,7.0612965380000219]],[[-76.428047185999958,7.0611563000000501],[-76.427085230999978,7.0612848730000337]],[[-76.426341655999977,7.0612522090000311],[-76.426323043999957,7.0612420410000709]],[[-76.426323043999957,7.0612420410000709],[-76.426306909999937,7.0612310280000656]],[[-76.426306909999937,7.0612310280000656],[-76.426251413999978,7.0611849760000496]],[[-76.426251413999978,7.0611849760000496],[-76.426229515999978,7.061160659000052]],[[-76.428816669999946,7.0610196310000219],[-76.428047185999958,7.0611563000000501]],[[-76.426229515999978,7.061160659000052],[-76.426211519999981,7.0611386530000573]],[[-76.426211519999981,7.0611386530000573],[-76.426176845999976,7.0610914200000252]],[[-76.426176845999976,7.0610914200000252],[-76.425727110999958,7.0603326920000313]],[[-76.430347832999985,7.0605676320000725],[-76.428816669999946,7.0610196310000219]],[[-76.430977264999967,7.0609733320000601],[-76.430347832999985,7.0605676320000725]],[[-76.425727110999958,7.0603326920000313],[-76.42556964299996,7.0598144470000648]],[[-76.42556964299996,7.0598144470000648],[-76.425221077999936,7.0567891200000759]],[[-76.425221077999936,7.0567891200000759],[-76.424988192999933,7.0547138730000256]],[[-76.424988192999933,7.0547138730000256],[-76.424524769999948,7.054144716000053]],[[-76.424524769999948,7.054144716000053],[-76.424176981999949,7.0537913470000717]],[[-76.424176981999949,7.0537913470000717],[-76.423425076999933,7.0522400190000667]],[[-76.423425076999933,7.0522400190000667],[-76.422899562999987,7.0513690280000674]],[[-76.422899562999987,7.0513690280000674],[-76.422619414999986,7.0508764020000285]],[[-76.422619414999986,7.0508764020000285],[-76.422385722999934,7.0501749230000428]],[[-76.422385722999934,7.0501749230000428],[-76.42219774299997,7.0492621170000689]],[[-76.42219774299997,7.0492621170000689],[-76.422170272999949,7.0492279580000741]],[[-76.422170272999949,7.0492279580000741],[-76.421782211999982,7.0489558720000218]],[[-76.421782211999982,7.0489558720000218],[-76.421646991999978,7.048896189000061]],[[-76.421646991999978,7.048896189000061],[-76.420832620999988,7.048187255000073]],[[-76.420832620999988,7.048187255000073],[-76.419821814999978,7.0473895520000269]],[[-76.419821814999978,7.0473895520000269],[-76.41790803799995,7.0466819960000748]],[[-76.41790803799995,7.0466819960000748],[-76.417169564999938,7.0463424490000648]],[[-76.417169564999938,7.0463424490000648],[-76.415802396999936,7.0457086070000514]],[[-76.415802396999936,7.0457086070000514],[-76.415339522999943,7.0455451870000729]],[[-76.415339522999943,7.0455451870000729],[-76.414037159999964,7.0453399000000445]],[[-76.414037159999964,7.0453399000000445],[-76.412221995999971,7.0449214900000356]],[[-76.411979305999978,7.0449744730000248],[-76.410589529999982,7.0446510330000365]],[[-76.412221995999971,7.0449214900000356],[-76.411979305999978,7.0449744730000248]],[[-76.410589529999982,7.0446510330000365],[-76.410053857999969,7.0443435830000567]],[[-76.408399104999944,7.0444302690000313],[-76.407931745999974,7.0444636430000287]],[[-76.407931745999974,7.0444636430000287],[-76.40791252799994,7.0444623870000669]],[[-76.40791252799994,7.0444623870000669],[-76.407893739999963,7.0444602070000428]],[[-76.407893739999963,7.0444602070000428],[-76.407220649999942,7.0443253510000545]],[[-76.408451082999989,7.0444199230000208],[-76.408399104999944,7.0444302690000313]],[[-76.409039281999981,7.0443028560000585],[-76.408451082999989,7.0444199230000208]],[[-76.410053857999969,7.0443435830000567],[-76.409039281999981,7.0443028560000585]],[[-76.407220649999942,7.0443253510000545],[-76.407191486999977,7.0443174540000655]],[[-76.407191486999977,7.0443174540000655],[-76.407134283999937,7.044299550000062]],[[-76.407134283999937,7.044299550000062],[-76.407083673999978,7.0442818410000427]],[[-76.407083673999978,7.0442818410000427],[-76.406869341999936,7.0441858780000643]],[[-76.406869341999936,7.0441858780000643],[-76.406863419999979,7.0441827170000693]],[[-76.406863419999979,7.0441827170000693],[-76.405729710999935,7.0436950980000574]],[[-76.403541738999934,7.0440880750000474],[-76.401686379999944,7.0433883370000672]],[[-76.404226363999953,7.043831768000075],[-76.403541738999934,7.0440880750000474]],[[-76.404503998999985,7.0437278220000508],[-76.404226363999953,7.043831768000075]],[[-76.405338093999944,7.0436430050000354],[-76.404503998999985,7.0437278220000508]],[[-76.405729710999935,7.0436950980000574],[-76.405338093999944,7.0436430050000354]],[[-76.401686379999944,7.0433883370000672],[-76.399883716999966,7.0425117400000659]],[[-76.399883716999966,7.0425117400000659],[-76.398984533999965,7.0422939640000664]],[[-76.398984533999965,7.0422939640000664],[-76.398423535999939,7.0421576160000541]],[[-76.398423535999939,7.0421576160000541],[-76.398087036999982,7.0419957990000626]],[[-76.398087036999982,7.0419957990000626],[-76.397012092999944,7.0414244440000289]],[[-76.397012092999944,7.0414244440000289],[-76.397005671999977,7.0414207510000324]],[[-76.397005671999977,7.0414207510000324],[-76.39664587599998,7.0410205150000706]],[[-76.39664587599998,7.0410205150000706],[-76.396206040999971,7.0401649300000599]],[[-76.396206040999971,7.0401649300000599],[-76.396150692999981,7.0398300300000756]],[[-76.396150692999981,7.0398300300000756],[-76.396202685999981,7.0393229370000654]],[[-76.396202685999981,7.0393229370000654],[-76.396242115999939,7.0390992510000387]],[[-76.396242115999939,7.0390992510000387],[-76.396301843999936,7.038742280000065]],[[-76.396301843999936,7.038742280000065],[-76.396305692999988,7.0387053130000368]],[[-76.396305692999988,7.0387053130000368],[-76.39630787699997,7.0386494080000261]],[[-76.39630787699997,7.0386494080000261],[-76.396307742999966,7.0385995890000572]],[[-76.396307742999966,7.0385995890000572],[-76.39630505599996,7.0385415400000397]],[[-76.39630505599996,7.0385415400000397],[-76.396302166999988,7.0385146010000312]],[[-76.396302166999988,7.0385146010000312],[-76.396295669999972,7.0384654970000611]],[[-76.396295669999972,7.0384654970000611],[-76.395299177999959,7.037554761000024]],[[-76.395299177999959,7.037554761000024],[-76.395287782999958,7.0375509070000248]],[[-76.395287782999958,7.0375509070000248],[-76.395267448999959,7.0375432800000226]],[[-76.395267448999959,7.0375432800000226],[-76.394773566999959,7.0373076560000527]],[[-76.394773566999959,7.0373076560000527],[-76.394729263999977,7.0372847140000658]],[[-76.394729263999977,7.0372847140000658],[-76.39469595199995,7.037265092000041]],[[-76.39469595199995,7.037265092000041],[-76.394323659999941,7.0369388310000431]],[[-76.394323659999941,7.0369388310000431],[-76.393824927999958,7.0364088230000448]],[[-76.393824927999958,7.0364088230000448],[-76.393307356999969,7.0360600860000204]],[[-76.393307356999969,7.0360600860000204],[-76.393285188999982,7.0360453560000451]],[[-76.393285188999982,7.0360453560000451],[-76.393258712999966,7.0360256010000626]],[[-76.393258712999966,7.0360256010000626],[-76.393212515999949,7.0359902080000438]],[[-76.393212515999949,7.0359902080000438],[-76.39320059399995,7.035979730000065]],[[-76.39320059399995,7.035979730000065],[-76.392979132999983,7.0357314200000474]],[[-76.392979132999983,7.0357314200000474],[-76.392817351999952,7.0355109030000449]],[[-76.392816921999952,7.0355103160000567],[-76.39263733599995,7.0352655400000685]],[[-76.39263733599995,7.0352655400000685],[-76.388935395999965,7.0331218050000643]],[[-76.388935395999965,7.0331218050000643],[-76.388299461999964,7.0327056750000452]],[[-76.355312257999969,7.0325868810000429],[-76.353008423999938,7.0332095320000576]],[[-76.353008423999938,7.0332095320000576],[-76.352173851999964,7.0330418030000601]],[[-76.352173851999964,7.0330418030000601],[-76.351821400999938,7.0330042560000265]],[[-76.351821400999938,7.0330042560000265],[-76.35075212199996,7.0328330200000551]],[[-76.388299461999964,7.0327056750000452],[-76.387549590999981,7.0323502340000346]],[[-76.35075212199996,7.0328330200000551],[-76.349222226999984,7.0321753400000375]],[[-76.356147090999968,7.0316869780000388],[-76.355312257999969,7.0325868810000429]],[[-76.387549590999981,7.0323502340000346],[-76.386514030999933,7.0321399820000465]],[[-76.386514030999933,7.0321399820000465],[-76.384916897999972,7.0320382620000714]],[[-76.384916897999972,7.0320382620000714],[-76.384332774999962,7.0318202230000679]],[[-76.349222226999984,7.0321753400000375],[-76.348885965999955,7.0321625250000466]],[[-76.348885965999955,7.0321625250000466],[-76.347870693999937,7.0319658870000694]],[[-76.384332129999962,7.0318199760000653],[-76.384278686999949,7.0317995480000377]],[[-76.384278686999949,7.0317995480000377],[-76.383894608999981,7.0316723850000358]],[[-76.347870693999937,7.0319658870000694],[-76.346407685999964,7.0312560560000748]],[[-76.383894608999981,7.0316723850000358],[-76.383638029999986,7.0315912370000433]],[[-76.383638029999986,7.0315912370000433],[-76.382821173999957,7.0312170980000701]],[[-76.356183227999963,7.0316164610000556],[-76.356147090999968,7.0316869780000388]],[[-76.356702773999984,7.0309735380000689],[-76.356183227999963,7.0316164610000556]],[[-76.382821173999957,7.0312170980000701],[-76.381005989999949,7.0302000070000759]],[[-76.346407685999964,7.0312560560000748],[-76.345703508999975,7.0310234930000206]],[[-76.357425538999962,7.0305452930000456],[-76.356702773999984,7.0309735380000689]],[[-76.345703508999975,7.0310234930000206],[-76.345014613999979,7.0309052660000475]],[[-76.345014613999979,7.0309052660000475],[-76.343853697999975,7.0307029920000446]],[[-76.343853697999975,7.0307029920000446],[-76.343457382999986,7.0306225870000389]],[[-76.343457382999986,7.0306225870000389],[-76.342512497999962,7.0298270980000552]],[[-76.35773500199997,7.0304097980000506],[-76.357425538999962,7.0305452930000456]],[[-76.36174067099995,7.0269875060000686],[-76.35773500199997,7.0304097980000506]],[[-76.381005989999949,7.0302000070000759],[-76.380691033999938,7.0300888760000362]],[[-76.380691033999938,7.0300888760000362],[-76.379462294999939,7.0296070400000303]],[[-76.342512497999962,7.0298270980000552],[-76.34245483899997,7.0292243340000482]],[[-76.379462294999939,7.0296070400000303],[-76.377533515999971,7.0281794040000705]],[[-76.34245483899997,7.0292243340000482],[-76.340982087999976,7.0278743510000368]],[[-76.377533515999971,7.0281794040000705],[-76.377347974999964,7.0278235920000611]],[[-76.340891356999975,7.0278921750000336],[-76.339554972999963,7.0279412280000315]],[[-76.377347974999964,7.0278235920000611],[-76.377005399999973,7.027195817000063]],[[-76.339554972999963,7.0279412280000315],[-76.338810618999958,7.027546166000036]],[[-76.340982087999976,7.0278743510000368],[-76.340891356999975,7.0278921750000336]],[[-76.338810618999958,7.027546166000036],[-76.335307409999984,7.0248963470000376]],[[-76.377005399999973,7.027195817000063],[-76.37669356899994,7.0268754040000658]],[[-76.361843335999936,7.0268258770000216],[-76.36174067099995,7.0269875060000686]],[[-76.37669356899994,7.0268754040000658],[-76.376332864999938,7.0265734550000616]],[[-76.364092893999953,7.025327265000044],[-76.361843335999936,7.0268258770000216]],[[-76.376332864999938,7.0265734550000616],[-76.376264857999956,7.0260660160000725]],[[-76.376264857999956,7.0260660160000725],[-76.376364319999936,7.0258050850000586]],[[-76.376364319999936,7.0258050850000586],[-76.376362648999987,7.024769066000033]],[[-76.364612482999974,7.0248322420000591],[-76.364092893999953,7.025327265000044]],[[-76.364635306999958,7.0248103760000618],[-76.364612482999974,7.0248322420000591]],[[-76.376362648999987,7.024769066000033],[-76.376242049999973,7.0244174280000493]],[[-76.365197031999969,7.0239082850000614],[-76.364635306999958,7.0248103760000618]],[[-76.335307409999984,7.0248963470000376],[-76.334456602999978,7.0245228210000619]],[[-76.376242049999973,7.0244174280000493],[-76.376144856999986,7.0242825560000597]],[[-76.334456602999978,7.0245228210000619],[-76.331824429999983,7.023051204000069]],[[-76.376144856999986,7.0242825560000597],[-76.37538219299995,7.0239527750000548]],[[-76.37538219299995,7.0239527750000548],[-76.375120010999979,7.0238746250000759]],[[-76.375120010999979,7.0238746250000759],[-76.372930507999968,7.0233794030000354]],[[-76.365284729999985,7.023601511000038],[-76.365197031999969,7.0239082850000614]],[[-76.366105646999983,7.0223010820000695],[-76.365284729999985,7.023601511000038]],[[-76.372930507999968,7.0233794030000354],[-76.37252501599994,7.0231548980000298]],[[-76.37252501599994,7.0231548980000298],[-76.370320670999945,7.0216720140000461]],[[-76.331824429999983,7.023051204000069],[-76.331611439999961,7.0229967060000718]],[[-76.331611439999961,7.0229967060000718],[-76.330400594999958,7.0226871060000349]],[[-76.328844665999952,7.022787982000068],[-76.328165935999948,7.0226783940000246]],[[-76.330270976999941,7.0226563200000669],[-76.328844665999952,7.022787982000068]],[[-76.330400594999958,7.0226871060000349],[-76.330270976999941,7.0226563200000669]],[[-76.328165935999948,7.0226783940000246],[-76.327683025999988,7.0224209060000362]],[[-76.367368812999985,7.0216716970000448],[-76.366105646999983,7.0223010820000695]],[[-76.327683025999988,7.0224209060000362],[-76.327505501999951,7.0223256430000447]],[[-76.327505501999951,7.0223256430000447],[-76.324656324999978,7.0220871780000493]],[[-76.324656324999978,7.0220871780000493],[-76.32229435499994,7.0206951120000554]],[[-76.370320670999945,7.0216720140000461],[-76.369326638999951,7.0214663370000494]],[[-76.367920396999978,7.0214292780000278],[-76.367368812999985,7.0216716970000448]],[[-76.369326638999951,7.0214663370000494],[-76.368268540999964,7.0213733400000251]],[[-76.368268540999964,7.0213733400000251],[-76.367920396999978,7.0214292780000278]],[[-76.32229435499994,7.0206951120000554],[-76.32167368599994,7.020318838000037]],[[-76.32167368599994,7.020318838000037],[-76.321565670999973,7.0202782820000493]],[[-76.321565670999973,7.0202782820000493],[-76.320262272999969,7.0196501530000432]],[[-76.320262272999969,7.0196501530000432],[-76.320114006999972,7.0194522640000514]],[[-76.320114006999972,7.0194522640000514],[-76.320030378999945,7.0191819570000575]],[[-76.320021447999977,7.0191703640000469],[-76.319155055999943,7.0186613920000696]],[[-76.320030378999945,7.0191819570000575],[-76.320021447999977,7.0191703640000469]],[[-76.319155055999943,7.0186613920000696],[-76.319039055999951,7.0186295190000578]],[[-76.319039055999951,7.0186295190000578],[-76.315729353999984,7.0177681920000623]],[[-76.315729353999984,7.0177681920000623],[-76.315261456999963,7.0173076150000497]],[[-76.315261456999963,7.0173076150000497],[-76.314674997999987,7.0168512270000747]],[[-76.310420859999965,7.0171302290000312],[-76.309548900999971,7.0170581430000425]],[[-76.311243805999936,7.0169134940000504],[-76.310420859999965,7.0171302290000312]],[[-76.309548900999971,7.0170581430000425],[-76.308895666999945,7.0167871350000723]],[[-76.313357456999938,7.0161641210000312],[-76.311243805999936,7.0169134940000504]],[[-76.314674997999987,7.0168512270000747],[-76.314274370999954,7.0167027060000464]],[[-76.308895666999945,7.0167871350000723],[-76.30875660199996,7.0164826580000295]],[[-76.314274370999954,7.0167027060000464],[-76.314222391999976,7.0166825070000414]],[[-76.314222391999976,7.0166825070000414],[-76.313357456999938,7.0161641210000312]],[[-76.30875660199996,7.0164826580000295],[-76.308177356999977,7.0152946330000532]],[[-76.308177356999977,7.0152946330000532],[-76.307568697999955,7.0147464620000619]],[[-76.304134340999951,7.0150947280000651],[-76.303481656999963,7.01510311800007]],[[-76.303481656999963,7.01510311800007],[-76.300347066999961,7.0147208590000218]],[[-76.305141603999971,7.0147702560000766],[-76.304134340999951,7.0150947280000651]],[[-76.305425827999954,7.0146910090000461],[-76.305141603999971,7.0147702560000766]],[[-76.307568697999955,7.0147464620000619],[-76.307380651999949,7.0146981330000244]],[[-76.307380651999949,7.0146981330000244],[-76.305425827999954,7.0146910090000461]],[[-76.300347066999961,7.0147208590000218],[-76.299958543999935,7.0146065200000294]],[[-76.299958543999935,7.0146065200000294],[-76.298582980999981,7.0145438630000285]],[[-76.298582980999981,7.0145438630000285],[-76.297546783999962,7.0143577340000434]],[[-76.297546783999962,7.0143577340000434],[-76.295400597999958,7.0141873700000588]],[[-76.295400597999958,7.0141873700000588],[-76.294668932999969,7.0138437180000324]],[[-76.294668932999969,7.0138437180000324],[-76.293790196999964,7.0134536260000573]],[[-76.293790196999964,7.0134536260000573],[-76.292952139999954,7.0133961320000253]]]},"properties":{"OBJECTID":554,"administrador":2,"categoria":1,"codigo_tramo":"6202","nombre_ruta":"Troncal de Uraba","nombre_tramo":"Por Defnir","ruta":"62","superficie":3,"territorial":1,"amenaza_cat":"Alta","longitud_km":37.25034601073822,"Shape_Length":0.32702560638991024}},{"type":"Feature","id":555,"geometry":{"type":"MultiLineString","coordinates":[[[-76.439938891999986,7.2437002760000269],[-76.433083031999956,7.2341046300000471]],[[-76.433083031999956,7.2341046300000471],[-76.433407315999943,7.2331590180000376]],[[-76.433407315999943,7.2331590180000376],[-76.433459718999984,7.2300791180000488]],[[-76.433459718999984,7.2300791180000488],[-76.433428824999964,7.2266588590000538]],[[-76.433428824999964,7.2266588590000538],[-76.433414164999988,7.2249818040000378]],[[-76.433414164999988,7.2249818040000378],[-76.433397858999967,7.2231172900000615]],[[-76.433397858999967,7.2231172900000615],[-76.433396855999945,7.2230019010000319]],[[-76.433396855999945,7.2230019010000319],[-76.433374739999977,7.2203369500000463]],[[-76.433374731999947,7.220336451000037],[-76.43303978299997,7.2182624510000437]],[[-76.43303978299997,7.2182624510000437],[-76.43297460499997,7.2181303290000756]],[[-76.43297460499997,7.2181303290000756],[-76.432892371999969,7.217963634000057]],[[-76.432892371999969,7.217963634000057],[-76.431100883999989,7.215714632000072]],[[-76.431100883999989,7.215714632000072],[-76.425970267999958,7.2114039440000397]],[[-76.425970267999958,7.2114039440000397],[-76.42495809899998,7.2107286310000518]],[[-76.42495809899998,7.2107286310000518],[-76.424820158999978,7.2106467730000645]],[[-76.424820158999978,7.2106467730000645],[-76.424779195999974,7.2106237740000552]],[[-76.424779195999974,7.2106237740000552],[-76.424640083999975,7.2105517540000506]],[[-76.424640083999975,7.2105517540000506],[-76.416370287999939,7.2066939820000471]],[[-76.416370287999939,7.2066939820000471],[-76.416347024999936,7.2066801110000256]],[[-76.416347024999936,7.2066801110000256],[-76.41625170399999,7.2066210370000476]],[[-76.41625170399999,7.2066210370000476],[-76.415784726999959,7.206322425000053]],[[-76.415784726999959,7.206322425000053],[-76.41497975599998,7.205807673000038]],[[-76.41497975599998,7.205807673000038],[-76.414839160999975,7.2057177680000564]],[[-76.414839160999975,7.2057177680000564],[-76.414122804999977,7.2030820930000345]],[[-76.414122804999977,7.2030820930000345],[-76.414443669999969,7.2024800420000474]],[[-76.414443669999969,7.2024800420000474],[-76.414462857999979,7.2022517270000321]],[[-76.414462857999979,7.2022517270000321],[-76.414462187999959,7.2022323020000272]],[[-76.414462187999959,7.2022323020000272],[-76.414458637999985,7.202188144000047]],[[-76.414458637999985,7.202188144000047],[-76.414334744999962,7.2017778270000576]],[[-76.414334744999962,7.2017778270000576],[-76.413410732999978,7.2002551920000428]],[[-76.413410732999978,7.2002551920000428],[-76.412817686999972,7.1992805460000682]],[[-76.412817686999972,7.1992805460000682],[-76.412720049999962,7.1980696220000482]],[[-76.412720049999962,7.1980696220000482],[-76.412859265999941,7.1970833480000351]],[[-76.412859265999941,7.1970833480000351],[-76.411865659999989,7.1928687350000473]],[[-76.411865659999989,7.1928687350000473],[-76.411018597999941,7.1917581030000406]],[[-76.411018597999941,7.1917581030000406],[-76.409003488999986,7.1905970170000728]],[[-76.409003488999986,7.1905970170000728],[-76.408600410999952,7.1904683110000747]],[[-76.408600410999952,7.1904683110000747],[-76.407195714999943,7.189996825000037]],[[-76.407195714999943,7.189996825000037],[-76.406380185999978,7.1896129270000415]],[[-76.405710652999971,7.1897086870000635],[-76.405092243999945,7.1896670230000268]],[[-76.406168960999935,7.1896430680000663],[-76.405710652999971,7.1897086870000635]],[[-76.405092243999945,7.1896670230000268],[-76.404339659999948,7.1895171960000539]],[[-76.406380185999978,7.1896129270000415],[-76.406168960999935,7.1896430680000663]],[[-76.404339659999948,7.1895171960000539],[-76.403572389999965,7.1891453650000585]],[[-76.403572389999965,7.1891453650000585],[-76.403533976999938,7.1891274970000723]],[[-76.403533976999938,7.1891274970000723],[-76.401102382999966,7.1878040480000323]],[[-76.401102382999966,7.1878040480000323],[-76.400557343999935,7.1875771970000528]],[[-76.400557343999935,7.1875771970000528],[-76.399560576999988,7.1870787890000543]]]},"properties":{"OBJECTID":555,"administrador":2,"categoria":1,"codigo_tramo":"6202","nombre_ruta":"Troncal de Uraba","nombre_tramo":"Por Defnir","ruta":"62","superficie":3,"territorial":1,"amenaza_cat":"Alta","longitud_km":8.8988603571965523,"Shape_Length":0.077706682389794959}},{"type":"Feature","id":556,"geometry":{"type":"LineString","coordinates":[[-76.575874260999967,3.8478533090000724],[-76.56400691999994,3.85060500000003]]},"properties":{"OBJECTID":556,"administrador":2,"categoria":1,"codigo_tramo":"4001","nombre_ruta":"Transversal Buenaventura - Villavicencio - Puerto Carreño","nombre_tramo":"Por Defnir","ruta":"40","superficie":3,"territorial":28,"amenaza_cat":"Alta","longitud_km":1.4747711063991014,"Shape_Length":0.012182183128247936}},{"type":"Feature","id":557,"geometry":{"type":"MultiLineString","coordinates":[[[-76.58927040399999,3.837781638000024],[-76.582829573999959,3.8442014900000459]],[[-76.664576567999973,3.7620036250000339],[-76.65168435399994,3.7579687570000715],[-76.628038687999947,3.8101518080000574],[-76.605346466999947,3.8154998130000308],[-76.58927040399999,3.837781638000024]],[[-76.665599377999968,3.7629985410000586],[-76.669455876999962,3.7667462170000476]],[[-76.669516185999953,3.7666802800000596],[-76.665599377999968,3.7629985410000586]],[[-76.665599377999968,3.7629985410000586],[-76.664576567999973,3.7620036250000339]]]},"properties":{"OBJECTID":557,"administrador":2,"categoria":1,"codigo_tramo":"4001","nombre_ruta":"Transversal Buenaventura - Villavicencio - Puerto Carreño","nombre_tramo":"Por Defnir","ruta":"40","superficie":3,"territorial":28,"amenaza_cat":"Alta","longitud_km":18.892161164601436,"Shape_Length":0.14286278958026788}},{"type":"Feature","id":558,"geometry":{"type":"LineString","coordinates":[[-76.582829573999959,3.8442014900000459],[-76.575874260999967,3.8478533090000724]]},"properties":{"OBJECTID":558,"administrador":2,"categoria":1,"codigo_tramo":"4001","nombre_ruta":"Transversal Buenaventura - Villavicencio - Puerto Carreño","nombre_tramo":"Por Defnir","ruta":"40","superficie":3,"territorial":28,"amenaza_cat":"Alta","longitud_km":0.91125788431618127,"Shape_Length":0.007855708811864719}},{"type":"Feature","id":559,"geometry":{"type":"LineString","coordinates":[[-76.575989609999965,3.8479210000000421],[-76.563952919999963,3.8507370300000616]]},"properties":{"OBJECTID":559,"administrador":2,"categoria":1,"codigo_tramo":"4001","nombre_ruta":"Transversal Buenaventura - Villavicencio - Puerto Carreño","nombre_tramo":"Por Defnir","ruta":"40","superficie":3,"territorial":0,"amenaza_cat":"Alta","longitud_km":1.4998828223217013,"Shape_Length":0.012361712305225455}},{"type":"Feature","id":560,"geometry":{"type":"LineString","coordinates":[[-76.58927040399999,3.837781638000024],[-76.582866360999958,3.8442943330000503]]},"properties":{"OBJECTID":560,"administrador":2,"categoria":1,"codigo_tramo":"4001","nombre_ruta":"Transversal Buenaventura - Villavicencio - Puerto Carreño","nombre_tramo":"Por Defnir","ruta":"40","superficie":3,"territorial":0,"amenaza_cat":"Alta","longitud_km":1.0489809689198253,"Shape_Length":0.0091338361551772922}},{"type":"Feature","id":561,"geometry":{"type":"LineString","coordinates":[[-76.582866360999958,3.8442943330000503],[-76.575989609999965,3.8479210000000421]]},"properties":{"OBJECTID":561,"administrador":2,"categoria":1,"codigo_tramo":"4001","nombre_ruta":"Transversal Buenaventura - Villavicencio - Puerto Carreño","nombre_tramo":"Por Defnir","ruta":"40","superficie":3,"territorial":0,"amenaza_cat":"Alta","longitud_km":0.88958237640379845,"Shape_Length":0.0077744721907492759}},{"type":"Feature","id":562,"geometry":{"type":"MultiLineString","coordinates":[[[-76.679143772999964,3.7683976910000752],[-76.680177602999947,3.7687820580000562]],[[-76.677950358999965,3.767954479000025],[-76.679121338999948,3.7683935660000429]],[[-76.67793979399994,3.7679482100000428],[-76.669516185999953,3.7666802800000596]]]},"properties":{"OBJECTID":562,"administrador":2,"categoria":1,"codigo_tramo":"4001","nombre_ruta":"Transversal Buenaventura - Villavicencio - Puerto Carreño","nombre_tramo":"Por Defnir","ruta":"40","superficie":3,"territorial":28,"amenaza_cat":"Alta","longitud_km":1.2882174651211811,"Shape_Length":0.010872064905126162}},{"type":"Feature","id":563,"geometry":{"type":"MultiLineString","coordinates":[[[-76.508416647999979,3.8774033380000219],[-76.507450364999954,3.8771705230000748]],[[-76.506116709999958,3.8767679480000652],[-76.503563997999947,3.875626670000031]],[[-76.497224822999954,3.8723156160000372],[-76.461075122999944,3.8755093220000276]],[[-76.513428178999959,3.8739282550000667],[-76.511823838999987,3.8752679830000716]],[[-76.519353637999984,3.8696990580000374],[-76.515185831999986,3.872329536000052]],[[-76.522549056999935,3.867056974000036],[-76.520001740999987,3.8693347350000522]],[[-76.528654825999979,3.8639353690000462],[-76.525002141999948,3.8657901350000543]],[[-76.524100829999952,3.8657582470000307],[-76.523696394999945,3.8658929770000441]],[[-76.529174093999984,3.8636608650000426],[-76.528839196999968,3.8637918580000701]],[[-76.530420011999979,3.8635711420000689],[-76.529816528999959,3.8636136780000356]],[[-76.55327964199995,3.8519577860000709],[-76.551328248999937,3.8528609220000476]],[[-76.56400691999994,3.85060500000003],[-76.559030658999973,3.8487493490000588]]]},"properties":{"OBJECTID":563,"administrador":2,"categoria":1,"codigo_tramo":"4001","nombre_ruta":"Transversal Buenaventura - Villavicencio - Puerto Carreño","nombre_tramo":"Por Defnir","ruta":"40","superficie":3,"territorial":28,"amenaza_cat":"Alta","longitud_km":7.4656290868759161,"Shape_Length":0.06346520492295421}},{"type":"Feature","id":564,"geometry":{"type":"MultiLineString","coordinates":[[[-76.511823838999987,3.8752679830000716],[-76.508416647999979,3.8774033380000219]],[[-76.507450364999954,3.8771705230000748],[-76.506116709999958,3.8767679480000652]],[[-76.503563997999947,3.875626670000031],[-76.497224822999954,3.8723156160000372]],[[-76.515185831999986,3.872329536000052],[-76.513428178999959,3.8739282550000667]],[[-76.520001740999987,3.8693347350000522],[-76.519353637999984,3.8696990580000374]],[[-76.523696394999945,3.8658929770000441],[-76.522549056999935,3.867056974000036]],[[-76.525002141999948,3.8657901350000543],[-76.524100829999952,3.8657582470000307]],[[-76.528839196999968,3.8637918580000701],[-76.528654825999979,3.8639353690000462]],[[-76.529816528999959,3.8636136780000356],[-76.529174093999984,3.8636608650000426]],[[-76.551328248999937,3.8528609220000476],[-76.530420011999979,3.8635711420000689]],[[-76.559030658999973,3.8487493490000588],[-76.55327964199995,3.8519577860000709]]]},"properties":{"OBJECTID":564,"administrador":2,"categoria":1,"codigo_tramo":"4001","nombre_ruta":"Transversal Buenaventura - Villavicencio - Puerto Carreño","nombre_tramo":"Por Defnir","ruta":"40","superficie":3,"territorial":28,"amenaza_cat":"Alta","longitud_km":5.7260488030282382,"Shape_Length":0.049176689856030513}},{"type":"Feature","id":565,"geometry":{"type":"LineString","coordinates":[[-76.461075122999944,3.8755093220000276],[-76.443006959999934,3.8676240000000348],[-76.42606581299998,3.8863606930000287]]},"properties":{"OBJECTID":565,"administrador":2,"categoria":1,"codigo_tramo":"4001","nombre_ruta":"Transversal Buenaventura - Villavicencio - Puerto Carreño","nombre_tramo":"Por Defnir","ruta":"40","superficie":3,"territorial":28,"amenaza_cat":"Alta","longitud_km":5.5436057418514837,"Shape_Length":0.044973844553198174}},{"type":"Feature","id":566,"geometry":{"type":"MultiLineString","coordinates":[[[-76.695505239999989,3.7733217100000616],[-76.719343292999952,3.7823195870000745],[-76.74254760599996,3.7734208130000297],[-76.768951537999953,3.789283848000025]],[[-76.700249316999987,3.7763966850000656],[-76.679653439999981,3.7693930250000562]],[[-76.680177602999947,3.7687820580000562],[-76.69547911899997,3.7733264040000449]]]},"properties":{"OBJECTID":566,"administrador":2,"categoria":1,"codigo_tramo":"4001","nombre_ruta":"Transversal Buenaventura - Villavicencio - Puerto Carreño","nombre_tramo":"Por Defnir","ruta":"40","superficie":3,"territorial":28,"amenaza_cat":"Alta","longitud_km":14.231737031498334,"Shape_Length":0.11885064832486866}},{"type":"Feature","id":567,"geometry":{"type":"LineString","coordinates":[[-76.121123850999936,6.851311747000068],[-76.120794337999939,6.839063417000034],[-76.023415286999978,6.7510520010000619]]},"properties":{"OBJECTID":567,"administrador":2,"categoria":1,"codigo_tramo":"6203","nombre_ruta":"Troncal de Uraba","nombre_tramo":"Por Defnir","ruta":"62","superficie":3,"territorial":28,"amenaza_cat":"Alta","longitud_km":18.603774734684862,"Shape_Length":0.14351086198859128}},{"type":"Feature","id":568,"geometry":{"type":"LineString","coordinates":[[-76.256569843999955,6.9919100970000727],[-76.267662961999974,6.9400679800000376],[-76.259183158999974,6.940317306000054],[-76.249003287999983,6.9152847120000729],[-76.232124087999978,6.9165474660000541]]},"properties":{"OBJECTID":568,"administrador":2,"categoria":1,"codigo_tramo":"6203","nombre_ruta":"Troncal de Uraba","nombre_tramo":"Por Defnir","ruta":"62","superficie":3,"territorial":28,"amenaza_cat":"Alta","longitud_km":16.534000095516237,"Shape_Length":0.10544884930422313}},{"type":"Feature","id":569,"geometry":{"type":"MultiLineString","coordinates":[[[-76.232124087999978,6.9165474660000541],[-76.245002711999973,6.8861263880000365]],[[-76.121275907999973,6.8517812110000591],[-76.121123850999936,6.851311747000068]]]},"properties":{"OBJECTID":569,"administrador":2,"categoria":1,"codigo_tramo":"6203","nombre_ruta":"Troncal de Uraba","nombre_tramo":"Por Defnir","ruta":"62","superficie":3,"territorial":28,"amenaza_cat":"Alta","longitud_km":4.4387680400041782,"Shape_Length":0.033528319579636395}},{"type":"Feature","id":570,"geometry":{"type":"MultiLineString","coordinates":[[[-76.245002711999973,6.8861263880000365],[-76.223399834999952,6.9158367570000223]],[[-76.223399834999952,6.9158367570000223],[-76.222319803999937,6.9133548540000334]],[[-76.222317527999962,6.9133457130000693],[-76.220409777999976,6.9108149930000309]],[[-76.220409777999976,6.9108149930000309],[-76.219227617999934,6.9096174320000614]],[[-76.219227617999934,6.9096174320000614],[-76.173505390999935,6.8974599630000739],[-76.121275907999973,6.8517812110000591]]]},"properties":{"OBJECTID":570,"administrador":2,"categoria":1,"codigo_tramo":"6203","nombre_ruta":"Troncal de Uraba","nombre_tramo":"Por Defnir","ruta":"62","superficie":3,"territorial":28,"amenaza_cat":"Alta","longitud_km":19.283096702391955,"Shape_Length":0.16099006520289605}},{"type":"Feature","id":571,"geometry":{"type":"LineString","coordinates":[[-75.66551532699998,4.5317277420000437],[-75.662744824999947,4.5330906010000263]]},"properties":{"OBJECTID":571,"administrador":1,"categoria":1,"codigo_tramo":"4003","nombre_ruta":"Transversal Buenaventura - Villavicencio - Puerto Carreño","nombre_tramo":"Por Defnir","ruta":"40","superficie":1,"territorial":20,"amenaza_cat":"Alta","longitud_km":0.35101184070690999,"Shape_Length":0.0030875663532980262}},{"type":"Feature","id":572,"geometry":{"type":"MultiLineString","coordinates":[[[-75.662744824999947,4.5330906010000263],[-75.64631763999995,4.5342569660000436]],[[-75.641168336999954,4.5344941760000665],[-75.640565866999964,4.5345856690000232]],[[-75.640565866999964,4.5345856690000232],[-75.640379143999951,4.5345539630000644]],[[-75.640379143999951,4.5345539630000644],[-75.639786414999946,4.534325228000057]],[[-75.642875341999968,4.5340843680000376],[-75.641168336999954,4.5344941760000665]],[[-75.639786414999946,4.534325228000057],[-75.633913244999974,4.5309464690000709]],[[-75.645513298999958,4.5339199270000563],[-75.64631763999995,4.5342569660000436]],[[-75.64631763999995,4.5342569660000436],[-75.64576997599994,4.5336205810000365]],[[-75.64371796599994,4.5337609060000545],[-75.642875341999968,4.5340843680000376]],[[-75.643775665999954,4.5340382980000413],[-75.642875341999968,4.5340843680000376]],[[-75.64371796599994,4.5337609060000545],[-75.643775665999954,4.5340382980000413]],[[-75.645513298999958,4.5339199270000563],[-75.643775665999954,4.5340382980000413]],[[-75.645513298999958,4.5339199270000563],[-75.64576997599994,4.5336205810000365]],[[-75.64576997599994,4.5336205810000365],[-75.64371796599994,4.5337609060000545]],[[-75.601505405999944,4.5226439360000654],[-75.595623227999965,4.5305898130000628]],[[-75.633913244999974,4.5309464690000709],[-75.633113027999968,4.5296855670000582]],[[-75.593633565999937,4.5301000020000401],[-75.592387797999947,4.5296165230000724]],[[-75.633113027999968,4.5296855670000582],[-75.633095689999948,4.5296538930000452]],[[-75.633095689999948,4.5296538930000452],[-75.634602220999966,4.5266945340000575]],[[-75.632299807999971,4.5274271930000509],[-75.619937665999942,4.5256830240000454]],[[-75.613840348999986,4.5280269820000285],[-75.612302283999952,4.5279069920000552]],[[-75.619375801999979,4.5256326730000751],[-75.613840348999986,4.5280269820000285]],[[-75.612302283999952,4.5279069920000552],[-75.610654407999959,4.5269095840000659]],[[-75.634602220999966,4.5266945340000575],[-75.632299807999971,4.5274271930000509]],[[-75.634602220999966,4.5266945340000575],[-75.635809411999958,4.5257702680000307],[-75.635684552999976,4.5267331330000502],[-75.634602220999966,4.5266945340000575]],[[-75.610654407999959,4.5269095840000659],[-75.609307243999979,4.5260890840000343]],[[-75.609307243999979,4.5260890840000343],[-75.608281343999977,4.5254172390000349]],[[-75.619937665999942,4.5256830240000454],[-75.619375801999979,4.5256326730000751]],[[-75.608281343999977,4.5254172390000349],[-75.608300698999983,4.5163984210000763],[-75.601505405999944,4.5226439360000654]],[[-75.587483257999963,4.5198016480000547],[-75.586961049999957,4.5194969770000739]],[[-75.586897500999953,4.5195567790000268],[-75.585193922999963,4.5185595630000535]],[[-75.585751564999953,4.5184365550000507],[-75.585923123999976,4.5184641780000447]],[[-75.587041984999985,4.5178895260000331],[-75.583232391999957,4.5176741840000432]],[[-75.58312789699994,4.5177295600000207],[-75.582949308999957,4.5177378430000203]],[[-75.582830582999975,4.5176884340000356],[-75.582730165999976,4.5175978430000328]],[[-75.582702122999933,4.5175569450000239],[-75.580999133999967,4.5159843940000428]],[[-75.580830668999965,4.5159317530000749],[-75.580730109999934,4.5158790270000395]],[[-75.580695030999948,4.5158557390000738],[-75.580653843999983,4.5158252770000331]],[[-75.580592804999981,4.5157789400000752],[-75.580235614999935,4.5155475490000754]],[[-75.579160035999962,4.5156573280000316],[-75.578921846999947,4.5148174410000479]],[[-75.579215140999963,4.5152314690000708],[-75.579499219999946,4.5147323610000285]],[[-75.579422106999971,4.5146706830000198],[-75.579388949999952,4.5146468330000289]],[[-75.579239642999937,4.5145409890000678],[-75.579201720999947,4.5145136580000553]],[[-75.578923679999946,4.5143132690000698],[-75.57891768099995,4.5143089460000283]],[[-75.57864843699997,4.5141148960000237],[-75.576834204999955,4.5112239610000415]],[[-75.57682467099994,4.5112161040000274],[-75.576856426999939,4.5101781160000201]],[[-75.576717133999978,4.5100004030000491],[-75.572164766999947,4.5065998310000737]],[[-75.571855962999962,4.5065680490000659],[-75.571732009999948,4.5064139680000608]],[[-75.572184272999948,4.5058430420000377],[-75.571363406999978,4.5045909310000525]],[[-75.571279371999935,4.504318855000065],[-75.569429149999962,4.503652695000028]],[[-75.569272119999937,4.5035264660000394],[-75.568890497999973,4.5029201010000293]],[[-75.56898795099994,4.5027332700000215],[-75.567340968999986,4.5002934720000667]],[[-75.567576059999965,4.4996161520000442],[-75.567917238999939,4.4989604870000335]],[[-75.56791085499998,4.4988971510000511],[-75.567578779999963,4.4974853280000389]],[[-75.567474898999933,4.4970695170000567],[-75.567322972999989,4.4968185810000705]],[[-75.567016106999972,4.495870167000021],[-75.566491111999937,4.4966903020000473]],[[-75.564837730999955,4.4955218600000535],[-75.564951875999952,4.4953188500000465]],[[-75.565041878999978,4.4949781510000548],[-75.56509693299995,4.4945373840000684]],[[-75.565337890999956,4.4935797750000575],[-75.565838076999967,4.4935214900000346]],[[-75.567169278999984,4.4917593840000336],[-75.567323706999957,4.4915658950000648]],[[-75.565548369999988,4.4902997120000236],[-75.565037924999956,4.4903734590000681]],[[-75.565661667999962,4.4889070130000732],[-75.565867098999945,4.4888185030000614]],[[-75.565928781999958,4.4888071630000468],[-75.566092890999983,4.4887644490000298]],[[-75.566155720999973,4.4884371730000225],[-75.566130661999978,4.4883960060000732]],[[-75.566113733999941,4.4883727660000545],[-75.566078371999936,4.4883322400000338]],[[-75.566059551999956,4.4883121460000552],[-75.565944313999978,4.4881952790000241]],[[-75.565747045999956,4.4879990520000206],[-75.565743064999936,4.4879949300000703]],[[-75.565651867999975,4.4878916230000527],[-75.565563456999939,4.4877209700000549]],[[-75.565563456999939,4.4877209700000549],[-75.565562459999967,4.4877170160000333]],[[-75.567059922999988,4.4858319370000572],[-75.567598625999949,4.4870476280000275]],[[-75.565681293999944,4.487060457000041],[-75.565832469999975,4.4869611460000556]],[[-75.565757949999977,4.486637384000062],[-75.565740740999956,4.4865840830000252]],[[-75.565884561999951,4.4863481040000579],[-75.565913617999968,4.4863334160000363]],[[-75.565926979999972,4.4863283950000437],[-75.566276611999967,4.4861980290000361]],[[-75.566278571999987,4.4861964700000385],[-75.56679292299998,4.485168227000031]],[[-75.567727428999945,4.4861008000000311],[-75.567765712999972,4.4860268150000593]],[[-75.567048131999968,4.4849125280000521],[-75.567225807999989,4.4852471390000233]],[[-75.567850431999943,4.4850725640000633],[-75.567955057999939,4.4848285490000421]],[[-75.567032254999958,4.4848585010000761],[-75.567041604999986,4.4848973110000543]],[[-75.566730885999959,4.484895080000058],[-75.567013006999957,4.4841348930000322]],[[-75.567031807999967,4.4847850260000541],[-75.567031347999944,4.4848490490000472]],[[-75.568062003999955,4.4843431280000345],[-75.568115539999951,4.4842233340000348]],[[-75.568157338999981,4.4841367070000615],[-75.568335049999973,4.4837572530000216]],[[-75.567042564999952,4.484130040000025],[-75.567043490999936,4.4841300380000462]],[[-75.567777209999974,4.4817568600000754],[-75.567778518999944,4.4817513070000246]],[[-75.567534916999989,4.480978359000062],[-75.567224807999935,4.4806717940000453]],[[-75.567182775999981,4.4806312150000736],[-75.567127630999948,4.48057790200005]],[[-75.566942770999958,4.480429731000072],[-75.566915680999955,4.4804133520000278]],[[-75.565647493999961,4.4801405160000627],[-75.565638530999934,4.4801387970000519]],[[-75.565612100999942,4.4801315280000722],[-75.565600527999948,4.480127484000036]],[[-75.566265913999985,4.4800589940000464],[-75.566192806999936,4.480039047000048]],[[-75.563926584999933,4.4786122820000287],[-75.563893347999965,4.4785994490000576]],[[-75.564594393999982,4.4784182700000201],[-75.56439530199998,4.4783945720000702]],[[-75.563817238999945,4.4779886360000205],[-75.563686956999959,4.4775194940000347]],[[-75.562906470999962,4.4770802170000366],[-75.562859930999934,4.4768114910000349]],[[-75.562857128999951,4.4768039270000486],[-75.562814302999982,4.4767187120000358]],[[-75.562805706999939,4.4767057670000554],[-75.562749598999972,4.4766348280000443]],[[-75.562748844999987,4.4766339760000733],[-75.561152658999958,4.4762333020000256]],[[-75.560826458999941,4.4758134640000549],[-75.560790682999937,4.475743322000028]],[[-75.560785666999948,4.4757325140000717],[-75.560783099999981,4.4757262750000564]],[[-75.560641734999933,4.474893211000051],[-75.560610070999985,4.474741118000054]],[[-75.560607524999966,4.4747325670000464],[-75.560583824999981,4.4746662670000319]],[[-75.559346114999983,4.4744104220000622],[-75.559076731999937,4.4746195560000501]],[[-75.558797138999978,4.4745687110000745],[-75.558768597999972,4.4745520650000685]],[[-75.560516915999983,4.4745270440000695],[-75.559685828999989,4.473929192000071]],[[-75.558556782999972,4.4744159840000748],[-75.558505313999945,4.4743814790000442]],[[-75.557327721999968,4.4740035950000561],[-75.557219212999939,4.4738959320000617]],[[-75.559661848999951,4.4739585590000388],[-75.559647892999976,4.4739773190000278]],[[-75.55719561799998,4.4738482060000706],[-75.557186538999986,4.4738241070000413]],[[-75.557048780999935,4.4732925850000242],[-75.55703423999995,4.4732681340000227]],[[-75.556680122999978,4.4730022460000214],[-75.556637966999972,4.4730007670000305]],[[-75.55562645699996,4.4723344550000661],[-75.555567015999941,4.4722566740000502]]]},"properties":{"OBJECTID":572,"administrador":1,"categoria":1,"codigo_tramo":"4003","nombre_ruta":"Transversal Buenaventura - Villavicencio - Puerto Carreño","nombre_tramo":"Por Defnir","ruta":"40","superficie":1,"territorial":20,"amenaza_cat":"Alta","longitud_km":19.557034748171198,"Shape_Length":0.14607139591838136}},{"type":"Feature","id":573,"geometry":{"type":"LineString","coordinates":[[-75.565562459999967,4.4877170160000333],[-75.565561139999943,4.4877114850000339]]},"properties":{"OBJECTID":573,"administrador":1,"categoria":1,"codigo_tramo":"4003","nombre_ruta":"Transversal Buenaventura - Villavicencio - Puerto Carreño","nombre_tramo":"Por Defnir","ruta":"40","superficie":1,"territorial":20,"amenaza_cat":"Alta","longitud_km":0.00062910929236228411,"Shape_Length":5.6863310716048525e-06}},{"type":"Feature","id":574,"geometry":{"type":"LineString","coordinates":[[-75.565562459999967,4.4877170160000333],[-75.565561139999943,4.4877114850000339]]},"properties":{"OBJECTID":574,"administrador":1,"categoria":1,"codigo_tramo":"4003","nombre_ruta":"Transversal Buenaventura - Villavicencio - Puerto Carreño","nombre_tramo":"Por Defnir","ruta":"40","superficie":1,"territorial":20,"amenaza_cat":"Alta","longitud_km":0.00062910929236228411,"Shape_Length":5.6863310716048525e-06}},{"type":"Feature","id":575,"geometry":{"type":"MultiLineString","coordinates":[[[-75.595623227999965,4.5305898130000628],[-75.593633565999937,4.5301000020000401]],[[-75.592387797999947,4.5296165230000724],[-75.587483257999963,4.5198016480000547]],[[-75.586961049999957,4.5194969770000739],[-75.586897500999953,4.5195567790000268]],[[-75.585193922999963,4.5185595630000535],[-75.585751564999953,4.5184365550000507]],[[-75.585923123999976,4.5184641780000447],[-75.587041984999985,4.5178895260000331]],[[-75.582949308999957,4.5177378430000203],[-75.582830582999975,4.5176884340000356]],[[-75.583232391999957,4.5176741840000432],[-75.58312789699994,4.5177295600000207]],[[-75.582730165999976,4.5175978430000328],[-75.582702122999933,4.5175569450000239]],[[-75.580999133999967,4.5159843940000428],[-75.580830668999965,4.5159317530000749]],[[-75.580730109999934,4.5158790270000395],[-75.580695030999948,4.5158557390000738]],[[-75.580653843999983,4.5158252770000331],[-75.580592804999981,4.5157789400000752]],[[-75.580235614999935,4.5155475490000754],[-75.579160035999962,4.5156573280000316]],[[-75.578921846999947,4.5148174410000479],[-75.579215140999963,4.5152314690000708]],[[-75.579499219999946,4.5147323610000285],[-75.579422106999971,4.5146706830000198]],[[-75.579388949999952,4.5146468330000289],[-75.579239642999937,4.5145409890000678]],[[-75.579201720999947,4.5145136580000553],[-75.578923679999946,4.5143132690000698]],[[-75.57891768099995,4.5143089460000283],[-75.57864843699997,4.5141148960000237]],[[-75.576834204999955,4.5112239610000415],[-75.57682467099994,4.5112161040000274]],[[-75.576856426999939,4.5101781160000201],[-75.576717133999978,4.5100004030000491]],[[-75.572164766999947,4.5065998310000737],[-75.571855962999962,4.5065680490000659]],[[-75.571732009999948,4.5064139680000608],[-75.572184272999948,4.5058430420000377]],[[-75.571363406999978,4.5045909310000525],[-75.571279371999935,4.504318855000065]],[[-75.569429149999962,4.503652695000028],[-75.569272119999937,4.5035264660000394]],[[-75.568890497999973,4.5029201010000293],[-75.56898795099994,4.5027332700000215]],[[-75.567340968999986,4.5002934720000667],[-75.567576059999965,4.4996161520000442]],[[-75.567917238999939,4.4989604870000335],[-75.56791085499998,4.4988971510000511]],[[-75.567578779999963,4.4974853280000389],[-75.567474898999933,4.4970695170000567]],[[-75.566491111999937,4.4966903020000473],[-75.564837730999955,4.4955218600000535]],[[-75.567322972999989,4.4968185810000705],[-75.567016106999972,4.495870167000021]],[[-75.564951875999952,4.4953188500000465],[-75.565041878999978,4.4949781510000548]],[[-75.56509693299995,4.4945373840000684],[-75.565337890999956,4.4935797750000575]],[[-75.565838076999967,4.4935214900000346],[-75.567169278999984,4.4917593840000336]],[[-75.567323706999957,4.4915658950000648],[-75.565548369999988,4.4902997120000236]],[[-75.565037924999956,4.4903734590000681],[-75.565661667999962,4.4889070130000732]],[[-75.565867098999945,4.4888185030000614],[-75.565928781999958,4.4888071630000468]],[[-75.566092890999983,4.4887644490000298],[-75.566194904999975,4.4885575260000223]],[[-75.566194904999975,4.4885575260000223],[-75.566155720999973,4.4884371730000225]],[[-75.566130661999978,4.4883960060000732],[-75.566113733999941,4.4883727660000545]],[[-75.566078371999936,4.4883322400000338],[-75.566059551999956,4.4883121460000552]],[[-75.565944313999978,4.4881952790000241],[-75.56585483899994,4.4881070570000361]],[[-75.56585483899994,4.4881070570000361],[-75.565747045999956,4.4879990520000206]],[[-75.565743064999936,4.4879949300000703],[-75.565651867999975,4.4878916230000527]],[[-75.565561139999943,4.4877114850000339],[-75.565681293999944,4.487060457000041]],[[-75.567598625999949,4.4870476280000275],[-75.567727428999945,4.4861008000000311]],[[-75.565832469999975,4.4869611460000556],[-75.565757949999977,4.486637384000062]],[[-75.565740740999956,4.4865840830000252],[-75.565884561999951,4.4863481040000579]],[[-75.565913617999968,4.4863334160000363],[-75.565926979999972,4.4863283950000437]],[[-75.566276611999967,4.4861980290000361],[-75.566278571999987,4.4861964700000385]],[[-75.567765712999972,4.4860268150000593],[-75.567850431999943,4.4850725640000633]],[[-75.567225807999989,4.4852471390000233],[-75.567059922999988,4.4858319370000572]],[[-75.56679292299998,4.485168227000031],[-75.566730885999959,4.484895080000058]],[[-75.567041604999986,4.4848973110000543],[-75.567048131999968,4.4849125280000521]],[[-75.567031347999944,4.4848490490000472],[-75.567032254999958,4.4848585010000761]],[[-75.567955057999939,4.4848285490000421],[-75.568062003999955,4.4843431280000345]],[[-75.567043490999936,4.4841300380000462],[-75.567031807999967,4.4847850260000541]],[[-75.568115539999951,4.4842233340000348],[-75.568157338999981,4.4841367070000615]],[[-75.567013006999957,4.4841348930000322],[-75.567042564999952,4.484130040000025]],[[-75.568335049999973,4.4837572530000216],[-75.567777209999974,4.4817568600000754]],[[-75.567778518999944,4.4817513070000246],[-75.567534916999989,4.480978359000062]],[[-75.567224807999935,4.4806717940000453],[-75.567182775999981,4.4806312150000736]],[[-75.567127630999948,4.48057790200005],[-75.566942770999958,4.480429731000072]],[[-75.566915680999955,4.4804133520000278],[-75.566265913999985,4.4800589940000464]],[[-75.566192806999936,4.480039047000048],[-75.565647493999961,4.4801405160000627]],[[-75.565638530999934,4.4801387970000519],[-75.565612100999942,4.4801315280000722]],[[-75.565600527999948,4.480127484000036],[-75.564594393999982,4.4784182700000201]],[[-75.56439530199998,4.4783945720000702],[-75.563926584999933,4.4786122820000287]],[[-75.563893347999965,4.4785994490000576],[-75.563817238999945,4.4779886360000205]],[[-75.563686956999959,4.4775194940000347],[-75.562906470999962,4.4770802170000366]],[[-75.562859930999934,4.4768114910000349],[-75.562857128999951,4.4768039270000486]],[[-75.562814302999982,4.4767187120000358],[-75.562805706999939,4.4767057670000554]],[[-75.562749598999972,4.4766348280000443],[-75.562748844999987,4.4766339760000733]],[[-75.561152658999958,4.4762333020000256],[-75.560826458999941,4.4758134640000549]],[[-75.560790682999937,4.475743322000028],[-75.560785666999948,4.4757325140000717]],[[-75.560783099999981,4.4757262750000564],[-75.560641734999933,4.474893211000051]],[[-75.560610070999985,4.474741118000054],[-75.560607524999966,4.4747325670000464]],[[-75.560583824999981,4.4746662670000319],[-75.560516915999983,4.4745270440000695]],[[-75.559076731999937,4.4746195560000501],[-75.558797138999978,4.4745687110000745]],[[-75.558768597999972,4.4745520650000685],[-75.558556782999972,4.4744159840000748]],[[-75.559647892999976,4.4739773190000278],[-75.559346114999983,4.4744104220000622]],[[-75.558505313999945,4.4743814790000442],[-75.557327721999968,4.4740035950000561]],[[-75.559685828999989,4.473929192000071],[-75.559661848999951,4.4739585590000388]],[[-75.557219212999939,4.4738959320000617],[-75.55719561799998,4.4738482060000706]],[[-75.557186538999986,4.4738241070000413],[-75.557048780999935,4.4732925850000242]],[[-75.55703423999995,4.4732681340000227],[-75.556680122999978,4.4730022460000214]],[[-75.556637966999972,4.4730007670000305],[-75.55562645699996,4.4723344550000661]],[[-75.555567015999941,4.4722566740000502],[-75.555482360999974,4.4721825570000533]]]},"properties":{"OBJECTID":575,"administrador":1,"categoria":1,"codigo_tramo":"4003","nombre_ruta":"Transversal Buenaventura - Villavicencio - Puerto Carreño","nombre_tramo":"Por Defnir","ruta":"40","superficie":1,"territorial":20,"amenaza_cat":"Alta","longitud_km":6.3718053598930187,"Shape_Length":0.052686462993116454}},{"type":"Feature","id":576,"geometry":{"type":"MultiLineString","coordinates":[[[-72.51383029699997,7.8219358280000506],[-72.498482454999987,7.8668809090000309]],[[-72.51383029699997,7.8219358280000506],[-72.514100607999978,7.8220126120000373]],[[-72.513954149999961,7.8214345860000662],[-72.51383029699997,7.8219358280000506]],[[-72.514217357999939,7.8214806750000321],[-72.514217384999938,7.8214839140000549]],[[-72.514217357999939,7.8214806750000321],[-72.513954149999961,7.8214345860000662]],[[-72.516249358999971,7.8148761330000411],[-72.514217357999939,7.8214806750000321]],[[-72.516249358999971,7.8148761330000411],[-72.513954149999961,7.8214345860000662]],[[-72.521083112999975,7.7989945480000529],[-72.516249358999971,7.8148761330000411]]]},"properties":{"OBJECTID":576,"administrador":1,"categoria":9.2233720368547758e+18,"codigo_tramo":"5505","nombre_ruta":"Troncal Central del Norte","nombre_tramo":"Por Defnir","ruta":"55","superficie":9.2233720368547758e+18,"territorial":9.2233720368547758e+18,"amenaza_cat":"Alta","longitud_km":8.8779349033111199,"Shape_Length":0.07902054594202626}},{"type":"Feature","id":577,"geometry":{"type":"MultiLineString","coordinates":[[[-72.492953359999944,7.9402486480000221],[-72.492593162999981,7.9401231590000521]],[[-72.492813131999981,7.9399389420000261],[-72.492953359999944,7.9402486480000221]],[[-72.492593162999981,7.9401231590000521],[-72.492375394999954,7.9400908130000403]],[[-72.492593162999981,7.9401231590000521],[-72.492813131999981,7.9399389420000261]],[[-72.492375394999954,7.9400908130000403],[-72.492256955999949,7.9400030460000721]],[[-72.492256955999949,7.9400030460000721],[-72.492180163999933,7.9398553290000677]],[[-72.492399917999933,7.9395317450000675],[-72.492813131999981,7.9399389420000261]],[[-72.492180163999933,7.9398553290000677],[-72.489973243999941,7.935414531000049]],[[-72.492399917999933,7.9395317450000675],[-72.492180163999933,7.9398553290000677]],[[-72.49023357699997,7.9353822860000491],[-72.492399917999933,7.9395317450000675]],[[-72.489973243999941,7.935414531000049],[-72.489995688999954,7.9349812830000701]],[[-72.49023357699997,7.9353822860000491],[-72.489973243999941,7.935414531000049]],[[-72.490256977999934,7.9350367040000265],[-72.49023357699997,7.9353822860000491]],[[-72.489995688999954,7.9349812830000701],[-72.490256977999934,7.9350367040000265]],[[-72.476224834999982,7.9201381900000456],[-72.490256977999934,7.9350367040000265]],[[-72.489995688999954,7.9349812830000701],[-72.48999568499994,7.9349812410000595]],[[-72.48999568499994,7.9349812410000595],[-72.489498538999953,7.9306384540000749]],[[-72.484251424999968,7.9263376780000385],[-72.477534017999972,7.9214403930000685]],[[-72.476224834999982,7.9201381900000456],[-72.476054713999986,7.9201546290000238]],[[-72.475918536999984,7.919875065000042],[-72.476224834999982,7.9201381900000456]],[[-72.475903512999935,7.9200296760000697],[-72.475918536999984,7.919875065000042]],[[-72.467887435999955,7.9125493200000392],[-72.475918536999984,7.919875065000042]],[[-72.472234241999956,7.9170857310000429],[-72.467297550999945,7.9130440070000532]],[[-72.467297550999945,7.9130440070000532],[-72.466860736999934,7.9126982100000305]],[[-72.467297550999945,7.9130440070000532],[-72.467887435999955,7.9125493200000392]],[[-72.466860736999934,7.9126982100000305],[-72.465955124999937,7.9038467320000336]],[[-72.467404458999965,7.9121276030000445],[-72.466860736999934,7.9126982100000305]],[[-72.467404458999965,7.9121276030000445],[-72.467887435999955,7.9125493200000392]],[[-72.466368324999962,7.9038472990000628],[-72.467404458999965,7.9121276030000445]],[[-72.465955124999937,7.9038467320000336],[-72.466368324999962,7.9038472990000628]],[[-72.465955124999937,7.9038467320000336],[-72.465777331999959,7.9027975020000554]],[[-72.466195034999942,7.9027206820000515],[-72.466368324999962,7.9038472990000628]],[[-72.465777331999959,7.9027975020000554],[-72.462050322999971,7.8983824070000423]],[[-72.466195034999942,7.9027206820000515],[-72.465777331999959,7.9027975020000554]],[[-72.462092024999947,7.8943575620000388],[-72.466195034999942,7.9027206820000515]],[[-72.461789025999963,7.8977560410000365],[-72.461690315999988,7.8943755170000713]],[[-72.461690315999988,7.8943755170000713],[-72.462092024999947,7.8943575620000388]],[[-72.461690315999988,7.8943755170000713],[-72.461583375999965,7.8938225730000227]],[[-72.461971129999938,7.893684133000022],[-72.462092024999947,7.8943575620000388]],[[-72.461583375999965,7.8938225730000227],[-72.461119088999965,7.8924783590000516]],[[-72.461971129999938,7.893684133000022],[-72.461583375999965,7.8938225730000227]],[[-72.460222370999986,7.8898204850000297],[-72.461971129999938,7.893684133000022]]]},"properties":{"OBJECTID":577,"administrador":1,"categoria":1,"codigo_tramo":"55NSA","nombre_ruta":"Alternas a la Troncal Central del Norte","nombre_tramo":"Por Defnir","ruta":"55","superficie":3,"territorial":18,"amenaza_cat":"Alta","longitud_km":13.305466751371577,"Shape_Length":0.11383465406162821}},{"type":"Feature","id":578,"geometry":{"type":"MultiLineString","coordinates":[[[-72.48506651799994,7.8516375470000526],[-72.493335644999945,7.8322246610000548],[-72.513875718999941,7.8214690820000214]],[[-72.513792681999973,7.8218924300000481],[-72.493420199999946,7.8322969710000621],[-72.485143787999959,7.8516332170000283]]]},"properties":{"OBJECTID":578,"administrador":1,"categoria":1,"codigo_tramo":"55NSA","nombre_ruta":"Alternas a la Troncal Central del Norte","nombre_tramo":"Por Defnir","ruta":"55","superficie":3,"territorial":18,"amenaza_cat":"Alta","longitud_km":9.998110430203841,"Shape_Length":0.088195029593536131}},{"type":"Feature","id":579,"geometry":{"type":"MultiLineString","coordinates":[[[-72.462050322999971,7.8983824070000423],[-72.461789025999963,7.8977560410000365]],[[-72.461119088999965,7.8924783590000516],[-72.462956515999963,7.8770565290000718]],[[-72.463321932999975,7.8773148730000457],[-72.460222370999986,7.8898204850000297]],[[-72.462956515999963,7.8770565290000718],[-72.463321932999975,7.8773148730000457]],[[-72.465370563999954,7.875899324000045],[-72.463321932999975,7.8773148730000457]],[[-72.462956515999963,7.8770565290000718],[-72.465207015999965,7.875572643000055]],[[-72.465370563999954,7.875899324000045],[-72.465207015999965,7.875572643000055]],[[-72.473597300999984,7.8739724160000719],[-72.465370563999954,7.875899324000045]],[[-72.465207015999965,7.875572643000055],[-72.473564029999977,7.8737368450000531]],[[-72.473564029999977,7.8737368450000531],[-72.473597300999984,7.8739724160000719]],[[-72.47776605599995,7.8719046940000226],[-72.473597300999984,7.8739724160000719]],[[-72.473564029999977,7.8737368450000531],[-72.477524926999934,7.87180231800005]],[[-72.47776605599995,7.8719046940000226],[-72.477524926999934,7.87180231800005]],[[-72.48025972399995,7.8624264360000211],[-72.47776605599995,7.8719046940000226]],[[-72.477524926999934,7.87180231800005],[-72.480347720999987,7.8622722330000556]],[[-72.480820619999974,7.8624101630000496],[-72.480803046999938,7.8620612160000292]],[[-72.480569715999934,7.8622201400000336],[-72.48025972399995,7.8624264360000211]],[[-72.480273151999938,7.8618219100000601],[-72.480347720999987,7.8622722330000556]],[[-72.480347720999987,7.8622722330000556],[-72.480527356999971,7.8621543640000482]],[[-72.48063966999996,7.8621735860000399],[-72.480569715999934,7.8622201400000336]],[[-72.480803046999938,7.8620612160000292],[-72.48063966999996,7.8621735860000399]],[[-72.480527356999971,7.8621543640000482],[-72.480598718999943,7.8621065710000266]],[[-72.480598718999943,7.8621065710000266],[-72.480823769999972,7.8619502230000649]],[[-72.485143787999959,7.8516332170000283],[-72.480803046999938,7.8620612160000292]],[[-72.480823769999972,7.8619502230000649],[-72.48506651799994,7.8516375470000526]]]},"properties":{"OBJECTID":579,"administrador":1,"categoria":1,"codigo_tramo":"55NSA","nombre_ruta":"Alternas a la Troncal Central del Norte","nombre_tramo":"Por Defnir","ruta":"55","superficie":3,"territorial":18,"amenaza_cat":"Alta","longitud_km":12.522754545282183,"Shape_Length":0.10588136928666414}},{"type":"Feature","id":580,"geometry":{"type":"MultiLineString","coordinates":[[[-76.456964685999935,3.6257349130000307],[-76.433330284999954,3.6195854740000755]],[[-76.434901737999951,3.6193735310000648],[-76.457085204999942,3.6256940920000602]],[[-76.433330284999954,3.6195854740000755],[-76.432677152999986,3.619726298000046]],[[-76.432677152999986,3.619726298000046],[-76.43320988399995,3.6190181260000713]],[[-76.43320988399995,3.6190181260000713],[-76.433330284999954,3.6195854740000755]],[[-76.434901737999951,3.6193735310000648],[-76.43320988399995,3.6190181260000713]],[[-76.434901737999951,3.6193735310000648],[-76.433175462999941,3.6187764840000227]],[[-76.437505199999976,3.5606148030000213],[-76.439861315999963,3.5587375700000621]]]},"properties":{"OBJECTID":580,"administrador":3,"categoria":4,"codigo_tramo":"23VL02","nombre_ruta":"Circuito Cali - Palmira","nombre_tramo":"Por Defnir","ruta":"23","superficie":1,"territorial":0,"amenaza_cat":"Alta","longitud_km":6.7120139372544241,"Shape_Length":0.056189855114623946}},{"type":"Feature","id":581,"geometry":{"type":"MultiLineString","coordinates":[[[-76.467289610999956,3.6312842840000599],[-76.467719722999959,3.6342730280000524]],[[-76.468333066999946,3.6314494450000439],[-76.467289610999956,3.6312842840000599]],[[-76.469755269999951,3.6305408050000665],[-76.468333066999946,3.6314494450000439]],[[-76.46562346099995,3.6304717320000464],[-76.468314021999959,3.6313099430000761]],[[-76.468314021999959,3.6313099430000761],[-76.469876119999981,3.629340386000024]],[[-76.465194817999986,3.6308076720000599],[-76.467289610999956,3.6312842840000599]],[[-76.464356208999959,3.6306220330000656],[-76.465194817999986,3.6308076720000599]],[[-76.465194817999986,3.6308076720000599],[-76.46562346099995,3.6304717320000464]],[[-76.464356208999959,3.6306220330000656],[-76.456964685999935,3.6257349130000307]],[[-76.464488704999951,3.6301343040000233],[-76.464356208999959,3.6306220330000656]],[[-76.46562346099995,3.6304717320000464],[-76.464488704999951,3.6301343040000233]],[[-76.457085204999942,3.6256940920000602],[-76.464488704999951,3.6301343040000233]]]},"properties":{"OBJECTID":581,"administrador":3,"categoria":4,"codigo_tramo":"23VL02","nombre_ruta":"Circuito Cali - Palmira","nombre_tramo":"Por Defnir","ruta":"23","superficie":1,"territorial":0,"amenaza_cat":"Alta","longitud_km":4.175325854706105,"Shape_Length":0.033830692030279351}},{"type":"Feature","id":582,"geometry":{"type":"MultiLineString","coordinates":[[[-75.843456223999965,5.9667869550000319],[-75.842982139999947,5.9670274280000513]],[[-75.842982139999947,5.9670274280000513],[-75.841841126999952,5.9666377130000683]],[[-75.853108422999981,5.9557328590000225],[-75.843456223999965,5.9667869550000319]]]},"properties":{"OBJECTID":582,"administrador":2,"categoria":9.2233720368547758e+18,"codigo_tramo":"6003","nombre_ruta":"Transversal Tribuga - Arauca","nombre_tramo":"Por Defnir","ruta":"9223372036854775807","superficie":9.2233720368547758e+18,"territorial":9.2233720368547758e+18,"amenaza_cat":"Alta","longitud_km":2.1457746638368729,"Shape_Length":0.016412397143804935}},{"type":"Feature","id":583,"geometry":{"type":"MultiLineString","coordinates":[[[-75.861098446999961,5.9344161380000742],[-75.853108422999981,5.9557328590000225]],[[-75.863161809999951,5.9328397160000463],[-75.861098446999961,5.9344161380000742]]]},"properties":{"OBJECTID":583,"administrador":2,"categoria":9.2233720368547758e+18,"codigo_tramo":"6003","nombre_ruta":"Transversal Tribuga - Arauca","nombre_tramo":"Por Defnir","ruta":"9223372036854775807","superficie":9.2233720368547758e+18,"territorial":9.2233720368547758e+18,"amenaza_cat":"Alta","longitud_km":2.9293485653687261,"Shape_Length":0.025361599365959556}},{"type":"Feature","id":584,"geometry":{"type":"LineString","coordinates":[[-75.841841126999952,5.9666377130000683],[-75.825614875999975,5.9707757710000351],[-75.821934978999934,5.9929951690000394],[-75.81192690599994,5.9977706400000557]]},"properties":{"OBJECTID":584,"administrador":2,"categoria":9.2233720368547758e+18,"codigo_tramo":"6003","nombre_ruta":"Transversal Tribuga - Arauca","nombre_tramo":"Por Defnir","ruta":"9223372036854775807","superficie":9.2233720368547758e+18,"territorial":9.2233720368547758e+18,"amenaza_cat":"Alta","longitud_km":7.0774893415887909,"Shape_Length":0.050356683919618749}},{"type":"Feature","id":585,"geometry":{"type":"MultiLineString","coordinates":[[[-72.514100607999978,7.8220126120000373],[-72.498570894999943,7.8668996910000715]],[[-72.498482454999987,7.8668809090000309],[-72.498479693999968,7.8668843420000485]],[[-72.514100607999978,7.8220126120000373],[-72.514217357999939,7.8214806750000321]]]},"properties":{"OBJECTID":585,"administrador":1,"categoria":9.2233720368547758e+18,"codigo_tramo":"5505","nombre_ruta":"Troncal Central del Norte","nombre_tramo":"Por Defnir","ruta":"55","superficie":9.2233720368547758e+18,"territorial":9.2233720368547758e+18,"amenaza_cat":"Alta","longitud_km":5.3884314623584348,"Shape_Length":0.048046602356967762}},{"type":"Feature","id":586,"geometry":{"type":"LineString","coordinates":[[-77.100562415999946,1.1479573030000552],[-77.099793777999935,1.146739091000029]]},"properties":{"OBJECTID":586,"administrador":1,"categoria":1,"codigo_tramo":"1003","nombre_ruta":"Transversal Tumaco - Leticia","nombre_tramo":"Por Defnir","ruta":"10","superficie":9.2233720368547758e+18,"territorial":9.2233720368547758e+18,"amenaza_cat":"Alta","longitud_km":0.1767062650351458,"Shape_Length":0.0014404321754489123}},{"type":"Feature","id":587,"geometry":{"type":"LineString","coordinates":[[-76.988991079999948,1.17243929600005],[-76.940092757999935,1.2105210860000284]]},"properties":{"OBJECTID":587,"administrador":1,"categoria":1,"codigo_tramo":"1003","nombre_ruta":"Transversal Tumaco - Leticia","nombre_tramo":"Por Defnir","ruta":"10","superficie":9.2233720368547758e+18,"territorial":9.2233720368547758e+18,"amenaza_cat":"Alta","longitud_km":7.3388145970956842,"Shape_Length":0.06197796886006729}},{"type":"Feature","id":588,"geometry":{"type":"LineString","coordinates":[[-76.940092757999935,1.2105210860000284],[-76.882863502999953,1.1783413940000287]]},"properties":{"OBJECTID":588,"administrador":1,"categoria":1,"codigo_tramo":"1003","nombre_ruta":"Transversal Tumaco - Leticia","nombre_tramo":"Por Defnir","ruta":"10","superficie":9.2233720368547758e+18,"territorial":9.2233720368547758e+18,"amenaza_cat":"Alta","longitud_km":7.5001228849895369,"Shape_Length":0.065656075157351265}},{"type":"Feature","id":589,"geometry":{"type":"LineString","coordinates":[[-76.882863502999953,1.1783413940000287],[-76.877285883999946,1.1723332480000295]]},"properties":{"OBJECTID":589,"administrador":1,"categoria":1,"codigo_tramo":"1003","nombre_ruta":"Transversal Tumaco - Leticia","nombre_tramo":"Por Defnir","ruta":"10","superficie":9.2233720368547758e+18,"territorial":9.2233720368547758e+18,"amenaza_cat":"Alta","longitud_km":1.0581636022678913,"Shape_Length":0.0081980273277508838}},{"type":"Feature","id":590,"geometry":{"type":"LineString","coordinates":[[-77.099793777999935,1.146739091000029],[-77.076875038999958,1.1244247990000531],[-77.053197463999936,1.1244248550000293],[-77.005274326999938,1.1447212190000755],[-76.988991079999948,1.17243929600005]]},"properties":{"OBJECTID":590,"administrador":1,"categoria":1,"codigo_tramo":"1003","nombre_ruta":"Transversal Tumaco - Leticia","nombre_tramo":"Por Defnir","ruta":"10","superficie":9.2233720368547758e+18,"territorial":9.2233720368547758e+18,"amenaza_cat":"Alta","longitud_km":21.230502251165433,"Shape_Length":0.13985603027776081}},{"type":"Feature","id":591,"geometry":{"type":"LineString","coordinates":[[-77.073217435999936,3.906717388000061],[-77.028614708999953,3.9379815950000534],[-76.979010595999966,3.9278989200000751]]},"properties":{"OBJECTID":591,"administrador":1,"categoria":1,"codigo_tramo":"40VL17","nombre_ruta":"9223372036854775807","nombre_tramo":"9223372036854775807","ruta":"9223372036854775807","superficie":1,"territorial":9.2233720368547758e+18,"amenaza_cat":"Alta","longitud_km":13.491186338655952,"Shape_Length":0.10508729286889881}},{"type":"Feature","id":592,"geometry":{"type":"LineString","coordinates":[[-75.701235612999938,6.0300959010000383],[-75.678369542999974,6.0421291860000679]]},"properties":{"OBJECTID":592,"administrador":2,"categoria":1,"codigo_tramo":"6003","nombre_ruta":"Transversal Tribuga - Arauca","nombre_tramo":"Por Defnir","ruta":"9223372036854775807","superficie":9.2233720368547758e+18,"territorial":9.2233720368547758e+18,"amenaza_cat":"Alta","longitud_km":4.7281178279834233,"Shape_Length":0.025839061614833729}},{"type":"Feature","id":593,"geometry":{"type":"LineString","coordinates":[[-72.844804158999978,6.8349758290000295],[-72.863287739999976,6.9083650410000246],[-72.877902714999948,6.9134758270000702],[-72.88323408399998,6.9004801290000728]]},"properties":{"OBJECTID":593,"administrador":1,"categoria":2,"codigo_tramo":"55ST02","nombre_ruta":"Conexiones Troncal Central - Troncal Central del Norte","nombre_tramo":"Malaga - Los Curos","ruta":"55","superficie":1,"territorial":22,"amenaza_cat":"Alta","longitud_km":21.766543366241837,"Shape_Length":0.1052106200987275}},{"type":"Feature","id":594,"geometry":{"type":"LineString","coordinates":[[-72.844804158999978,6.8349758290000295],[-72.863287739999976,6.9083650410000246],[-72.877902714999948,6.9134758270000702],[-72.88323408399998,6.9004801290000728]]},"properties":{"OBJECTID":594,"administrador":1,"categoria":2,"codigo_tramo":"55ST02","nombre_ruta":"Conexiones Troncal Central - Troncal Central del Norte","nombre_tramo":"Malaga - Los Curos","ruta":"55","superficie":1,"territorial":22,"amenaza_cat":"Alta","longitud_km":21.766543366241837,"Shape_Length":0.1052106200987275}},{"type":"Feature","id":595,"geometry":{"type":"MultiLineString","coordinates":[[[-72.735276755999962,6.7060470030000374],[-72.740491802999941,6.7249071750000553],[-72.761405302999947,6.6856147650000253]],[[-72.761398218999943,6.6854035170000543],[-72.761313915999949,6.6845305090000693]]]},"properties":{"OBJECTID":595,"administrador":1,"categoria":2,"codigo_tramo":"55ST02","nombre_ruta":"Conexiones Troncal Central - Troncal Central del Norte","nombre_tramo":"Malaga - Los Curos","ruta":"55","superficie":1,"territorial":22,"amenaza_cat":"Alta","longitud_km":10.095805159390949,"Shape_Length":0.064956407678927103}},{"type":"Feature","id":596,"geometry":{"type":"MultiLineString","coordinates":[[[-72.735276755999962,6.7060470030000374],[-72.740491802999941,6.7249071750000553],[-72.761405302999947,6.6856147650000253]],[[-72.761398218999943,6.6854035170000543],[-72.761313915999949,6.6845305090000693]]]},"properties":{"OBJECTID":596,"administrador":1,"categoria":2,"codigo_tramo":"55ST02","nombre_ruta":"Conexiones Troncal Central - Troncal Central del Norte","nombre_tramo":"Malaga - Los Curos","ruta":"55","superficie":1,"territorial":22,"amenaza_cat":"Alta","longitud_km":10.095805159390949,"Shape_Length":0.064956407678927103}},{"type":"Feature","id":597,"geometry":{"type":"MultiLineString","coordinates":[[[-72.764666475999945,6.661737629000072],[-72.807243534999941,6.7213398860000666]],[[-72.764605039999935,6.6635619920000408],[-72.764568546999953,6.6622018350000758]]]},"properties":{"OBJECTID":597,"administrador":1,"categoria":2,"codigo_tramo":"55ST02","nombre_ruta":"Conexiones Troncal Central - Troncal Central del Norte","nombre_tramo":"Malaga - Los Curos","ruta":"55","superficie":1,"territorial":22,"amenaza_cat":"Alta","longitud_km":10.537977910205024,"Shape_Length":0.074608410885698404}},{"type":"Feature","id":598,"geometry":{"type":"MultiLineString","coordinates":[[[-72.764666475999945,6.661737629000072],[-72.807243534999941,6.7213398860000666]],[[-72.764605039999935,6.6635619920000408],[-72.764568546999953,6.6622018350000758]]]},"properties":{"OBJECTID":598,"administrador":1,"categoria":2,"codigo_tramo":"55ST02","nombre_ruta":"Conexiones Troncal Central - Troncal Central del Norte","nombre_tramo":"Malaga - Los Curos","ruta":"55","superficie":1,"territorial":22,"amenaza_cat":"Alta","longitud_km":10.537977910205024,"Shape_Length":0.074608410885698404}},{"type":"Feature","id":599,"geometry":{"type":"MultiLineString","coordinates":[[[-72.976875039999982,6.9500971770000319],[-72.969696332999945,6.9645607670000231],[-73.006030112999952,6.9202657260000251]],[[-72.977790583999933,6.9502913190000299],[-72.977146540999968,6.9501629540000636]]]},"properties":{"OBJECTID":599,"administrador":1,"categoria":2,"codigo_tramo":"55ST02","nombre_ruta":"Conexiones Troncal Central - Troncal Central del Norte","nombre_tramo":"Malaga - Los Curos","ruta":"55","superficie":1,"territorial":22,"amenaza_cat":"Alta","longitud_km":13.294598652939781,"Shape_Length":0.074094261549202539}},{"type":"Feature","id":600,"geometry":{"type":"MultiLineString","coordinates":[[[-72.976875039999982,6.9500971770000319],[-72.969696332999945,6.9645607670000231],[-73.006030112999952,6.9202657260000251]],[[-72.977790583999933,6.9502913190000299],[-72.977146540999968,6.9501629540000636]]]},"properties":{"OBJECTID":600,"administrador":1,"categoria":2,"codigo_tramo":"55ST02","nombre_ruta":"Conexiones Troncal Central - Troncal Central del Norte","nombre_tramo":"Malaga - Los Curos","ruta":"55","superficie":1,"territorial":22,"amenaza_cat":"Alta","longitud_km":13.294598652939781,"Shape_Length":0.074094261549202539}},{"type":"Feature","id":601,"geometry":{"type":"MultiLineString","coordinates":[[[-72.849067146999971,6.8129746530000261],[-72.844804158999978,6.8349758290000295]],[[-72.851515994999943,6.8078282050000212],[-72.849067146999971,6.8129746530000261]],[[-72.851515994999943,6.8078282050000212],[-72.849067146999971,6.8129746530000261]],[[-72.844272029999956,6.7894392720000383],[-72.851515994999943,6.8078282050000212]],[[-72.841496038999935,6.7845273890000612],[-72.844272029999956,6.7894392720000383]],[[-72.840672769999969,6.779120477000049],[-72.841496038999935,6.7845273890000612]],[[-72.807243534999941,6.7213398860000666],[-72.78138269599998,6.7648490540000239],[-72.804165184999988,6.7668965120000735],[-72.819799039999964,6.7806790920000708],[-72.811577168999975,6.7684902500000703],[-72.824591698999939,6.7657704980000517],[-72.840672769999969,6.779120477000049]]]},"properties":{"OBJECTID":601,"administrador":1,"categoria":2,"codigo_tramo":"55ST02","nombre_ruta":"Conexiones Troncal Central - Troncal Central del Norte","nombre_tramo":"Malaga - Los Curos","ruta":"55","superficie":1,"territorial":22,"amenaza_cat":"Alta","longitud_km":30.213634239095086,"Shape_Length":0.20791384523976436}},{"type":"Feature","id":602,"geometry":{"type":"MultiLineString","coordinates":[[[-72.849067146999971,6.8129746530000261],[-72.844804158999978,6.8349758290000295]],[[-72.851515994999943,6.8078282050000212],[-72.849067146999971,6.8129746530000261]],[[-72.851515994999943,6.8078282050000212],[-72.849067146999971,6.8129746530000261]],[[-72.844272029999956,6.7894392720000383],[-72.851515994999943,6.8078282050000212]],[[-72.841496038999935,6.7845273890000612],[-72.844272029999956,6.7894392720000383]],[[-72.840672769999969,6.779120477000049],[-72.841496038999935,6.7845273890000612]],[[-72.807243534999941,6.7213398860000666],[-72.78138269599998,6.7648490540000239],[-72.804165184999988,6.7668965120000735],[-72.819799039999964,6.7806790920000708],[-72.811577168999975,6.7684902500000703],[-72.824591698999939,6.7657704980000517],[-72.840672769999969,6.779120477000049]]]},"properties":{"OBJECTID":602,"administrador":1,"categoria":2,"codigo_tramo":"55ST02","nombre_ruta":"Conexiones Troncal Central - Troncal Central del Norte","nombre_tramo":"Malaga - Los Curos","ruta":"55","superficie":1,"territorial":22,"amenaza_cat":"Alta","longitud_km":30.213634239095086,"Shape_Length":0.20791384523976436}},{"type":"Feature","id":603,"geometry":{"type":"MultiLineString","coordinates":[[[-72.761405302999947,6.6856147650000253],[-72.761398218999943,6.6854035170000543]],[[-72.761313915999949,6.6845305090000693],[-72.764605039999935,6.6635619920000408]],[[-72.764568546999953,6.6622018350000758],[-72.764666475999945,6.661737629000072]]]},"properties":{"OBJECTID":603,"administrador":1,"categoria":2,"codigo_tramo":"55ST02","nombre_ruta":"Conexiones Troncal Central - Troncal Central del Norte","nombre_tramo":"Malaga - Los Curos","ruta":"55","superficie":1,"territorial":22,"amenaza_cat":"Alta","longitud_km":2.5210464666885826,"Shape_Length":0.021911015480985459}},{"type":"Feature","id":604,"geometry":{"type":"MultiLineString","coordinates":[[[-72.761405302999947,6.6856147650000253],[-72.761398218999943,6.6854035170000543]],[[-72.761313915999949,6.6845305090000693],[-72.764605039999935,6.6635619920000408]],[[-72.764568546999953,6.6622018350000758],[-72.764666475999945,6.661737629000072]]]},"properties":{"OBJECTID":604,"administrador":1,"categoria":2,"codigo_tramo":"55ST02","nombre_ruta":"Conexiones Troncal Central - Troncal Central del Norte","nombre_tramo":"Malaga - Los Curos","ruta":"55","superficie":1,"territorial":22,"amenaza_cat":"Alta","longitud_km":2.5210464666885826,"Shape_Length":0.021911015480985459}},{"type":"Feature","id":605,"geometry":{"type":"MultiLineString","coordinates":[[[-72.88323408399998,6.9004801290000728],[-72.914074161999963,6.9258641390000548],[-72.901474183999937,6.9245954290000213],[-72.894233404999966,6.9382834340000272],[-72.914931960999979,6.9451508860000217],[-72.916363399999966,6.9687110430000416],[-72.930261298999937,6.9501694710000379],[-72.945743763999985,6.9411987410000506],[-72.950020728999959,6.950903783000058],[-72.965437852999969,6.93487744600003],[-72.977790583999933,6.9502913190000299]],[[-72.977146540999968,6.9501629540000636],[-72.976875039999982,6.9500971770000319]]]},"properties":{"OBJECTID":605,"administrador":1,"categoria":2,"codigo_tramo":"55ST02","nombre_ruta":"Conexiones Troncal Central - Troncal Central del Norte","nombre_tramo":"Malaga - Los Curos","ruta":"55","superficie":1,"territorial":22,"amenaza_cat":"Alta","longitud_km":34.099017130628866,"Shape_Length":0.20744530881378007}},{"type":"Feature","id":606,"geometry":{"type":"MultiLineString","coordinates":[[[-72.88323408399998,6.9004801290000728],[-72.914074161999963,6.9258641390000548],[-72.901474183999937,6.9245954290000213],[-72.894233404999966,6.9382834340000272],[-72.914931960999979,6.9451508860000217],[-72.916363399999966,6.9687110430000416],[-72.930261298999937,6.9501694710000379],[-72.945743763999985,6.9411987410000506],[-72.950020728999959,6.950903783000058],[-72.965437852999969,6.93487744600003],[-72.977790583999933,6.9502913190000299]],[[-72.977146540999968,6.9501629540000636],[-72.976875039999982,6.9500971770000319]]]},"properties":{"OBJECTID":606,"administrador":1,"categoria":2,"codigo_tramo":"55ST02","nombre_ruta":"Conexiones Troncal Central - Troncal Central del Norte","nombre_tramo":"Malaga - Los Curos","ruta":"55","superficie":1,"territorial":22,"amenaza_cat":"Alta","longitud_km":34.099017130628866,"Shape_Length":0.20744530881378007}},{"type":"Feature","id":607,"geometry":{"type":"LineString","coordinates":[[-73.934920278999982,4.8237762630000702],[-73.935010831999989,4.836645542000042]]},"properties":{"OBJECTID":607,"administrador":1,"categoria":1,"codigo_tramo":"50CN03","nombre_ruta":"Conexión Transversal Buenaventura - Puerto Carreño y Troncal Central del Norte","nombre_tramo":"Cruce ruta 50 (El Salitre) Cruce ruta 55 (Briceño)","ruta":"50","superficie":1,"territorial":28,"amenaza_cat":"Alta","longitud_km":1.4520038316676716,"Shape_Length":0.012869597578204444}},{"type":"Feature","id":608,"geometry":{"type":"LineString","coordinates":[[-73.934920278999982,4.8237762630000702],[-73.935010831999989,4.836645542000042]]},"properties":{"OBJECTID":608,"administrador":1,"categoria":1,"codigo_tramo":"50CN03","nombre_ruta":"Conexión Transversal Buenaventura - Puerto Carreño y Troncal Central del Norte","nombre_tramo":"Cruce ruta 50 (El Salitre) Cruce ruta 55 (Briceño)","ruta":"50","superficie":1,"territorial":28,"amenaza_cat":"Alta","longitud_km":1.4520038316676716,"Shape_Length":0.012869597578204444}},{"type":"Feature","id":609,"geometry":{"type":"LineString","coordinates":[[-75.061855132999938,3.9860880270000507],[-74.994968868999933,4.0212138440000444],[-74.969802241999957,4.0209021840000219]]},"properties":{"OBJECTID":609,"administrador":1,"categoria":1,"codigo_tramo":"3603","nombre_ruta":"Alternas Buga - Puerto Inirida","nombre_tramo":"Ortega - Guamo","ruta":"36","superficie":1,"territorial":24,"amenaza_cat":"Alta","longitud_km":11.650753674813764,"Shape_Length":0.10071718562367293}},{"type":"Feature","id":610,"geometry":{"type":"LineString","coordinates":[[-75.061855132999938,3.9860880270000507],[-74.994968868999933,4.0212138440000444],[-74.969802241999957,4.0209021840000219]]},"properties":{"OBJECTID":610,"administrador":1,"categoria":1,"codigo_tramo":"3603","nombre_ruta":"Alternas Buga - Puerto Inirida","nombre_tramo":"Ortega - Guamo","ruta":"36","superficie":1,"territorial":24,"amenaza_cat":"Alta","longitud_km":11.650753674813764,"Shape_Length":0.10071718562367293}},{"type":"Feature","id":611,"geometry":{"type":"LineString","coordinates":[[-75.219651908999936,3.9296139550000362],[-75.201662872999975,3.9134922370000709],[-75.183492764999983,3.9132377760000736],[-75.175808872999937,3.9352806990000317],[-75.154586520999942,3.9381884490000516],[-75.125638417999937,3.9696642160000692],[-75.093554771999948,3.9682380770000236]]},"properties":{"OBJECTID":611,"administrador":1,"categoria":1,"codigo_tramo":"3603","nombre_ruta":"Alternas Buga - Puerto Inirida","nombre_tramo":"Ortega - Guamo","ruta":"36","superficie":1,"territorial":24,"amenaza_cat":"Alta","longitud_km":19.797463076980364,"Shape_Length":0.16197119065446383}},{"type":"Feature","id":612,"geometry":{"type":"LineString","coordinates":[[-75.219651908999936,3.9296139550000362],[-75.201662872999975,3.9134922370000709],[-75.183492764999983,3.9132377760000736],[-75.175808872999937,3.9352806990000317],[-75.154586520999942,3.9381884490000516],[-75.125638417999937,3.9696642160000692],[-75.093554771999948,3.9682380770000236]]},"properties":{"OBJECTID":612,"administrador":1,"categoria":1,"codigo_tramo":"3603","nombre_ruta":"Alternas Buga - Puerto Inirida","nombre_tramo":"Ortega - Guamo","ruta":"36","superficie":1,"territorial":24,"amenaza_cat":"Alta","longitud_km":19.797463076980364,"Shape_Length":0.16197119065446383}},{"type":"Feature","id":613,"geometry":{"type":"LineString","coordinates":[[-75.093554771999948,3.9682380770000236],[-75.061855132999938,3.9860880270000507]]},"properties":{"OBJECTID":613,"administrador":1,"categoria":1,"codigo_tramo":"3603","nombre_ruta":"Alternas Buga - Puerto Inirida","nombre_tramo":"Ortega - Guamo","ruta":"36","superficie":1,"territorial":24,"amenaza_cat":"Alta","longitud_km":4.3905036059336098,"Shape_Length":0.036379772233130027}},{"type":"Feature","id":614,"geometry":{"type":"LineString","coordinates":[[-75.093554771999948,3.9682380770000236],[-75.061855132999938,3.9860880270000507]]},"properties":{"OBJECTID":614,"administrador":1,"categoria":1,"codigo_tramo":"3603","nombre_ruta":"Alternas Buga - Puerto Inirida","nombre_tramo":"Ortega - Guamo","ruta":"36","superficie":1,"territorial":24,"amenaza_cat":"Alta","longitud_km":4.3905036059336098,"Shape_Length":0.036379772233130027}},{"type":"Feature","id":615,"geometry":{"type":"LineString","coordinates":[[-74.885451555999964,4.1656035430000316],[-74.867037867999954,4.1813035280000577]]},"properties":{"OBJECTID":615,"administrador":2,"categoria":4,"codigo_tramo":"45TL10","nombre_ruta":"Alternas a la Troncal del Magdalena","nombre_tramo":"Por Defnir","ruta":"45","superficie":1,"territorial":28,"amenaza_cat":"Alta","longitud_km":2.8202701197183981,"Shape_Length":0.02419821139594297}},{"type":"Feature","id":616,"geometry":{"type":"LineString","coordinates":[[-74.885451555999964,4.1656035430000316],[-74.867037867999954,4.1813035280000577]]},"properties":{"OBJECTID":616,"administrador":2,"categoria":4,"codigo_tramo":"45TL10","nombre_ruta":"Alternas a la Troncal del Magdalena","nombre_tramo":"Por Defnir","ruta":"45","superficie":1,"territorial":28,"amenaza_cat":"Alta","longitud_km":2.8202701197183981,"Shape_Length":0.02419821139594297}},{"type":"Feature","id":617,"geometry":{"type":"MultiLineString","coordinates":[[[-75.606908617999977,5.7436945350000315],[-75.614241937999964,5.7436016790000508]],[[-75.602273640999954,5.7356596110000737],[-75.606908617999977,5.7436945350000315]],[[-75.602228887999956,5.7356136150000339],[-75.602273640999954,5.7356596110000737]],[[-75.602219222999963,5.7356036830000221],[-75.602228887999956,5.7356136150000339]],[[-75.602104201999964,5.7354766750000294],[-75.602219222999963,5.7356036830000221]],[[-75.602095103999943,5.7354663440000309],[-75.602104201999964,5.7354766750000294]],[[-75.602027086999954,5.7353891260000296],[-75.602095103999943,5.7354663440000309]],[[-75.602025601999969,5.7353874400000677],[-75.602027086999954,5.7353891260000296]],[[-75.601986014999966,5.7353410340000437],[-75.602025601999969,5.7353874400000677]],[[-75.601958533999948,5.7353080280000768],[-75.601986014999966,5.7353410340000437]],[[-75.601924551999957,5.7352673920000257],[-75.601958533999948,5.7353080280000768]],[[-75.601839041999938,5.7351665490000414],[-75.601888087999953,5.7352225110000745]]]},"properties":{"OBJECTID":617,"administrador":2,"categoria":4,"codigo_tramo":"25ANI","nombre_ruta":"Alternas a la Troncal de Occidente","nombre_tramo":"Por Defnir","ruta":"25","superficie":1,"territorial":28,"amenaza_cat":"Alta","longitud_km":2.063451511246392,"Shape_Length":0.017209475350077212}},{"type":"Feature","id":618,"geometry":{"type":"MultiLineString","coordinates":[[[-75.606908617999977,5.7436945350000315],[-75.614241937999964,5.7436016790000508]],[[-75.602273640999954,5.7356596110000737],[-75.606908617999977,5.7436945350000315]],[[-75.602228887999956,5.7356136150000339],[-75.602273640999954,5.7356596110000737]],[[-75.602219222999963,5.7356036830000221],[-75.602228887999956,5.7356136150000339]],[[-75.602104201999964,5.7354766750000294],[-75.602219222999963,5.7356036830000221]],[[-75.602095103999943,5.7354663440000309],[-75.602104201999964,5.7354766750000294]],[[-75.602027086999954,5.7353891260000296],[-75.602095103999943,5.7354663440000309]],[[-75.602025601999969,5.7353874400000677],[-75.602027086999954,5.7353891260000296]],[[-75.601986014999966,5.7353410340000437],[-75.602025601999969,5.7353874400000677]],[[-75.601958533999948,5.7353080280000768],[-75.601986014999966,5.7353410340000437]],[[-75.601924551999957,5.7352673920000257],[-75.601958533999948,5.7353080280000768]],[[-75.601839041999938,5.7351665490000414],[-75.601888087999953,5.7352225110000745]]]},"properties":{"OBJECTID":618,"administrador":2,"categoria":4,"codigo_tramo":"25ANI","nombre_ruta":"Alternas a la Troncal de Occidente","nombre_tramo":"Por Defnir","ruta":"25","superficie":1,"territorial":28,"amenaza_cat":"Alta","longitud_km":2.063451511246392,"Shape_Length":0.017209475350077212}},{"type":"Feature","id":619,"geometry":{"type":"LineString","coordinates":[[-75.473791521999942,3.7252784860000361],[-75.389383118999945,3.7365579210000419],[-75.321853120999947,3.8050583460000666]]},"properties":{"OBJECTID":619,"administrador":1,"categoria":1,"codigo_tramo":"3602","nombre_ruta":"Alternas Buga - Puerto Inirida","nombre_tramo":"Chaparral - Ortega","ruta":"36","superficie":1,"territorial":24,"amenaza_cat":"Alta","longitud_km":22.097099615873237,"Shape_Length":0.18134918193974314}},{"type":"Feature","id":620,"geometry":{"type":"LineString","coordinates":[[-75.473791521999942,3.7252784860000361],[-75.389383118999945,3.7365579210000419],[-75.321853120999947,3.8050583460000666]]},"properties":{"OBJECTID":620,"administrador":1,"categoria":1,"codigo_tramo":"3602","nombre_ruta":"Alternas Buga - Puerto Inirida","nombre_tramo":"Chaparral - Ortega","ruta":"36","superficie":1,"territorial":24,"amenaza_cat":"Alta","longitud_km":22.097099615873237,"Shape_Length":0.18134918193974314}},{"type":"Feature","id":621,"geometry":{"type":"LineString","coordinates":[[-75.321853120999947,3.8050583460000666],[-75.329118988999937,3.8167193680000651],[-75.24745127999995,3.8858887720000439],[-75.219651908999936,3.9296139550000362]]},"properties":{"OBJECTID":621,"administrador":1,"categoria":1,"codigo_tramo":"3602","nombre_ruta":"Alternas Buga - Puerto Inirida","nombre_tramo":"Chaparral - Ortega","ruta":"36","superficie":1,"territorial":24,"amenaza_cat":"Alta","longitud_km":21.651529378589146,"Shape_Length":0.17257696139192527}},{"type":"Feature","id":622,"geometry":{"type":"LineString","coordinates":[[-75.321853120999947,3.8050583460000666],[-75.329118988999937,3.8167193680000651],[-75.24745127999995,3.8858887720000439],[-75.219651908999936,3.9296139550000362]]},"properties":{"OBJECTID":622,"administrador":1,"categoria":1,"codigo_tramo":"3602","nombre_ruta":"Alternas Buga - Puerto Inirida","nombre_tramo":"Chaparral - Ortega","ruta":"36","superficie":1,"territorial":24,"amenaza_cat":"Alta","longitud_km":21.651529378589146,"Shape_Length":0.17257696139192527}},{"type":"Feature","id":623,"geometry":{"type":"LineString","coordinates":[[-75.243890659999977,2.9346243670000263],[-75.199388610999961,2.9380589750000468],[-75.149620071999948,2.9208324710000397],[-75.151145092999968,2.8814533600000232],[-75.138244137999948,2.8792223780000654],[-75.141185745999962,2.8679199960000687],[-75.126667460999954,2.8569001690000277],[-75.10087965699995,2.8493274330000418],[-75.071822678999979,2.7909973290000494],[-75.079369378999957,2.7397198830000207]]},"properties":{"OBJECTID":623,"administrador":1,"categoria":1,"codigo_tramo":"3001","nombre_ruta":"Transversal Neiva - San Vicente","nombre_tramo":"Transversal Neiva - San Vicente","ruta":"30","superficie":3,"territorial":14,"amenaza_cat":"Alta","longitud_km":47.652882082889171,"Shape_Length":0.32358003112776423}},{"type":"Feature","id":624,"geometry":{"type":"LineString","coordinates":[[-75.243890659999977,2.9346243670000263],[-75.199388610999961,2.9380589750000468],[-75.149620071999948,2.9208324710000397],[-75.151145092999968,2.8814533600000232],[-75.138244137999948,2.8792223780000654],[-75.141185745999962,2.8679199960000687],[-75.126667460999954,2.8569001690000277],[-75.10087965699995,2.8493274330000418],[-75.071822678999979,2.7909973290000494],[-75.079369378999957,2.7397198830000207]]},"properties":{"OBJECTID":624,"administrador":1,"categoria":1,"codigo_tramo":"3001","nombre_ruta":"Transversal Neiva - San Vicente","nombre_tramo":"Transversal Neiva - San Vicente","ruta":"30","superficie":3,"territorial":14,"amenaza_cat":"Alta","longitud_km":47.652882082889171,"Shape_Length":0.32358003112776423}},{"type":"Feature","id":625,"geometry":{"type":"MultiLineString","coordinates":[[[-72.452774946999966,7.8766879460000609],[-72.459620189999953,7.8767764320000424]],[[-72.459159023999973,7.8767750580000211],[-72.459130417999972,7.8763971750000223]],[[-72.459646205999945,7.8764299690000712],[-72.459620189999953,7.8767764320000424]],[[-72.459620189999953,7.8767764320000424],[-72.463218594999944,7.876598480000041]],[[-72.459130417999972,7.8763971750000223],[-72.452722656999981,7.8765702270000588]],[[-72.46370316399998,7.8762564090000637],[-72.459646205999945,7.8764299690000712]],[[-72.459646205999945,7.8764299690000712],[-72.459130417999972,7.8763971750000223]]]},"properties":{"OBJECTID":625,"administrador":1,"categoria":1,"codigo_tramo":"70NS06-1","nombre_ruta":"Conexión Colombia - Venezuela","nombre_tramo":"Por Defnir","ruta":"70","superficie":1,"territorial":18,"amenaza_cat":"Alta","longitud_km":2.6085449954700395,"Shape_Length":0.022162615583890554}},{"type":"Feature","id":626,"geometry":{"type":"MultiLineString","coordinates":[[[-72.452774946999966,7.8766879460000609],[-72.459620189999953,7.8767764320000424]],[[-72.459159023999973,7.8767750580000211],[-72.459130417999972,7.8763971750000223]],[[-72.459646205999945,7.8764299690000712],[-72.459620189999953,7.8767764320000424]],[[-72.459620189999953,7.8767764320000424],[-72.463218594999944,7.876598480000041]],[[-72.459130417999972,7.8763971750000223],[-72.452722656999981,7.8765702270000588]],[[-72.46370316399998,7.8762564090000637],[-72.459646205999945,7.8764299690000712]],[[-72.459646205999945,7.8764299690000712],[-72.459130417999972,7.8763971750000223]]]},"properties":{"OBJECTID":626,"administrador":1,"categoria":1,"codigo_tramo":"70NS06-1","nombre_ruta":"Conexión Colombia - Venezuela","nombre_tramo":"Por Defnir","ruta":"70","superficie":1,"territorial":18,"amenaza_cat":"Alta","longitud_km":2.6085449954700395,"Shape_Length":0.022162615583890554}},{"type":"Feature","id":627,"geometry":{"type":"MultiLineString","coordinates":[[[-75.344308248999937,2.8869786030000455],[-75.343976999999938,2.8879839900000661]],[[-75.344308248999937,2.8869786030000455],[-75.344790732999968,2.8871967370000675]],[[-75.329161524999961,2.8122496370000363],[-75.344308248999937,2.8869786030000455]],[[-75.330335012999967,2.8113053790000322],[-75.329161524999961,2.8122496370000363]],[[-75.330865038999946,2.811181935000036],[-75.330335012999967,2.8113053790000322]]]},"properties":{"OBJECTID":627,"administrador":2,"categoria":1,"codigo_tramo":"43HL02-1","nombre_ruta":"Alternas a la Troncal del Magdalena","nombre_tramo":"Por Defnir","ruta":"43","superficie":1,"territorial":28,"amenaza_cat":"Alta","longitud_km":9.0183132819894087,"Shape_Length":0.079887035594974343}},{"type":"Feature","id":628,"geometry":{"type":"MultiLineString","coordinates":[[[-75.344308248999937,2.8869786030000455],[-75.343976999999938,2.8879839900000661]],[[-75.344308248999937,2.8869786030000455],[-75.344790732999968,2.8871967370000675]],[[-75.329161524999961,2.8122496370000363],[-75.344308248999937,2.8869786030000455]],[[-75.330335012999967,2.8113053790000322],[-75.329161524999961,2.8122496370000363]],[[-75.330865038999946,2.811181935000036],[-75.330335012999967,2.8113053790000322]]]},"properties":{"OBJECTID":628,"administrador":2,"categoria":1,"codigo_tramo":"43HL02-1","nombre_ruta":"Alternas a la Troncal del Magdalena","nombre_tramo":"Por Defnir","ruta":"43","superficie":1,"territorial":28,"amenaza_cat":"Alta","longitud_km":9.0183132819894087,"Shape_Length":0.079887035594974343}},{"type":"Feature","id":629,"geometry":{"type":"MultiLineString","coordinates":[[[-76.822671469999989,3.8665478970000322],[-76.815317091999987,3.8649462880000556]],[[-76.813478768999971,3.8638816770000517],[-76.810764018999976,3.8629303570000388]]]},"properties":{"OBJECTID":629,"administrador":5,"categoria":1,"codigo_tramo":"4001","nombre_ruta":"Transversal Buenaventura - Villavicencio - Puerto Carreño","nombre_tramo":"Por Defnir","ruta":"40","superficie":9.2233720368547758e+18,"territorial":25,"amenaza_cat":"Alta","longitud_km":1.3535147466379731,"Shape_Length":0.010403362738082402}},{"type":"Feature","id":630,"geometry":{"type":"MultiLineString","coordinates":[[[-76.822671469999989,3.8665478970000322],[-76.815317091999987,3.8649462880000556]],[[-76.813478768999971,3.8638816770000517],[-76.810764018999976,3.8629303570000388]]]},"properties":{"OBJECTID":630,"administrador":5,"categoria":1,"codigo_tramo":"4001","nombre_ruta":"Transversal Buenaventura - Villavicencio - Puerto Carreño","nombre_tramo":"Por Defnir","ruta":"40","superficie":9.2233720368547758e+18,"territorial":25,"amenaza_cat":"Alta","longitud_km":1.3535147466379731,"Shape_Length":0.010403362738082402}},{"type":"Feature","id":631,"geometry":{"type":"MultiLineString","coordinates":[[[-76.791021109999974,3.8357279730000755],[-76.78933699199996,3.8345373490000725]],[[-76.787597763999941,3.829253958000038],[-76.785703797999986,3.8257422620000625]],[[-76.780651013999943,3.8163673100000324],[-76.779763728999967,3.8125927120000256]],[[-76.77749829399994,3.8068279850000408],[-76.778010479999978,3.8028522290000524]]]},"properties":{"OBJECTID":631,"administrador":5,"categoria":1,"codigo_tramo":"4001","nombre_ruta":"Transversal Buenaventura - Villavicencio - Puerto Carreño","nombre_tramo":"Por Defnir","ruta":"40","superficie":9.2233720368547758e+18,"territorial":25,"amenaza_cat":"Alta","longitud_km":2.0414995164152296,"Shape_Length":0.01393845413898708}},{"type":"Feature","id":632,"geometry":{"type":"MultiLineString","coordinates":[[[-76.791021109999974,3.8357279730000755],[-76.78933699199996,3.8345373490000725]],[[-76.787597763999941,3.829253958000038],[-76.785703797999986,3.8257422620000625]],[[-76.780651013999943,3.8163673100000324],[-76.779763728999967,3.8125927120000256]],[[-76.77749829399994,3.8068279850000408],[-76.778010479999978,3.8028522290000524]]]},"properties":{"OBJECTID":632,"administrador":5,"categoria":1,"codigo_tramo":"4001","nombre_ruta":"Transversal Buenaventura - Villavicencio - Puerto Carreño","nombre_tramo":"Por Defnir","ruta":"40","superficie":9.2233720368547758e+18,"territorial":25,"amenaza_cat":"Alta","longitud_km":2.0414995164152296,"Shape_Length":0.01393845413898708}},{"type":"Feature","id":633,"geometry":{"type":"MultiLineString","coordinates":[[[-76.523320979999937,3.2922845920000441],[-76.524255048999976,3.3621374360000686]],[[-76.523514756999987,3.2923533860000589],[-76.524327845999949,3.3621290650000333]],[[-76.523320979999937,3.2922845920000441],[-76.523514756999987,3.2923533860000589]],[[-76.524926486999959,3.2874238570000216],[-76.523514756999987,3.2923533860000589]],[[-76.523320979999937,3.2922845920000441],[-76.524727109999958,3.2873924900000588]],[[-76.524926486999959,3.2874238570000216],[-76.524727109999958,3.2873924900000588]],[[-76.525239089999957,3.2860506470000246],[-76.524926486999959,3.2874238570000216]],[[-76.524727109999958,3.2873924900000588],[-76.525163258999953,3.2860459370000399]]]},"properties":{"OBJECTID":633,"administrador":1,"categoria":1,"codigo_tramo":"2504","nombre_ruta":"Alternas a la Troncal de Occidente","nombre_tramo":"Popayan - Santander de Quilichao - Cali","ruta":"25","superficie":1,"territorial":25,"amenaza_cat":"Alta","longitud_km":17.141961650713974,"Shape_Length":0.15308859489953217}},{"type":"Feature","id":634,"geometry":{"type":"MultiLineString","coordinates":[[[-76.523320979999937,3.2922845920000441],[-76.524255048999976,3.3621374360000686]],[[-76.523514756999987,3.2923533860000589],[-76.524327845999949,3.3621290650000333]],[[-76.523320979999937,3.2922845920000441],[-76.523514756999987,3.2923533860000589]],[[-76.524926486999959,3.2874238570000216],[-76.523514756999987,3.2923533860000589]],[[-76.523320979999937,3.2922845920000441],[-76.524727109999958,3.2873924900000588]],[[-76.524926486999959,3.2874238570000216],[-76.524727109999958,3.2873924900000588]],[[-76.525239089999957,3.2860506470000246],[-76.524926486999959,3.2874238570000216]],[[-76.524727109999958,3.2873924900000588],[-76.525163258999953,3.2860459370000399]]]},"properties":{"OBJECTID":634,"administrador":1,"categoria":1,"codigo_tramo":"2504","nombre_ruta":"Alternas a la Troncal de Occidente","nombre_tramo":"Popayan - Santander de Quilichao - Cali","ruta":"25","superficie":1,"territorial":25,"amenaza_cat":"Alta","longitud_km":17.141961650713974,"Shape_Length":0.15308859489953217}},{"type":"Feature","id":635,"geometry":{"type":"MultiLineString","coordinates":[[[-76.531054512999958,3.2765201230000685],[-76.525239089999957,3.2860506470000246]],[[-76.525163258999953,3.2860459370000399],[-76.531054512999958,3.2765201230000685]],[[-76.532797116999973,3.2744750050000562],[-76.531054512999958,3.2765201230000685]]]},"properties":{"OBJECTID":635,"administrador":1,"categoria":1,"codigo_tramo":"2504","nombre_ruta":"Alternas a la Troncal de Occidente","nombre_tramo":"Popayan - Santander de Quilichao - Cali","ruta":"25","superficie":1,"territorial":25,"amenaza_cat":"Alta","longitud_km":2.8518367532699322,"Shape_Length":0.025051887793158503}},{"type":"Feature","id":636,"geometry":{"type":"MultiLineString","coordinates":[[[-76.531054512999958,3.2765201230000685],[-76.525239089999957,3.2860506470000246]],[[-76.525163258999953,3.2860459370000399],[-76.531054512999958,3.2765201230000685]],[[-76.532797116999973,3.2744750050000562],[-76.531054512999958,3.2765201230000685]]]},"properties":{"OBJECTID":636,"administrador":1,"categoria":1,"codigo_tramo":"2504","nombre_ruta":"Alternas a la Troncal de Occidente","nombre_tramo":"Popayan - Santander de Quilichao - Cali","ruta":"25","superficie":1,"territorial":25,"amenaza_cat":"Alta","longitud_km":2.8518367532699322,"Shape_Length":0.025051887793158503}},{"type":"Feature","id":637,"geometry":{"type":"MultiLineString","coordinates":[[[-76.432266112999969,3.6192826580000315],[-76.432511077999948,3.619475292000061]],[[-76.399798948999944,3.6159599590000653],[-76.432266112999969,3.6192826580000315]],[[-76.432555286999957,3.6191546070000413],[-76.432266112999969,3.6192826580000315]],[[-76.399393545999942,3.6161208150000448],[-76.399798948999944,3.6159599590000653]],[[-76.399798948999944,3.6159599590000653],[-76.399639067999942,3.6156333190000396]]]},"properties":{"OBJECTID":637,"administrador":3,"categoria":1,"codigo_tramo":"23VL02-1","nombre_ruta":"Circuito Cali - Palmira","nombre_tramo":"Por Defnir","ruta":"23","superficie":1,"territorial":25,"amenaza_cat":"Alta","longitud_km":3.7923079853695749,"Shape_Length":0.034064454327197354}},{"type":"Feature","id":638,"geometry":{"type":"MultiLineString","coordinates":[[[-76.432266112999969,3.6192826580000315],[-76.432511077999948,3.619475292000061]],[[-76.399798948999944,3.6159599590000653],[-76.432266112999969,3.6192826580000315]],[[-76.432555286999957,3.6191546070000413],[-76.432266112999969,3.6192826580000315]],[[-76.399393545999942,3.6161208150000448],[-76.399798948999944,3.6159599590000653]],[[-76.399798948999944,3.6159599590000653],[-76.399639067999942,3.6156333190000396]]]},"properties":{"OBJECTID":638,"administrador":3,"categoria":1,"codigo_tramo":"23VL02-1","nombre_ruta":"Circuito Cali - Palmira","nombre_tramo":"Por Defnir","ruta":"23","superficie":1,"territorial":25,"amenaza_cat":"Alta","longitud_km":3.7923079853695749,"Shape_Length":0.034064454327197354}},{"type":"Feature","id":639,"geometry":{"type":"MultiLineString","coordinates":[[[-76.386644842999942,3.6368045960000472],[-76.412019913999984,3.6369706580000525],[-76.43284949599996,3.6203175580000675]],[[-76.386187005999943,3.6368909670000562],[-76.386644842999942,3.6368045960000472]],[[-76.386221028999955,3.6367107130000704],[-76.386644842999942,3.6368045960000472]],[[-76.43284949599996,3.6203175580000675],[-76.432677152999986,3.619726298000046]],[[-76.43284949599996,3.6203175580000675],[-76.433221011999933,3.6197154020000539]],[[-76.432677152999986,3.619726298000046],[-76.432676827999956,3.6197258390000684]]]},"properties":{"OBJECTID":639,"administrador":2,"categoria":1,"codigo_tramo":"23VL02-2","nombre_ruta":"Circuito Cali - Palmira","nombre_tramo":"Por Defnir","ruta":"23","superficie":3,"territorial":28,"amenaza_cat":"Alta","longitud_km":6.2527162572973376,"Shape_Length":0.054267866567128502}},{"type":"Feature","id":640,"geometry":{"type":"MultiLineString","coordinates":[[[-76.386644842999942,3.6368045960000472],[-76.412019913999984,3.6369706580000525],[-76.43284949599996,3.6203175580000675]],[[-76.386187005999943,3.6368909670000562],[-76.386644842999942,3.6368045960000472]],[[-76.386221028999955,3.6367107130000704],[-76.386644842999942,3.6368045960000472]],[[-76.43284949599996,3.6203175580000675],[-76.432677152999986,3.619726298000046]],[[-76.43284949599996,3.6203175580000675],[-76.433221011999933,3.6197154020000539]],[[-76.432677152999986,3.619726298000046],[-76.432676827999956,3.6197258390000684]]]},"properties":{"OBJECTID":640,"administrador":2,"categoria":1,"codigo_tramo":"23VL02-2","nombre_ruta":"Circuito Cali - Palmira","nombre_tramo":"Por Defnir","ruta":"23","superficie":3,"territorial":28,"amenaza_cat":"Alta","longitud_km":6.2527162572973376,"Shape_Length":0.054267866567128502}},{"type":"Feature","id":641,"geometry":{"type":"MultiLineString","coordinates":[[[-76.643405128999973,8.0128344670000615],[-76.643641594999963,8.012498785000048]],[[-76.643641594999963,8.012498785000048],[-76.643263842999943,8.0124459690000549]],[[-76.643641594999963,8.012498785000048],[-76.65001515299997,7.9899458720000212],[-76.630090778999943,7.9671165890000566]],[[-76.630468181999959,7.966708092000033],[-76.629942837999977,7.9666312010000411]]]},"properties":{"OBJECTID":641,"administrador":2,"categoria":4,"codigo_tramo":"62ANE","nombre_ruta":"Troncal de Uraba","nombre_tramo":"Por Defnir","ruta":"62","superficie":1,"territorial":1,"amenaza_cat":"Alta","longitud_km":6.5272304749197367,"Shape_Length":0.055060292130872192}},{"type":"Feature","id":642,"geometry":{"type":"MultiLineString","coordinates":[[[-76.643405128999973,8.0128344670000615],[-76.643641594999963,8.012498785000048]],[[-76.643641594999963,8.012498785000048],[-76.643263842999943,8.0124459690000549]],[[-76.643641594999963,8.012498785000048],[-76.65001515299997,7.9899458720000212],[-76.630090778999943,7.9671165890000566]],[[-76.630468181999959,7.966708092000033],[-76.629942837999977,7.9666312010000411]]]},"properties":{"OBJECTID":642,"administrador":2,"categoria":4,"codigo_tramo":"62ANE","nombre_ruta":"Troncal de Uraba","nombre_tramo":"Por Defnir","ruta":"62","superficie":1,"territorial":1,"amenaza_cat":"Alta","longitud_km":6.5272304749197367,"Shape_Length":0.055060292130872192}},{"type":"Feature","id":643,"geometry":{"type":"LineString","coordinates":[[-74.005394130999946,4.5652530300000649],[-73.958782446999976,4.5668971530000704],[-73.961955723999949,4.5599799030000554],[-73.946673540999939,4.5534962830000723],[-73.936298956999963,4.5609739630000377],[-73.925668316999975,4.546323305000044],[-73.931598991999977,4.5267374800000653],[-73.922894753999969,4.5270021090000228],[-73.913450410999985,4.5044847330000266]]},"properties":{"OBJECTID":643,"administrador":1,"categoria":1,"codigo_tramo":"4006A","nombre_ruta":"Conexión Transversal Buenaventura - Puerto Carreño y Troncal Central del Norte","nombre_tramo":"Por Defnir","ruta":"40","superficie":1,"territorial":12,"amenaza_cat":"Alta","longitud_km":26.589563094272712,"Shape_Length":0.1553315713796885}},{"type":"Feature","id":644,"geometry":{"type":"LineString","coordinates":[[-74.005394130999946,4.5652530300000649],[-73.958782446999976,4.5668971530000704],[-73.961955723999949,4.5599799030000554],[-73.946673540999939,4.5534962830000723],[-73.936298956999963,4.5609739630000377],[-73.925668316999975,4.546323305000044],[-73.931598991999977,4.5267374800000653],[-73.922894753999969,4.5270021090000228],[-73.913450410999985,4.5044847330000266]]},"properties":{"OBJECTID":644,"administrador":1,"categoria":1,"codigo_tramo":"4006A","nombre_ruta":"Conexión Transversal Buenaventura - Puerto Carreño y Troncal Central del Norte","nombre_tramo":"Por Defnir","ruta":"40","superficie":1,"territorial":12,"amenaza_cat":"Alta","longitud_km":26.589563094272712,"Shape_Length":0.1553315713796885}},{"type":"Feature","id":645,"geometry":{"type":"LineString","coordinates":[[-73.913450410999985,4.5044847330000266],[-73.932923284999958,4.4836771840000438]]},"properties":{"OBJECTID":645,"administrador":1,"categoria":1,"codigo_tramo":"4006A","nombre_ruta":"Conexión Transversal Buenaventura - Puerto Carreño y Troncal Central del Norte","nombre_tramo":"Por Defnir","ruta":"40","superficie":1,"territorial":12,"amenaza_cat":"Alta","longitud_km":5.1572603209128722,"Shape_Length":0.028498191472539434}},{"type":"Feature","id":646,"geometry":{"type":"LineString","coordinates":[[-73.913450410999985,4.5044847330000266],[-73.932923284999958,4.4836771840000438]]},"properties":{"OBJECTID":646,"administrador":1,"categoria":1,"codigo_tramo":"4006A","nombre_ruta":"Conexión Transversal Buenaventura - Puerto Carreño y Troncal Central del Norte","nombre_tramo":"Por Defnir","ruta":"40","superficie":1,"territorial":12,"amenaza_cat":"Alta","longitud_km":5.1572603209128722,"Shape_Length":0.028498191472539434}},{"type":"Feature","id":647,"geometry":{"type":"MultiLineString","coordinates":[[[-73.719735882999942,4.1980914330000587],[-73.716423597999949,4.2050659970000765],[-73.707921778999946,4.183723508000071],[-73.695053275999953,4.1893851280000263],[-73.682357122999974,4.1655737160000399],[-73.667357892999974,4.1665633180000441]],[[-73.725613887999941,4.2010961960000373],[-73.719735882999942,4.1980914330000587]]]},"properties":{"OBJECTID":647,"administrador":1,"categoria":1,"codigo_tramo":"40MTA","nombre_ruta":"Alternas a la Transversal Buenaventura - Villavicencio - Puerto Carreño","nombre_tramo":"Pipiral - Villavicencio","ruta":"40","superficie":1,"territorial":16,"amenaza_cat":"Alta","longitud_km":14.351817412503976,"Shape_Length":0.093371585729876805}},{"type":"Feature","id":648,"geometry":{"type":"MultiLineString","coordinates":[[[-73.719735882999942,4.1980914330000587],[-73.716423597999949,4.2050659970000765],[-73.707921778999946,4.183723508000071],[-73.695053275999953,4.1893851280000263],[-73.682357122999974,4.1655737160000399],[-73.667357892999974,4.1665633180000441]],[[-73.725613887999941,4.2010961960000373],[-73.719735882999942,4.1980914330000587]]]},"properties":{"OBJECTID":648,"administrador":1,"categoria":1,"codigo_tramo":"40MTA","nombre_ruta":"Alternas a la Transversal Buenaventura - Villavicencio - Puerto Carreño","nombre_tramo":"Pipiral - Villavicencio","ruta":"40","superficie":1,"territorial":16,"amenaza_cat":"Alta","longitud_km":14.351817412503976,"Shape_Length":0.093371585729876805}},{"type":"Feature","id":649,"geometry":{"type":"LineString","coordinates":[[-75.09231308699998,3.6375586890000591],[-75.101300546999937,3.6130561510000234]]},"properties":{"OBJECTID":649,"administrador":2,"categoria":1,"codigo_tramo":"45TLE","nombre_ruta":"Troncal del Magdalena","nombre_tramo":"Por Defnir","ruta":"45","superficie":3,"territorial":14,"amenaza_cat":"Alta","longitud_km":3.0677127326585052,"Shape_Length":0.026098827668959157}},{"type":"Feature","id":650,"geometry":{"type":"LineString","coordinates":[[-75.09231308699998,3.6375586890000591],[-75.101300546999937,3.6130561510000234]]},"properties":{"OBJECTID":650,"administrador":2,"categoria":1,"codigo_tramo":"45TLE","nombre_ruta":"Troncal del Magdalena","nombre_tramo":"Por Defnir","ruta":"45","superficie":3,"territorial":14,"amenaza_cat":"Alta","longitud_km":3.0677127326585052,"Shape_Length":0.026098827668959157}},{"type":"Feature","id":651,"geometry":{"type":"LineString","coordinates":[[-73.605608989999951,4.1124675250000564],[-73.601013264999949,4.1087688140000296]]},"properties":{"OBJECTID":651,"administrador":3,"categoria":1,"codigo_tramo":"4007","nombre_ruta":"Transversal Buenaventura - Villavicencio - Puerto Carreño","nombre_tramo":"Por Defnir","ruta":"40","superficie":3,"territorial":16,"amenaza_cat":"Alta","longitud_km":0.65400012980722222,"Shape_Length":0.0058992500656742993}},{"type":"Feature","id":652,"geometry":{"type":"LineString","coordinates":[[-73.605608989999951,4.1124675250000564],[-73.601013264999949,4.1087688140000296]]},"properties":{"OBJECTID":652,"administrador":3,"categoria":1,"codigo_tramo":"4007","nombre_ruta":"Transversal Buenaventura - Villavicencio - Puerto Carreño","nombre_tramo":"Por Defnir","ruta":"40","superficie":3,"territorial":16,"amenaza_cat":"Alta","longitud_km":0.65400012980722222,"Shape_Length":0.0058992500656742993}},{"type":"Feature","id":653,"geometry":{"type":"MultiLineString","coordinates":[[[-76.624846466999941,7.9139837030000422],[-76.651647663999938,7.8927693220000492],[-76.642725562999942,7.8511064070000316]],[[-76.624306908999984,7.9141106650000665],[-76.624846466999941,7.9139837030000422]],[[-76.624846466999941,7.9139837030000422],[-76.624454487999969,7.9136075370000754]],[[-76.641978847999951,7.8513674410000363],[-76.642725562999942,7.8511064070000316]],[[-76.642725562999942,7.8511064070000316],[-76.642181139999934,7.8503768990000253]]]},"properties":{"OBJECTID":653,"administrador":2,"categoria":4,"codigo_tramo":"62ANF","nombre_ruta":"Troncal de Uraba","nombre_tramo":"Por Defnir","ruta":"62","superficie":1,"territorial":1,"amenaza_cat":"Alta","longitud_km":9.3319286470518144,"Shape_Length":0.079587593007882942}},{"type":"Feature","id":654,"geometry":{"type":"MultiLineString","coordinates":[[[-76.624846466999941,7.9139837030000422],[-76.651647663999938,7.8927693220000492],[-76.642725562999942,7.8511064070000316]],[[-76.624306908999984,7.9141106650000665],[-76.624846466999941,7.9139837030000422]],[[-76.624846466999941,7.9139837030000422],[-76.624454487999969,7.9136075370000754]],[[-76.641978847999951,7.8513674410000363],[-76.642725562999942,7.8511064070000316]],[[-76.642725562999942,7.8511064070000316],[-76.642181139999934,7.8503768990000253]]]},"properties":{"OBJECTID":654,"administrador":2,"categoria":4,"codigo_tramo":"62ANF","nombre_ruta":"Troncal de Uraba","nombre_tramo":"Por Defnir","ruta":"62","superficie":1,"territorial":1,"amenaza_cat":"Alta","longitud_km":9.3319286470518144,"Shape_Length":0.079587593007882942}},{"type":"Feature","id":655,"geometry":{"type":"LineString","coordinates":[[-76.283400837999977,5.3375751470000523],[-76.274236524999935,5.321924377000073],[-76.257457834999968,5.3236279320000222],[-76.251509343999942,5.3388431770000579],[-76.223011607999979,5.340863463000062],[-76.20284074999995,5.3565709600000559]]},"properties":{"OBJECTID":655,"administrador":1,"categoria":1,"codigo_tramo":"5002","nombre_ruta":"Transversal Las Animas - Bogotá","nombre_tramo":"Las Animas - Santa Cecilia","ruta":"50","superficie":1,"territorial":21,"amenaza_cat":"Alta","longitud_km":14.837384965341998,"Shape_Length":0.10547276990988275}},{"type":"Feature","id":656,"geometry":{"type":"LineString","coordinates":[[-76.283400837999977,5.3375751470000523],[-76.274236524999935,5.321924377000073],[-76.257457834999968,5.3236279320000222],[-76.251509343999942,5.3388431770000579],[-76.223011607999979,5.340863463000062],[-76.20284074999995,5.3565709600000559]]},"properties":{"OBJECTID":656,"administrador":1,"categoria":1,"codigo_tramo":"5002","nombre_ruta":"Transversal Las Animas - Bogotá","nombre_tramo":"Las Animas - Santa Cecilia","ruta":"50","superficie":1,"territorial":21,"amenaza_cat":"Alta","longitud_km":14.837384965341998,"Shape_Length":0.10547276990988275}},{"type":"Feature","id":657,"geometry":{"type":"LineString","coordinates":[[-76.20284074999995,5.3565709600000559],[-76.168744641999979,5.3598712540000406],[-76.145254278999971,5.3418367400000761]]},"properties":{"OBJECTID":657,"administrador":1,"categoria":1,"codigo_tramo":"5002","nombre_ruta":"Transversal Las Animas - Bogotá","nombre_tramo":"Las Animas - Santa Cecilia","ruta":"50","superficie":1,"territorial":21,"amenaza_cat":"Alta","longitud_km":8.2632401978389147,"Shape_Length":0.063870335198529346}},{"type":"Feature","id":658,"geometry":{"type":"LineString","coordinates":[[-76.20284074999995,5.3565709600000559],[-76.168744641999979,5.3598712540000406],[-76.145254278999971,5.3418367400000761]]},"properties":{"OBJECTID":658,"administrador":1,"categoria":1,"codigo_tramo":"5002","nombre_ruta":"Transversal Las Animas - Bogotá","nombre_tramo":"Las Animas - Santa Cecilia","ruta":"50","superficie":1,"territorial":21,"amenaza_cat":"Alta","longitud_km":8.2632401978389147,"Shape_Length":0.063870335198529346}},{"type":"Feature","id":659,"geometry":{"type":"MultiLineString","coordinates":[[[-73.764226906999966,4.04939046100003],[-73.727702359999967,4.0526268200000573],[-73.706943806999959,4.0779650020000417],[-73.672938321999936,4.086642070000039]],[[-73.764763429999959,4.0495879190000323],[-73.764226906999966,4.04939046100003]]]},"properties":{"OBJECTID":659,"administrador":2,"categoria":1,"codigo_tramo":"6509","nombre_ruta":"Troncal Villagarzon - Saravena","nombre_tramo":"Por Defnir","ruta":"65","superficie":3,"territorial":16,"amenaza_cat":"Alta","longitud_km":12.144998501624585,"Shape_Length":0.10509021117479662}},{"type":"Feature","id":660,"geometry":{"type":"MultiLineString","coordinates":[[[-73.764226906999966,4.04939046100003],[-73.727702359999967,4.0526268200000573],[-73.706943806999959,4.0779650020000417],[-73.672938321999936,4.086642070000039]],[[-73.764763429999959,4.0495879190000323],[-73.764226906999966,4.04939046100003]]]},"properties":{"OBJECTID":660,"administrador":2,"categoria":1,"codigo_tramo":"6509","nombre_ruta":"Troncal Villagarzon - Saravena","nombre_tramo":"Por Defnir","ruta":"65","superficie":3,"territorial":16,"amenaza_cat":"Alta","longitud_km":12.144998501624585,"Shape_Length":0.10509021117479662}},{"type":"Feature","id":661,"geometry":{"type":"MultiLineString","coordinates":[[[-73.767229860999976,4.0490680500000735],[-73.764763429999959,4.0495879190000323]],[[-73.767569225999978,3.9303772160000676],[-73.765210467999964,3.9926061150000578],[-73.776338372999987,4.0175290390000669],[-73.767229860999976,4.0490680500000735]]]},"properties":{"OBJECTID":661,"administrador":2,"categoria":1,"codigo_tramo":"6509","nombre_ruta":"Troncal Villagarzon - Saravena","nombre_tramo":"Por Defnir","ruta":"65","superficie":3,"territorial":16,"amenaza_cat":"Alta","longitud_km":14.18813153757908,"Shape_Length":0.12491652529253477}},{"type":"Feature","id":662,"geometry":{"type":"MultiLineString","coordinates":[[[-73.767229860999976,4.0490680500000735],[-73.764763429999959,4.0495879190000323]],[[-73.767569225999978,3.9303772160000676],[-73.765210467999964,3.9926061150000578],[-73.776338372999987,4.0175290390000669],[-73.767229860999976,4.0490680500000735]]]},"properties":{"OBJECTID":662,"administrador":2,"categoria":1,"codigo_tramo":"6509","nombre_ruta":"Troncal Villagarzon - Saravena","nombre_tramo":"Por Defnir","ruta":"65","superficie":3,"territorial":16,"amenaza_cat":"Alta","longitud_km":14.18813153757908,"Shape_Length":0.12491652529253477}},{"type":"Feature","id":663,"geometry":{"type":"LineString","coordinates":[[-73.727148100999955,3.7631435680000322],[-73.749744245999977,3.8113238560000582]]},"properties":{"OBJECTID":663,"administrador":2,"categoria":1,"codigo_tramo":"6509","nombre_ruta":"Troncal Villagarzon - Saravena","nombre_tramo":"Por Defnir","ruta":"65","superficie":3,"territorial":16,"amenaza_cat":"Alta","longitud_km":5.9979791659823745,"Shape_Length":0.053215842759722361}},{"type":"Feature","id":664,"geometry":{"type":"LineString","coordinates":[[-73.727148100999955,3.7631435680000322],[-73.749744245999977,3.8113238560000582]]},"properties":{"OBJECTID":664,"administrador":2,"categoria":1,"codigo_tramo":"6509","nombre_ruta":"Troncal Villagarzon - Saravena","nombre_tramo":"Por Defnir","ruta":"65","superficie":3,"territorial":16,"amenaza_cat":"Alta","longitud_km":5.9979791659823745,"Shape_Length":0.053215842759722361}},{"type":"Feature","id":665,"geometry":{"type":"LineString","coordinates":[[-73.71650238999996,3.572354004000033],[-73.705553782999971,3.6409410030000231]]},"properties":{"OBJECTID":665,"administrador":2,"categoria":1,"codigo_tramo":"6509","nombre_ruta":"Troncal Villagarzon - Saravena","nombre_tramo":"Por Defnir","ruta":"65","superficie":3,"territorial":16,"amenaza_cat":"Alta","longitud_km":7.7653141094436693,"Shape_Length":0.069455370037635314}},{"type":"Feature","id":666,"geometry":{"type":"LineString","coordinates":[[-73.71650238999996,3.572354004000033],[-73.705553782999971,3.6409410030000231]]},"properties":{"OBJECTID":666,"administrador":2,"categoria":1,"codigo_tramo":"6509","nombre_ruta":"Troncal Villagarzon - Saravena","nombre_tramo":"Por Defnir","ruta":"65","superficie":3,"territorial":16,"amenaza_cat":"Alta","longitud_km":7.7653141094436693,"Shape_Length":0.069455370037635314}},{"type":"Feature","id":667,"geometry":{"type":"LineString","coordinates":[[-73.749744245999977,3.8113238560000582],[-73.774796483999978,3.8711589150000236],[-73.767569225999978,3.9303772160000676]]},"properties":{"OBJECTID":667,"administrador":2,"categoria":1,"codigo_tramo":"6509","nombre_ruta":"Troncal Villagarzon - Saravena","nombre_tramo":"Por Defnir","ruta":"65","superficie":3,"territorial":16,"amenaza_cat":"Alta","longitud_km":14.104596356614181,"Shape_Length":0.12452562822455333}},{"type":"Feature","id":668,"geometry":{"type":"LineString","coordinates":[[-73.749744245999977,3.8113238560000582],[-73.774796483999978,3.8711589150000236],[-73.767569225999978,3.9303772160000676]]},"properties":{"OBJECTID":668,"administrador":2,"categoria":1,"codigo_tramo":"6509","nombre_ruta":"Troncal Villagarzon - Saravena","nombre_tramo":"Por Defnir","ruta":"65","superficie":3,"territorial":16,"amenaza_cat":"Alta","longitud_km":14.104596356614181,"Shape_Length":0.12452562822455333}},{"type":"Feature","id":669,"geometry":{"type":"MultiLineString","coordinates":[[[-72.955345358999978,4.8384267550000573],[-72.92742298099995,4.8493137330000309],[-72.901032247999979,4.8857033790000628]],[[-72.956948040999976,4.8356984050000733],[-72.955345358999978,4.8384267550000573]],[[-72.956948040999976,4.8356984050000733],[-72.955345358999978,4.8384267550000573]],[[-72.967066531999933,4.8228987500000358],[-72.956948040999976,4.8356984050000733]]]},"properties":{"OBJECTID":669,"administrador":2,"categoria":1,"codigo_tramo":"6511","nombre_ruta":"Troncal Villagarzon - Saravena","nombre_tramo":"Por Defnir","ruta":"65","superficie":3,"territorial":7,"amenaza_cat":"Alta","longitud_km":11.028493894320116,"Shape_Length":0.097566284052530219}},{"type":"Feature","id":670,"geometry":{"type":"MultiLineString","coordinates":[[[-72.955345358999978,4.8384267550000573],[-72.92742298099995,4.8493137330000309],[-72.901032247999979,4.8857033790000628]],[[-72.956948040999976,4.8356984050000733],[-72.955345358999978,4.8384267550000573]],[[-72.956948040999976,4.8356984050000733],[-72.955345358999978,4.8384267550000573]],[[-72.967066531999933,4.8228987500000358],[-72.956948040999976,4.8356984050000733]]]},"properties":{"OBJECTID":670,"administrador":2,"categoria":1,"codigo_tramo":"6511","nombre_ruta":"Troncal Villagarzon - Saravena","nombre_tramo":"Por Defnir","ruta":"65","superficie":3,"territorial":7,"amenaza_cat":"Alta","longitud_km":11.028493894320116,"Shape_Length":0.097566284052530219}},{"type":"Feature","id":671,"geometry":{"type":"MultiLineString","coordinates":[[[-73.009178253999949,4.7549902610000458],[-72.967066531999933,4.8228987500000358]],[[-73.008653532999972,4.7532457240000667],[-73.009178253999949,4.7549902610000458]],[[-72.938386074999983,4.6918571800000564],[-72.933013870999957,4.7034448590000579],[-72.969097136999949,4.7466422390000389],[-73.008653532999972,4.7532457240000667]]]},"properties":{"OBJECTID":671,"administrador":2,"categoria":1,"codigo_tramo":"6511","nombre_ruta":"Troncal Villagarzon - Saravena","nombre_tramo":"Por Defnir","ruta":"65","superficie":3,"territorial":7,"amenaza_cat":"Alta","longitud_km":22.16550311260605,"Shape_Length":0.19088903777052171}},{"type":"Feature","id":672,"geometry":{"type":"MultiLineString","coordinates":[[[-73.009178253999949,4.7549902610000458],[-72.967066531999933,4.8228987500000358]],[[-73.008653532999972,4.7532457240000667],[-73.009178253999949,4.7549902610000458]],[[-72.938386074999983,4.6918571800000564],[-72.933013870999957,4.7034448590000579],[-72.969097136999949,4.7466422390000389],[-73.008653532999972,4.7532457240000667]]]},"properties":{"OBJECTID":672,"administrador":2,"categoria":1,"codigo_tramo":"6511","nombre_ruta":"Troncal Villagarzon - Saravena","nombre_tramo":"Por Defnir","ruta":"65","superficie":3,"territorial":7,"amenaza_cat":"Alta","longitud_km":22.16550311260605,"Shape_Length":0.19088903777052171}},{"type":"Feature","id":673,"geometry":{"type":"MultiLineString","coordinates":[[[-74.961254856999972,4.0415904150000301],[-74.961191837999934,4.0416871410000681]],[[-74.969802241999957,4.0209021840000219],[-74.961254856999972,4.0415904150000301]],[[-74.976148835999936,4.0107955270000275],[-74.969802241999957,4.0209021840000219]],[[-74.976167717999942,4.0107596080000576],[-74.976148835999936,4.0107955270000275]]]},"properties":{"OBJECTID":673,"administrador":1,"categoria":1,"codigo_tramo":"4507","nombre_ruta":"Troncal del Magdalena","nombre_tramo":"Castilla - Girardot","ruta":"45","superficie":1,"territorial":24,"amenaza_cat":"Alta","longitud_km":3.9042275977208298,"Shape_Length":0.034474551682745491}},{"type":"Feature","id":674,"geometry":{"type":"MultiLineString","coordinates":[[[-74.961254856999972,4.0415904150000301],[-74.961191837999934,4.0416871410000681]],[[-74.969802241999957,4.0209021840000219],[-74.961254856999972,4.0415904150000301]],[[-74.976148835999936,4.0107955270000275],[-74.969802241999957,4.0209021840000219]],[[-74.976167717999942,4.0107596080000576],[-74.976148835999936,4.0107955270000275]]]},"properties":{"OBJECTID":674,"administrador":1,"categoria":1,"codigo_tramo":"4507","nombre_ruta":"Troncal del Magdalena","nombre_tramo":"Castilla - Girardot","ruta":"45","superficie":1,"territorial":24,"amenaza_cat":"Alta","longitud_km":3.9042275977208298,"Shape_Length":0.034474551682745491}},{"type":"Feature","id":675,"geometry":{"type":"MultiLineString","coordinates":[[[-75.09231308699998,3.6375586890000591],[-75.092049829999951,3.6384647530000507]],[[-75.101300546999937,3.6130561510000234],[-75.09231308699998,3.6375586890000591]],[[-75.103191514999935,3.6098660750000704],[-75.101300546999937,3.6130561510000234]]]},"properties":{"OBJECTID":675,"administrador":1,"categoria":1,"codigo_tramo":"4506","nombre_ruta":"Troncal del Magdalena","nombre_tramo":"Neiva - Castilla","ruta":"45","superficie":1,"territorial":14,"amenaza_cat":"Alta","longitud_km":3.4785667726711953,"Shape_Length":0.030750776980060811}},{"type":"Feature","id":676,"geometry":{"type":"MultiLineString","coordinates":[[[-75.09231308699998,3.6375586890000591],[-75.092049829999951,3.6384647530000507]],[[-75.101300546999937,3.6130561510000234],[-75.09231308699998,3.6375586890000591]],[[-75.103191514999935,3.6098660750000704],[-75.101300546999937,3.6130561510000234]]]},"properties":{"OBJECTID":676,"administrador":1,"categoria":1,"codigo_tramo":"4506","nombre_ruta":"Troncal del Magdalena","nombre_tramo":"Neiva - Castilla","ruta":"45","superficie":1,"territorial":14,"amenaza_cat":"Alta","longitud_km":3.4785667726711953,"Shape_Length":0.030750776980060811}},{"type":"Feature","id":677,"geometry":{"type":"LineString","coordinates":[[-75.018662552999956,3.9340062270000544],[-75.018987429999981,3.9350406140000587]]},"properties":{"OBJECTID":677,"administrador":2,"categoria":1,"codigo_tramo":"4507","nombre_ruta":"Troncal del Magdalena","nombre_tramo":"Por Defnir","ruta":"45","superficie":3,"territorial":24,"amenaza_cat":"Alta","longitud_km":0.11999256622914736,"Shape_Length":0.00108420548371761}},{"type":"Feature","id":678,"geometry":{"type":"LineString","coordinates":[[-75.018662552999956,3.9340062270000544],[-75.018987429999981,3.9350406140000587]]},"properties":{"OBJECTID":678,"administrador":2,"categoria":1,"codigo_tramo":"4507","nombre_ruta":"Troncal del Magdalena","nombre_tramo":"Por Defnir","ruta":"45","superficie":3,"territorial":24,"amenaza_cat":"Alta","longitud_km":0.11999256622914736,"Shape_Length":0.00108420548371761}},{"type":"Feature","id":679,"geometry":{"type":"MultiLineString","coordinates":[[[-75.65288846499999,2.6376710800000751],[-75.621058504999951,2.6586811930000636],[-75.614688189999981,2.6930954310000743]],[[-75.614668252999934,2.693091885000058],[-75.614246371999968,2.693016860000057]]]},"properties":{"OBJECTID":679,"administrador":1,"categoria":1,"codigo_tramo":"4301","nombre_ruta":"Alternas a la Troncal del Magdalena","nombre_tramo":"Paicol - Tesalia - Teruel - Palermo","ruta":"43","superficie":3,"territorial":14,"amenaza_cat":"Alta","longitud_km":10.980134619342088,"Shape_Length":0.073566208196820054}},{"type":"Feature","id":680,"geometry":{"type":"MultiLineString","coordinates":[[[-75.65288846499999,2.6376710800000751],[-75.621058504999951,2.6586811930000636],[-75.614688189999981,2.6930954310000743]],[[-75.614668252999934,2.693091885000058],[-75.614246371999968,2.693016860000057]]]},"properties":{"OBJECTID":680,"administrador":1,"categoria":1,"codigo_tramo":"4301","nombre_ruta":"Alternas a la Troncal del Magdalena","nombre_tramo":"Paicol - Tesalia - Teruel - Palermo","ruta":"43","superficie":3,"territorial":14,"amenaza_cat":"Alta","longitud_km":10.980134619342088,"Shape_Length":0.073566208196820054}},{"type":"Feature","id":681,"geometry":{"type":"MultiLineString","coordinates":[[[-75.727973378999934,2.4853073750000476],[-75.718032174999962,2.5854860120000467],[-75.686880543999962,2.6168478920000666],[-75.654723040999954,2.6232171310000467],[-75.65288846499999,2.6376710800000751]],[[-75.730647406999935,2.4869068890000676],[-75.730127511999967,2.4866099400000508]],[[-75.753290213999946,2.4624417100000642],[-75.730647406999935,2.4869068890000676]],[[-75.730127511999967,2.4866099400000508],[-75.730647406999935,2.4869068890000676]],[[-75.730127511999967,2.4866099400000508],[-75.727973378999934,2.4853073750000476]]]},"properties":{"OBJECTID":681,"administrador":1,"categoria":1,"codigo_tramo":"4301","nombre_ruta":"Alternas a la Troncal del Magdalena","nombre_tramo":"Paicol - Tesalia - Teruel - Palermo","ruta":"43","superficie":3,"territorial":14,"amenaza_cat":"Alta","longitud_km":29.297951362815965,"Shape_Length":0.22927683855349593}},{"type":"Feature","id":682,"geometry":{"type":"MultiLineString","coordinates":[[[-75.727973378999934,2.4853073750000476],[-75.718032174999962,2.5854860120000467],[-75.686880543999962,2.6168478920000666],[-75.654723040999954,2.6232171310000467],[-75.65288846499999,2.6376710800000751]],[[-75.730647406999935,2.4869068890000676],[-75.730127511999967,2.4866099400000508]],[[-75.753290213999946,2.4624417100000642],[-75.730647406999935,2.4869068890000676]],[[-75.730127511999967,2.4866099400000508],[-75.730647406999935,2.4869068890000676]],[[-75.730127511999967,2.4866099400000508],[-75.727973378999934,2.4853073750000476]]]},"properties":{"OBJECTID":682,"administrador":1,"categoria":1,"codigo_tramo":"4301","nombre_ruta":"Alternas a la Troncal del Magdalena","nombre_tramo":"Paicol - Tesalia - Teruel - Palermo","ruta":"43","superficie":3,"territorial":14,"amenaza_cat":"Alta","longitud_km":29.297951362815965,"Shape_Length":0.22927683855349593}},{"type":"Feature","id":683,"geometry":{"type":"MultiLineString","coordinates":[[[-75.614246371999968,2.693016860000057],[-75.572469741999953,2.7199967710000692],[-75.565172832999963,2.741443977000074]],[[-75.614688189999981,2.6930954310000743],[-75.614668252999934,2.693091885000058]]]},"properties":{"OBJECTID":683,"administrador":1,"categoria":1,"codigo_tramo":"4301","nombre_ruta":"Alternas a la Troncal del Magdalena","nombre_tramo":"Paicol - Tesalia - Teruel - Palermo","ruta":"43","superficie":3,"territorial":14,"amenaza_cat":"Alta","longitud_km":10.533878786717928,"Shape_Length":0.072406077534572094}},{"type":"Feature","id":684,"geometry":{"type":"MultiLineString","coordinates":[[[-75.614246371999968,2.693016860000057],[-75.572469741999953,2.7199967710000692],[-75.565172832999963,2.741443977000074]],[[-75.614688189999981,2.6930954310000743],[-75.614668252999934,2.693091885000058]]]},"properties":{"OBJECTID":684,"administrador":1,"categoria":1,"codigo_tramo":"4301","nombre_ruta":"Alternas a la Troncal del Magdalena","nombre_tramo":"Paicol - Tesalia - Teruel - Palermo","ruta":"43","superficie":3,"territorial":14,"amenaza_cat":"Alta","longitud_km":10.533878786717928,"Shape_Length":0.072406077534572094}},{"type":"Feature","id":685,"geometry":{"type":"LineString","coordinates":[[-75.419550898999944,2.5956814580000582],[-75.379472741999962,2.6244828040000243],[-75.35064343099998,2.6167362210000533],[-75.310314576999986,2.7474015700000223]]},"properties":{"OBJECTID":685,"administrador":2,"categoria":1,"codigo_tramo":"4505","nombre_ruta":"Troncal del Magdalena","nombre_tramo":"Por Defnir","ruta":"45","superficie":3,"territorial":14,"amenaza_cat":"Alta","longitud_km":25.203622541366258,"Shape_Length":0.21595292461082655}},{"type":"Feature","id":686,"geometry":{"type":"LineString","coordinates":[[-75.419550898999944,2.5956814580000582],[-75.379472741999962,2.6244828040000243],[-75.35064343099998,2.6167362210000533],[-75.310314576999986,2.7474015700000223]]},"properties":{"OBJECTID":686,"administrador":2,"categoria":1,"codigo_tramo":"4505","nombre_ruta":"Troncal del Magdalena","nombre_tramo":"Por Defnir","ruta":"45","superficie":3,"territorial":14,"amenaza_cat":"Alta","longitud_km":25.203622541366258,"Shape_Length":0.21595292461082655}},{"type":"Feature","id":687,"geometry":{"type":"MultiLineString","coordinates":[[[-75.621990917999938,2.2121457840000289],[-75.615626701999986,2.2739245440000673],[-75.628334197999948,2.3003214690000391],[-75.614784835999956,2.3171649310000362]],[[-75.621827879999955,2.2117354830000409],[-75.621990917999938,2.2121457840000289]],[[-75.62175184299997,2.2115652860000523],[-75.621804950999945,2.2116837410000585]]]},"properties":{"OBJECTID":687,"administrador":2,"categoria":1,"codigo_tramo":"4505","nombre_ruta":"Troncal del Magdalena","nombre_tramo":"Por Defnir","ruta":"45","superficie":3,"territorial":14,"amenaza_cat":"Alta","longitud_km":13.51030689676994,"Shape_Length":0.11359024172404619}},{"type":"Feature","id":688,"geometry":{"type":"MultiLineString","coordinates":[[[-75.621990917999938,2.2121457840000289],[-75.615626701999986,2.2739245440000673],[-75.628334197999948,2.3003214690000391],[-75.614784835999956,2.3171649310000362]],[[-75.621827879999955,2.2117354830000409],[-75.621990917999938,2.2121457840000289]],[[-75.62175184299997,2.2115652860000523],[-75.621804950999945,2.2116837410000585]]]},"properties":{"OBJECTID":688,"administrador":2,"categoria":1,"codigo_tramo":"4505","nombre_ruta":"Troncal del Magdalena","nombre_tramo":"Por Defnir","ruta":"45","superficie":3,"territorial":14,"amenaza_cat":"Alta","longitud_km":13.51030689676994,"Shape_Length":0.11359024172404619}},{"type":"Feature","id":689,"geometry":{"type":"MultiLineString","coordinates":[[[-75.549376162999977,2.490316670000027],[-75.527612148999935,2.5171126280000635]],[[-75.549225089999936,2.489418947000047],[-75.549376162999977,2.490316670000027]],[[-75.614784835999956,2.3171649310000362],[-75.552282776999959,2.3618051520000449],[-75.55910395799998,2.3762590460000297],[-75.528991348999966,2.4095358060000649],[-75.524478589999944,2.4345158070000252],[-75.549225089999936,2.489418947000047]]]},"properties":{"OBJECTID":689,"administrador":2,"categoria":1,"codigo_tramo":"4505","nombre_ruta":"Troncal del Magdalena","nombre_tramo":"Por Defnir","ruta":"45","superficie":3,"territorial":14,"amenaza_cat":"Alta","longitud_km":34.065165236264733,"Shape_Length":0.25870617992035422}},{"type":"Feature","id":690,"geometry":{"type":"MultiLineString","coordinates":[[[-75.549376162999977,2.490316670000027],[-75.527612148999935,2.5171126280000635]],[[-75.549225089999936,2.489418947000047],[-75.549376162999977,2.490316670000027]],[[-75.614784835999956,2.3171649310000362],[-75.552282776999959,2.3618051520000449],[-75.55910395799998,2.3762590460000297],[-75.528991348999966,2.4095358060000649],[-75.524478589999944,2.4345158070000252],[-75.549225089999936,2.489418947000047]]]},"properties":{"OBJECTID":690,"administrador":2,"categoria":1,"codigo_tramo":"4505","nombre_ruta":"Troncal del Magdalena","nombre_tramo":"Por Defnir","ruta":"45","superficie":3,"territorial":14,"amenaza_cat":"Alta","longitud_km":34.065165236264733,"Shape_Length":0.25870617992035422}},{"type":"Feature","id":691,"geometry":{"type":"LineString","coordinates":[[-75.527612148999935,2.5171126280000635],[-75.487469282999939,2.5650142140000298],[-75.466828177999957,2.5566315740000505],[-75.457482677999963,2.5809146480000322],[-75.419550898999944,2.5956814580000582]]},"properties":{"OBJECTID":691,"administrador":2,"categoria":1,"codigo_tramo":"4505","nombre_ruta":"Troncal del Magdalena","nombre_tramo":"Por Defnir","ruta":"45","superficie":3,"territorial":14,"amenaza_cat":"Alta","longitud_km":18.068699184095554,"Shape_Length":0.15150053323373178}},{"type":"Feature","id":692,"geometry":{"type":"LineString","coordinates":[[-75.527612148999935,2.5171126280000635],[-75.487469282999939,2.5650142140000298],[-75.466828177999957,2.5566315740000505],[-75.457482677999963,2.5809146480000322],[-75.419550898999944,2.5956814580000582]]},"properties":{"OBJECTID":692,"administrador":2,"categoria":1,"codigo_tramo":"4505","nombre_ruta":"Troncal del Magdalena","nombre_tramo":"Por Defnir","ruta":"45","superficie":3,"territorial":14,"amenaza_cat":"Alta","longitud_km":18.068699184095554,"Shape_Length":0.15150053323373178}},{"type":"Feature","id":693,"geometry":{"type":"MultiLineString","coordinates":[[[-75.300840446999985,2.790519588000052],[-75.28063143299994,2.864111026000046]],[[-75.301192128999958,2.7889590480000379],[-75.300840446999985,2.790519588000052]],[[-75.310314576999986,2.7474015700000223],[-75.301192128999958,2.7889590480000379]]]},"properties":{"OBJECTID":693,"administrador":2,"categoria":1,"codigo_tramo":"4505","nombre_ruta":"Troncal del Magdalena","nombre_tramo":"Por Defnir","ruta":"45","superficie":3,"territorial":14,"amenaza_cat":"Alta","longitud_km":13.394577417585854,"Shape_Length":0.12046244503573414}},{"type":"Feature","id":694,"geometry":{"type":"MultiLineString","coordinates":[[[-75.300840446999985,2.790519588000052],[-75.28063143299994,2.864111026000046]],[[-75.301192128999958,2.7889590480000379],[-75.300840446999985,2.790519588000052]],[[-75.310314576999986,2.7474015700000223],[-75.301192128999958,2.7889590480000379]]]},"properties":{"OBJECTID":694,"administrador":2,"categoria":1,"codigo_tramo":"4505","nombre_ruta":"Troncal del Magdalena","nombre_tramo":"Por Defnir","ruta":"45","superficie":3,"territorial":14,"amenaza_cat":"Alta","longitud_km":13.394577417585854,"Shape_Length":0.12046244503573414}},{"type":"Feature","id":695,"geometry":{"type":"LineString","coordinates":[[-75.28063143299994,2.864111026000046],[-75.275663978999944,2.8874435900000321]]},"properties":{"OBJECTID":695,"administrador":2,"categoria":1,"codigo_tramo":"4505","nombre_ruta":"Troncal del Magdalena","nombre_tramo":"Por Defnir","ruta":"45","superficie":3,"territorial":14,"amenaza_cat":"Alta","longitud_km":2.72012419070971,"Shape_Length":0.023855484527787792}},{"type":"Feature","id":696,"geometry":{"type":"LineString","coordinates":[[-75.28063143299994,2.864111026000046],[-75.275663978999944,2.8874435900000321]]},"properties":{"OBJECTID":696,"administrador":2,"categoria":1,"codigo_tramo":"4505","nombre_ruta":"Troncal del Magdalena","nombre_tramo":"Por Defnir","ruta":"45","superficie":3,"territorial":14,"amenaza_cat":"Alta","longitud_km":2.72012419070971,"Shape_Length":0.023855484527787792}},{"type":"Feature","id":697,"geometry":{"type":"MultiLineString","coordinates":[[[-73.279504504999977,8.1401781060000644],[-73.228219636999938,8.0881669720000673]],[[-73.228219636999938,8.0881669720000673],[-73.225734753999973,8.0858435360000271]],[[-73.228219636999938,8.0881669720000673],[-73.225734753999973,8.0858435360000271]],[[-73.225734753999973,8.0858435360000271],[-73.221058280999955,8.0850843150000742]],[[-73.221058280999955,8.0850843150000742],[-73.221099464999952,8.0752555650000204]],[[-73.221058280999955,8.0850843150000742],[-73.221385009999949,8.0752650760000506]],[[-73.221385009999949,8.0752650760000506],[-73.221099464999952,8.0752555650000204]],[[-73.219568833999972,8.0692579420000357],[-73.221385009999949,8.0752650760000506]],[[-73.221099464999952,8.0752555650000204],[-73.219568833999972,8.0692579420000357]],[[-73.219568833999972,8.0692579420000357],[-73.212075704999961,8.058182539000029],[-73.168587632999959,8.0705524360000709],[-73.138988043999973,8.0560745610000595],[-73.12485258199996,8.062235514000065],[-73.104226468999968,8.0415409490000229],[-73.082123041999978,8.0440057620000402],[-73.061606005999977,8.0658295440000529],[-73.049761481999951,8.0522000450000633],[-73.050213786999961,8.0607944910000242],[-73.016854800999965,8.0559069690000342]],[[-73.016853138999977,8.0559090430000424],[-73.016617513999961,8.0561989040000412]]]},"properties":{"OBJECTID":697,"administrador":1,"categoria":1,"codigo_tramo":"7008","nombre_ruta":"Acceso a Cucuta y Venezuela","nombre_tramo":"Por Defnir","ruta":"70","superficie":3,"territorial":26,"amenaza_cat":"Alta","longitud_km":57.383629417846642,"Shape_Length":0.36610930942208708}},{"type":"Feature","id":698,"geometry":{"type":"MultiLineString","coordinates":[[[-73.279504504999977,8.1401781060000644],[-73.228219636999938,8.0881669720000673]],[[-73.228219636999938,8.0881669720000673],[-73.225734753999973,8.0858435360000271]],[[-73.228219636999938,8.0881669720000673],[-73.225734753999973,8.0858435360000271]],[[-73.225734753999973,8.0858435360000271],[-73.221058280999955,8.0850843150000742]],[[-73.221058280999955,8.0850843150000742],[-73.221099464999952,8.0752555650000204]],[[-73.221058280999955,8.0850843150000742],[-73.221385009999949,8.0752650760000506]],[[-73.221385009999949,8.0752650760000506],[-73.221099464999952,8.0752555650000204]],[[-73.219568833999972,8.0692579420000357],[-73.221385009999949,8.0752650760000506]],[[-73.221099464999952,8.0752555650000204],[-73.219568833999972,8.0692579420000357]],[[-73.219568833999972,8.0692579420000357],[-73.212075704999961,8.058182539000029],[-73.168587632999959,8.0705524360000709],[-73.138988043999973,8.0560745610000595],[-73.12485258199996,8.062235514000065],[-73.104226468999968,8.0415409490000229],[-73.082123041999978,8.0440057620000402],[-73.061606005999977,8.0658295440000529],[-73.049761481999951,8.0522000450000633],[-73.050213786999961,8.0607944910000242],[-73.016854800999965,8.0559069690000342]],[[-73.016853138999977,8.0559090430000424],[-73.016617513999961,8.0561989040000412]]]},"properties":{"OBJECTID":698,"administrador":1,"categoria":1,"codigo_tramo":"7008","nombre_ruta":"Acceso a Cucuta y Venezuela","nombre_tramo":"Por Defnir","ruta":"70","superficie":3,"territorial":26,"amenaza_cat":"Alta","longitud_km":57.383629417846642,"Shape_Length":0.36610930942208708}},{"type":"Feature","id":699,"geometry":{"type":"LineString","coordinates":[[-73.016854800999965,8.0559069690000342],[-73.016853138999977,8.0559090430000424]]},"properties":{"OBJECTID":699,"administrador":1,"categoria":1,"codigo_tramo":"7008","nombre_ruta":"Acceso a Cucuta y Venezuela","nombre_tramo":"Por Defnir","ruta":"70","superficie":3,"territorial":26,"amenaza_cat":"Alta","longitud_km":0.00029359286480163462,"Shape_Length":2.657765978229871e-06}},{"type":"Feature","id":700,"geometry":{"type":"LineString","coordinates":[[-73.016854800999965,8.0559069690000342],[-73.016853138999977,8.0559090430000424]]},"properties":{"OBJECTID":700,"administrador":1,"categoria":1,"codigo_tramo":"7008","nombre_ruta":"Acceso a Cucuta y Venezuela","nombre_tramo":"Por Defnir","ruta":"70","superficie":3,"territorial":26,"amenaza_cat":"Alta","longitud_km":0.00029359286480163462,"Shape_Length":2.657765978229871e-06}},{"type":"Feature","id":701,"geometry":{"type":"LineString","coordinates":[[-74.075637900999936,4.4637393450000218],[-74.077816539999958,4.4538265960000558],[-74.066022734999933,4.4619318700000576],[-74.04980601699998,4.4541228170000409]]},"properties":{"OBJECTID":701,"administrador":1,"categoria":1,"codigo_tramo":"40CN01","nombre_ruta":"Transversal Buenaventura - Villavicencio - Puerto Carreño","nombre_tramo":"Por Defnir","ruta":"40","superficie":3,"territorial":12,"amenaza_cat":"Alta","longitud_km":7.2344270376547213,"Shape_Length":0.042458778431430463}},{"type":"Feature","id":702,"geometry":{"type":"LineString","coordinates":[[-74.075637900999936,4.4637393450000218],[-74.077816539999958,4.4538265960000558],[-74.066022734999933,4.4619318700000576],[-74.04980601699998,4.4541228170000409]]},"properties":{"OBJECTID":702,"administrador":1,"categoria":1,"codigo_tramo":"40CN01","nombre_ruta":"Transversal Buenaventura - Villavicencio - Puerto Carreño","nombre_tramo":"Por Defnir","ruta":"40","superficie":3,"territorial":12,"amenaza_cat":"Alta","longitud_km":7.2344270376547213,"Shape_Length":0.042458778431430463}},{"type":"Feature","id":703,"geometry":{"type":"MultiLineString","coordinates":[[[-74.040863572999967,4.4449403460000667],[-74.042295481999986,4.4427617290000398]],[[-74.041843011999958,4.4428827220000358],[-74.041507927999987,4.4429723040000226]],[[-74.042295481999986,4.4427617290000398],[-74.041843011999958,4.4428827220000358]]]},"properties":{"OBJECTID":703,"administrador":1,"categoria":1,"codigo_tramo":"40CNA","nombre_ruta":"Transversal Buenaventura - Villavicencio - Puerto Carreño","nombre_tramo":"Por Defnir","ruta":"40","superficie":3,"territorial":12,"amenaza_cat":"Alta","longitud_km":0.7804840982440111,"Shape_Length":0.0034222746163124493}},{"type":"Feature","id":704,"geometry":{"type":"MultiLineString","coordinates":[[[-74.040863572999967,4.4449403460000667],[-74.042295481999986,4.4427617290000398]],[[-74.041843011999958,4.4428827220000358],[-74.041507927999987,4.4429723040000226]],[[-74.042295481999986,4.4427617290000398],[-74.041843011999958,4.4428827220000358]]]},"properties":{"OBJECTID":704,"administrador":1,"categoria":1,"codigo_tramo":"40CNA","nombre_ruta":"Transversal Buenaventura - Villavicencio - Puerto Carreño","nombre_tramo":"Por Defnir","ruta":"40","superficie":3,"territorial":12,"amenaza_cat":"Alta","longitud_km":0.7804840982440111,"Shape_Length":0.0034222746163124493}},{"type":"Feature","id":705,"geometry":{"type":"LineString","coordinates":[[-73.518443557999944,5.0325309310000534],[-73.505937297999935,5.0018703010000536],[-73.475889782999957,5.0096755180000514]]},"properties":{"OBJECTID":705,"administrador":2,"categoria":1,"codigo_tramo":"5607","nombre_ruta":"Conexión Troncal Central del Norte - Troncal Villagarzon - Saravena","nombre_tramo":"Por Defnir","ruta":"56","superficie":3,"territorial":12,"amenaza_cat":"Alta","longitud_km":9.6544350296118218,"Shape_Length":0.064157869906759743}},{"type":"Feature","id":706,"geometry":{"type":"LineString","coordinates":[[-73.518443557999944,5.0325309310000534],[-73.505937297999935,5.0018703010000536],[-73.475889782999957,5.0096755180000514]]},"properties":{"OBJECTID":706,"administrador":2,"categoria":1,"codigo_tramo":"5607","nombre_ruta":"Conexión Troncal Central del Norte - Troncal Villagarzon - Saravena","nombre_tramo":"Por Defnir","ruta":"56","superficie":3,"territorial":12,"amenaza_cat":"Alta","longitud_km":9.6544350296118218,"Shape_Length":0.064157869906759743}},{"type":"Feature","id":707,"geometry":{"type":"LineString","coordinates":[[-73.550832677999949,5.077172995000069],[-73.526806549999947,5.0615613840000719],[-73.518443557999944,5.0325309310000534]]},"properties":{"OBJECTID":707,"administrador":2,"categoria":1,"codigo_tramo":"5607","nombre_ruta":"Conexión Troncal Central del Norte - Troncal Villagarzon - Saravena","nombre_tramo":"Por Defnir","ruta":"56","superficie":3,"territorial":12,"amenaza_cat":"Alta","longitud_km":8.3476321302427827,"Shape_Length":0.058863738452500577}},{"type":"Feature","id":708,"geometry":{"type":"LineString","coordinates":[[-73.550832677999949,5.077172995000069],[-73.526806549999947,5.0615613840000719],[-73.518443557999944,5.0325309310000534]]},"properties":{"OBJECTID":708,"administrador":2,"categoria":1,"codigo_tramo":"5607","nombre_ruta":"Conexión Troncal Central del Norte - Troncal Villagarzon - Saravena","nombre_tramo":"Por Defnir","ruta":"56","superficie":3,"territorial":12,"amenaza_cat":"Alta","longitud_km":8.3476321302427827,"Shape_Length":0.058863738452500577}},{"type":"Feature","id":709,"geometry":{"type":"LineString","coordinates":[[-73.637548118999973,5.0921204700000544],[-73.59752470899997,5.0726005470000359],[-73.550832677999949,5.077172995000069]]},"properties":{"OBJECTID":709,"administrador":2,"categoria":1,"codigo_tramo":"5607","nombre_ruta":"Conexión Troncal Central del Norte - Troncal Villagarzon - Saravena","nombre_tramo":"Por Defnir","ruta":"56","superficie":3,"territorial":12,"amenaza_cat":"Alta","longitud_km":13.592509065827205,"Shape_Length":0.091445155352472385}},{"type":"Feature","id":710,"geometry":{"type":"LineString","coordinates":[[-73.637548118999973,5.0921204700000544],[-73.59752470899997,5.0726005470000359],[-73.550832677999949,5.077172995000069]]},"properties":{"OBJECTID":710,"administrador":2,"categoria":1,"codigo_tramo":"5607","nombre_ruta":"Conexión Troncal Central del Norte - Troncal Villagarzon - Saravena","nombre_tramo":"Por Defnir","ruta":"56","superficie":3,"territorial":12,"amenaza_cat":"Alta","longitud_km":13.592509065827205,"Shape_Length":0.091445155352472385}},{"type":"Feature","id":711,"geometry":{"type":"MultiLineString","coordinates":[[[-73.934920278999982,4.8237762630000702],[-73.894484857999942,4.8748156030000587],[-73.880202632999953,4.8666741610000486]],[[-73.950352187999954,4.7921474150000449],[-73.934920278999982,4.8237762630000702]]]},"properties":{"OBJECTID":711,"administrador":1,"categoria":1,"codigo_tramo":"5009","nombre_ruta":"Conexión Transversal Buenaventura - Puerto Carreño y Troncal Central del Norte","nombre_tramo":"Por Defnir","ruta":"50","superficie":1,"territorial":12,"amenaza_cat":"Alta","longitud_km":15.363664367806601,"Shape_Length":0.11674803390892702}},{"type":"Feature","id":712,"geometry":{"type":"MultiLineString","coordinates":[[[-73.934920278999982,4.8237762630000702],[-73.894484857999942,4.8748156030000587],[-73.880202632999953,4.8666741610000486]],[[-73.950352187999954,4.7921474150000449],[-73.934920278999982,4.8237762630000702]]]},"properties":{"OBJECTID":712,"administrador":1,"categoria":1,"codigo_tramo":"5009","nombre_ruta":"Conexión Transversal Buenaventura - Puerto Carreño y Troncal Central del Norte","nombre_tramo":"Por Defnir","ruta":"50","superficie":1,"territorial":12,"amenaza_cat":"Alta","longitud_km":15.363664367806601,"Shape_Length":0.11674803390892702}},{"type":"Feature","id":713,"geometry":{"type":"MultiLineString","coordinates":[[[-76.647189123999965,7.831605277000051],[-76.648047022999947,7.8312781500000597]],[[-76.648047022999947,7.8312781500000597],[-76.663270748999935,7.7921223860000737]],[[-76.648047022999947,7.8312781500000597],[-76.647526505999963,7.8306872480000607]]]},"properties":{"OBJECTID":713,"administrador":2,"categoria":4,"codigo_tramo":"62ANG","nombre_ruta":"Troncal de Uraba","nombre_tramo":"Por Defnir","ruta":"62","superficie":1,"territorial":1,"amenaza_cat":"Alta","longitud_km":5.2854756281809872,"Shape_Length":0.043716755751596476}},{"type":"Feature","id":714,"geometry":{"type":"MultiLineString","coordinates":[[[-76.647189123999965,7.831605277000051],[-76.648047022999947,7.8312781500000597]],[[-76.648047022999947,7.8312781500000597],[-76.663270748999935,7.7921223860000737]],[[-76.648047022999947,7.8312781500000597],[-76.647526505999963,7.8306872480000607]]]},"properties":{"OBJECTID":714,"administrador":2,"categoria":4,"codigo_tramo":"62ANG","nombre_ruta":"Troncal de Uraba","nombre_tramo":"Por Defnir","ruta":"62","superficie":1,"territorial":1,"amenaza_cat":"Alta","longitud_km":5.2854756281809872,"Shape_Length":0.043716755751596476}},{"type":"Feature","id":715,"geometry":{"type":"MultiLineString","coordinates":[[[-76.663270748999935,7.7921223860000737],[-76.655159220999963,7.7865711720000377]],[[-76.65466519499995,7.7866642710000633],[-76.655159220999963,7.7865711720000377]],[[-76.655159220999963,7.7865711720000377],[-76.654808882999987,7.7862547170000767]]]},"properties":{"OBJECTID":715,"administrador":2,"categoria":4,"codigo_tramo":"62ANG","nombre_ruta":"Troncal de Uraba","nombre_tramo":"Por Defnir","ruta":"62","superficie":1,"territorial":1,"amenaza_cat":"Alta","longitud_km":1.3299602344907666,"Shape_Length":0.010804008166150375}},{"type":"Feature","id":716,"geometry":{"type":"MultiLineString","coordinates":[[[-76.663270748999935,7.7921223860000737],[-76.655159220999963,7.7865711720000377]],[[-76.65466519499995,7.7866642710000633],[-76.655159220999963,7.7865711720000377]],[[-76.655159220999963,7.7865711720000377],[-76.654808882999987,7.7862547170000767]]]},"properties":{"OBJECTID":716,"administrador":2,"categoria":4,"codigo_tramo":"62ANG","nombre_ruta":"Troncal de Uraba","nombre_tramo":"Por Defnir","ruta":"62","superficie":1,"territorial":1,"amenaza_cat":"Alta","longitud_km":1.3299602344907666,"Shape_Length":0.010804008166150375}},{"type":"Feature","id":717,"geometry":{"type":"LineString","coordinates":[[-72.682811108999942,7.0080604260000428],[-72.681856129999971,7.0191077620000328]]},"properties":{"OBJECTID":717,"administrador":1,"categoria":1,"codigo_tramo":"5504","nombre_ruta":"Troncal Central del Norte","nombre_tramo":"La Palmera - Presidente","ruta":"55","superficie":3,"territorial":22,"amenaza_cat":"Alta","longitud_km":1.6772250049661224,"Shape_Length":0.011088535412175157}},{"type":"Feature","id":718,"geometry":{"type":"LineString","coordinates":[[-72.682811108999942,7.0080604260000428],[-72.681856129999971,7.0191077620000328]]},"properties":{"OBJECTID":718,"administrador":1,"categoria":1,"codigo_tramo":"5504","nombre_ruta":"Troncal Central del Norte","nombre_tramo":"La Palmera - Presidente","ruta":"55","superficie":3,"territorial":22,"amenaza_cat":"Alta","longitud_km":1.6772250049661224,"Shape_Length":0.011088535412175157}},{"type":"Feature","id":719,"geometry":{"type":"MultiLineString","coordinates":[[[-72.694193676999987,6.5253068250000297],[-72.713786312999957,6.5528420860000551],[-72.735515711999938,6.5591809710000462],[-72.720160953999937,6.5814562090000663]],[[-72.694193676999987,6.5253068250000297],[-72.692669176999971,6.5162522080000258]],[[-72.692669176999971,6.5162522080000258],[-72.694193676999987,6.5253068250000297]],[[-72.692593114999966,6.5133824000000686],[-72.692669176999971,6.5162522080000258]]]},"properties":{"OBJECTID":719,"administrador":1,"categoria":1,"codigo_tramo":"5504","nombre_ruta":"Troncal Central del Norte","nombre_tramo":"La Palmera - Presidente","ruta":"55","superficie":3,"territorial":22,"amenaza_cat":"Alta","longitud_km":12.53995296870526,"Shape_Length":0.10471911384476047}},{"type":"Feature","id":720,"geometry":{"type":"MultiLineString","coordinates":[[[-72.694193676999987,6.5253068250000297],[-72.713786312999957,6.5528420860000551],[-72.735515711999938,6.5591809710000462],[-72.720160953999937,6.5814562090000663]],[[-72.694193676999987,6.5253068250000297],[-72.692669176999971,6.5162522080000258]],[[-72.692669176999971,6.5162522080000258],[-72.694193676999987,6.5253068250000297]],[[-72.692593114999966,6.5133824000000686],[-72.692669176999971,6.5162522080000258]]]},"properties":{"OBJECTID":720,"administrador":1,"categoria":1,"codigo_tramo":"5504","nombre_ruta":"Troncal Central del Norte","nombre_tramo":"La Palmera - Presidente","ruta":"55","superficie":3,"territorial":22,"amenaza_cat":"Alta","longitud_km":12.53995296870526,"Shape_Length":0.10471911384476047}},{"type":"Feature","id":721,"geometry":{"type":"LineString","coordinates":[[-72.694224528999939,6.8013916100000529],[-72.694036346999951,6.8437863020000691],[-72.687392677999981,6.833146604000035],[-72.685675384999968,6.8474452910000423],[-72.672883773999956,6.8484378460000244],[-72.67821132499995,6.8376006150000421],[-72.670386006999934,6.8461829910000347],[-72.654128898999943,6.8420549740000638],[-72.648085390999938,6.853159392000066],[-72.675412607999988,6.9120260290000601],[-72.682811108999942,7.0080604260000428]]},"properties":{"OBJECTID":721,"administrador":1,"categoria":1,"codigo_tramo":"5504","nombre_ruta":"Troncal Central del Norte","nombre_tramo":"La Palmera - Presidente","ruta":"55","superficie":3,"territorial":22,"amenaza_cat":"Alta","longitud_km":45.806769765931627,"Shape_Length":0.29649529719435425}},{"type":"Feature","id":722,"geometry":{"type":"LineString","coordinates":[[-72.694224528999939,6.8013916100000529],[-72.694036346999951,6.8437863020000691],[-72.687392677999981,6.833146604000035],[-72.685675384999968,6.8474452910000423],[-72.672883773999956,6.8484378460000244],[-72.67821132499995,6.8376006150000421],[-72.670386006999934,6.8461829910000347],[-72.654128898999943,6.8420549740000638],[-72.648085390999938,6.853159392000066],[-72.675412607999988,6.9120260290000601],[-72.682811108999942,7.0080604260000428]]},"properties":{"OBJECTID":722,"administrador":1,"categoria":1,"codigo_tramo":"5504","nombre_ruta":"Troncal Central del Norte","nombre_tramo":"La Palmera - Presidente","ruta":"55","superficie":3,"territorial":22,"amenaza_cat":"Alta","longitud_km":45.806769765931627,"Shape_Length":0.29649529719435425}},{"type":"Feature","id":723,"geometry":{"type":"MultiLineString","coordinates":[[[-72.697879776999969,6.7793408300000237],[-72.694224528999939,6.8013916100000529]],[[-72.696886425999935,6.7619299680000609],[-72.697879776999969,6.7793408300000237]],[[-72.711360494999951,6.7435954780000316],[-72.696886425999935,6.7619299680000609]]]},"properties":{"OBJECTID":723,"administrador":1,"categoria":1,"codigo_tramo":"5504","nombre_ruta":"Troncal Central del Norte","nombre_tramo":"La Palmera - Presidente","ruta":"55","superficie":3,"territorial":22,"amenaza_cat":"Alta","longitud_km":9.0125812963154619,"Shape_Length":0.063150058552857019}},{"type":"Feature","id":724,"geometry":{"type":"MultiLineString","coordinates":[[[-72.697879776999969,6.7793408300000237],[-72.694224528999939,6.8013916100000529]],[[-72.696886425999935,6.7619299680000609],[-72.697879776999969,6.7793408300000237]],[[-72.711360494999951,6.7435954780000316],[-72.696886425999935,6.7619299680000609]]]},"properties":{"OBJECTID":724,"administrador":1,"categoria":1,"codigo_tramo":"5504","nombre_ruta":"Troncal Central del Norte","nombre_tramo":"La Palmera - Presidente","ruta":"55","superficie":3,"territorial":22,"amenaza_cat":"Alta","longitud_km":9.0125812963154619,"Shape_Length":0.063150058552857019}},{"type":"Feature","id":725,"geometry":{"type":"LineString","coordinates":[[-72.720160953999937,6.5814562090000663],[-72.705317482999988,6.6164442470000608],[-72.708656046999977,6.6491255960000331]]},"properties":{"OBJECTID":725,"administrador":1,"categoria":1,"codigo_tramo":"5504","nombre_ruta":"Troncal Central del Norte","nombre_tramo":"La Palmera - Presidente","ruta":"55","superficie":3,"territorial":22,"amenaza_cat":"Alta","longitud_km":8.6726542673458678,"Shape_Length":0.070857897655550034}},{"type":"Feature","id":726,"geometry":{"type":"LineString","coordinates":[[-72.720160953999937,6.5814562090000663],[-72.705317482999988,6.6164442470000608],[-72.708656046999977,6.6491255960000331]]},"properties":{"OBJECTID":726,"administrador":1,"categoria":1,"codigo_tramo":"5504","nombre_ruta":"Troncal Central del Norte","nombre_tramo":"La Palmera - Presidente","ruta":"55","superficie":3,"territorial":22,"amenaza_cat":"Alta","longitud_km":8.6726542673458678,"Shape_Length":0.070857897655550034}},{"type":"Feature","id":727,"geometry":{"type":"MultiLineString","coordinates":[[[-72.731160171999989,6.6902166760000341],[-72.733078665999983,6.7102981030000706],[-72.710696007999957,6.730506513000023],[-72.711360494999951,6.7435954780000316]],[[-72.731167062999987,6.6859497690000467],[-72.731101119999948,6.6860910250000529]],[[-72.732395731999986,6.6826434020000534],[-72.731224409999982,6.6853590000000622]]]},"properties":{"OBJECTID":727,"administrador":1,"categoria":1,"codigo_tramo":"5504","nombre_ruta":"Troncal Central del Norte","nombre_tramo":"La Palmera - Presidente","ruta":"55","superficie":3,"territorial":22,"amenaza_cat":"Alta","longitud_km":9.6842581710325426,"Shape_Length":0.066547665049165303}},{"type":"Feature","id":728,"geometry":{"type":"MultiLineString","coordinates":[[[-72.731160171999989,6.6902166760000341],[-72.733078665999983,6.7102981030000706],[-72.710696007999957,6.730506513000023],[-72.711360494999951,6.7435954780000316]],[[-72.731167062999987,6.6859497690000467],[-72.731101119999948,6.6860910250000529]],[[-72.732395731999986,6.6826434020000534],[-72.731224409999982,6.6853590000000622]]]},"properties":{"OBJECTID":728,"administrador":1,"categoria":1,"codigo_tramo":"5504","nombre_ruta":"Troncal Central del Norte","nombre_tramo":"La Palmera - Presidente","ruta":"55","superficie":3,"territorial":22,"amenaza_cat":"Alta","longitud_km":9.6842581710325426,"Shape_Length":0.066547665049165303}},{"type":"Feature","id":729,"geometry":{"type":"MultiLineString","coordinates":[[[-72.731101119999948,6.6860910250000529],[-72.731160171999989,6.6902166760000341]],[[-72.731224409999982,6.6853590000000622],[-72.731167062999987,6.6859497690000467]],[[-72.733841143999939,6.6586448560000235],[-72.732395731999986,6.6826434020000534]],[[-72.708656046999977,6.6491255960000331],[-72.714923384999963,6.6606623600000603],[-72.727339610999934,6.6423547860000554],[-72.733725014999948,6.6580784170000697]],[[-72.733725014999948,6.6580784170000697],[-72.733841143999939,6.6586448560000235]],[[-72.733725014999948,6.6580784170000697],[-72.733841143999939,6.6586448560000235]]]},"properties":{"OBJECTID":729,"administrador":1,"categoria":1,"codigo_tramo":"5504","nombre_ruta":"Troncal Central del Norte","nombre_tramo":"La Palmera - Presidente","ruta":"55","superficie":3,"territorial":22,"amenaza_cat":"Alta","longitud_km":13.612948577886602,"Shape_Length":0.082138857877353894}},{"type":"Feature","id":730,"geometry":{"type":"MultiLineString","coordinates":[[[-72.731101119999948,6.6860910250000529],[-72.731160171999989,6.6902166760000341]],[[-72.731224409999982,6.6853590000000622],[-72.731167062999987,6.6859497690000467]],[[-72.733841143999939,6.6586448560000235],[-72.732395731999986,6.6826434020000534]],[[-72.708656046999977,6.6491255960000331],[-72.714923384999963,6.6606623600000603],[-72.727339610999934,6.6423547860000554],[-72.733725014999948,6.6580784170000697]],[[-72.733725014999948,6.6580784170000697],[-72.733841143999939,6.6586448560000235]],[[-72.733725014999948,6.6580784170000697],[-72.733841143999939,6.6586448560000235]]]},"properties":{"OBJECTID":730,"administrador":1,"categoria":1,"codigo_tramo":"5504","nombre_ruta":"Troncal Central del Norte","nombre_tramo":"La Palmera - Presidente","ruta":"55","superficie":3,"territorial":22,"amenaza_cat":"Alta","longitud_km":13.612948577886602,"Shape_Length":0.082138857877353894}},{"type":"Feature","id":731,"geometry":{"type":"LineString","coordinates":[[-75.304323054999941,3.0604209170000445],[-75.274591192999935,3.1781480860000215],[-75.244985006999968,3.2223323690000711],[-75.251528542999949,3.2761572830000318],[-75.243878583999958,3.3034680910000702],[-75.207635596999978,3.364005382000073],[-75.199970276999977,3.4083369380000477]]},"properties":{"OBJECTID":731,"administrador":2,"categoria":1,"codigo_tramo":"4506","nombre_ruta":"Troncal del Magdalena","nombre_tramo":"Por Defnir","ruta":"45","superficie":3,"territorial":14,"amenaza_cat":"Alta","longitud_km":43.079309774783972,"Shape_Length":0.3727395249745577}},{"type":"Feature","id":732,"geometry":{"type":"LineString","coordinates":[[-75.304323054999941,3.0604209170000445],[-75.274591192999935,3.1781480860000215],[-75.244985006999968,3.2223323690000711],[-75.251528542999949,3.2761572830000318],[-75.243878583999958,3.3034680910000702],[-75.207635596999978,3.364005382000073],[-75.199970276999977,3.4083369380000477]]},"properties":{"OBJECTID":732,"administrador":2,"categoria":1,"codigo_tramo":"4506","nombre_ruta":"Troncal del Magdalena","nombre_tramo":"Por Defnir","ruta":"45","superficie":3,"territorial":14,"amenaza_cat":"Alta","longitud_km":43.079309774783972,"Shape_Length":0.3727395249745577}},{"type":"Feature","id":733,"geometry":{"type":"MultiLineString","coordinates":[[[-75.311999637999975,2.9498984220000466],[-75.309898586999964,2.9680190510000557]],[[-75.311251055999946,2.9488009200000533],[-75.311999637999975,2.9498984220000466]],[[-75.308402809999961,2.9478597420000483],[-75.311251055999946,2.9488009200000533]]]},"properties":{"OBJECTID":733,"administrador":2,"categoria":1,"codigo_tramo":"4506","nombre_ruta":"Troncal del Magdalena","nombre_tramo":"Por Defnir","ruta":"45","superficie":3,"territorial":14,"amenaza_cat":"Alta","longitud_km":2.5172395141841499,"Shape_Length":0.022570238881448636}},{"type":"Feature","id":734,"geometry":{"type":"MultiLineString","coordinates":[[[-75.311999637999975,2.9498984220000466],[-75.309898586999964,2.9680190510000557]],[[-75.311251055999946,2.9488009200000533],[-75.311999637999975,2.9498984220000466]],[[-75.308402809999961,2.9478597420000483],[-75.311251055999946,2.9488009200000533]]]},"properties":{"OBJECTID":734,"administrador":2,"categoria":1,"codigo_tramo":"4506","nombre_ruta":"Troncal del Magdalena","nombre_tramo":"Por Defnir","ruta":"45","superficie":3,"territorial":14,"amenaza_cat":"Alta","longitud_km":2.5172395141841499,"Shape_Length":0.022570238881448636}},{"type":"Feature","id":735,"geometry":{"type":"MultiLineString","coordinates":[[[-75.309898586999964,2.9680190510000557],[-75.304323054999941,3.0604209170000445]],[[-75.307613113999935,2.9476851570000235],[-75.308402809999961,2.9478597420000483]]]},"properties":{"OBJECTID":735,"administrador":2,"categoria":1,"codigo_tramo":"4506","nombre_ruta":"Troncal del Magdalena","nombre_tramo":"Por Defnir","ruta":"45","superficie":3,"territorial":14,"amenaza_cat":"Alta","longitud_km":10.578497333020367,"Shape_Length":0.093378691369010947}},{"type":"Feature","id":736,"geometry":{"type":"MultiLineString","coordinates":[[[-75.309898586999964,2.9680190510000557],[-75.304323054999941,3.0604209170000445]],[[-75.307613113999935,2.9476851570000235],[-75.308402809999961,2.9478597420000483]]]},"properties":{"OBJECTID":736,"administrador":2,"categoria":1,"codigo_tramo":"4506","nombre_ruta":"Troncal del Magdalena","nombre_tramo":"Por Defnir","ruta":"45","superficie":3,"territorial":14,"amenaza_cat":"Alta","longitud_km":10.578497333020367,"Shape_Length":0.093378691369010947}},{"type":"Feature","id":737,"geometry":{"type":"LineString","coordinates":[[-75.199970276999977,3.4083369380000477],[-75.150546683999949,3.4685100580000494],[-75.15201491299996,3.4863625610000213],[-75.125543762999939,3.5306013280000457],[-75.126189705999934,3.5838483360000737],[-75.103191514999935,3.6098660750000704]]},"properties":{"OBJECTID":737,"administrador":2,"categoria":1,"codigo_tramo":"4506","nombre_ruta":"Troncal del Magdalena","nombre_tramo":"Por Defnir","ruta":"45","superficie":3,"territorial":14,"amenaza_cat":"Alta","longitud_km":26.530358589304683,"Shape_Length":0.23531111630412446}},{"type":"Feature","id":738,"geometry":{"type":"LineString","coordinates":[[-75.199970276999977,3.4083369380000477],[-75.150546683999949,3.4685100580000494],[-75.15201491299996,3.4863625610000213],[-75.125543762999939,3.5306013280000457],[-75.126189705999934,3.5838483360000737],[-75.103191514999935,3.6098660750000704]]},"properties":{"OBJECTID":738,"administrador":2,"categoria":1,"codigo_tramo":"4506","nombre_ruta":"Troncal del Magdalena","nombre_tramo":"Por Defnir","ruta":"45","superficie":3,"territorial":14,"amenaza_cat":"Alta","longitud_km":26.530358589304683,"Shape_Length":0.23531111630412446}},{"type":"Feature","id":739,"geometry":{"type":"LineString","coordinates":[[-75.087624331999962,3.6641842140000449],[-75.063245540999958,3.8188303130000349]]},"properties":{"OBJECTID":739,"administrador":2,"categoria":1,"codigo_tramo":"4506","nombre_ruta":"Troncal del Magdalena","nombre_tramo":"Por Defnir","ruta":"45","superficie":3,"territorial":14,"amenaza_cat":"Alta","longitud_km":17.40901137729287,"Shape_Length":0.15655587305028382}},{"type":"Feature","id":740,"geometry":{"type":"LineString","coordinates":[[-75.087624331999962,3.6641842140000449],[-75.063245540999958,3.8188303130000349]]},"properties":{"OBJECTID":740,"administrador":2,"categoria":1,"codigo_tramo":"4506","nombre_ruta":"Troncal del Magdalena","nombre_tramo":"Por Defnir","ruta":"45","superficie":3,"territorial":14,"amenaza_cat":"Alta","longitud_km":17.40901137729287,"Shape_Length":0.15655587305028382}},{"type":"Feature","id":741,"geometry":{"type":"LineString","coordinates":[[-75.092049829999951,3.6384647530000507],[-75.087624331999962,3.6641842140000449]]},"properties":{"OBJECTID":741,"administrador":2,"categoria":1,"codigo_tramo":"4506","nombre_ruta":"Troncal del Magdalena","nombre_tramo":"Por Defnir","ruta":"45","superficie":3,"territorial":14,"amenaza_cat":"Alta","longitud_km":2.8916542137472998,"Shape_Length":0.0260974272041926}},{"type":"Feature","id":742,"geometry":{"type":"LineString","coordinates":[[-75.092049829999951,3.6384647530000507],[-75.087624331999962,3.6641842140000449]]},"properties":{"OBJECTID":742,"administrador":2,"categoria":1,"codigo_tramo":"4506","nombre_ruta":"Troncal del Magdalena","nombre_tramo":"Por Defnir","ruta":"45","superficie":3,"territorial":14,"amenaza_cat":"Alta","longitud_km":2.8916542137472998,"Shape_Length":0.0260974272041926}},{"type":"Feature","id":743,"geometry":{"type":"MultiLineString","coordinates":[[[-72.65306572999998,6.0160532010000338],[-72.652893544999984,6.0159353170000713]],[[-72.652652103999969,6.0157607660000281],[-72.647827278999955,5.9945686000000364]],[[-72.633793151999953,5.9786840650000386],[-72.591147877999958,5.9995683170000689],[-72.562976712999955,5.9991839840000694],[-72.55247456099994,5.9885955040000454],[-72.543665474999955,6.0087204610000526],[-72.528552069999989,6.0115188450000687]],[[-72.647945473999982,5.9940954000000488],[-72.647830887999987,5.9937319680000201]],[[-72.642717772999958,5.9895327560000737],[-72.642226480999966,5.9892754700000523]]]},"properties":{"OBJECTID":743,"administrador":1,"categoria":1,"codigo_tramo":"6404","nombre_ruta":"Ruta de Los Libertadores","nombre_tramo":"Por Defnir","ruta":"64","superficie":3,"territorial":4,"amenaza_cat":"Alta","longitud_km":21.977613509194384,"Shape_Length":0.15078923022708315}},{"type":"Feature","id":744,"geometry":{"type":"MultiLineString","coordinates":[[[-72.65306572999998,6.0160532010000338],[-72.652893544999984,6.0159353170000713]],[[-72.652652103999969,6.0157607660000281],[-72.647827278999955,5.9945686000000364]],[[-72.633793151999953,5.9786840650000386],[-72.591147877999958,5.9995683170000689],[-72.562976712999955,5.9991839840000694],[-72.55247456099994,5.9885955040000454],[-72.543665474999955,6.0087204610000526],[-72.528552069999989,6.0115188450000687]],[[-72.647945473999982,5.9940954000000488],[-72.647830887999987,5.9937319680000201]],[[-72.642717772999958,5.9895327560000737],[-72.642226480999966,5.9892754700000523]]]},"properties":{"OBJECTID":744,"administrador":1,"categoria":1,"codigo_tramo":"6404","nombre_ruta":"Ruta de Los Libertadores","nombre_tramo":"Por Defnir","ruta":"64","superficie":3,"territorial":4,"amenaza_cat":"Alta","longitud_km":21.977613509194384,"Shape_Length":0.15078923022708315}},{"type":"Feature","id":745,"geometry":{"type":"MultiLineString","coordinates":[[[-72.742767963999938,5.9879163700000504],[-72.701223621999986,5.9785973360000639],[-72.700065904999974,5.9988431770000261],[-72.65306572999998,6.0160532010000338]],[[-72.652893544999984,6.0159353170000713],[-72.652652103999969,6.0157607660000281]],[[-72.647827278999955,5.9945686000000364],[-72.647945473999982,5.9940954000000488]],[[-72.647830887999987,5.9937319680000201],[-72.642717772999958,5.9895327560000737]],[[-72.642226480999966,5.9892754700000523],[-72.633793151999953,5.9786840650000386]]]},"properties":{"OBJECTID":745,"administrador":1,"categoria":1,"codigo_tramo":"6404","nombre_ruta":"Ruta de Los Libertadores","nombre_tramo":"Por Defnir","ruta":"64","superficie":3,"territorial":4,"amenaza_cat":"Alta","longitud_km":18.988118134459292,"Shape_Length":0.13384852069106173}},{"type":"Feature","id":746,"geometry":{"type":"MultiLineString","coordinates":[[[-72.742767963999938,5.9879163700000504],[-72.701223621999986,5.9785973360000639],[-72.700065904999974,5.9988431770000261],[-72.65306572999998,6.0160532010000338]],[[-72.652893544999984,6.0159353170000713],[-72.652652103999969,6.0157607660000281]],[[-72.647827278999955,5.9945686000000364],[-72.647945473999982,5.9940954000000488]],[[-72.647830887999987,5.9937319680000201],[-72.642717772999958,5.9895327560000737]],[[-72.642226480999966,5.9892754700000523],[-72.633793151999953,5.9786840650000386]]]},"properties":{"OBJECTID":746,"administrador":1,"categoria":1,"codigo_tramo":"6404","nombre_ruta":"Ruta de Los Libertadores","nombre_tramo":"Por Defnir","ruta":"64","superficie":3,"territorial":4,"amenaza_cat":"Alta","longitud_km":18.988118134459292,"Shape_Length":0.13384852069106173}},{"type":"Feature","id":747,"geometry":{"type":"MultiLineString","coordinates":[[[-72.826100227999973,6.0120569980000482],[-72.825893365999946,6.0118461370000205]],[[-72.824727166999935,6.0107335380000677],[-72.824274209999942,6.0103746790000514]],[[-72.824251863999962,6.010358472000064],[-72.824125969999955,6.0102918810000574]]]},"properties":{"OBJECTID":747,"administrador":1,"categoria":1,"codigo_tramo":"6404","nombre_ruta":"Ruta de Los Libertadores","nombre_tramo":"Por Defnir","ruta":"64","superficie":3,"territorial":4,"amenaza_cat":"Alta","longitud_km":0.11251074576007196,"Shape_Length":0.0010156929382853224}},{"type":"Feature","id":748,"geometry":{"type":"MultiLineString","coordinates":[[[-72.826100227999973,6.0120569980000482],[-72.825893365999946,6.0118461370000205]],[[-72.824727166999935,6.0107335380000677],[-72.824274209999942,6.0103746790000514]],[[-72.824251863999962,6.010358472000064],[-72.824125969999955,6.0102918810000574]]]},"properties":{"OBJECTID":748,"administrador":1,"categoria":1,"codigo_tramo":"6404","nombre_ruta":"Ruta de Los Libertadores","nombre_tramo":"Por Defnir","ruta":"64","superficie":3,"territorial":4,"amenaza_cat":"Alta","longitud_km":0.11251074576007196,"Shape_Length":0.0010156929382853224}},{"type":"Feature","id":749,"geometry":{"type":"MultiLineString","coordinates":[[[-72.824125969999955,6.0102918810000574],[-72.795902023999986,6.0187988850000238]],[[-72.908590993999951,5.9914243040000201],[-72.875660829999958,5.9830387050000695],[-72.826100227999973,6.0120569980000482]],[[-72.825893365999946,6.0118461370000205],[-72.824727166999935,6.0107335380000677]],[[-72.824274209999942,6.0103746790000514],[-72.824251863999962,6.010358472000064]]]},"properties":{"OBJECTID":749,"administrador":1,"categoria":1,"codigo_tramo":"6404","nombre_ruta":"Ruta de Los Libertadores","nombre_tramo":"Por Defnir","ruta":"64","superficie":3,"territorial":4,"amenaza_cat":"Alta","longitud_km":14.700931224480067,"Shape_Length":0.12252957298773501}},{"type":"Feature","id":750,"geometry":{"type":"MultiLineString","coordinates":[[[-72.824125969999955,6.0102918810000574],[-72.795902023999986,6.0187988850000238]],[[-72.908590993999951,5.9914243040000201],[-72.875660829999958,5.9830387050000695],[-72.826100227999973,6.0120569980000482]],[[-72.825893365999946,6.0118461370000205],[-72.824727166999935,6.0107335380000677]],[[-72.824274209999942,6.0103746790000514],[-72.824251863999962,6.010358472000064]]]},"properties":{"OBJECTID":750,"administrador":1,"categoria":1,"codigo_tramo":"6404","nombre_ruta":"Ruta de Los Libertadores","nombre_tramo":"Por Defnir","ruta":"64","superficie":3,"territorial":4,"amenaza_cat":"Alta","longitud_km":14.700931224480067,"Shape_Length":0.12252957298773501}},{"type":"Feature","id":751,"geometry":{"type":"LineString","coordinates":[[-72.528552069999989,6.0115188450000687],[-72.522578218999968,6.0413154750000331],[-72.501421550999964,6.0414301370000203],[-72.479164935999961,6.0712716500000283],[-72.395705635999946,6.0310066100000768],[-72.335184701999935,6.0591310040000508],[-72.323772991999988,6.0871369700000741]]},"properties":{"OBJECTID":751,"administrador":1,"categoria":1,"codigo_tramo":"6404","nombre_ruta":"Ruta de Los Libertadores","nombre_tramo":"Por Defnir","ruta":"64","superficie":3,"territorial":4,"amenaza_cat":"Alta","longitud_km":38.582402483178733,"Shape_Length":0.27841671147022345}},{"type":"Feature","id":752,"geometry":{"type":"LineString","coordinates":[[-72.528552069999989,6.0115188450000687],[-72.522578218999968,6.0413154750000331],[-72.501421550999964,6.0414301370000203],[-72.479164935999961,6.0712716500000283],[-72.395705635999946,6.0310066100000768],[-72.335184701999935,6.0591310040000508],[-72.323772991999988,6.0871369700000741]]},"properties":{"OBJECTID":752,"administrador":1,"categoria":1,"codigo_tramo":"6404","nombre_ruta":"Ruta de Los Libertadores","nombre_tramo":"Por Defnir","ruta":"64","superficie":3,"territorial":4,"amenaza_cat":"Alta","longitud_km":38.582402483178733,"Shape_Length":0.27841671147022345}},{"type":"Feature","id":753,"geometry":{"type":"LineString","coordinates":[[-72.795902023999986,6.0187988850000238],[-72.760297495999964,6.0213022660000206],[-72.742767963999938,5.9879163700000504]]},"properties":{"OBJECTID":753,"administrador":1,"categoria":1,"codigo_tramo":"6404","nombre_ruta":"Ruta de Los Libertadores","nombre_tramo":"Por Defnir","ruta":"64","superficie":3,"territorial":4,"amenaza_cat":"Alta","longitud_km":9.6337129040702756,"Shape_Length":0.073400549844031146}},{"type":"Feature","id":754,"geometry":{"type":"LineString","coordinates":[[-72.795902023999986,6.0187988850000238],[-72.760297495999964,6.0213022660000206],[-72.742767963999938,5.9879163700000504]]},"properties":{"OBJECTID":754,"administrador":1,"categoria":1,"codigo_tramo":"6404","nombre_ruta":"Ruta de Los Libertadores","nombre_tramo":"Por Defnir","ruta":"64","superficie":3,"territorial":4,"amenaza_cat":"Alta","longitud_km":9.6337129040702756,"Shape_Length":0.073400549844031146}},{"type":"Feature","id":755,"geometry":{"type":"LineString","coordinates":[[-72.323772991999988,6.0871369700000741],[-72.326522443999977,6.1010540750000359],[-72.315113469999972,6.1028183780000518],[-72.304512184999965,6.1322947430000454],[-72.288708528999962,6.1211990180000271]]},"properties":{"OBJECTID":755,"administrador":1,"categoria":1,"codigo_tramo":"6404","nombre_ruta":"Ruta de Los Libertadores","nombre_tramo":"Por Defnir","ruta":"64","superficie":3,"territorial":4,"amenaza_cat":"Alta","longitud_km":10.444247406719265,"Shape_Length":0.076365343571577593}},{"type":"Feature","id":756,"geometry":{"type":"LineString","coordinates":[[-72.323772991999988,6.0871369700000741],[-72.326522443999977,6.1010540750000359],[-72.315113469999972,6.1028183780000518],[-72.304512184999965,6.1322947430000454],[-72.288708528999962,6.1211990180000271]]},"properties":{"OBJECTID":756,"administrador":1,"categoria":1,"codigo_tramo":"6404","nombre_ruta":"Ruta de Los Libertadores","nombre_tramo":"Por Defnir","ruta":"64","superficie":3,"territorial":4,"amenaza_cat":"Alta","longitud_km":10.444247406719265,"Shape_Length":0.076365343571577593}},{"type":"Feature","id":757,"geometry":{"type":"LineString","coordinates":[[-72.288708528999962,6.1211990180000271],[-72.252613956999937,6.1119026050000684],[-72.253561011999977,6.0984997720000251]]},"properties":{"OBJECTID":757,"administrador":1,"categoria":1,"codigo_tramo":"6404","nombre_ruta":"Ruta de Los Libertadores","nombre_tramo":"Por Defnir","ruta":"64","superficie":3,"territorial":4,"amenaza_cat":"Alta","longitud_km":8.6604319812661839,"Shape_Length":0.050708780233632754}},{"type":"Feature","id":758,"geometry":{"type":"LineString","coordinates":[[-72.288708528999962,6.1211990180000271],[-72.252613956999937,6.1119026050000684],[-72.253561011999977,6.0984997720000251]]},"properties":{"OBJECTID":758,"administrador":1,"categoria":1,"codigo_tramo":"6404","nombre_ruta":"Ruta de Los Libertadores","nombre_tramo":"Por Defnir","ruta":"64","superficie":3,"territorial":4,"amenaza_cat":"Alta","longitud_km":8.6604319812661839,"Shape_Length":0.050708780233632754}},{"type":"Feature","id":759,"geometry":{"type":"LineString","coordinates":[[-73.880202632999953,4.8666741610000486],[-73.870879399999978,4.8655800660000637]]},"properties":{"OBJECTID":759,"administrador":1,"categoria":1,"codigo_tramo":"5009","nombre_ruta":"Conexión Transversal Buenaventura - Puerto Carreño y Troncal Central del Norte","nombre_tramo":"Por Defnir","ruta":"50","superficie":3,"territorial":12,"amenaza_cat":"Alta","longitud_km":1.2736662575472473,"Shape_Length":0.0093872103119518949}},{"type":"Feature","id":760,"geometry":{"type":"LineString","coordinates":[[-73.880202632999953,4.8666741610000486],[-73.870879399999978,4.8655800660000637]]},"properties":{"OBJECTID":760,"administrador":1,"categoria":1,"codigo_tramo":"5009","nombre_ruta":"Conexión Transversal Buenaventura - Puerto Carreño y Troncal Central del Norte","nombre_tramo":"Por Defnir","ruta":"50","superficie":3,"territorial":12,"amenaza_cat":"Alta","longitud_km":1.2736662575472473,"Shape_Length":0.0093872103119518949}},{"type":"Feature","id":761,"geometry":{"type":"MultiLineString","coordinates":[[[-73.960744268999974,4.4139901950000535],[-73.94870082999995,4.4060124060000589]],[[-73.946200342999987,4.4058953430000543],[-73.913127147999944,4.4026607600000602],[-73.906464024999934,4.375803056000052]],[[-73.94870082999995,4.4060124060000589],[-73.946200342999987,4.4058953430000543]],[[-73.94870082999995,4.4060124060000589],[-73.946200342999987,4.4058953430000543]]]},"properties":{"OBJECTID":761,"administrador":1,"categoria":1,"codigo_tramo":"40CNB","nombre_ruta":"Transversal Buenaventura - Villavicencio - Puerto Carreño","nombre_tramo":"Por Defnir","ruta":"40","superficie":3,"territorial":12,"amenaza_cat":"Alta","longitud_km":11.781923144216503,"Shape_Length":0.080355422706776938}},{"type":"Feature","id":762,"geometry":{"type":"MultiLineString","coordinates":[[[-73.960744268999974,4.4139901950000535],[-73.94870082999995,4.4060124060000589]],[[-73.946200342999987,4.4058953430000543],[-73.913127147999944,4.4026607600000602],[-73.906464024999934,4.375803056000052]],[[-73.94870082999995,4.4060124060000589],[-73.946200342999987,4.4058953430000543]],[[-73.94870082999995,4.4060124060000589],[-73.946200342999987,4.4058953430000543]]]},"properties":{"OBJECTID":762,"administrador":1,"categoria":1,"codigo_tramo":"40CNB","nombre_ruta":"Transversal Buenaventura - Villavicencio - Puerto Carreño","nombre_tramo":"Por Defnir","ruta":"40","superficie":3,"territorial":12,"amenaza_cat":"Alta","longitud_km":11.781923144216503,"Shape_Length":0.080355422706776938}},{"type":"Feature","id":763,"geometry":{"type":"MultiLineString","coordinates":[[[-74.917753353999956,4.1647639500000651],[-74.917395023999973,4.1654384930000674]],[[-74.919057854999949,4.1654167610000741],[-74.918111734999968,4.1647292480000715]],[[-74.917484842999954,4.1643451670000218],[-74.917753353999956,4.1647639500000651]],[[-74.917753353999956,4.1647639500000651],[-74.918009201999951,4.1646722050000449]],[[-74.918111734999968,4.1647292480000715],[-74.918009201999951,4.1646722050000449]],[[-74.918009201999951,4.1646722050000449],[-74.917484842999954,4.1643451670000218]],[[-74.917484842999954,4.1643451670000218],[-74.895956331999969,4.1485525340000322]],[[-74.895613612999966,4.1487024340000289],[-74.895956331999969,4.1485525340000322]],[[-74.895956331999969,4.1485525340000322],[-74.895615265999936,4.1484300700000745]]]},"properties":{"OBJECTID":763,"administrador":1,"categoria":1,"codigo_tramo":"40TL05","nombre_ruta":"Transversal Buenaventura - Villavicencio - Puerto Carreño","nombre_tramo":"Por Defnir","ruta":"40","superficie":3,"territorial":24,"amenaza_cat":"Alta","longitud_km":3.4651903137814619,"Shape_Length":0.030874279853385471}},{"type":"Feature","id":764,"geometry":{"type":"MultiLineString","coordinates":[[[-74.917753353999956,4.1647639500000651],[-74.917395023999973,4.1654384930000674]],[[-74.919057854999949,4.1654167610000741],[-74.918111734999968,4.1647292480000715]],[[-74.917484842999954,4.1643451670000218],[-74.917753353999956,4.1647639500000651]],[[-74.917753353999956,4.1647639500000651],[-74.918009201999951,4.1646722050000449]],[[-74.918111734999968,4.1647292480000715],[-74.918009201999951,4.1646722050000449]],[[-74.918009201999951,4.1646722050000449],[-74.917484842999954,4.1643451670000218]],[[-74.917484842999954,4.1643451670000218],[-74.895956331999969,4.1485525340000322]],[[-74.895613612999966,4.1487024340000289],[-74.895956331999969,4.1485525340000322]],[[-74.895956331999969,4.1485525340000322],[-74.895615265999936,4.1484300700000745]]]},"properties":{"OBJECTID":764,"administrador":1,"categoria":1,"codigo_tramo":"40TL05","nombre_ruta":"Transversal Buenaventura - Villavicencio - Puerto Carreño","nombre_tramo":"Por Defnir","ruta":"40","superficie":3,"territorial":24,"amenaza_cat":"Alta","longitud_km":3.4651903137814619,"Shape_Length":0.030874279853385471}},{"type":"Feature","id":765,"geometry":{"type":"LineString","coordinates":[[-73.672938321999936,4.086642070000039],[-73.646455431999982,4.117734118000044]]},"properties":{"OBJECTID":765,"administrador":3,"categoria":1,"codigo_tramo":"6509","nombre_ruta":"Troncal Villagarzon - Saravena","nombre_tramo":"Por Defnir","ruta":"65","superficie":3,"territorial":16,"amenaza_cat":"Alta","longitud_km":4.6006968342965227,"Shape_Length":0.040841876935129869}},{"type":"Feature","id":766,"geometry":{"type":"LineString","coordinates":[[-73.672938321999936,4.086642070000039],[-73.646455431999982,4.117734118000044]]},"properties":{"OBJECTID":766,"administrador":3,"categoria":1,"codigo_tramo":"6509","nombre_ruta":"Troncal Villagarzon - Saravena","nombre_tramo":"Por Defnir","ruta":"65","superficie":3,"territorial":16,"amenaza_cat":"Alta","longitud_km":4.6006968342965227,"Shape_Length":0.040841876935129869}},{"type":"Feature","id":767,"geometry":{"type":"MultiLineString","coordinates":[[[-74.881965080999976,4.1541273570000499],[-74.876373264999984,4.1636991450000664]],[[-74.881965080999976,4.1541273570000499],[-74.876314745999935,4.1636837880000712]],[[-74.894994538999981,4.1489175940000678],[-74.881965080999976,4.1541273570000499]],[[-74.89534310199997,4.1485068320000664],[-74.894994538999981,4.1489175940000678]],[[-74.895477892999963,4.1487476960000436],[-74.894994538999981,4.1489175940000678]],[[-74.89534310199997,4.1485068320000664],[-74.895477892999963,4.1487476960000436]],[[-74.895613612999966,4.1487024340000289],[-74.895477892999963,4.1487476960000436]],[[-74.895615265999936,4.1484300700000745],[-74.895613612999966,4.1487024340000289]],[[-74.895412075999957,4.1484138810000672],[-74.89534310199997,4.1485068320000664]],[[-74.895615265999936,4.1484300700000745],[-74.895412075999957,4.1484138810000672]],[[-74.895546526999965,4.1482301030000599],[-74.895615265999936,4.1484300700000745]],[[-74.895546526999965,4.1482301030000599],[-74.895412075999957,4.1484138810000672]],[[-74.906427119999989,4.1303244060000566],[-74.895546526999965,4.1482301030000599]]]},"properties":{"OBJECTID":767,"administrador":1,"categoria":1,"codigo_tramo":"4507","nombre_ruta":"Troncal del Magdalena","nombre_tramo":"Por Defnir","ruta":"45","superficie":3,"territorial":24,"amenaza_cat":"Alta","longitud_km":6.6249438361297619,"Shape_Length":0.059673364178864055}},{"type":"Feature","id":768,"geometry":{"type":"MultiLineString","coordinates":[[[-74.881965080999976,4.1541273570000499],[-74.876373264999984,4.1636991450000664]],[[-74.881965080999976,4.1541273570000499],[-74.876314745999935,4.1636837880000712]],[[-74.894994538999981,4.1489175940000678],[-74.881965080999976,4.1541273570000499]],[[-74.89534310199997,4.1485068320000664],[-74.894994538999981,4.1489175940000678]],[[-74.895477892999963,4.1487476960000436],[-74.894994538999981,4.1489175940000678]],[[-74.89534310199997,4.1485068320000664],[-74.895477892999963,4.1487476960000436]],[[-74.895613612999966,4.1487024340000289],[-74.895477892999963,4.1487476960000436]],[[-74.895615265999936,4.1484300700000745],[-74.895613612999966,4.1487024340000289]],[[-74.895412075999957,4.1484138810000672],[-74.89534310199997,4.1485068320000664]],[[-74.895615265999936,4.1484300700000745],[-74.895412075999957,4.1484138810000672]],[[-74.895546526999965,4.1482301030000599],[-74.895615265999936,4.1484300700000745]],[[-74.895546526999965,4.1482301030000599],[-74.895412075999957,4.1484138810000672]],[[-74.906427119999989,4.1303244060000566],[-74.895546526999965,4.1482301030000599]]]},"properties":{"OBJECTID":768,"administrador":1,"categoria":1,"codigo_tramo":"4507","nombre_ruta":"Troncal del Magdalena","nombre_tramo":"Por Defnir","ruta":"45","superficie":3,"territorial":24,"amenaza_cat":"Alta","longitud_km":6.6249438361297619,"Shape_Length":0.059673364178864055}},{"type":"Feature","id":769,"geometry":{"type":"MultiLineString","coordinates":[[[-73.712403086999984,3.5507441190000577],[-73.71240639399997,3.5511876460000735]],[[-73.712403086999984,3.5507441190000577],[-73.705850596999937,3.5403618480000318]],[[-73.705850596999937,3.5403618480000318],[-73.712403086999984,3.5507441190000577]],[[-73.677075981999963,3.4933083330000727],[-73.705850596999937,3.5403618480000318]]]},"properties":{"OBJECTID":769,"administrador":1,"categoria":1,"codigo_tramo":"6508","nombre_ruta":"Transversal Buga - Puerto Inirida","nombre_tramo":"Por Defnir","ruta":"65","superficie":3,"territorial":16,"amenaza_cat":"Alta","longitud_km":8.9725747391452675,"Shape_Length":0.080152133324716754}},{"type":"Feature","id":770,"geometry":{"type":"MultiLineString","coordinates":[[[-73.712403086999984,3.5507441190000577],[-73.71240639399997,3.5511876460000735]],[[-73.712403086999984,3.5507441190000577],[-73.705850596999937,3.5403618480000318]],[[-73.705850596999937,3.5403618480000318],[-73.712403086999984,3.5507441190000577]],[[-73.677075981999963,3.4933083330000727],[-73.705850596999937,3.5403618480000318]]]},"properties":{"OBJECTID":770,"administrador":1,"categoria":1,"codigo_tramo":"6508","nombre_ruta":"Transversal Buga - Puerto Inirida","nombre_tramo":"Por Defnir","ruta":"65","superficie":3,"territorial":16,"amenaza_cat":"Alta","longitud_km":8.9725747391452675,"Shape_Length":0.080152133324716754}},{"type":"Feature","id":771,"geometry":{"type":"LineString","coordinates":[[-74.916043762999948,4.1145930440000598],[-74.906427119999989,4.1303244060000566]]},"properties":{"OBJECTID":771,"administrador":2,"categoria":1,"codigo_tramo":"4507","nombre_ruta":"Troncal del Magdalena","nombre_tramo":"Por Defnir","ruta":"45","superficie":3,"territorial":24,"amenaza_cat":"Alta","longitud_km":2.041399919893534,"Shape_Length":0.018437884178061036}},{"type":"Feature","id":772,"geometry":{"type":"LineString","coordinates":[[-74.916043762999948,4.1145930440000598],[-74.906427119999989,4.1303244060000566]]},"properties":{"OBJECTID":772,"administrador":2,"categoria":1,"codigo_tramo":"4507","nombre_ruta":"Troncal del Magdalena","nombre_tramo":"Por Defnir","ruta":"45","superficie":3,"territorial":24,"amenaza_cat":"Alta","longitud_km":2.041399919893534,"Shape_Length":0.018437884178061036}},{"type":"Feature","id":773,"geometry":{"type":"LineString","coordinates":[[-74.961191837999934,4.0416871410000681],[-74.916043762999948,4.1145930440000598]]},"properties":{"OBJECTID":773,"administrador":2,"categoria":1,"codigo_tramo":"4507","nombre_ruta":"Troncal del Magdalena","nombre_tramo":"Por Defnir","ruta":"45","superficie":3,"territorial":24,"amenaza_cat":"Alta","longitud_km":9.6789405007966796,"Shape_Length":0.085753246984872536}},{"type":"Feature","id":774,"geometry":{"type":"LineString","coordinates":[[-74.961191837999934,4.0416871410000681],[-74.916043762999948,4.1145930440000598]]},"properties":{"OBJECTID":774,"administrador":2,"categoria":1,"codigo_tramo":"4507","nombre_ruta":"Troncal del Magdalena","nombre_tramo":"Por Defnir","ruta":"45","superficie":3,"territorial":24,"amenaza_cat":"Alta","longitud_km":9.6789405007966796,"Shape_Length":0.085753246984872536}},{"type":"Feature","id":775,"geometry":{"type":"LineString","coordinates":[[-74.998221671999943,3.96880240400003],[-74.976167717999942,4.0107596080000576]]},"properties":{"OBJECTID":775,"administrador":2,"categoria":1,"codigo_tramo":"4507","nombre_ruta":"Troncal del Magdalena","nombre_tramo":"Por Defnir","ruta":"45","superficie":3,"territorial":24,"amenaza_cat":"Alta","longitud_km":5.2474572000241997,"Shape_Length":0.047400251629438256}},{"type":"Feature","id":776,"geometry":{"type":"LineString","coordinates":[[-74.998221671999943,3.96880240400003],[-74.976167717999942,4.0107596080000576]]},"properties":{"OBJECTID":776,"administrador":2,"categoria":1,"codigo_tramo":"4507","nombre_ruta":"Troncal del Magdalena","nombre_tramo":"Por Defnir","ruta":"45","superficie":3,"territorial":24,"amenaza_cat":"Alta","longitud_km":5.2474572000241997,"Shape_Length":0.047400251629438256}},{"type":"Feature","id":777,"geometry":{"type":"LineString","coordinates":[[-75.018987429999981,3.9350406140000587],[-74.998221671999943,3.96880240400003]]},"properties":{"OBJECTID":777,"administrador":2,"categoria":1,"codigo_tramo":"4507","nombre_ruta":"Troncal del Magdalena","nombre_tramo":"Por Defnir","ruta":"45","superficie":3,"territorial":24,"amenaza_cat":"Alta","longitud_km":4.5072608963721681,"Shape_Length":0.039636790603154747}},{"type":"Feature","id":778,"geometry":{"type":"LineString","coordinates":[[-75.018987429999981,3.9350406140000587],[-74.998221671999943,3.96880240400003]]},"properties":{"OBJECTID":778,"administrador":2,"categoria":1,"codigo_tramo":"4507","nombre_ruta":"Troncal del Magdalena","nombre_tramo":"Por Defnir","ruta":"45","superficie":3,"territorial":24,"amenaza_cat":"Alta","longitud_km":4.5072608963721681,"Shape_Length":0.039636790603154747}},{"type":"Feature","id":779,"geometry":{"type":"LineString","coordinates":[[-75.063245540999958,3.8188303130000349],[-75.059949963999941,3.8382288770000628]]},"properties":{"OBJECTID":779,"administrador":2,"categoria":1,"codigo_tramo":"4507","nombre_ruta":"Troncal del Magdalena","nombre_tramo":"Por Defnir","ruta":"45","superficie":3,"territorial":24,"amenaza_cat":"Alta","longitud_km":2.2000339985494692,"Shape_Length":0.01967651170879171}},{"type":"Feature","id":780,"geometry":{"type":"LineString","coordinates":[[-75.063245540999958,3.8188303130000349],[-75.059949963999941,3.8382288770000628]]},"properties":{"OBJECTID":780,"administrador":2,"categoria":1,"codigo_tramo":"4507","nombre_ruta":"Troncal del Magdalena","nombre_tramo":"Por Defnir","ruta":"45","superficie":3,"territorial":24,"amenaza_cat":"Alta","longitud_km":2.2000339985494692,"Shape_Length":0.01967651170879171}},{"type":"Feature","id":781,"geometry":{"type":"LineString","coordinates":[[-75.059949963999941,3.8382288770000628],[-75.018662552999956,3.9340062270000544]]},"properties":{"OBJECTID":781,"administrador":2,"categoria":1,"codigo_tramo":"4507","nombre_ruta":"Troncal del Magdalena","nombre_tramo":"Por Defnir","ruta":"45","superficie":3,"territorial":24,"amenaza_cat":"Alta","longitud_km":11.997497322837678,"Shape_Length":0.10429741645938582}},{"type":"Feature","id":782,"geometry":{"type":"LineString","coordinates":[[-75.059949963999941,3.8382288770000628],[-75.018662552999956,3.9340062270000544]]},"properties":{"OBJECTID":782,"administrador":2,"categoria":1,"codigo_tramo":"4507","nombre_ruta":"Troncal del Magdalena","nombre_tramo":"Por Defnir","ruta":"45","superficie":3,"territorial":24,"amenaza_cat":"Alta","longitud_km":11.997497322837678,"Shape_Length":0.10429741645938582}},{"type":"Feature","id":783,"geometry":{"type":"LineString","coordinates":[[-72.881285423999941,6.4481617440000605],[-72.912474373999942,6.4346092200000271],[-72.971093044999975,6.4767750480000359],[-72.99240556899997,6.5317201150000415],[-73.028852513999936,6.5331410210000627]]},"properties":{"OBJECTID":783,"administrador":1,"categoria":1,"codigo_tramo":"6403","nombre_ruta":"Transversal Guane - San Gil - Mogotes - La Rosita","nombre_tramo":"Por Defnir","ruta":"64","superficie":3,"territorial":22,"amenaza_cat":"Alta","longitud_km":29.323661943211821,"Shape_Length":0.20162332036431002}},{"type":"Feature","id":784,"geometry":{"type":"LineString","coordinates":[[-72.881285423999941,6.4481617440000605],[-72.912474373999942,6.4346092200000271],[-72.971093044999975,6.4767750480000359],[-72.99240556899997,6.5317201150000415],[-73.028852513999936,6.5331410210000627]]},"properties":{"OBJECTID":784,"administrador":1,"categoria":1,"codigo_tramo":"6403","nombre_ruta":"Transversal Guane - San Gil - Mogotes - La Rosita","nombre_tramo":"Por Defnir","ruta":"64","superficie":3,"territorial":22,"amenaza_cat":"Alta","longitud_km":29.323661943211821,"Shape_Length":0.20162332036431002}},{"type":"Feature","id":785,"geometry":{"type":"MultiLineString","coordinates":[[[-72.815744477999942,6.4122412960000474],[-72.815811752999934,6.4122775590000742]],[[-72.818091916999947,6.4052444540000693],[-72.81873256199998,6.4055459240000232]],[[-72.817622580999966,6.4024055620000695],[-72.817659153999955,6.4028689500000269]],[[-72.816313126999944,6.341199887000073],[-72.817533404999949,6.4011412080000696]]]},"properties":{"OBJECTID":785,"administrador":1,"categoria":1,"codigo_tramo":"6403","nombre_ruta":"Transversal Guane - San Gil - Mogotes - La Rosita","nombre_tramo":"Por Defnir","ruta":"64","superficie":3,"territorial":22,"amenaza_cat":"Alta","longitud_km":8.6458245619289169,"Shape_Length":0.061203028465524084}},{"type":"Feature","id":786,"geometry":{"type":"MultiLineString","coordinates":[[[-72.815744477999942,6.4122412960000474],[-72.815811752999934,6.4122775590000742]],[[-72.818091916999947,6.4052444540000693],[-72.81873256199998,6.4055459240000232]],[[-72.817622580999966,6.4024055620000695],[-72.817659153999955,6.4028689500000269]],[[-72.816313126999944,6.341199887000073],[-72.817533404999949,6.4011412080000696]]]},"properties":{"OBJECTID":786,"administrador":1,"categoria":1,"codigo_tramo":"6403","nombre_ruta":"Transversal Guane - San Gil - Mogotes - La Rosita","nombre_tramo":"Por Defnir","ruta":"64","superficie":3,"territorial":22,"amenaza_cat":"Alta","longitud_km":8.6458245619289169,"Shape_Length":0.061203028465524084}},{"type":"Feature","id":787,"geometry":{"type":"LineString","coordinates":[[-73.028852513999936,6.5331410210000627],[-73.07518360499995,6.5083271180000679],[-73.085983532999933,6.5266969000000472],[-73.088950775999933,6.5187131020000493],[-73.108799694999959,6.5351926330000651],[-73.115324108999971,6.5566627000000608]]},"properties":{"OBJECTID":787,"administrador":1,"categoria":1,"codigo_tramo":"6403","nombre_ruta":"Transversal Guane - San Gil - Mogotes - La Rosita","nombre_tramo":"Por Defnir","ruta":"64","superficie":3,"territorial":22,"amenaza_cat":"Alta","longitud_km":20.212873946039188,"Shape_Length":0.13062213539298212}},{"type":"Feature","id":788,"geometry":{"type":"LineString","coordinates":[[-73.028852513999936,6.5331410210000627],[-73.07518360499995,6.5083271180000679],[-73.085983532999933,6.5266969000000472],[-73.088950775999933,6.5187131020000493],[-73.108799694999959,6.5351926330000651],[-73.115324108999971,6.5566627000000608]]},"properties":{"OBJECTID":788,"administrador":1,"categoria":1,"codigo_tramo":"6403","nombre_ruta":"Transversal Guane - San Gil - Mogotes - La Rosita","nombre_tramo":"Por Defnir","ruta":"64","superficie":3,"territorial":22,"amenaza_cat":"Alta","longitud_km":20.212873946039188,"Shape_Length":0.13062213539298212}},{"type":"Feature","id":789,"geometry":{"type":"MultiLineString","coordinates":[[[-72.815811752999934,6.4122775590000742],[-72.82140014099997,6.4244213010000522],[-72.873989305999942,6.4247221190000232],[-72.870407105999959,6.4350991350000299],[-72.886295572999984,6.4392320860000609],[-72.881285423999941,6.4481617440000605]],[[-72.81873256199998,6.4055459240000232],[-72.815744477999942,6.4122412960000474]],[[-72.817659153999955,6.4028689500000269],[-72.818091916999947,6.4052444540000693]],[[-72.817533404999949,6.4011412080000696],[-72.817622580999966,6.4024055620000695]]]},"properties":{"OBJECTID":789,"administrador":1,"categoria":1,"codigo_tramo":"6403","nombre_ruta":"Transversal Guane - San Gil - Mogotes - La Rosita","nombre_tramo":"Por Defnir","ruta":"64","superficie":3,"territorial":22,"amenaza_cat":"Alta","longitud_km":18.465375274137621,"Shape_Length":0.11460618850545135}},{"type":"Feature","id":790,"geometry":{"type":"MultiLineString","coordinates":[[[-72.815811752999934,6.4122775590000742],[-72.82140014099997,6.4244213010000522],[-72.873989305999942,6.4247221190000232],[-72.870407105999959,6.4350991350000299],[-72.886295572999984,6.4392320860000609],[-72.881285423999941,6.4481617440000605]],[[-72.81873256199998,6.4055459240000232],[-72.815744477999942,6.4122412960000474]],[[-72.817659153999955,6.4028689500000269],[-72.818091916999947,6.4052444540000693]],[[-72.817533404999949,6.4011412080000696],[-72.817622580999966,6.4024055620000695]]]},"properties":{"OBJECTID":790,"administrador":1,"categoria":1,"codigo_tramo":"6403","nombre_ruta":"Transversal Guane - San Gil - Mogotes - La Rosita","nombre_tramo":"Por Defnir","ruta":"64","superficie":3,"territorial":22,"amenaza_cat":"Alta","longitud_km":18.465375274137621,"Shape_Length":0.11460618850545135}},{"type":"Feature","id":791,"geometry":{"type":"MultiLineString","coordinates":[[[-73.641417506999971,4.1217340060000538],[-73.643041358999938,4.1230019430000198]],[[-73.643041358999938,4.1230019430000198],[-73.644123469999954,4.1214989660000469]],[[-73.645955028999936,4.122452256000031],[-73.643041358999938,4.1230019430000198]],[[-73.645579201999965,4.1222296320000282],[-73.645061863999956,4.11982989400002]],[[-73.642308867999986,4.1205847820000372],[-73.641417506999971,4.1217340060000538]],[[-73.644123469999954,4.1214989660000469],[-73.644737082999939,4.1204079470000465]],[[-73.644404883999982,4.1197167290000607],[-73.642308867999986,4.1205847820000372]],[[-73.644737082999939,4.1204079470000465],[-73.644404883999982,4.1197167290000607]],[[-73.645061863999956,4.11982989400002],[-73.644737082999939,4.1204079470000465]],[[-73.646455431999982,4.117734118000044],[-73.645061863999956,4.11982989400002]],[[-73.644404883999982,4.1197167290000607],[-73.646455431999982,4.117734118000044]]]},"properties":{"OBJECTID":791,"administrador":2,"categoria":1,"codigo_tramo":"6509","nombre_ruta":"Troncal Villagarzon - Saravena","nombre_tramo":"Por Defnir","ruta":"65","superficie":3,"territorial":16,"amenaza_cat":"Alta","longitud_km":2.640613139403273,"Shape_Length":0.021105978590588451}},{"type":"Feature","id":792,"geometry":{"type":"MultiLineString","coordinates":[[[-73.641417506999971,4.1217340060000538],[-73.643041358999938,4.1230019430000198]],[[-73.643041358999938,4.1230019430000198],[-73.644123469999954,4.1214989660000469]],[[-73.645955028999936,4.122452256000031],[-73.643041358999938,4.1230019430000198]],[[-73.645579201999965,4.1222296320000282],[-73.645061863999956,4.11982989400002]],[[-73.642308867999986,4.1205847820000372],[-73.641417506999971,4.1217340060000538]],[[-73.644123469999954,4.1214989660000469],[-73.644737082999939,4.1204079470000465]],[[-73.644404883999982,4.1197167290000607],[-73.642308867999986,4.1205847820000372]],[[-73.644737082999939,4.1204079470000465],[-73.644404883999982,4.1197167290000607]],[[-73.645061863999956,4.11982989400002],[-73.644737082999939,4.1204079470000465]],[[-73.646455431999982,4.117734118000044],[-73.645061863999956,4.11982989400002]],[[-73.644404883999982,4.1197167290000607],[-73.646455431999982,4.117734118000044]]]},"properties":{"OBJECTID":792,"administrador":2,"categoria":1,"codigo_tramo":"6509","nombre_ruta":"Troncal Villagarzon - Saravena","nombre_tramo":"Por Defnir","ruta":"65","superficie":3,"territorial":16,"amenaza_cat":"Alta","longitud_km":2.640613139403273,"Shape_Length":0.021105978590588451}},{"type":"Feature","id":793,"geometry":{"type":"MultiLineString","coordinates":[[[-73.072408166999935,4.8194268120000743],[-73.059168899999975,4.8112282940000455],[-73.047085074999984,4.7723649060000639],[-73.035799272999952,4.7753474190000702],[-73.027036556999974,4.7582710390000216],[-73.009555987999988,4.7535908780000682]],[[-73.009555987999988,4.7535908780000682],[-73.009178253999949,4.7549902610000458]],[[-73.009555987999988,4.7535908780000682],[-73.008653532999972,4.7532457240000667]]]},"properties":{"OBJECTID":793,"administrador":2,"categoria":1,"codigo_tramo":"5608","nombre_ruta":"Conexión Troncal Central del Norte - Troncal Villagarzon - Saravena","nombre_tramo":"Por Defnir","ruta":"56","superficie":3,"territorial":7,"amenaza_cat":"Alta","longitud_km":14.14935097711559,"Shape_Length":0.10764949083336321}},{"type":"Feature","id":794,"geometry":{"type":"MultiLineString","coordinates":[[[-73.072408166999935,4.8194268120000743],[-73.059168899999975,4.8112282940000455],[-73.047085074999984,4.7723649060000639],[-73.035799272999952,4.7753474190000702],[-73.027036556999974,4.7582710390000216],[-73.009555987999988,4.7535908780000682]],[[-73.009555987999988,4.7535908780000682],[-73.009178253999949,4.7549902610000458]],[[-73.009555987999988,4.7535908780000682],[-73.008653532999972,4.7532457240000667]]]},"properties":{"OBJECTID":794,"administrador":2,"categoria":1,"codigo_tramo":"5608","nombre_ruta":"Conexión Troncal Central del Norte - Troncal Villagarzon - Saravena","nombre_tramo":"Por Defnir","ruta":"56","superficie":3,"territorial":7,"amenaza_cat":"Alta","longitud_km":14.14935097711559,"Shape_Length":0.10764949083336321}},{"type":"Feature","id":795,"geometry":{"type":"LineString","coordinates":[[-73.765125758999943,4.0512612160000572],[-73.764226906999966,4.04939046100003]]},"properties":{"OBJECTID":795,"administrador":1,"categoria":3,"codigo_tramo":"6509","nombre_ruta":"Troncal Villagarzon - Saravena","nombre_tramo":"Por Defnir","ruta":"65","superficie":3,"territorial":16,"amenaza_cat":"Alta","longitud_km":0.28760468729058358,"Shape_Length":0.0020754901078999079}},{"type":"Feature","id":796,"geometry":{"type":"LineString","coordinates":[[-73.765125758999943,4.0512612160000572],[-73.764226906999966,4.04939046100003]]},"properties":{"OBJECTID":796,"administrador":1,"categoria":3,"codigo_tramo":"6509","nombre_ruta":"Troncal Villagarzon - Saravena","nombre_tramo":"Por Defnir","ruta":"65","superficie":3,"territorial":16,"amenaza_cat":"Alta","longitud_km":0.28760468729058358,"Shape_Length":0.0020754901078999079}},{"type":"Feature","id":797,"geometry":{"type":"LineString","coordinates":[[-73.767229860999976,4.0490680500000735],[-73.765125758999943,4.0512612160000572]]},"properties":{"OBJECTID":797,"administrador":1,"categoria":3,"codigo_tramo":"6509","nombre_ruta":"Troncal Villagarzon - Saravena","nombre_tramo":"Por Defnir","ruta":"65","superficie":3,"territorial":16,"amenaza_cat":"Alta","longitud_km":0.38255616293017408,"Shape_Length":0.0030392799032048943}},{"type":"Feature","id":798,"geometry":{"type":"LineString","coordinates":[[-73.767229860999976,4.0490680500000735],[-73.765125758999943,4.0512612160000572]]},"properties":{"OBJECTID":798,"administrador":1,"categoria":3,"codigo_tramo":"6509","nombre_ruta":"Troncal Villagarzon - Saravena","nombre_tramo":"Por Defnir","ruta":"65","superficie":3,"territorial":16,"amenaza_cat":"Alta","longitud_km":0.38255616293017408,"Shape_Length":0.0030392799032048943}},{"type":"Feature","id":799,"geometry":{"type":"MultiLineString","coordinates":[[[-73.716531392999968,3.5721895830000676],[-73.71650238999996,3.572354004000033]],[[-73.71240639399997,3.5511876460000735],[-73.716531392999968,3.5721895830000676]]]},"properties":{"OBJECTID":799,"administrador":2,"categoria":1,"codigo_tramo":"6508","nombre_ruta":"Transversal Buga - Puerto Inirida","nombre_tramo":"Por Defnir","ruta":"65","superficie":3,"territorial":16,"amenaza_cat":"Alta","longitud_km":2.4298862435617852,"Shape_Length":0.021570159493540582}},{"type":"Feature","id":800,"geometry":{"type":"MultiLineString","coordinates":[[[-73.716531392999968,3.5721895830000676],[-73.71650238999996,3.572354004000033]],[[-73.71240639399997,3.5511876460000735],[-73.716531392999968,3.5721895830000676]]]},"properties":{"OBJECTID":800,"administrador":2,"categoria":1,"codigo_tramo":"6508","nombre_ruta":"Transversal Buga - Puerto Inirida","nombre_tramo":"Por Defnir","ruta":"65","superficie":3,"territorial":16,"amenaza_cat":"Alta","longitud_km":2.4298862435617852,"Shape_Length":0.021570159493540582}},{"type":"Feature","id":801,"geometry":{"type":"MultiLineString","coordinates":[[[-75.589200870999946,4.9862841790000516],[-75.560946496999975,5.0143054870000583],[-75.538524749999965,5.0175165310000693],[-75.528719494999962,5.0477824700000724]],[[-75.600129060999961,4.9898100430000341],[-75.588813415999937,4.9870906690000538]]]},"properties":{"OBJECTID":801,"administrador":1,"categoria":1,"codigo_tramo":"2902","nombre_ruta":"Acceso a Manizales","nombre_tramo":"Por Defnir","ruta":"29","superficie":3,"territorial":5,"amenaza_cat":"Alta","longitud_km":16.452755363562289,"Shape_Length":0.10589620533739988}},{"type":"Feature","id":802,"geometry":{"type":"MultiLineString","coordinates":[[[-75.589200870999946,4.9862841790000516],[-75.560946496999975,5.0143054870000583],[-75.538524749999965,5.0175165310000693],[-75.528719494999962,5.0477824700000724]],[[-75.600129060999961,4.9898100430000341],[-75.588813415999937,4.9870906690000538]]]},"properties":{"OBJECTID":802,"administrador":1,"categoria":1,"codigo_tramo":"2902","nombre_ruta":"Acceso a Manizales","nombre_tramo":"Por Defnir","ruta":"29","superficie":3,"territorial":5,"amenaza_cat":"Alta","longitud_km":16.452755363562289,"Shape_Length":0.10589620533739988}},{"type":"Feature","id":803,"geometry":{"type":"MultiLineString","coordinates":[[[-75.601817628999981,4.9922723380000207],[-75.600129060999961,4.9898100430000341]],[[-75.588813415999937,4.9870906690000538],[-75.589200870999946,4.9862841790000516]]]},"properties":{"OBJECTID":803,"administrador":1,"categoria":1,"codigo_tramo":"2902","nombre_ruta":"Acceso a Manizales","nombre_tramo":"Por Defnir","ruta":"29","superficie":3,"territorial":5,"amenaza_cat":"Alta","longitud_km":0.44318657275884471,"Shape_Length":0.0038803920135320326}},{"type":"Feature","id":804,"geometry":{"type":"MultiLineString","coordinates":[[[-75.601817628999981,4.9922723380000207],[-75.600129060999961,4.9898100430000341]],[[-75.588813415999937,4.9870906690000538],[-75.589200870999946,4.9862841790000516]]]},"properties":{"OBJECTID":804,"administrador":1,"categoria":1,"codigo_tramo":"2902","nombre_ruta":"Acceso a Manizales","nombre_tramo":"Por Defnir","ruta":"29","superficie":3,"territorial":5,"amenaza_cat":"Alta","longitud_km":0.44318657275884471,"Shape_Length":0.0038803920135320326}},{"type":"Feature","id":805,"geometry":{"type":"MultiLineString","coordinates":[[[-75.579529067999943,5.0420636140000283],[-75.578813447999948,5.0433407990000205]],[[-75.579609738999977,5.0419730280000294],[-75.579549523999958,5.0422007370000301]],[[-75.593192660999989,5.018123532000061],[-75.579529067999943,5.0420636140000283]],[[-75.593255409999983,5.0183387900000298],[-75.579609738999977,5.0419730280000294]],[[-75.593056831999945,5.0169840340000746],[-75.593255409999983,5.0183387900000298]]]},"properties":{"OBJECTID":805,"administrador":2,"categoria":1,"codigo_tramo":"29CL03-1","nombre_ruta":"Conexion Troncal del Eje Cafetero - Transversal Las Animas - Bogotá","nombre_tramo":"Por Defnir","ruta":"29","superficie":3,"territorial":5,"amenaza_cat":"Alta","longitud_km":6.6944082190038081,"Shape_Length":0.057924316575349244}},{"type":"Feature","id":806,"geometry":{"type":"MultiLineString","coordinates":[[[-75.579529067999943,5.0420636140000283],[-75.578813447999948,5.0433407990000205]],[[-75.579609738999977,5.0419730280000294],[-75.579549523999958,5.0422007370000301]],[[-75.593192660999989,5.018123532000061],[-75.579529067999943,5.0420636140000283]],[[-75.593255409999983,5.0183387900000298],[-75.579609738999977,5.0419730280000294]],[[-75.593056831999945,5.0169840340000746],[-75.593255409999983,5.0183387900000298]]]},"properties":{"OBJECTID":806,"administrador":2,"categoria":1,"codigo_tramo":"29CL03-1","nombre_ruta":"Conexion Troncal del Eje Cafetero - Transversal Las Animas - Bogotá","nombre_tramo":"Por Defnir","ruta":"29","superficie":3,"territorial":5,"amenaza_cat":"Alta","longitud_km":6.6944082190038081,"Shape_Length":0.057924316575349244}},{"type":"Feature","id":807,"geometry":{"type":"MultiLineString","coordinates":[[[-72.163572080999984,7.0468391660000407],[-72.161878667999986,7.0468264970000405]],[[-72.166806024999971,7.0457069350000552],[-72.163573930999974,7.0468390350000618]],[[-72.196460808999973,7.0449242620000518],[-72.19003491999996,7.0466875810000715]],[[-72.161297166999987,7.0452273620000483],[-72.161066580999943,7.0443359940000505]],[[-72.161036271999933,7.0424649040000418],[-72.161010648999934,7.042313484000033]],[[-72.160972071999936,7.0422120780000341],[-72.160956419999934,7.0421779430000697]],[[-72.160816772999965,7.0418940160000716],[-72.160510284999987,7.0415011250000248]],[[-72.160452025999973,7.0414500450000332],[-72.160422337999933,7.0414240150000751]],[[-72.159629252999935,7.0410892500000273],[-72.158487458999957,7.0408653470000218]],[[-72.158188587999973,7.0408288790000597],[-72.157622477999951,7.0406898000000524]],[[-72.157094441999959,7.0404779110000391],[-72.156799443999944,7.040060932000074]],[[-72.155463576999978,7.0350830550000296],[-72.155262146999974,7.0348855870000762]],[[-72.154542856999967,7.0344280390000336],[-72.154294335999964,7.034281447000069]],[[-72.153795276999972,7.034342433000063],[-72.152819810999972,7.0341220050000288]],[[-72.150519565999957,7.0340509450000468],[-72.149676614999976,7.03386839500007]],[[-72.111753476999979,7.0014630250000209],[-72.06120941599994,7.0185317550000264],[-71.991244053999935,6.9875251750000302],[-71.976920553999946,6.9668769090000637]]]},"properties":{"OBJECTID":807,"administrador":1,"categoria":1,"codigo_tramo":"6604","nombre_ruta":"Transversal Tribuga - Arauca","nombre_tramo":"Por Defnir","ruta":"66","superficie":3,"territorial":18,"amenaza_cat":"Alta","longitud_km":19.784225299240468,"Shape_Length":0.17312798406552082}},{"type":"Feature","id":808,"geometry":{"type":"MultiLineString","coordinates":[[[-72.163572080999984,7.0468391660000407],[-72.161878667999986,7.0468264970000405]],[[-72.166806024999971,7.0457069350000552],[-72.163573930999974,7.0468390350000618]],[[-72.196460808999973,7.0449242620000518],[-72.19003491999996,7.0466875810000715]],[[-72.161297166999987,7.0452273620000483],[-72.161066580999943,7.0443359940000505]],[[-72.161036271999933,7.0424649040000418],[-72.161010648999934,7.042313484000033]],[[-72.160972071999936,7.0422120780000341],[-72.160956419999934,7.0421779430000697]],[[-72.160816772999965,7.0418940160000716],[-72.160510284999987,7.0415011250000248]],[[-72.160452025999973,7.0414500450000332],[-72.160422337999933,7.0414240150000751]],[[-72.159629252999935,7.0410892500000273],[-72.158487458999957,7.0408653470000218]],[[-72.158188587999973,7.0408288790000597],[-72.157622477999951,7.0406898000000524]],[[-72.157094441999959,7.0404779110000391],[-72.156799443999944,7.040060932000074]],[[-72.155463576999978,7.0350830550000296],[-72.155262146999974,7.0348855870000762]],[[-72.154542856999967,7.0344280390000336],[-72.154294335999964,7.034281447000069]],[[-72.153795276999972,7.034342433000063],[-72.152819810999972,7.0341220050000288]],[[-72.150519565999957,7.0340509450000468],[-72.149676614999976,7.03386839500007]],[[-72.111753476999979,7.0014630250000209],[-72.06120941599994,7.0185317550000264],[-71.991244053999935,6.9875251750000302],[-71.976920553999946,6.9668769090000637]]]},"properties":{"OBJECTID":808,"administrador":1,"categoria":1,"codigo_tramo":"6604","nombre_ruta":"Transversal Tribuga - Arauca","nombre_tramo":"Por Defnir","ruta":"66","superficie":3,"territorial":18,"amenaza_cat":"Alta","longitud_km":19.784225299240468,"Shape_Length":0.17312798406552082}},{"type":"Feature","id":809,"geometry":{"type":"MultiLineString","coordinates":[[[-72.548069707999957,7.2737093770000456],[-72.491561928999943,7.2775648620000766],[-72.468140111999958,7.2646381770000517]],[[-72.555849261999981,7.2715213730000414],[-72.555169494999973,7.2720903910000629]]]},"properties":{"OBJECTID":809,"administrador":1,"categoria":1,"codigo_tramo":"6604","nombre_ruta":"Transversal Tribuga - Arauca","nombre_tramo":"Por Defnir","ruta":"66","superficie":3,"territorial":18,"amenaza_cat":"Alta","longitud_km":10.332244990805188,"Shape_Length":0.084277854032008007}},{"type":"Feature","id":810,"geometry":{"type":"MultiLineString","coordinates":[[[-72.548069707999957,7.2737093770000456],[-72.491561928999943,7.2775648620000766],[-72.468140111999958,7.2646381770000517]],[[-72.555849261999981,7.2715213730000414],[-72.555169494999973,7.2720903910000629]]]},"properties":{"OBJECTID":810,"administrador":1,"categoria":1,"codigo_tramo":"6604","nombre_ruta":"Transversal Tribuga - Arauca","nombre_tramo":"Por Defnir","ruta":"66","superficie":3,"territorial":18,"amenaza_cat":"Alta","longitud_km":10.332244990805188,"Shape_Length":0.084277854032008007}},{"type":"Feature","id":811,"geometry":{"type":"MultiLineString","coordinates":[[[-72.614741274999972,7.3295661570000448],[-72.583399919999977,7.2709328320000282],[-72.555849261999981,7.2715213730000414]],[[-72.555169494999973,7.2720903910000629],[-72.548069707999957,7.2737093770000456]]]},"properties":{"OBJECTID":811,"administrador":1,"categoria":1,"codigo_tramo":"6604","nombre_ruta":"Transversal Tribuga - Arauca","nombre_tramo":"Por Defnir","ruta":"66","superficie":3,"territorial":18,"amenaza_cat":"Alta","longitud_km":14.686121207173278,"Shape_Length":0.10132317106973203}},{"type":"Feature","id":812,"geometry":{"type":"MultiLineString","coordinates":[[[-72.614741274999972,7.3295661570000448],[-72.583399919999977,7.2709328320000282],[-72.555849261999981,7.2715213730000414]],[[-72.555169494999973,7.2720903910000629],[-72.548069707999957,7.2737093770000456]]]},"properties":{"OBJECTID":812,"administrador":1,"categoria":1,"codigo_tramo":"6604","nombre_ruta":"Transversal Tribuga - Arauca","nombre_tramo":"Por Defnir","ruta":"66","superficie":3,"territorial":18,"amenaza_cat":"Alta","longitud_km":14.686121207173278,"Shape_Length":0.10132317106973203}},{"type":"Feature","id":813,"geometry":{"type":"MultiLineString","coordinates":[[[-72.468140111999958,7.2646381770000517],[-72.443096305999973,7.2280469270000367],[-72.433443447999935,7.1772744920000378],[-72.426721770999961,7.1696565700000292],[-72.428204392999987,7.1794657330000291],[-72.411630706999972,7.182933710000043],[-72.403306374999943,7.1547476370000709],[-72.388087767999934,7.1469282050000515],[-72.379803238999955,7.1617260960000522],[-72.368050542999981,7.1390872200000217],[-72.373155674999964,7.1230704190000438],[-72.337714182999946,7.1221432240000695],[-72.319780268999978,7.1107963690000702],[-72.327257833999965,7.10436790600005],[-72.311534497999958,7.1093683500000679],[-72.304840801999944,7.0962450210000725],[-72.250236709999967,7.0929782350000323],[-72.255701718999944,7.070578471000033],[-72.233077208999987,7.0698666260000209],[-72.209083985999939,7.0384113490000573],[-72.196460808999973,7.0449242620000518]],[[-72.19003491999996,7.0466875810000715],[-72.178600987999971,7.0539149400000269],[-72.166806024999971,7.0457069350000552]],[[-72.163573930999974,7.0468390350000618],[-72.163572080999984,7.0468391660000407]],[[-72.161878667999986,7.0468264970000405],[-72.161297166999987,7.0452273620000483]],[[-72.161066580999943,7.0443359940000505],[-72.161036271999933,7.0424649040000418]],[[-72.161010648999934,7.042313484000033],[-72.160972071999936,7.0422120780000341]],[[-72.160956419999934,7.0421779430000697],[-72.160816772999965,7.0418940160000716]],[[-72.160510284999987,7.0415011250000248],[-72.160452025999973,7.0414500450000332]],[[-72.160422337999933,7.0414240150000751],[-72.159629252999935,7.0410892500000273]],[[-72.158487458999957,7.0408653470000218],[-72.158188587999973,7.0408288790000597]],[[-72.157622477999951,7.0406898000000524],[-72.157094441999959,7.0404779110000391]],[[-72.156799443999944,7.040060932000074],[-72.155463576999978,7.0350830550000296]],[[-72.155262146999974,7.0348855870000762],[-72.154542856999967,7.0344280390000336]],[[-72.154294335999964,7.034281447000069],[-72.153795276999972,7.034342433000063]],[[-72.152819810999972,7.0341220050000288],[-72.150519565999957,7.0340509450000468]],[[-72.149676614999976,7.03386839500007],[-72.111753476999979,7.0014630250000209]]]},"properties":{"OBJECTID":813,"administrador":1,"categoria":1,"codigo_tramo":"6604","nombre_ruta":"Transversal Tribuga - Arauca","nombre_tramo":"Por Defnir","ruta":"66","superficie":3,"territorial":18,"amenaza_cat":"Alta","longitud_km":92.553795026809652,"Shape_Length":0.58313802797596492}},{"type":"Feature","id":814,"geometry":{"type":"MultiLineString","coordinates":[[[-72.468140111999958,7.2646381770000517],[-72.443096305999973,7.2280469270000367],[-72.433443447999935,7.1772744920000378],[-72.426721770999961,7.1696565700000292],[-72.428204392999987,7.1794657330000291],[-72.411630706999972,7.182933710000043],[-72.403306374999943,7.1547476370000709],[-72.388087767999934,7.1469282050000515],[-72.379803238999955,7.1617260960000522],[-72.368050542999981,7.1390872200000217],[-72.373155674999964,7.1230704190000438],[-72.337714182999946,7.1221432240000695],[-72.319780268999978,7.1107963690000702],[-72.327257833999965,7.10436790600005],[-72.311534497999958,7.1093683500000679],[-72.304840801999944,7.0962450210000725],[-72.250236709999967,7.0929782350000323],[-72.255701718999944,7.070578471000033],[-72.233077208999987,7.0698666260000209],[-72.209083985999939,7.0384113490000573],[-72.196460808999973,7.0449242620000518]],[[-72.19003491999996,7.0466875810000715],[-72.178600987999971,7.0539149400000269],[-72.166806024999971,7.0457069350000552]],[[-72.163573930999974,7.0468390350000618],[-72.163572080999984,7.0468391660000407]],[[-72.161878667999986,7.0468264970000405],[-72.161297166999987,7.0452273620000483]],[[-72.161066580999943,7.0443359940000505],[-72.161036271999933,7.0424649040000418]],[[-72.161010648999934,7.042313484000033],[-72.160972071999936,7.0422120780000341]],[[-72.160956419999934,7.0421779430000697],[-72.160816772999965,7.0418940160000716]],[[-72.160510284999987,7.0415011250000248],[-72.160452025999973,7.0414500450000332]],[[-72.160422337999933,7.0414240150000751],[-72.159629252999935,7.0410892500000273]],[[-72.158487458999957,7.0408653470000218],[-72.158188587999973,7.0408288790000597]],[[-72.157622477999951,7.0406898000000524],[-72.157094441999959,7.0404779110000391]],[[-72.156799443999944,7.040060932000074],[-72.155463576999978,7.0350830550000296]],[[-72.155262146999974,7.0348855870000762],[-72.154542856999967,7.0344280390000336]],[[-72.154294335999964,7.034281447000069],[-72.153795276999972,7.034342433000063]],[[-72.152819810999972,7.0341220050000288],[-72.150519565999957,7.0340509450000468]],[[-72.149676614999976,7.03386839500007],[-72.111753476999979,7.0014630250000209]]]},"properties":{"OBJECTID":814,"administrador":1,"categoria":1,"codigo_tramo":"6604","nombre_ruta":"Transversal Tribuga - Arauca","nombre_tramo":"Por Defnir","ruta":"66","superficie":3,"territorial":18,"amenaza_cat":"Alta","longitud_km":92.553795026809652,"Shape_Length":0.58313802797596492}},{"type":"Feature","id":815,"geometry":{"type":"LineString","coordinates":[[-71.976920553999946,6.9668769090000637],[-71.87875115199995,6.9590941320000752]]},"properties":{"OBJECTID":815,"administrador":1,"categoria":1,"codigo_tramo":"6604","nombre_ruta":"Transversal Tribuga - Arauca","nombre_tramo":"Por Defnir","ruta":"66","superficie":3,"territorial":18,"amenaza_cat":"Alta","longitud_km":11.441755045351313,"Shape_Length":0.098477424351312307}},{"type":"Feature","id":816,"geometry":{"type":"LineString","coordinates":[[-71.976920553999946,6.9668769090000637],[-71.87875115199995,6.9590941320000752]]},"properties":{"OBJECTID":816,"administrador":1,"categoria":1,"codigo_tramo":"6604","nombre_ruta":"Transversal Tribuga - Arauca","nombre_tramo":"Por Defnir","ruta":"66","superficie":3,"territorial":18,"amenaza_cat":"Alta","longitud_km":11.441755045351313,"Shape_Length":0.098477424351312307}},{"type":"Feature","id":817,"geometry":{"type":"MultiLineString","coordinates":[[[-73.716142008999952,3.5289647590000754],[-73.716531392999968,3.5721895830000676]],[[-73.715224041999988,3.5143576940000685],[-73.716142008999952,3.5289647590000754]],[[-73.738408548999985,3.4847122940000759],[-73.715224041999988,3.5143576940000685]],[[-73.735923571999933,3.4664683060000243],[-73.738408548999985,3.4847122940000759]],[[-73.795910288999949,3.403093029000047],[-73.735923571999933,3.4664683060000243]]]},"properties":{"OBJECTID":817,"administrador":1,"categoria":2,"codigo_tramo":"65A02","nombre_ruta":"Troncal Villagarzon - Saravena","nombre_tramo":"Por Defnir","ruta":"65","superficie":3,"territorial":16,"amenaza_cat":"Alta","longitud_km":22.948254936436985,"Shape_Length":0.20117261650738191}},{"type":"Feature","id":818,"geometry":{"type":"MultiLineString","coordinates":[[[-73.716142008999952,3.5289647590000754],[-73.716531392999968,3.5721895830000676]],[[-73.715224041999988,3.5143576940000685],[-73.716142008999952,3.5289647590000754]],[[-73.738408548999985,3.4847122940000759],[-73.715224041999988,3.5143576940000685]],[[-73.735923571999933,3.4664683060000243],[-73.738408548999985,3.4847122940000759]],[[-73.795910288999949,3.403093029000047],[-73.735923571999933,3.4664683060000243]]]},"properties":{"OBJECTID":818,"administrador":1,"categoria":2,"codigo_tramo":"65A02","nombre_ruta":"Troncal Villagarzon - Saravena","nombre_tramo":"Por Defnir","ruta":"65","superficie":3,"territorial":16,"amenaza_cat":"Alta","longitud_km":22.948254936436985,"Shape_Length":0.20117261650738191}},{"type":"Feature","id":819,"geometry":{"type":"MultiLineString","coordinates":[[[-74.045853010999963,3.3817854400000442],[-74.041292652999971,3.3831798990000266]],[[-74.045853010999963,3.3817854400000442],[-74.041292652999971,3.3831798990000266]],[[-74.041292652999971,3.3831798990000266],[-74.018104007999966,3.3594944450000526],[-73.999220267999988,3.3570337660000291]],[[-74.267928189999964,3.2532620880000422],[-74.237261463999971,3.2629156590000434],[-74.224968255999954,3.2534286410000277],[-74.195376175999968,3.2736792400000354],[-74.178875341999969,3.2692352600000731],[-74.122067354999956,3.30176225200006],[-74.111947211999961,3.2980078340000318],[-74.096016289999966,3.3135003080000729],[-74.06005139399997,3.3159843980000687],[-74.040109950999977,3.3574835410000219],[-74.045853010999963,3.3817854400000442]]]},"properties":{"OBJECTID":819,"administrador":1,"categoria":2,"codigo_tramo":"65A02","nombre_ruta":"Troncal Villagarzon - Saravena","nombre_tramo":"Por Defnir","ruta":"65","superficie":3,"territorial":16,"amenaza_cat":"Alta","longitud_km":49.891103234556006,"Shape_Length":0.36789350602392729}},{"type":"Feature","id":820,"geometry":{"type":"MultiLineString","coordinates":[[[-74.045853010999963,3.3817854400000442],[-74.041292652999971,3.3831798990000266]],[[-74.045853010999963,3.3817854400000442],[-74.041292652999971,3.3831798990000266]],[[-74.041292652999971,3.3831798990000266],[-74.018104007999966,3.3594944450000526],[-73.999220267999988,3.3570337660000291]],[[-74.267928189999964,3.2532620880000422],[-74.237261463999971,3.2629156590000434],[-74.224968255999954,3.2534286410000277],[-74.195376175999968,3.2736792400000354],[-74.178875341999969,3.2692352600000731],[-74.122067354999956,3.30176225200006],[-74.111947211999961,3.2980078340000318],[-74.096016289999966,3.3135003080000729],[-74.06005139399997,3.3159843980000687],[-74.040109950999977,3.3574835410000219],[-74.045853010999963,3.3817854400000442]]]},"properties":{"OBJECTID":820,"administrador":1,"categoria":2,"codigo_tramo":"65A02","nombre_ruta":"Troncal Villagarzon - Saravena","nombre_tramo":"Por Defnir","ruta":"65","superficie":3,"territorial":16,"amenaza_cat":"Alta","longitud_km":49.891103234556006,"Shape_Length":0.36789350602392729}},{"type":"Feature","id":821,"geometry":{"type":"LineString","coordinates":[[-74.354040330999965,3.241264066000042],[-74.274079683999958,3.2270157850000487],[-74.267928189999964,3.2532620880000422]]},"properties":{"OBJECTID":821,"administrador":1,"categoria":2,"codigo_tramo":"65A02","nombre_ruta":"Troncal Villagarzon - Saravena","nombre_tramo":"Por Defnir","ruta":"65","superficie":3,"territorial":16,"amenaza_cat":"Alta","longitud_km":13.798649823681012,"Shape_Length":0.10817773203806187}},{"type":"Feature","id":822,"geometry":{"type":"LineString","coordinates":[[-74.354040330999965,3.241264066000042],[-74.274079683999958,3.2270157850000487],[-74.267928189999964,3.2532620880000422]]},"properties":{"OBJECTID":822,"administrador":1,"categoria":2,"codigo_tramo":"65A02","nombre_ruta":"Troncal Villagarzon - Saravena","nombre_tramo":"Por Defnir","ruta":"65","superficie":3,"territorial":16,"amenaza_cat":"Alta","longitud_km":13.798649823681012,"Shape_Length":0.10817773203806187}},{"type":"Feature","id":823,"geometry":{"type":"MultiLineString","coordinates":[[[-73.566092007999941,4.2526119400000653],[-73.555622522999954,4.2635283540000728]],[[-73.566092007999941,4.2526119400000653],[-73.566347762999953,4.252726980000034]],[[-73.566537336999943,4.2521466190000297],[-73.566092007999941,4.2526119400000653]]]},"properties":{"OBJECTID":823,"administrador":2,"categoria":1,"codigo_tramo":"65MTF","nombre_ruta":"Alternas a la Troncal Villagarzon - Saravena","nombre_tramo":"Por Defnir","ruta":"65","superficie":3,"territorial":16,"amenaza_cat":"Alta","longitud_km":1.7809260739256487,"Shape_Length":0.016049934838540308}},{"type":"Feature","id":824,"geometry":{"type":"MultiLineString","coordinates":[[[-73.566092007999941,4.2526119400000653],[-73.555622522999954,4.2635283540000728]],[[-73.566092007999941,4.2526119400000653],[-73.566347762999953,4.252726980000034]],[[-73.566537336999943,4.2521466190000297],[-73.566092007999941,4.2526119400000653]]]},"properties":{"OBJECTID":824,"administrador":2,"categoria":1,"codigo_tramo":"65MTF","nombre_ruta":"Alternas a la Troncal Villagarzon - Saravena","nombre_tramo":"Por Defnir","ruta":"65","superficie":3,"territorial":16,"amenaza_cat":"Alta","longitud_km":1.7809260739256487,"Shape_Length":0.016049934838540308}},{"type":"Feature","id":825,"geometry":{"type":"LineString","coordinates":[[-74.918111734999968,4.1647292480000715],[-74.906427119999989,4.1303244060000566]]},"properties":{"OBJECTID":825,"administrador":2,"categoria":1,"codigo_tramo":"45TLB","nombre_ruta":"Alternas a la Troncal del Magdalena","nombre_tramo":"Por Defnir","ruta":"45","superficie":3,"territorial":24,"amenaza_cat":"Alta","longitud_km":4.1298010755330017,"Shape_Length":0.036334878295430126}},{"type":"Feature","id":826,"geometry":{"type":"LineString","coordinates":[[-74.918111734999968,4.1647292480000715],[-74.906427119999989,4.1303244060000566]]},"properties":{"OBJECTID":826,"administrador":2,"categoria":1,"codigo_tramo":"45TLB","nombre_ruta":"Alternas a la Troncal del Magdalena","nombre_tramo":"Por Defnir","ruta":"45","superficie":3,"territorial":24,"amenaza_cat":"Alta","longitud_km":4.1298010755330017,"Shape_Length":0.036334878295430126}},{"type":"Feature","id":827,"geometry":{"type":"LineString","coordinates":[[-72.485799755999949,5.256679598000062],[-72.408091669999976,5.3318967020000514]]},"properties":{"OBJECTID":827,"administrador":2,"categoria":1,"codigo_tramo":"6512","nombre_ruta":"Troncal Villagarzon - Saravena","nombre_tramo":"Por Defnir","ruta":"65","superficie":3,"territorial":7,"amenaza_cat":"Alta","longitud_km":12.22594161559784,"Shape_Length":0.1081487834602146}},{"type":"Feature","id":828,"geometry":{"type":"LineString","coordinates":[[-72.485799755999949,5.256679598000062],[-72.408091669999976,5.3318967020000514]]},"properties":{"OBJECTID":828,"administrador":2,"categoria":1,"codigo_tramo":"6512","nombre_ruta":"Troncal Villagarzon - Saravena","nombre_tramo":"Por Defnir","ruta":"65","superficie":3,"territorial":7,"amenaza_cat":"Alta","longitud_km":12.22594161559784,"Shape_Length":0.1081487834602146}},{"type":"Feature","id":829,"geometry":{"type":"MultiLineString","coordinates":[[[-72.570073916999945,5.1809618060000275],[-72.529156961999945,5.1919842000000358],[-72.485799755999949,5.256679598000062]],[[-72.686630261999937,5.0109740880000686],[-72.615762531999962,5.0307812230000764],[-72.60256654899996,5.0655073670000661],[-72.605313340999942,5.1053327160000208],[-72.585941798999954,5.1229606640000611],[-72.570073916999945,5.1809618060000275]]]},"properties":{"OBJECTID":829,"administrador":2,"categoria":1,"codigo_tramo":"6512","nombre_ruta":"Troncal Villagarzon - Saravena","nombre_tramo":"Por Defnir","ruta":"65","superficie":3,"territorial":7,"amenaza_cat":"Alta","longitud_km":41.163418053112771,"Shape_Length":0.35723257057722091}},{"type":"Feature","id":830,"geometry":{"type":"MultiLineString","coordinates":[[[-72.570073916999945,5.1809618060000275],[-72.529156961999945,5.1919842000000358],[-72.485799755999949,5.256679598000062]],[[-72.686630261999937,5.0109740880000686],[-72.615762531999962,5.0307812230000764],[-72.60256654899996,5.0655073670000661],[-72.605313340999942,5.1053327160000208],[-72.585941798999954,5.1229606640000611],[-72.570073916999945,5.1809618060000275]]]},"properties":{"OBJECTID":830,"administrador":2,"categoria":1,"codigo_tramo":"6512","nombre_ruta":"Troncal Villagarzon - Saravena","nombre_tramo":"Por Defnir","ruta":"65","superficie":3,"territorial":7,"amenaza_cat":"Alta","longitud_km":41.163418053112771,"Shape_Length":0.35723257057722091}},{"type":"Feature","id":831,"geometry":{"type":"LineString","coordinates":[[-72.901032247999979,4.8857033790000628],[-72.880527073999986,4.8664689340000677],[-72.878303747999951,4.8426027180000233],[-72.844267807999984,4.8464909210000542],[-72.79588145799994,4.8173771540000416],[-72.750885987999936,4.8210455700000239],[-72.732250004999969,4.8438979450000375]]},"properties":{"OBJECTID":831,"administrador":2,"categoria":1,"codigo_tramo":"6512","nombre_ruta":"Troncal Villagarzon - Saravena","nombre_tramo":"Por Defnir","ruta":"65","superficie":3,"territorial":7,"amenaza_cat":"Alta","longitud_km":26.308747266511666,"Shape_Length":0.21744385778029129}},{"type":"Feature","id":832,"geometry":{"type":"LineString","coordinates":[[-72.901032247999979,4.8857033790000628],[-72.880527073999986,4.8664689340000677],[-72.878303747999951,4.8426027180000233],[-72.844267807999984,4.8464909210000542],[-72.79588145799994,4.8173771540000416],[-72.750885987999936,4.8210455700000239],[-72.732250004999969,4.8438979450000375]]},"properties":{"OBJECTID":832,"administrador":2,"categoria":1,"codigo_tramo":"6512","nombre_ruta":"Troncal Villagarzon - Saravena","nombre_tramo":"Por Defnir","ruta":"65","superficie":3,"territorial":7,"amenaza_cat":"Alta","longitud_km":26.308747266511666,"Shape_Length":0.21744385778029129}},{"type":"Feature","id":833,"geometry":{"type":"LineString","coordinates":[[-75.466365945999939,5.0347927060000757],[-75.428188507999948,5.0398559440000668],[-75.393892867999966,5.0254688040000701],[-75.37811213599997,5.0333473300000264],[-75.361619839999946,5.0160177900000349],[-75.342554281999981,5.0136495380000383],[-75.33359569299995,5.0190994240000464],[-75.333178481999937,5.0435176090000482]]},"properties":{"OBJECTID":833,"administrador":1,"categoria":1,"codigo_tramo":"5006","nombre_ruta":"Transversal Las Animas - Bogotá","nombre_tramo":"Por Defnir","ruta":"50","superficie":3,"territorial":5,"amenaza_cat":"Alta","longitud_km":27.364207033846139,"Shape_Length":0.17138384144254717}},{"type":"Feature","id":834,"geometry":{"type":"LineString","coordinates":[[-75.466365945999939,5.0347927060000757],[-75.428188507999948,5.0398559440000668],[-75.393892867999966,5.0254688040000701],[-75.37811213599997,5.0333473300000264],[-75.361619839999946,5.0160177900000349],[-75.342554281999981,5.0136495380000383],[-75.33359569299995,5.0190994240000464],[-75.333178481999937,5.0435176090000482]]},"properties":{"OBJECTID":834,"administrador":1,"categoria":1,"codigo_tramo":"5006","nombre_ruta":"Transversal Las Animas - Bogotá","nombre_tramo":"Por Defnir","ruta":"50","superficie":3,"territorial":5,"amenaza_cat":"Alta","longitud_km":27.364207033846139,"Shape_Length":0.17138384144254717}},{"type":"Feature","id":835,"geometry":{"type":"LineString","coordinates":[[-72.633821398999942,7.5849448210000219],[-72.633801350999988,7.5850451260000682]]},"properties":{"OBJECTID":835,"administrador":2,"categoria":1,"codigo_tramo":"5505","nombre_ruta":"Troncal Central del Norte","nombre_tramo":"Por Defnir","ruta":"55","superficie":3,"territorial":18,"amenaza_cat":"Alta","longitud_km":0.011315024778173359,"Shape_Length":0.00010228888178304939}},{"type":"Feature","id":836,"geometry":{"type":"LineString","coordinates":[[-72.633821398999942,7.5849448210000219],[-72.633801350999988,7.5850451260000682]]},"properties":{"OBJECTID":836,"administrador":2,"categoria":1,"codigo_tramo":"5505","nombre_ruta":"Troncal Central del Norte","nombre_tramo":"Por Defnir","ruta":"55","superficie":3,"territorial":18,"amenaza_cat":"Alta","longitud_km":0.011315024778173359,"Shape_Length":0.00010228888178304939}},{"type":"Feature","id":837,"geometry":{"type":"MultiLineString","coordinates":[[[-72.633801350999988,7.5850451260000682],[-72.627904948999969,7.6434126740000465],[-72.610470606999968,7.6565093760000309],[-72.604256577999934,7.6902919040000484],[-72.587691121999967,7.6970436690000383]],[[-72.63353835199996,7.5645183890000567],[-72.633821398999942,7.5849448210000219]]]},"properties":{"OBJECTID":837,"administrador":2,"categoria":1,"codigo_tramo":"5505","nombre_ruta":"Troncal Central del Norte","nombre_tramo":"Por Defnir","ruta":"55","superficie":3,"territorial":18,"amenaza_cat":"Alta","longitud_km":18.753636509654108,"Shape_Length":0.15313636611562209}},{"type":"Feature","id":838,"geometry":{"type":"MultiLineString","coordinates":[[[-72.633801350999988,7.5850451260000682],[-72.627904948999969,7.6434126740000465],[-72.610470606999968,7.6565093760000309],[-72.604256577999934,7.6902919040000484],[-72.587691121999967,7.6970436690000383]],[[-72.63353835199996,7.5645183890000567],[-72.633821398999942,7.5849448210000219]]]},"properties":{"OBJECTID":838,"administrador":2,"categoria":1,"codigo_tramo":"5505","nombre_ruta":"Troncal Central del Norte","nombre_tramo":"Por Defnir","ruta":"55","superficie":3,"territorial":18,"amenaza_cat":"Alta","longitud_km":18.753636509654108,"Shape_Length":0.15313636611562209}},{"type":"Feature","id":839,"geometry":{"type":"LineString","coordinates":[[-72.587691121999967,7.6970436690000383],[-72.531847253999956,7.7543331120000403],[-72.521083112999975,7.7989945480000529]]},"properties":{"OBJECTID":839,"administrador":2,"categoria":1,"codigo_tramo":"5505","nombre_ruta":"Troncal Central del Norte","nombre_tramo":"Por Defnir","ruta":"55","superficie":3,"territorial":18,"amenaza_cat":"Alta","longitud_km":15.408791997882179,"Shape_Length":0.12594415543815118}},{"type":"Feature","id":840,"geometry":{"type":"LineString","coordinates":[[-72.587691121999967,7.6970436690000383],[-72.531847253999956,7.7543331120000403],[-72.521083112999975,7.7989945480000529]]},"properties":{"OBJECTID":840,"administrador":2,"categoria":1,"codigo_tramo":"5505","nombre_ruta":"Troncal Central del Norte","nombre_tramo":"Por Defnir","ruta":"55","superficie":3,"territorial":18,"amenaza_cat":"Alta","longitud_km":15.408791997882179,"Shape_Length":0.12594415543815118}},{"type":"Feature","id":841,"geometry":{"type":"MultiLineString","coordinates":[[[-72.641688895999948,7.3754128000000492],[-72.628427293999948,7.3784052060000249],[-72.618388118999974,7.4165197910000416]],[[-72.643038775999969,7.3754795110000373],[-72.641688895999948,7.3754128000000492]],[[-72.645983669999964,7.3708109270000364],[-72.643038775999969,7.3754795110000373]]]},"properties":{"OBJECTID":841,"administrador":2,"categoria":1,"codigo_tramo":"5505","nombre_ruta":"Troncal Central del Norte","nombre_tramo":"Por Defnir","ruta":"55","superficie":3,"territorial":18,"amenaza_cat":"Alta","longitud_km":8.7875908383145998,"Shape_Length":0.059880885866485871}},{"type":"Feature","id":842,"geometry":{"type":"MultiLineString","coordinates":[[[-72.641688895999948,7.3754128000000492],[-72.628427293999948,7.3784052060000249],[-72.618388118999974,7.4165197910000416]],[[-72.643038775999969,7.3754795110000373],[-72.641688895999948,7.3754128000000492]],[[-72.645983669999964,7.3708109270000364],[-72.643038775999969,7.3754795110000373]]]},"properties":{"OBJECTID":842,"administrador":2,"categoria":1,"codigo_tramo":"5505","nombre_ruta":"Troncal Central del Norte","nombre_tramo":"Por Defnir","ruta":"55","superficie":3,"territorial":18,"amenaza_cat":"Alta","longitud_km":8.7875908383145998,"Shape_Length":0.059880885866485871}},{"type":"Feature","id":843,"geometry":{"type":"LineString","coordinates":[[-72.618388118999974,7.4165197910000416],[-72.636310322999975,7.4533324640000274],[-72.63353835199996,7.5645183890000567]]},"properties":{"OBJECTID":843,"administrador":2,"categoria":1,"codigo_tramo":"5505","nombre_ruta":"Troncal Central del Norte","nombre_tramo":"Por Defnir","ruta":"55","superficie":3,"territorial":18,"amenaza_cat":"Alta","longitud_km":19.222116571148504,"Shape_Length":0.15216407245549018}},{"type":"Feature","id":844,"geometry":{"type":"LineString","coordinates":[[-72.618388118999974,7.4165197910000416],[-72.636310322999975,7.4533324640000274],[-72.63353835199996,7.5645183890000567]]},"properties":{"OBJECTID":844,"administrador":2,"categoria":1,"codigo_tramo":"5505","nombre_ruta":"Troncal Central del Norte","nombre_tramo":"Por Defnir","ruta":"55","superficie":3,"territorial":18,"amenaza_cat":"Alta","longitud_km":19.222116571148504,"Shape_Length":0.15216407245549018}},{"type":"Feature","id":845,"geometry":{"type":"LineString","coordinates":[[-76.063339581999969,4.4058117260000245],[-76.063339564999978,4.4058117570000377]]},"properties":{"OBJECTID":845,"administrador":3,"categoria":1,"codigo_tramo":"25VLH","nombre_ruta":"Troncal de Occidente","nombre_tramo":"Por Defnir","ruta":"25","superficie":3,"territorial":25,"amenaza_cat":"Alta","longitud_km":3.9357337181095942e-06,"Shape_Length":3.5355346205052739e-08}},{"type":"Feature","id":846,"geometry":{"type":"LineString","coordinates":[[-76.063339581999969,4.4058117260000245],[-76.063339564999978,4.4058117570000377]]},"properties":{"OBJECTID":846,"administrador":3,"categoria":1,"codigo_tramo":"2506","nombre_ruta":"Troncal de Occidente","nombre_tramo":"Por Defnir","ruta":"25","superficie":3,"territorial":25,"amenaza_cat":"Alta","longitud_km":3.9357337181095942e-06,"Shape_Length":3.5355346205052739e-08}},{"type":"Feature","id":847,"geometry":{"type":"MultiLineString","coordinates":[[[-76.407397063999952,7.1666074750000348],[-76.407397439999954,7.1666068410000321]],[[-76.418923939999956,7.080353184000046],[-76.418923931999984,7.0803531220000764]],[[-76.392817351999952,7.0355109030000449],[-76.392816921999952,7.0355103160000567]],[[-76.384332774999962,7.0318202230000679],[-76.384332129999962,7.0318199760000653]]]},"properties":{"OBJECTID":847,"administrador":2,"categoria":1,"codigo_tramo":"6202","nombre_ruta":"Troncal de Uraba","nombre_tramo":"Por Defnir","ruta":"62","superficie":3,"territorial":1,"amenaza_cat":"Alta","longitud_km":0.0002454181273618947,"Shape_Length":2.2179472203327638e-06}},{"type":"Feature","id":848,"geometry":{"type":"MultiLineString","coordinates":[[[-76.407397063999952,7.1666074750000348],[-76.407397439999954,7.1666068410000321]],[[-76.418923939999956,7.080353184000046],[-76.418923931999984,7.0803531220000764]],[[-76.392817351999952,7.0355109030000449],[-76.392816921999952,7.0355103160000567]],[[-76.384332774999962,7.0318202230000679],[-76.384332129999962,7.0318199760000653]]]},"properties":{"OBJECTID":848,"administrador":2,"categoria":1,"codigo_tramo":"6202","nombre_ruta":"Troncal de Uraba","nombre_tramo":"Por Defnir","ruta":"62","superficie":3,"territorial":1,"amenaza_cat":"Alta","longitud_km":0.0002454181273618947,"Shape_Length":2.2179472203327638e-06}},{"type":"Feature","id":849,"geometry":{"type":"LineString","coordinates":[[-76.433374739999977,7.2203369500000463],[-76.433374731999947,7.220336451000037]]},"properties":{"OBJECTID":849,"administrador":2,"categoria":1,"codigo_tramo":"6202","nombre_ruta":"Troncal de Uraba","nombre_tramo":"Por Defnir","ruta":"62","superficie":3,"territorial":1,"amenaza_cat":"Alta","longitud_km":5.5203260144689942e-05,"Shape_Length":4.9906413391440482e-07}},{"type":"Feature","id":850,"geometry":{"type":"LineString","coordinates":[[-76.433374739999977,7.2203369500000463],[-76.433374731999947,7.220336451000037]]},"properties":{"OBJECTID":850,"administrador":2,"categoria":1,"codigo_tramo":"6202","nombre_ruta":"Troncal de Uraba","nombre_tramo":"Por Defnir","ruta":"62","superficie":3,"territorial":1,"amenaza_cat":"Alta","longitud_km":5.5203260144689942e-05,"Shape_Length":4.9906413391440482e-07}},{"type":"Feature","id":851,"geometry":{"type":"MultiLineString","coordinates":[[[-75.895312106999938,4.9079446590000657],[-75.895141585999966,4.9077990670000418]],[[-75.893175597999971,4.9060853200000452],[-75.893013321999945,4.9059422060000202]]]},"properties":{"OBJECTID":851,"administrador":2,"categoria":2,"codigo_tramo":"50RS01","nombre_ruta":"Conexión Troncal de Occidente - Transversal Las Animas - Bogotá","nombre_tramo":"Por Defnir","ruta":"50","superficie":3,"territorial":21,"amenaza_cat":"Alta","longitud_km":0.048839305645931752,"Shape_Length":0.00044058764203742555}},{"type":"Feature","id":852,"geometry":{"type":"MultiLineString","coordinates":[[[-75.895312106999938,4.9079446590000657],[-75.895141585999966,4.9077990670000418]],[[-75.893175597999971,4.9060853200000452],[-75.893013321999945,4.9059422060000202]]]},"properties":{"OBJECTID":852,"administrador":2,"categoria":2,"codigo_tramo":"50RS01","nombre_ruta":"Conexión Troncal de Occidente - Transversal Las Animas - Bogotá","nombre_tramo":"Por Defnir","ruta":"50","superficie":9.2233720368547758e+18,"territorial":21,"amenaza_cat":"Alta","longitud_km":0.048839305645931752,"Shape_Length":0.00044058764203742555}},{"type":"Feature","id":853,"geometry":{"type":"LineString","coordinates":[[-76.663629999999955,7.7424070000000711],[-76.663621999999975,7.742362000000071]]},"properties":{"OBJECTID":853,"administrador":2,"categoria":1,"codigo_tramo":"62AND","nombre_ruta":"Troncal de Uraba","nombre_tramo":"Por Defnir","ruta":"62","superficie":1,"territorial":1,"amenaza_cat":"Alta","longitud_km":0.0050695193890450824,"Shape_Length":4.5705579524642058e-05}},{"type":"Feature","id":854,"geometry":{"type":"LineString","coordinates":[[-76.663629999999955,7.7424070000000711],[-76.663621999999975,7.742362000000071]]},"properties":{"OBJECTID":854,"administrador":2,"categoria":1,"codigo_tramo":"6201","nombre_ruta":"Troncal de Uraba","nombre_tramo":"Por Defnir","ruta":"9223372036854775807","superficie":9.2233720368547758e+18,"territorial":28,"amenaza_cat":"Alta","longitud_km":0.0050695193890450824,"Shape_Length":4.5705579524642058e-05}},{"type":"Feature","id":855,"geometry":{"type":"LineString","coordinates":[[-74.876440609999975,4.164351277000037],[-74.876440593999973,4.1643512470000701]]},"properties":{"OBJECTID":855,"administrador":2,"categoria":1,"codigo_tramo":"4507","nombre_ruta":"Troncal del Magdalena","nombre_tramo":"Por Defnir","ruta":"9223372036854775807","superficie":9.2233720368547758e+18,"territorial":28,"amenaza_cat":"Alta","longitud_km":3.7589890838469963e-06,"Shape_Length":3.3999971465703089e-08}},{"type":"Feature","id":856,"geometry":{"type":"LineString","coordinates":[[-74.876440609999975,4.164351277000037],[-74.876440593999973,4.1643512470000701]]},"properties":{"OBJECTID":856,"administrador":2,"categoria":1,"codigo_tramo":"4004","nombre_ruta":"Transversal Buenaventura - Villavicencio - Puerto Carreño","nombre_tramo":"Por Defnir","ruta":"9223372036854775807","superficie":9.2233720368547758e+18,"territorial":28,"amenaza_cat":"Alta","longitud_km":3.7589890838469963e-06,"Shape_Length":3.3999971465703089e-08}},{"type":"Feature","id":857,"geometry":{"type":"LineString","coordinates":[[-76.222317527999962,6.9133457130000693],[-76.222319803999937,6.9133548540000334]]},"properties":{"OBJECTID":857,"administrador":2,"categoria":1,"codigo_tramo":"Por Defini","nombre_ruta":"Por Definir","nombre_tramo":"Por Definir","ruta":"PDef","superficie":3,"territorial":28,"amenaza_cat":"Alta","longitud_km":0.0010424342319073163,"Shape_Length":9.4200879098930759e-06}},{"type":"Feature","id":858,"geometry":{"type":"LineString","coordinates":[[-76.222317527999962,6.9133457130000693],[-76.222319803999937,6.9133548540000334]]},"properties":{"OBJECTID":858,"administrador":2,"categoria":1,"codigo_tramo":"6203","nombre_ruta":"Troncal de Uraba","nombre_tramo":"Por Defnir","ruta":"62","superficie":3,"territorial":28,"amenaza_cat":"Alta","longitud_km":0.0010424342319073163,"Shape_Length":9.4200879098930759e-06}},{"type":"Feature","id":859,"geometry":{"type":"MultiLineString","coordinates":[[[-75.601888087999953,5.7352225110000745],[-75.601924551999957,5.7352673920000257]],[[-75.601799165999978,5.7351167060000421],[-75.601839041999938,5.7351665490000414]]]},"properties":{"OBJECTID":859,"administrador":2,"categoria":4,"codigo_tramo":"25ANI","nombre_ruta":"Alternas a la Troncal de Occidente","nombre_tramo":"Por Defnir","ruta":"25","superficie":1,"territorial":28,"amenaza_cat":"Alta","longitud_km":0.013466979777606192,"Shape_Length":0.00012165788567453614}},{"type":"Feature","id":860,"geometry":{"type":"MultiLineString","coordinates":[[[-75.601888087999953,5.7352225110000745],[-75.601924551999957,5.7352673920000257]],[[-75.601799165999978,5.7351167060000421],[-75.601839041999938,5.7351665490000414]]]},"properties":{"OBJECTID":860,"administrador":2,"categoria":4,"codigo_tramo":"25ANI","nombre_ruta":"Alternas a la Troncal de Occidente","nombre_tramo":"Por Defnir","ruta":"25","superficie":1,"territorial":28,"amenaza_cat":"Alta","longitud_km":0.013466979777606192,"Shape_Length":0.00012165788567453614}},{"type":"Feature","id":861,"geometry":{"type":"MultiLineString","coordinates":[[[-75.601888087999953,5.7352225110000745],[-75.601924551999957,5.7352673920000257]],[[-75.601799165999978,5.7351167060000421],[-75.601839041999938,5.7351665490000414]]]},"properties":{"OBJECTID":861,"administrador":2,"categoria":1,"codigo_tramo":"2508","nombre_ruta":"Troncal de Occidente","nombre_tramo":"Por Defnir","ruta":"25","superficie":3,"territorial":5,"amenaza_cat":"Alta","longitud_km":0.013466979777606192,"Shape_Length":0.00012165788567453614}},{"type":"Feature","id":862,"geometry":{"type":"LineString","coordinates":[[-75.621804950999945,2.2116837410000585],[-75.621827879999955,2.2117354830000409]]},"properties":{"OBJECTID":862,"administrador":2,"categoria":1,"codigo_tramo":"4505","nombre_ruta":"Troncal del Magdalena","nombre_tramo":"Por Defnir","ruta":"45","superficie":3,"territorial":14,"amenaza_cat":"Alta","longitud_km":0.006266401809497407,"Shape_Length":5.6594819583283673e-05}},{"type":"Feature","id":863,"geometry":{"type":"LineString","coordinates":[[-75.621804950999945,2.2116837410000585],[-75.621827879999955,2.2117354830000409]]},"properties":{"OBJECTID":863,"administrador":2,"categoria":1,"codigo_tramo":"4505","nombre_ruta":"Troncal del Magdalena","nombre_tramo":"Por Defnir","ruta":"45","superficie":3,"territorial":14,"amenaza_cat":"Alta","longitud_km":0.006266401809497407,"Shape_Length":5.6594819583283673e-05}},{"type":"Feature","id":864,"geometry":{"type":"LineString","coordinates":[[-75.621804950999945,2.2116837410000585],[-75.621827879999955,2.2117354830000409]]},"properties":{"OBJECTID":864,"administrador":2,"categoria":1,"codigo_tramo":"45HLB","nombre_ruta":"Troncal del Magdalena","nombre_tramo":"Por Defnir","ruta":"45","superficie":3,"territorial":14,"amenaza_cat":"Alta","longitud_km":0.006266401809497407,"Shape_Length":5.6594819583283673e-05}}]}