{"type":"FeatureCollection","features":[{"type":"Feature","id":1,"geometry":{"type":"LineString","coordinates":[[-71.427052678999985,12.256099910000046],[-71.448570548999953,12.268887439000025]]},"properties":{"OBJECTID":1,"tipo":"Falla","nombre_falla":"Falla de Huimatirra","Shape_Length":0.025030773604921727}},{"type":"Feature","id":2,"geometry":{"type":"LineString","coordinates":[[-71.149434791999965,12.12929979200004],[-71.427052678999985,12.256099910000046]]},"properties":{"OBJECTID":2,"tipo":"Falla cubierta","nombre_falla":"Falla de Huimatirra","Shape_Length":0.30520478552468816}},{"type":"Feature","id":3,"geometry":{"type":"LineString","coordinates":[[-71.516130981999936,12.200964771000031],[-71.608743880999953,12.15962397800007],[-71.668769424999937,12.161333167000066],[-71.702492063999955,12.134918430000027]]},"properties":{"OBJECTID":3,"tipo":"Falla inversa o de cabalgamiento","nombre_falla":"Falla de Ororio","Shape_Length":0.20430720003061242}},{"type":"Feature","id":4,"geometry":{"type":"LineString","coordinates":[[-71.410974668999984,12.243977643000051],[-71.451938782999946,12.230574403000048]]},"properties":{"OBJECTID":4,"tipo":"Falla inversa o de cabalgamiento","nombre_falla":"Falla de Ororio","Shape_Length":0.043101107622653477}},{"type":"Feature","id":5,"geometry":{"type":"LineString","coordinates":[[-71.319321612999943,12.07482267000006],[-71.359863408999956,12.09511582500005],[-71.446823462999987,12.212624288000029]]},"properties":{"OBJECTID":5,"tipo":"Falla","nombre_falla":"Falla de Macuira","Shape_Length":0.19152286987068418}},{"type":"Feature","id":6,"geometry":{"type":"LineString","coordinates":[[-71.240754971999934,12.040924699000072],[-71.133330746999945,12.081064973000025]]},"properties":{"OBJECTID":6,"tipo":"Falla","nombre_falla":"Falla de Ichipá","Shape_Length":0.11467870645259039}},{"type":"Feature","id":7,"geometry":{"type":"LineString","coordinates":[[-71.312079013999949,12.065684751000049],[-71.322513394999987,12.079740447000063]]},"properties":{"OBJECTID":7,"tipo":"Falla","nombre_falla":"Falla de Macuira","Shape_Length":0.017505396222273227}},{"type":"Feature","id":8,"geometry":{"type":"LineString","coordinates":[[-71.302149296999971,12.069164096000065],[-71.312079013999949,12.065684751000049]]},"properties":{"OBJECTID":8,"tipo":"Falla","nombre_falla":"Falla de Macuira","Shape_Length":0.010521650123853072}},{"type":"Feature","id":9,"geometry":{"type":"LineString","coordinates":[[-71.251103285999989,12.045675029000051],[-71.171885988999975,12.005291172000057]]},"properties":{"OBJECTID":9,"tipo":"Falla","nombre_falla":"Falla de Macuira","Shape_Length":0.088917017776038929}},{"type":"Feature","id":10,"geometry":{"type":"LineString","coordinates":[[-71.243946449999953,12.041823669000053],[-71.264317171999949,12.040328197000065]]},"properties":{"OBJECTID":10,"tipo":"Falla","nombre_falla":null,"Shape_Length":0.020425541640403343}},{"type":"Feature","id":11,"geometry":{"type":"LineString","coordinates":[[-71.302149296999971,12.069164096000065],[-71.258318985999949,12.037594279000075]]},"properties":{"OBJECTID":11,"tipo":"Falla","nombre_falla":"Falla de Macuira","Shape_Length":0.054016196717017559}},{"type":"Feature","id":12,"geometry":{"type":"LineString","coordinates":[[-71.194427878999988,12.119415742000058],[-71.244248624999955,12.130181304000075],[-71.277639330999989,12.167071380000039],[-71.376963082999964,12.228403506000063]]},"properties":{"OBJECTID":12,"tipo":"Falla inferida","nombre_falla":"Falla de Nazareth","Shape_Length":0.21746224698022154}},{"type":"Feature","id":13,"geometry":{"type":"LineString","coordinates":[[-71.116504660999965,12.066627757000049],[-71.195506121999983,12.120774816000051]]},"properties":{"OBJECTID":13,"tipo":"Falla","nombre_falla":"Falla de Nazareth","Shape_Length":0.095776483744639054}},{"type":"Feature","id":14,"geometry":{"type":"LineString","coordinates":[[-71.429156076999959,12.191127293000022],[-71.348211714999934,12.209994514000073]]},"properties":{"OBJECTID":14,"tipo":"Falla de rumbo dextral","nombre_falla":"Falla de Simarua","Shape_Length":0.08311414902323111}},{"type":"Feature","id":15,"geometry":{"type":"LineString","coordinates":[[-71.325250743999959,12.189429090000033],[-71.402890958999933,12.154016829000057]]},"properties":{"OBJECTID":15,"tipo":"Falla inferida","nombre_falla":"Falla de Yaurama","Shape_Length":0.085334818300460608}},{"type":"Feature","id":16,"geometry":{"type":"LineString","coordinates":[[-71.318250276999947,12.158392788000072],[-71.396684255999958,12.148204271000054]]},"properties":{"OBJECTID":16,"tipo":"Falla inversa o de cabalgamiento","nombre_falla":"Falla de Litujuru","Shape_Length":0.079092951268957642}},{"type":"Feature","id":17,"geometry":{"type":"LineString","coordinates":[[-71.268182154999977,12.155827338000051],[-71.317809057999966,12.158264588000065]]},"properties":{"OBJECTID":17,"tipo":"Falla inversa o de cabalgamiento cubierta","nombre_falla":"Falla de Litujuru","Shape_Length":0.049686715417029986}},{"type":"Feature","id":18,"geometry":{"type":"LineString","coordinates":[[-71.600889760999962,12.054076222000049],[-71.636330594999947,12.104543669000066],[-71.701636100999963,12.137480637000067]]},"properties":{"OBJECTID":18,"tipo":"Falla","nombre_falla":"Falla de Narapo","Shape_Length":0.13480991946874735}},{"type":"Feature","id":19,"geometry":{"type":"LineString","coordinates":[[-71.595082427999955,12.073925895000059],[-71.46466789599998,12.163783278000039]]},"properties":{"OBJECTID":19,"tipo":"Falla de rumbo dextral","nombre_falla":"Falla de Simarua","Shape_Length":0.15837392284204374}},{"type":"Feature","id":20,"geometry":{"type":"LineString","coordinates":[[-71.581288014999984,12.071294397000031],[-71.595082427999955,12.073925895000059]]},"properties":{"OBJECTID":20,"tipo":"Falla","nombre_falla":null,"Shape_Length":0.014043169575915518}},{"type":"Feature","id":21,"geometry":{"type":"LineString","coordinates":[[-71.604792633999978,12.059443180000073],[-71.581288014999984,12.071294397000031]]},"properties":{"OBJECTID":21,"tipo":"Falla de rumbo dextral","nombre_falla":"Falla de Simarua","Shape_Length":0.026323344367973792}},{"type":"Feature","id":22,"geometry":{"type":"LineString","coordinates":[[-71.71460854999998,12.025035068000022],[-71.820559249999974,11.970739742000035],[-71.961984608999956,11.937011085000051]]},"properties":{"OBJECTID":22,"tipo":"Falla de rumbo dextral","nombre_falla":"Falla de Simarua","Shape_Length":0.26444437675018378}},{"type":"Feature","id":23,"geometry":{"type":"LineString","coordinates":[[-72.103583387999947,11.924563786000022],[-71.981140097999969,11.938103830000045],[-71.727941187999988,11.926783774000057],[-71.48182660599997,11.881893656000045],[-71.387051955999937,11.827628721000053]]},"properties":{"OBJECTID":23,"tipo":"Falla de rumbo dextral","nombre_falla":"Falla de Cuisa","Shape_Length":0.73602687848736303}},{"type":"Feature","id":24,"geometry":{"type":"LineString","coordinates":[[-72.103583387999947,11.924563786000022],[-72.216586760999974,11.92767903500004]]},"properties":{"OBJECTID":24,"tipo":"Falla de rumbo dextral cubierta","nombre_falla":"Falla de Cuisa","Shape_Length":0.11304630505113913}},{"type":"Feature","id":25,"geometry":{"type":"LineString","coordinates":[[-71.996514302999969,11.935546471000066],[-72.144893313999944,11.842379418000064]]},"properties":{"OBJECTID":25,"tipo":"Falla inversa o de cabalgamiento","nombre_falla":"Falla de Kasipoch","Shape_Length":0.17520396876222791}},{"type":"Feature","id":26,"geometry":{"type":"LineString","coordinates":[[-72.067047599999967,11.806881114000021],[-71.849768428999937,11.90585247100006],[-71.824009943999954,11.93056566000007]]},"properties":{"OBJECTID":26,"tipo":"Falla","nombre_falla":"Falla de Purarapu","Shape_Length":0.27445490369291181}},{"type":"Feature","id":27,"geometry":{"type":"LineString","coordinates":[[-71.877014419999966,11.932970373000046],[-72.004077637999956,11.893233374000033],[-72.101833863999957,11.826069542000027]]},"properties":{"OBJECTID":27,"tipo":"Falla inversa o de cabalgamiento","nombre_falla":"Falla de Santa Ana","Shape_Length":0.25173733435073181}},{"type":"Feature","id":28,"geometry":{"type":"LineString","coordinates":[[-72.195659716999955,11.861530236000021],[-72.133268584999939,11.876908798000045],[-72.095336977999978,11.924048857000059]]},"properties":{"OBJECTID":28,"tipo":"Falla","nombre_falla":null,"Shape_Length":0.12476462156854483}},{"type":"Feature","id":29,"geometry":{"type":"LineString","coordinates":[[-71.613453901999947,11.823649979000038],[-71.557298621999962,11.849824050000052],[-71.462297594999939,11.86862244100007]]},"properties":{"OBJECTID":29,"tipo":"Falla","nombre_falla":null,"Shape_Length":0.15879865005565183}},{"type":"Feature","id":30,"geometry":{"type":"LineString","coordinates":[[-71.617954873999963,11.825002416000075],[-71.613453901999947,11.823649979000038]]},"properties":{"OBJECTID":30,"tipo":"Falla","nombre_falla":null,"Shape_Length":0.0046997696522279152}},{"type":"Feature","id":31,"geometry":{"type":"LineString","coordinates":[[-71.611975210999958,11.832132533000049],[-71.617954873999963,11.825002416000075]]},"properties":{"OBJECTID":31,"tipo":"Falla","nombre_falla":null,"Shape_Length":0.0093056401191401808}},{"type":"Feature","id":32,"geometry":{"type":"LineString","coordinates":[[-71.548163636999959,11.796726209000042],[-71.732400922999943,11.83786406300004]]},"properties":{"OBJECTID":32,"tipo":"Falla","nombre_falla":"Falla de Arieru","Shape_Length":0.18877420529395733}},{"type":"Feature","id":33,"geometry":{"type":"LineString","coordinates":[[-71.816952288999971,11.829330131000063],[-71.719577862999984,11.849824050000052]]},"properties":{"OBJECTID":33,"tipo":"Falla","nombre_falla":null,"Shape_Length":0.099507685908200944}},{"type":"Feature","id":34,"geometry":{"type":"LineString","coordinates":[[-72.022932218999983,11.775216453000041],[-71.847283392999941,11.828161180000052],[-71.756168662999983,11.835922715000038]]},"properties":{"OBJECTID":34,"tipo":"Falla","nombre_falla":"Falla de Cosinas","Shape_Length":0.27489948676590137}},{"type":"Feature","id":35,"geometry":{"type":"LineString","coordinates":[[-71.751489762999938,11.833902815000044],[-71.709192705999953,11.842174611000075]]},"properties":{"OBJECTID":35,"tipo":"Falla","nombre_falla":"Falla de Cosinas","Shape_Length":0.043098302053863877}},{"type":"Feature","id":36,"geometry":{"type":"LineString","coordinates":[[-71.699294921999979,11.834102985000072],[-71.733314671999949,11.865938949000054]]},"properties":{"OBJECTID":36,"tipo":"Falla de rumbo dextral","nombre_falla":null,"Shape_Length":0.046592617375165617}},{"type":"Feature","id":37,"geometry":{"type":"LineString","coordinates":[[-71.726331437999988,11.821113564000029],[-71.758374999999944,11.837433330000067]]},"properties":{"OBJECTID":37,"tipo":"Falla","nombre_falla":null,"Shape_Length":0.035960042101490883}},{"type":"Feature","id":38,"geometry":{"type":"LineString","coordinates":[[-71.620764941999937,11.885191423000038],[-71.561054597999942,11.848509458000024]]},"properties":{"OBJECTID":38,"tipo":"Falla de rumbo dextral","nombre_falla":null,"Shape_Length":0.070077754935928452}},{"type":"Feature","id":39,"geometry":{"type":"LineString","coordinates":[[-71.652064838999934,11.847569129000021],[-71.694165633999944,11.885870966000027]]},"properties":{"OBJECTID":39,"tipo":"Falla de rumbo dextral","nombre_falla":null,"Shape_Length":0.056916672928131629}},{"type":"Feature","id":40,"geometry":{"type":"LineString","coordinates":[[-71.709192705999953,11.842174611000075],[-71.684590602999947,11.849065924000058],[-71.611975210999958,11.832132533000049]]},"properties":{"OBJECTID":40,"tipo":"Falla","nombre_falla":null,"Shape_Length":0.10011267412458799}},{"type":"Feature","id":41,"geometry":{"type":"LineString","coordinates":[[-71.437809511999944,11.839443077000055],[-71.468608323999945,11.874849771000072]]},"properties":{"OBJECTID":41,"tipo":"Falla","nombre_falla":"Falla de Cuisa","Shape_Length":0.046927612347339651}},{"type":"Feature","id":42,"geometry":{"type":"LineString","coordinates":[[-71.962091655999984,11.796216014000038],[-71.900340722999942,11.782717682000055]]},"properties":{"OBJECTID":42,"tipo":"Falla","nombre_falla":null,"Shape_Length":0.063209039647485588}},{"type":"Feature","id":43,"geometry":{"type":"LineString","coordinates":[[-71.962093317999972,11.702751994000039],[-72.132133069999952,11.830497304000062]]},"properties":{"OBJECTID":43,"tipo":"Falla normal cubierta","nombre_falla":"Falla de Orocho","Shape_Length":0.21267905747209001}},{"type":"Feature","id":44,"geometry":{"type":"LineString","coordinates":[[-72.232901756999979,11.885651238000037],[-72.211280313999964,11.868861533000029]]},"properties":{"OBJECTID":44,"tipo":"Falla normal cubierta","nombre_falla":"Falla de Orocho","Shape_Length":0.027374824043090891}},{"type":"Feature","id":45,"geometry":{"type":"LineString","coordinates":[[-72.132133069999952,11.830497304000062],[-72.211280313999964,11.868861533000029]]},"properties":{"OBJECTID":45,"tipo":"Falla normal","nombre_falla":"Falla de Orocho","Shape_Length":0.087955103885785715}},{"type":"Feature","id":46,"geometry":{"type":"LineString","coordinates":[[-72.23597958299996,11.162724734000051],[-72.331275184999981,11.192951718000074],[-72.372692049999955,11.17743172400003],[-72.561102349999942,11.184082965000073],[-72.938891653999974,11.23903105200003],[-73.140184774999966,11.241699935000042],[-73.341924856999981,11.266017566000073]]},"properties":{"OBJECTID":46,"tipo":"Falla de rumbo dextral","nombre_falla":"Falla de Oca","Shape_Length":1.1190071442062433}},{"type":"Feature","id":47,"geometry":{"type":"MultiLineString","coordinates":[[[-74.169006542999966,11.260634409000033],[-74.076716696999938,11.328467750000073]],[[-74.076532939999936,11.328539503000059],[-74.019998648999945,11.344093853000061]]]},"properties":{"OBJECTID":47,"tipo":"Falla inversa o de cabalgamiento","nombre_falla":"Falla de Florín","Shape_Length":0.1731722387994391}},{"type":"Feature","id":48,"geometry":{"type":"LineString","coordinates":[[-74.147608457999979,11.264516094000044],[-73.994517168999948,11.280767534000063],[-73.883140250999986,11.254284467000048]]},"properties":{"OBJECTID":48,"tipo":"Falla inversa o de cabalgamiento","nombre_falla":"Falla de Jordán","Shape_Length":0.26843364519013507}},{"type":"Feature","id":49,"geometry":{"type":"LineString","coordinates":[[-73.883140250999986,11.254284467000048],[-73.858472699999936,11.263665228000036]]},"properties":{"OBJECTID":49,"tipo":"Falla","nombre_falla":null,"Shape_Length":0.026391035396114617}},{"type":"Feature","id":50,"geometry":{"type":"LineString","coordinates":[[-74.215289829999961,11.24942769200004],[-74.147608457999979,11.264516094000044]]},"properties":{"OBJECTID":50,"tipo":"Falla inversa o de cabalgamiento","nombre_falla":null,"Shape_Length":0.069342829410931686}},{"type":"Feature","id":51,"geometry":{"type":"MultiLineString","coordinates":[[[-74.228176447999942,11.206649696000056],[-74.215609983999968,11.215114977000042]],[[-74.208712478999985,11.219761417000029],[-74.187904336999964,11.234550891000026]]]},"properties":{"OBJECTID":51,"tipo":"Falla cubierta","nombre_falla":null,"Shape_Length":0.040680357374435254}},{"type":"Feature","id":52,"geometry":{"type":"LineString","coordinates":[[-74.215609983999968,11.215114977000042],[-74.208712478999985,11.219761417000029]]},"properties":{"OBJECTID":52,"tipo":"Falla","nombre_falla":null,"Shape_Length":0.0083165485568403724}},{"type":"Feature","id":53,"geometry":{"type":"LineString","coordinates":[[-74.187904336999964,11.234550891000026],[-74.14759275199998,11.264429515000074]]},"properties":{"OBJECTID":53,"tipo":"Falla","nombre_falla":null,"Shape_Length":0.050177246410570919}},{"type":"Feature","id":54,"geometry":{"type":"LineString","coordinates":[[-73.894564177999939,11.249065512000072],[-73.728005306999989,11.245948484000053]]},"properties":{"OBJECTID":54,"tipo":"Falla","nombre_falla":"Falla de Buriticá","Shape_Length":0.16658803490146221}},{"type":"Feature","id":55,"geometry":{"type":"LineString","coordinates":[[-73.175325033999968,10.643468706000021],[-73.13053599899996,10.724315646000036],[-73.129251761999967,10.773715221000032]]},"properties":{"OBJECTID":55,"tipo":"Falla","nombre_falla":null,"Shape_Length":0.14184074994058307}},{"type":"Feature","id":56,"geometry":{"type":"LineString","coordinates":[[-74.041437314999939,10.364143389000049],[-74.042601281999964,10.440014229000042]]},"properties":{"OBJECTID":56,"tipo":"Falla","nombre_falla":null,"Shape_Length":0.075879767932445066}},{"type":"Feature","id":57,"geometry":{"type":"LineString","coordinates":[[-74.023846508999952,11.093569309000031],[-74.204338186999962,11.034476397000049]]},"properties":{"OBJECTID":57,"tipo":"Falla","nombre_falla":null,"Shape_Length":0.18991897766125679}},{"type":"Feature","id":58,"geometry":{"type":"LineString","coordinates":[[-74.193003616999988,10.994237312000052],[-74.206048219999957,11.036566463000042]]},"properties":{"OBJECTID":58,"tipo":"Falla de rumbo sinestral","nombre_falla":"Falla de Santa Marta","Shape_Length":0.04429355135690459}},{"type":"Feature","id":59,"geometry":{"type":"LineString","coordinates":[[-74.193003616999988,10.994237312000052],[-74.089608179999971,10.764970206000044]]},"properties":{"OBJECTID":59,"tipo":"Falla de rumbo sinestral cubierta","nombre_falla":"Falla de Santa Marta","Shape_Length":0.25150352340681803}},{"type":"Feature","id":60,"geometry":{"type":"LineString","coordinates":[[-73.979468329999975,11.16968541500006],[-73.987289125999951,11.134754937000025],[-74.023490944999935,11.097514828000044],[-74.021521208999957,11.075354423000022]]},"properties":{"OBJECTID":60,"tipo":"Falla","nombre_falla":null,"Shape_Length":0.10997954295406935}},{"type":"Feature","id":61,"geometry":{"type":"LineString","coordinates":[[-74.12686830399997,10.844662073000052],[-74.085125101999949,10.963023457000077],[-73.998490111999956,11.095184427000049],[-73.808063449999963,11.099021698000058],[-73.775902109999947,11.114111472000047],[-73.743140156999971,11.168001900000036]]},"properties":{"OBJECTID":61,"tipo":"Falla inversa o de cabalgamiento","nombre_falla":"Falla de Orihueca","Shape_Length":0.57259070978292625}},{"type":"Feature","id":62,"geometry":{"type":"LineString","coordinates":[[-73.860046318999935,11.179145849000065],[-73.710889029999976,11.168981441000028],[-73.384479139999939,11.198967572000072],[-73.357176147999951,11.215456950000032]]},"properties":{"OBJECTID":62,"tipo":"Falla","nombre_falla":"Falla de Maroma","Shape_Length":0.50918354488284101}},{"type":"Feature","id":63,"geometry":{"type":"LineString","coordinates":[[-74.145957574999954,10.939133938000055],[-74.055482888999961,11.041834354000059]]},"properties":{"OBJECTID":63,"tipo":"Falla","nombre_falla":null,"Shape_Length":0.13686871174001522}},{"type":"Feature","id":64,"geometry":{"type":"LineString","coordinates":[[-74.139127504999976,10.927353638000056],[-74.151258299999938,10.902603399000043]]},"properties":{"OBJECTID":64,"tipo":"Falla","nombre_falla":null,"Shape_Length":0.027563209499056773}},{"type":"Feature","id":65,"geometry":{"type":"LineString","coordinates":[[-74.145957574999954,10.939133938000055],[-74.131527397999946,10.917273355000077]]},"properties":{"OBJECTID":65,"tipo":"Falla","nombre_falla":null,"Shape_Length":0.026193798833893323}},{"type":"Feature","id":66,"geometry":{"type":"LineString","coordinates":[[-74.055482888999961,11.041834354000059],[-74.04910289299994,11.027244016000054]]},"properties":{"OBJECTID":66,"tipo":"Falla","nombre_falla":null,"Shape_Length":0.015924268018175081}},{"type":"Feature","id":67,"geometry":{"type":"LineString","coordinates":[[-73.635727367999948,11.107699298000057],[-73.480790893999938,11.146326640000041],[-73.269473024999968,11.223515772000042]]},"properties":{"OBJECTID":67,"tipo":"Falla de rumbo dextral","nombre_falla":"Falla de Las Vueltas","Shape_Length":0.38465322770477894}},{"type":"Feature","id":68,"geometry":{"type":"LineString","coordinates":[[-73.269473024999968,11.223515772000042],[-73.197050298999955,11.248075092000022]]},"properties":{"OBJECTID":68,"tipo":"Falla de rumbo dextral cubierta","nombre_falla":"Falla de Las Vueltas","Shape_Length":0.076473599628462979}},{"type":"Feature","id":69,"geometry":{"type":"LineString","coordinates":[[-73.787653735999982,11.033080290000044],[-73.923819872999957,10.938015689000053],[-74.000394306999965,10.817899805000025]]},"properties":{"OBJECTID":69,"tipo":"Falla","nombre_falla":"Falla de Sevilla","Shape_Length":0.30851587215713061}},{"type":"Feature","id":70,"geometry":{"type":"LineString","coordinates":[[-73.888731479999933,10.74790704000003],[-73.867490428999986,10.769297086000051]]},"properties":{"OBJECTID":70,"tipo":"Falla","nombre_falla":null,"Shape_Length":0.030144921885209917}},{"type":"Feature","id":71,"geometry":{"type":"LineString","coordinates":[[-73.447150040999986,11.163257430000044],[-73.607175844999972,11.143439472000068],[-73.672498555999937,11.113009931000022]]},"properties":{"OBJECTID":71,"tipo":"Falla","nombre_falla":null,"Shape_Length":0.23331085179615701}},{"type":"Feature","id":72,"geometry":{"type":"LineString","coordinates":[[-73.773763414999962,11.064630299000044],[-73.682178612999962,11.13111037300007],[-73.624366517999988,11.137879637000026]]},"properties":{"OBJECTID":72,"tipo":"Falla","nombre_falla":null,"Shape_Length":0.17137673388533134}},{"type":"Feature","id":73,"geometry":{"type":"LineString","coordinates":[[-73.80933719899997,10.851677592000044],[-73.806265777999954,10.940059014000042],[-73.773763414999962,11.064630299000044]]},"properties":{"OBJECTID":73,"tipo":"Falla","nombre_falla":null,"Shape_Length":0.21717640998200693}},{"type":"Feature","id":74,"geometry":{"type":"LineString","coordinates":[[-73.148468725999976,11.24250427100003],[-73.204481391999934,11.189359234000051],[-73.254623396999989,11.166014602000075],[-73.401158759999987,11.143636419000075],[-73.47597125599998,11.147807602000057]]},"properties":{"OBJECTID":74,"tipo":"Falla de rumbo dextral","nombre_falla":null,"Shape_Length":0.35568569732076805}},{"type":"Feature","id":75,"geometry":{"type":"LineString","coordinates":[[-73.672326851999969,11.132958294000048],[-73.675969718999966,11.044088829000032]]},"properties":{"OBJECTID":75,"tipo":"Falla","nombre_falla":null,"Shape_Length":0.088944096427861677}},{"type":"Feature","id":76,"geometry":{"type":"LineString","coordinates":[[-73.806265777999954,10.940059014000042],[-74.013817510999957,10.809911287000034]]},"properties":{"OBJECTID":76,"tipo":"Falla","nombre_falla":"Falla de Palomino","Shape_Length":0.24498194365008391}},{"type":"Feature","id":77,"geometry":{"type":"LineString","coordinates":[[-74.013817510999957,10.809911287000034],[-74.026427195999986,10.682597947000033]]},"properties":{"OBJECTID":77,"tipo":"Falla","nombre_falla":null,"Shape_Length":0.12793627592577378}},{"type":"Feature","id":78,"geometry":{"type":"LineString","coordinates":[[-73.804355617999988,10.946279084000025],[-73.687680695999973,11.005638366000028],[-73.471542642999964,11.046815863000063],[-73.319257666999988,11.031143351000026]]},"properties":{"OBJECTID":78,"tipo":"Falla","nombre_falla":"Falla de Palomino","Shape_Length":0.50402157006772486}},{"type":"Feature","id":79,"geometry":{"type":"LineString","coordinates":[[-74.024656454999956,10.729348691000041],[-73.97273387599995,10.782398816000068],[-73.80933719899997,10.851677592000044]]},"properties":{"OBJECTID":79,"tipo":"Falla","nombre_falla":"Falla de Mindigua","Shape_Length":0.25170801616025523}},{"type":"Feature","id":80,"geometry":{"type":"LineString","coordinates":[[-73.102748782999981,11.123411414000032],[-73.138910659999965,11.095751722000045],[-73.299616784999955,11.045313287000056],[-73.388840530999971,10.999103859000058],[-73.641990044999943,10.944426686000043],[-73.779195558999959,10.891687818000037],[-73.812507092999965,10.866357887000049]]},"properties":{"OBJECTID":80,"tipo":"Falla","nombre_falla":"Falla de San Francisco","Shape_Length":0.76227000019326829}},{"type":"Feature","id":81,"geometry":{"type":"LineString","coordinates":[[-73.371151840999971,10.872281531000056],[-73.299218184999972,10.951981769000042],[-73.18995414699998,10.980640614000038],[-73.05208734699994,11.119160804000046],[-72.985424537999961,11.154260371000021]]},"properties":{"OBJECTID":81,"tipo":"Falla","nombre_falla":null,"Shape_Length":0.49109619051885767}},{"type":"Feature","id":82,"geometry":{"type":"LineString","coordinates":[[-74.085432522999952,10.45658510100003],[-74.062722752999946,10.386113650000027],[-73.986151678999988,10.276550824000026]]},"properties":{"OBJECTID":82,"tipo":"Falla cubierta","nombre_falla":"Falla de Ariguaní","Shape_Length":0.20770828285732545}},{"type":"Feature","id":83,"geometry":{"type":"LineString","coordinates":[[-74.085432522999952,10.45658510100003],[-74.100554086999978,10.544290481000075],[-74.089079634999962,10.583124883000039]]},"properties":{"OBJECTID":83,"tipo":"Falla inversa o de cabalgamiento","nombre_falla":"Falla de Río Piedras","Shape_Length":0.12949353313743536}},{"type":"Feature","id":84,"geometry":{"type":"LineString","coordinates":[[-74.084778202999985,10.579533550000065],[-74.127791205999984,10.648948844000074],[-74.136567567999975,10.688738407000073]]},"properties":{"OBJECTID":84,"tipo":"Falla inversa o de cabalgamiento","nombre_falla":"Falla de Guamachito","Shape_Length":0.12240747275478718}},{"type":"Feature","id":85,"geometry":{"type":"LineString","coordinates":[[-74.136567567999975,10.688738407000073],[-74.094018224999957,10.772770404000028]]},"properties":{"OBJECTID":85,"tipo":"Falla cubierta","nombre_falla":"Falla de Aracataca","Shape_Length":0.094190355714019597}},{"type":"Feature","id":86,"geometry":{"type":"LineString","coordinates":[[-73.85041982499996,10.770316853000054],[-73.773816239999974,10.833946788000048],[-73.64354112999996,10.875495577000038],[-73.522596873999987,10.882413916000075],[-73.349481322999964,10.857360972000038],[-73.134233536999943,10.895828422000022],[-73.015408666999974,10.951257548000058],[-72.878592581999953,11.046297032000041]]},"properties":{"OBJECTID":86,"tipo":"Falla","nombre_falla":null,"Shape_Length":1.0487468325835021}},{"type":"Feature","id":87,"geometry":{"type":"LineString","coordinates":[[-73.915622439999936,10.745807390000039],[-73.806688551999969,10.754285959000072]]},"properties":{"OBJECTID":87,"tipo":"Falla","nombre_falla":"Falla de Cintana","Shape_Length":0.10926334283316494}},{"type":"Feature","id":88,"geometry":{"type":"LineString","coordinates":[[-74.060578420999946,10.679948393000075],[-74.03547866599996,10.603486778000047]]},"properties":{"OBJECTID":88,"tipo":"Falla","nombre_falla":null,"Shape_Length":0.080475935965180143}},{"type":"Feature","id":89,"geometry":{"type":"LineString","coordinates":[[-74.081029717999968,10.639508018000072],[-74.057583263999959,10.661289380000028]]},"properties":{"OBJECTID":89,"tipo":"Falla","nombre_falla":"Falla de Tucurinca","Shape_Length":0.032002561393545799}},{"type":"Feature","id":90,"geometry":{"type":"LineString","coordinates":[[-74.053798511999958,10.657827927000028],[-73.97541486199998,10.721377849000021],[-73.915622439999936,10.745807390000039]]},"properties":{"OBJECTID":90,"tipo":"Falla","nombre_falla":"Falla de Tucurinca","Shape_Length":0.1654993433193116}},{"type":"Feature","id":91,"geometry":{"type":"LineString","coordinates":[[-74.035089277999987,10.603179819000047],[-73.951695287999939,10.636366115000044]]},"properties":{"OBJECTID":91,"tipo":"Falla","nombre_falla":null,"Shape_Length":0.089754597711356215}},{"type":"Feature","id":92,"geometry":{"type":"LineString","coordinates":[[-73.95105530099994,10.634266078000053],[-73.857751487999963,10.674505393000061]]},"properties":{"OBJECTID":92,"tipo":"Falla","nombre_falla":null,"Shape_Length":0.10161104266763821}},{"type":"Feature","id":93,"geometry":{"type":"LineString","coordinates":[[-73.664610287999949,10.713982263000048],[-73.601156139999944,10.723837254000046]]},"properties":{"OBJECTID":93,"tipo":"Falla cubierta","nombre_falla":"Falla de Mamancanaca","Shape_Length":0.06421487168885881}},{"type":"Feature","id":94,"geometry":{"type":"LineString","coordinates":[[-73.849931320999985,10.667245164000065],[-73.737417241999935,10.680953769000041],[-73.664610287999949,10.713982263000048]]},"properties":{"OBJECTID":94,"tipo":"Falla","nombre_falla":"Falla de Mamancanaca","Shape_Length":0.19329444459257045}},{"type":"Feature","id":95,"geometry":{"type":"LineString","coordinates":[[-73.601156139999944,10.723837254000046],[-73.365783301999954,10.762499687000059],[-73.171166825999933,10.760726816000044],[-73.126785090999988,10.77471502800006]]},"properties":{"OBJECTID":95,"tipo":"Falla","nombre_falla":"Falla de Mamancanaca","Shape_Length":0.47968555690615827}},{"type":"Feature","id":96,"geometry":{"type":"LineString","coordinates":[[-73.075836766999942,10.804760444000067],[-73.025257139999951,10.832503291000023]]},"properties":{"OBJECTID":96,"tipo":"Falla cubierta","nombre_falla":null,"Shape_Length":0.057688510356232604}},{"type":"Feature","id":97,"geometry":{"type":"LineString","coordinates":[[-73.126785090999988,10.77471502800006],[-73.089618435999967,10.796633072000077]]},"properties":{"OBJECTID":97,"tipo":"Falla cubierta","nombre_falla":null,"Shape_Length":0.043148127383205254}},{"type":"Feature","id":98,"geometry":{"type":"LineString","coordinates":[[-73.089618435999967,10.796633072000077],[-73.075836766999942,10.804760444000067]]},"properties":{"OBJECTID":98,"tipo":"Falla","nombre_falla":null,"Shape_Length":0.015999642997656841}},{"type":"Feature","id":99,"geometry":{"type":"LineString","coordinates":[[-73.025257139999951,10.832503291000023],[-72.978688897999973,10.854165458000068]]},"properties":{"OBJECTID":99,"tipo":"Falla","nombre_falla":null,"Shape_Length":0.051360010145115362}},{"type":"Feature","id":100,"geometry":{"type":"LineString","coordinates":[[-73.976269186999957,10.426283076000061],[-73.946985752999979,10.59343534900006],[-73.951695287999939,10.636366115000044],[-73.992945682999959,10.707037863000039]]},"properties":{"OBJECTID":100,"tipo":"Falla","nombre_falla":"Falla de Bellavista","Shape_Length":0.29471593216631919}},{"type":"Feature","id":101,"geometry":{"type":"LineString","coordinates":[[-73.976269186999957,10.426283076000061],[-74.030591578999974,10.390773265000064]]},"properties":{"OBJECTID":101,"tipo":"Falla","nombre_falla":"Falla de Bellavista","Shape_Length":0.064898913318013771}},{"type":"Feature","id":102,"geometry":{"type":"LineString","coordinates":[[-74.025502173999939,10.336742332000028],[-73.982949499999961,10.420953084000075]]},"properties":{"OBJECTID":102,"tipo":"Falla","nombre_falla":null,"Shape_Length":0.094351368919384559}},{"type":"Feature","id":103,"geometry":{"type":"LineString","coordinates":[[-73.972338617999981,10.456333500000028],[-73.875065166999946,10.463312233000067],[-73.822182855999984,10.496952021000027],[-73.805951618999984,10.543332533000068],[-73.778880348999962,10.56688252400005]]},"properties":{"OBJECTID":103,"tipo":"Falla","nombre_falla":"Falla de Cristina","Shape_Length":0.24521838001483245}},{"type":"Feature","id":104,"geometry":{"type":"LineString","coordinates":[[-73.778880348999962,10.56688252400005],[-73.594794122999986,10.560229771000024],[-73.415767674999984,10.582677556000021],[-73.365207548999933,10.567112963000056]]},"properties":{"OBJECTID":104,"tipo":"Falla","nombre_falla":null,"Shape_Length":0.41753633587431777}},{"type":"Feature","id":105,"geometry":{"type":"LineString","coordinates":[[-73.576293908999958,10.462605522000047],[-73.511842170999955,10.499827627000059],[-73.438609460999942,10.514126803000067],[-73.392946949999953,10.579327173000024]]},"properties":{"OBJECTID":105,"tipo":"Falla","nombre_falla":"Falla de Tierra Nueva","Shape_Length":0.22864350940789019}},{"type":"Feature","id":106,"geometry":{"type":"LineString","coordinates":[[-73.388696818999961,10.578347093000048],[-73.241161010999974,10.631425794000052]]},"properties":{"OBJECTID":106,"tipo":"Falla","nombre_falla":"Falla de Río Seco","Shape_Length":0.15679337722638892}},{"type":"Feature","id":107,"geometry":{"type":"LineString","coordinates":[[-73.588596178999978,10.405137237000076],[-73.576293908999958,10.462605522000047]]},"properties":{"OBJECTID":107,"tipo":"Falla cubierta","nombre_falla":null,"Shape_Length":0.058770312471444507}},{"type":"Feature","id":108,"geometry":{"type":"LineString","coordinates":[[-73.582012087999942,10.453808825000067],[-73.620854096999949,10.564376087000028]]},"properties":{"OBJECTID":108,"tipo":"Falla","nombre_falla":null,"Shape_Length":0.11719138658333474}},{"type":"Feature","id":109,"geometry":{"type":"LineString","coordinates":[[-73.807201803999988,10.533852396000043],[-73.715020426999956,10.410739122000052]]},"properties":{"OBJECTID":109,"tipo":"Falla","nombre_falla":null,"Shape_Length":0.15379949447452251}},{"type":"Feature","id":110,"geometry":{"type":"LineString","coordinates":[[-73.902823969999986,9.9308951450000222],[-73.974222312999984,10.203269498000054]]},"properties":{"OBJECTID":110,"tipo":"Falla de rumbo sinestral cubierta","nombre_falla":"Falla de Santa Marta","Shape_Length":0.28157683064366545}},{"type":"Feature","id":111,"geometry":{"type":"LineString","coordinates":[[-73.959578808999936,10.275798396000027],[-73.899137860999986,10.333850511000037],[-73.854551310999966,10.347144019000041]]},"properties":{"OBJECTID":111,"tipo":"Falla","nombre_falla":"Falla de Ariguanicito","Shape_Length":0.13033037147366361}},{"type":"Feature","id":112,"geometry":{"type":"LineString","coordinates":[[-73.854551310999966,10.347144019000041],[-73.760772198999973,10.396699550000051],[-73.652241671999946,10.415381363000051]]},"properties":{"OBJECTID":112,"tipo":"Falla","nombre_falla":"Falla de Palmarito","Shape_Length":0.21619398074983581}},{"type":"Feature","id":113,"geometry":{"type":"LineString","coordinates":[[-73.574200030999975,10.416974004000053],[-73.437721287999977,10.387254807000033],[-73.398565725999958,10.392711224000038]]},"properties":{"OBJECTID":113,"tipo":"Falla","nombre_falla":null,"Shape_Length":0.17921096489659472}},{"type":"Feature","id":114,"geometry":{"type":"LineString","coordinates":[[-73.679449542999976,10.122781710000027],[-73.918452600999956,10.047676296000077]]},"properties":{"OBJECTID":114,"tipo":"Falla","nombre_falla":null,"Shape_Length":0.25052601650416617}},{"type":"Feature","id":115,"geometry":{"type":"LineString","coordinates":[[-73.934579997999947,10.109273884000061],[-73.87244919699998,10.17640265700004],[-73.78280536699998,10.229257229000041],[-73.668890957999963,10.264636172000053],[-73.595558453999956,10.264415133000057]]},"properties":{"OBJECTID":115,"tipo":"Falla","nombre_falla":"Falla de Maizmorocho","Shape_Length":0.3881487881776266}},{"type":"Feature","id":116,"geometry":{"type":"LineString","coordinates":[[-73.474203766999949,10.302004004000025],[-73.450592870999969,10.308683769000027]]},"properties":{"OBJECTID":116,"tipo":"Falla cubierta","nombre_falla":"Falla de Golero","Shape_Length":0.024537597078302054}},{"type":"Feature","id":117,"geometry":{"type":"LineString","coordinates":[[-73.595558453999956,10.264415133000057],[-73.474203766999949,10.302004004000025]]},"properties":{"OBJECTID":117,"tipo":"Falla","nombre_falla":"Falla de Golero","Shape_Length":0.12704284033318058}},{"type":"Feature","id":118,"geometry":{"type":"LineString","coordinates":[[-73.450592870999969,10.308683769000027],[-73.443188310999972,10.312855094000042]]},"properties":{"OBJECTID":118,"tipo":"Falla","nombre_falla":"Falla de Golero","Shape_Length":0.0084986740759557099}},{"type":"Feature","id":119,"geometry":{"type":"LineString","coordinates":[[-73.679449542999976,10.122781710000027],[-73.597540236999976,10.144543313000042]]},"properties":{"OBJECTID":119,"tipo":"Falla cubierta","nombre_falla":null,"Shape_Length":0.084750821674671323}},{"type":"Feature","id":120,"geometry":{"type":"LineString","coordinates":[[-73.974222312999984,10.203269498000054],[-73.959578808999936,10.275798396000027]]},"properties":{"OBJECTID":120,"tipo":"Falla cubierta","nombre_falla":null,"Shape_Length":0.073992386463000007}},{"type":"Feature","id":121,"geometry":{"type":"LineString","coordinates":[[-72.924392242999943,11.168879698000069],[-72.88523735299998,11.163589339000055]]},"properties":{"OBJECTID":121,"tipo":"Falla cubierta","nombre_falla":null,"Shape_Length":0.039510673358704812}},{"type":"Feature","id":122,"geometry":{"type":"LineString","coordinates":[[-72.88523735299998,11.163589339000055],[-72.818731057999969,11.159097034000069],[-72.699754465999945,11.180646496000065]]},"properties":{"OBJECTID":122,"tipo":"Falla","nombre_falla":null,"Shape_Length":0.18757024450966203}},{"type":"Feature","id":123,"geometry":{"type":"LineString","coordinates":[[-72.239694534999956,11.155914605000021],[-72.360288666999963,11.154236359000038],[-72.420435123999937,11.140920641000037],[-72.440408547999937,11.118898269000056]]},"properties":{"OBJECTID":123,"tipo":"Falla inversa o de cabalgamiento","nombre_falla":null,"Shape_Length":0.21193944112452531}},{"type":"Feature","id":124,"geometry":{"type":"LineString","coordinates":[[-72.557096347999959,11.094146360000025],[-72.507858755999962,11.099914178000063],[-72.428127837999966,11.156239432000064]]},"properties":{"OBJECTID":124,"tipo":"Falla inversa o de cabalgamiento","nombre_falla":"Falla del Piedemonte de la Sierra de Carraipía","Shape_Length":0.14719370153806571}},{"type":"Feature","id":125,"geometry":{"type":"LineString","coordinates":[[-72.557096347999959,11.094146360000025],[-72.509694742999955,11.133885072000055],[-72.496646490999979,11.167666346000033]]},"properties":{"OBJECTID":125,"tipo":"Falla inversa o de cabalgamiento","nombre_falla":"Falla del Cerrejón","Shape_Length":0.098068984073411608}},{"type":"Feature","id":126,"geometry":{"type":"LineString","coordinates":[[-72.687162217999969,11.004075302000047],[-72.557096347999959,11.094146360000025]]},"properties":{"OBJECTID":126,"tipo":"Falla inversa o de cabalgamiento","nombre_falla":"Falla de Cerrejón Oeste","Shape_Length":0.15820848911513855}},{"type":"Feature","id":127,"geometry":{"type":"LineString","coordinates":[[-72.698656895999989,11.021113931000059],[-72.67741678799996,10.98213299400004]]},"properties":{"OBJECTID":127,"tipo":"Falla","nombre_falla":null,"Shape_Length":0.044392067278426872}},{"type":"Feature","id":128,"geometry":{"type":"LineString","coordinates":[[-72.728135872999985,10.940371101000039],[-72.692556840999941,11.011323686000026]]},"properties":{"OBJECTID":128,"tipo":"Falla inversa o de cabalgamiento","nombre_falla":"Falla de Cerrejón Oeste","Shape_Length":0.079373401314548855}},{"type":"Feature","id":129,"geometry":{"type":"LineString","coordinates":[[-72.682013595999933,10.995213511000031],[-72.651080602999969,11.014725091000059]]},"properties":{"OBJECTID":129,"tipo":"Falla inversa o de cabalgamiento","nombre_falla":"Falla de Cerrejón Este","Shape_Length":0.036572555421153868}},{"type":"Feature","id":130,"geometry":{"type":"LineString","coordinates":[[-72.725106269999969,10.937750587000039],[-72.682552155999986,10.993695524000032]]},"properties":{"OBJECTID":130,"tipo":"Falla inversa o de cabalgamiento","nombre_falla":"Falla de Cerrejón Este","Shape_Length":0.070290031969381925}},{"type":"Feature","id":131,"geometry":{"type":"LineString","coordinates":[[-72.748050603999957,10.959332424000024],[-72.708554651999975,10.921962008000037]]},"properties":{"OBJECTID":131,"tipo":"Falla de rumbo dextral","nombre_falla":"Falla de Cerrejón Oeste","Shape_Length":0.054373506567049437}},{"type":"Feature","id":132,"geometry":{"type":"LineString","coordinates":[[-72.773884266999971,10.835305603000052],[-72.749158123999962,10.920819456000061],[-72.73032769699995,10.942458463000037]]},"properties":{"OBJECTID":132,"tipo":"Falla inversa o de cabalgamiento","nombre_falla":"Falla de Cerrejón Este","Shape_Length":0.11770190057592678}},{"type":"Feature","id":133,"geometry":{"type":"LineString","coordinates":[[-73.129477382999937,10.450466669000036],[-72.987406070999953,10.574590580000063],[-72.773884266999971,10.835305603000052]]},"properties":{"OBJECTID":133,"tipo":"Falla inversa o de cabalgamiento inferida","nombre_falla":null,"Shape_Length":0.52564818847888062}},{"type":"Feature","id":134,"geometry":{"type":"LineString","coordinates":[[-72.664142206999941,10.827903809000077],[-72.716296716999977,10.893389012000057]]},"properties":{"OBJECTID":134,"tipo":"Falla de rumbo dextral","nombre_falla":"Falla de Las Pavas","Shape_Length":0.083716215426239485}},{"type":"Feature","id":135,"geometry":{"type":"LineString","coordinates":[[-72.749116020999963,10.758207594000055],[-72.72903893299997,10.845246619000022],[-72.706654854999954,10.880204068000069]]},"properties":{"OBJECTID":135,"tipo":"Falla inversa o de cabalgamiento","nombre_falla":"Falla de La Yaya","Shape_Length":0.130834464773779}},{"type":"Feature","id":136,"geometry":{"type":"LineString","coordinates":[[-72.823589651999953,10.771692873000063],[-72.711751582999966,10.750611560000038]]},"properties":{"OBJECTID":136,"tipo":"Falla de rumbo dextral","nombre_falla":"Falla de Marimondas","Shape_Length":0.11380762468064606}},{"type":"Feature","id":137,"geometry":{"type":"LineString","coordinates":[[-72.821686262999947,10.711654019000036],[-72.798433090999936,10.742496016000075],[-72.759322251999947,10.760553561000052]]},"properties":{"OBJECTID":137,"tipo":"Falla inversa o de cabalgamiento","nombre_falla":"Falla de La Yaya","Shape_Length":0.081703839044814694}},{"type":"Feature","id":138,"geometry":{"type":"LineString","coordinates":[[-72.845937722999963,10.737115665000033],[-72.81828793699998,10.701782166000044],[-72.807113888999936,10.572994731000051]]},"properties":{"OBJECTID":138,"tipo":"Falla de rumbo sinestral","nombre_falla":"Falla de Capuchino","Shape_Length":0.17413737461469592}},{"type":"Feature","id":139,"geometry":{"type":"LineString","coordinates":[[-72.81224505299997,10.664150588000041],[-72.731258719999971,10.754258023000034]]},"properties":{"OBJECTID":139,"tipo":"Falla inversa o de cabalgamiento","nombre_falla":null,"Shape_Length":0.12115335725874302}},{"type":"Feature","id":140,"geometry":{"type":"LineString","coordinates":[[-72.896649059999959,10.620397401000048],[-72.855056686999944,10.683123790000025],[-72.818675088999953,10.702906810000059]]},"properties":{"OBJECTID":140,"tipo":"Falla inversa o de cabalgamiento","nombre_falla":"Falla de La Yaya","Shape_Length":0.11667546146609858}},{"type":"Feature","id":141,"geometry":{"type":"LineString","coordinates":[[-72.862765938999985,10.578960478000056],[-72.812600510999971,10.600912731000051]]},"properties":{"OBJECTID":141,"tipo":"Falla inversa o de cabalgamiento","nombre_falla":"Falla de La Colonia","Shape_Length":0.054758301454668624}},{"type":"Feature","id":142,"geometry":{"type":"LineString","coordinates":[[-72.917596733999972,10.64345757600006],[-72.825592701999938,10.543449090000024]]},"properties":{"OBJECTID":142,"tipo":"Falla de rumbo sinestral","nombre_falla":"Falla del Molino","Shape_Length":0.13589127704265125}},{"type":"Feature","id":143,"geometry":{"type":"LineString","coordinates":[[-73.010493446999988,10.530538295000042],[-72.892077149999977,10.614247173000024]]},"properties":{"OBJECTID":143,"tipo":"Falla inversa o de cabalgamiento","nombre_falla":"Falla de La Yaya","Shape_Length":0.14501584620726954}},{"type":"Feature","id":144,"geometry":{"type":"LineString","coordinates":[[-72.979169374999969,10.460742109000023],[-72.906712213999981,10.550731158000076],[-72.860190526999986,10.575731760000053]]},"properties":{"OBJECTID":144,"tipo":"Falla inversa o de cabalgamiento","nombre_falla":"Falla de La Colonia","Shape_Length":0.16834764396342}},{"type":"Feature","id":145,"geometry":{"type":"LineString","coordinates":[[-72.957503105999933,10.43101493100005],[-73.018375221999975,10.546729135000021]]},"properties":{"OBJECTID":145,"tipo":"Falla de rumbo sinestral","nombre_falla":"Falla de Marquezote","Shape_Length":0.13074858130652681}},{"type":"Feature","id":146,"geometry":{"type":"LineString","coordinates":[[-73.134910790999982,10.398296994000077],[-73.048732927999936,10.452140771000074],[-73.008108203999939,10.522926195000025]]},"properties":{"OBJECTID":146,"tipo":"Falla inversa o de cabalgamiento","nombre_falla":"Falla de La Yaya","Shape_Length":0.18323043677068854}},{"type":"Feature","id":147,"geometry":{"type":"LineString","coordinates":[[-73.161326989999964,10.381821205000051],[-73.134910790999982,10.398296994000077]]},"properties":{"OBJECTID":147,"tipo":"Falla inversa o de cabalgamiento cubierta","nombre_falla":"Falla de La Yaya","Shape_Length":0.03113305627110885}},{"type":"Feature","id":148,"geometry":{"type":"LineString","coordinates":[[-73.25016915599997,10.272648795000066],[-73.056824804999962,10.445182267000064]]},"properties":{"OBJECTID":148,"tipo":"Falla","nombre_falla":null,"Shape_Length":0.25913285593299068}},{"type":"Feature","id":149,"geometry":{"type":"LineString","coordinates":[[-72.98387041999996,10.175254805000066],[-73.004773116999957,10.297712680000075],[-73.030221366999967,10.35236962700003],[-73.006616168999983,10.432905270000049],[-72.978491932999987,10.458627318000026]]},"properties":{"OBJECTID":149,"tipo":"Falla inversa o de cabalgamiento","nombre_falla":"Falla de La Colonia","Shape_Length":0.30655664897485085}},{"type":"Feature","id":150,"geometry":{"type":"LineString","coordinates":[[-73.022732510999958,10.329339878000042],[-73.037178423999933,10.347785926000029],[-73.033099727999968,10.394544214000064],[-73.003318260999947,10.438233784000033]]},"properties":{"OBJECTID":150,"tipo":"Falla inversa o de cabalgamiento","nombre_falla":null,"Shape_Length":0.12323984848707095}},{"type":"Feature","id":151,"geometry":{"type":"LineString","coordinates":[[-73.750908584999934,10.019058925000024],[-73.902823969999986,9.9308951450000222]]},"properties":{"OBJECTID":151,"tipo":"Falla cubierta","nombre_falla":"Falla de Cesarito","Shape_Length":0.17564491539353716}},{"type":"Feature","id":152,"geometry":{"type":"LineString","coordinates":[[-73.678934375999972,10.041382103000046],[-73.709215000999961,10.034844641000063]]},"properties":{"OBJECTID":152,"tipo":"Falla cubierta","nombre_falla":"Falla de Cesarito","Shape_Length":0.030978293364728429}},{"type":"Feature","id":153,"geometry":{"type":"LineString","coordinates":[[-73.750908584999934,10.019058925000024],[-73.709215000999961,10.034844641000063]]},"properties":{"OBJECTID":153,"tipo":"Falla","nombre_falla":"Falla de Cesarito","Shape_Length":0.044581877219298849}},{"type":"Feature","id":154,"geometry":{"type":"LineString","coordinates":[[-73.656254515999933,10.052522284000077],[-73.678934375999972,10.041382103000046]]},"properties":{"OBJECTID":154,"tipo":"Falla","nombre_falla":"Falla de Cesarito","Shape_Length":0.025268155499260661}},{"type":"Feature","id":155,"geometry":{"type":"LineString","coordinates":[[-73.319249240999966,10.251251023000066],[-73.433854426999972,10.161381271000039],[-73.656254515999933,10.052522284000077]]},"properties":{"OBJECTID":155,"tipo":"Falla cubierta","nombre_falla":null,"Shape_Length":0.3932524552061355}},{"type":"Feature","id":156,"geometry":{"type":"LineString","coordinates":[[-73.25016915599997,10.272648795000066],[-73.40214378099995,10.131370364000077]]},"properties":{"OBJECTID":156,"tipo":"Falla cubierta","nombre_falla":null,"Shape_Length":0.20749911255160397}},{"type":"Feature","id":157,"geometry":{"type":"LineString","coordinates":[[-73.124908565999988,10.274004436000041],[-73.513130954999951,9.8797260360000223],[-73.556753102999949,9.8446181990000241],[-73.602984889999959,9.829558617000032]]},"properties":{"OBJECTID":157,"tipo":"Falla de rumbo sinestral cubierta","nombre_falla":"Falla de Media Luna","Shape_Length":0.65794601426038668}},{"type":"Feature","id":158,"geometry":{"type":"LineString","coordinates":[[-73.112450146999947,10.33707441200005],[-73.072706785999969,10.346961575000023]]},"properties":{"OBJECTID":158,"tipo":"Falla","nombre_falla":null,"Shape_Length":0.040954740089061935}},{"type":"Feature","id":159,"geometry":{"type":"LineString","coordinates":[[-73.246406920999959,10.240869822000036],[-73.124195361999966,10.296832089000077]]},"properties":{"OBJECTID":159,"tipo":"Falla","nombre_falla":null,"Shape_Length":0.13441517950362836}},{"type":"Feature","id":160,"geometry":{"type":"LineString","coordinates":[[-73.184635024999977,10.236058872000058],[-73.138032664999969,10.289699025000061]]},"properties":{"OBJECTID":160,"tipo":"Falla","nombre_falla":"Falla de San José","Shape_Length":0.071056639179137737}},{"type":"Feature","id":161,"geometry":{"type":"LineString","coordinates":[[-73.124195361999966,10.296832089000077],[-73.085626800999989,10.343782992000058]]},"properties":{"OBJECTID":161,"tipo":"Falla","nombre_falla":"Falla de San José","Shape_Length":0.06076118160571424}},{"type":"Feature","id":162,"geometry":{"type":"LineString","coordinates":[[-73.245147194999959,10.218729468000049],[-73.185235054999964,10.235478870000065]]},"properties":{"OBJECTID":162,"tipo":"Falla","nombre_falla":null,"Shape_Length":0.062209380215021308}},{"type":"Feature","id":163,"geometry":{"type":"LineString","coordinates":[[-73.123190298999987,10.274341717000027],[-73.077090192999947,10.318538593000028],[-73.068973588999938,10.347880016000033]]},"properties":{"OBJECTID":163,"tipo":"Falla de rumbo sinestral","nombre_falla":"Falla de Media Luna","Shape_Length":0.094307152814748926}},{"type":"Feature","id":164,"geometry":{"type":"LineString","coordinates":[[-72.98387041999996,10.175254805000066],[-72.903505776999964,10.258789570000033]]},"properties":{"OBJECTID":164,"tipo":"Lineamiento","nombre_falla":null,"Shape_Length":0.11591605931930478}},{"type":"Feature","id":165,"geometry":{"type":"LineString","coordinates":[[-72.98387041999996,10.175254805000066],[-73.125584121999964,10.090826211000035],[-73.173197449999975,10.041025780000041],[-73.234722083999941,10.016215681000062]]},"properties":{"OBJECTID":165,"tipo":"Falla","nombre_falla":"Falla de Espíritu Santo","Shape_Length":0.30019542843278857}},{"type":"Feature","id":166,"geometry":{"type":"LineString","coordinates":[[-73.235653433999971,10.014859165000075],[-73.37556587499995,9.9213368300000297]]},"properties":{"OBJECTID":166,"tipo":"Falla de rumbo dextral cubierta","nombre_falla":null,"Shape_Length":0.16829117116008563}},{"type":"Feature","id":167,"geometry":{"type":"LineString","coordinates":[[-73.180520791999982,9.8530734090000465],[-73.42890510999996,9.7359347400000615]]},"properties":{"OBJECTID":167,"tipo":"Falla cubierta","nombre_falla":"Falla de Casacará","Shape_Length":0.27462016896688829}},{"type":"Feature","id":168,"geometry":{"type":"LineString","coordinates":[[-73.18053109799996,9.8534184660000506],[-73.117338526999959,9.8977870550000375],[-73.046624086999941,10.005281681000042],[-72.95394571099996,10.050607526000022]]},"properties":{"OBJECTID":168,"tipo":"Falla de rumbo sinestral","nombre_falla":"Falla de Casacará","Shape_Length":0.30905020918748999}},{"type":"Feature","id":169,"geometry":{"type":"LineString","coordinates":[[-73.173162547999937,9.9439228430000526],[-73.313228414999969,9.8286819510000214],[-73.433197166999946,9.7772984360000237]]},"properties":{"OBJECTID":169,"tipo":"Falla cubierta","nombre_falla":null,"Shape_Length":0.31189021114812909}},{"type":"Feature","id":170,"geometry":{"type":"LineString","coordinates":[[-73.173162547999937,9.9439228430000526],[-73.106761859999949,9.9994735830000536],[-73.046624086999941,10.005281681000042]]},"properties":{"OBJECTID":170,"tipo":"Falla de rumbo sinestral","nombre_falla":"Falla de Sicarare","Shape_Length":0.14699089354819478}},{"type":"Feature","id":171,"geometry":{"type":"LineString","coordinates":[[-73.064656474999936,9.8229942810000352],[-72.974525606999975,9.8301728440000602]]},"properties":{"OBJECTID":171,"tipo":"Falla","nombre_falla":null,"Shape_Length":0.090416287986023691}},{"type":"Feature","id":172,"geometry":{"type":"LineString","coordinates":[[-73.228571830999954,9.6933633590000454],[-73.160302081999987,9.7699247380000429],[-73.064656474999936,9.8229942810000352]]},"properties":{"OBJECTID":172,"tipo":"Falla","nombre_falla":"Falla del Río Maracas","Shape_Length":0.21196093406830702}},{"type":"Feature","id":173,"geometry":{"type":"LineString","coordinates":[[-73.171337730999937,9.8046815510000442],[-73.193165735999969,9.7588376930000322],[-73.224602502999971,9.7306383220000612]]},"properties":{"OBJECTID":173,"tipo":"Falla de rumbo sinestral","nombre_falla":"Falla de Boquete","Shape_Length":0.093006408802071699}},{"type":"Feature","id":174,"geometry":{"type":"LineString","coordinates":[[-73.131074155999954,9.8887401620000333],[-73.169111722999958,9.8037116770000239]]},"properties":{"OBJECTID":174,"tipo":"Falla de rumbo sinestral","nombre_falla":"Falla de Boquete","Shape_Length":0.093148804418932682}},{"type":"Feature","id":175,"geometry":{"type":"LineString","coordinates":[[-73.19757726499995,9.815516045000038],[-73.133164634999957,9.7874117790000241]]},"properties":{"OBJECTID":175,"tipo":"Falla de rumbo dextral","nombre_falla":"Falla Hondina","Shape_Length":0.070276857292536035}},{"type":"Feature","id":176,"geometry":{"type":"LineString","coordinates":[[-73.224602502999971,9.7306383220000612],[-73.289088781999965,9.6666559830000551]]},"properties":{"OBJECTID":176,"tipo":"Falla de rumbo sinestral cubierta","nombre_falla":"Falla de Boquete","Shape_Length":0.090841729855703879}},{"type":"Feature","id":177,"geometry":{"type":"LineString","coordinates":[[-73.221047186999954,9.9665108780000651],[-73.324319987999957,9.8953529480000384]]},"properties":{"OBJECTID":177,"tipo":"Falla cubierta","nombre_falla":null,"Shape_Length":0.12541420345509069}},{"type":"Feature","id":178,"geometry":{"type":"LineString","coordinates":[[-73.12525001299997,10.022794947000023],[-73.221047186999954,9.9665108780000651]]},"properties":{"OBJECTID":178,"tipo":"Falla de rumbo sinestral","nombre_falla":"Falla de Fernambuco","Shape_Length":0.11110803287600354}},{"type":"Feature","id":179,"geometry":{"type":"LineString","coordinates":[[-73.220678883999938,9.830505113000072],[-73.236106159999963,9.7242033260000653]]},"properties":{"OBJECTID":179,"tipo":"Falla cubierta","nombre_falla":"Falla de Perijá","Shape_Length":0.1074154121352041}},{"type":"Feature","id":180,"geometry":{"type":"LineString","coordinates":[[-73.216388226999982,9.9078105700000378],[-73.230954783999948,9.8250670400000217]]},"properties":{"OBJECTID":180,"tipo":"Falla cubierta","nombre_falla":"Falla de Perijá","Shape_Length":0.08401592908310207}},{"type":"Feature","id":181,"geometry":{"type":"LineString","coordinates":[[-73.230486981999945,9.9578195760000767],[-73.234222761999945,9.8926971620000472]]},"properties":{"OBJECTID":181,"tipo":"Falla cubierta","nombre_falla":"Falla de Perijá","Shape_Length":0.065229478438813493}},{"type":"Feature","id":182,"geometry":{"type":"LineString","coordinates":[[-73.248139311999978,10.006405563000044],[-73.254134668999939,9.9371528200000512]]},"properties":{"OBJECTID":182,"tipo":"Falla cubierta","nombre_falla":"Falla de Perijá","Shape_Length":0.069511773956503375}},{"type":"Feature","id":183,"geometry":{"type":"LineString","coordinates":[[-73.023189178999985,9.7663068010000416],[-72.958680704999949,9.8503479350000589]]},"properties":{"OBJECTID":183,"tipo":"Falla inversa o de cabalgamiento","nombre_falla":"Falla de El Tigre","Shape_Length":0.10594458656213704}},{"type":"Feature","id":184,"geometry":{"type":"LineString","coordinates":[[-73.282218717999967,9.4929893090000519],[-73.277783967999937,9.5358657870000343]]},"properties":{"OBJECTID":184,"tipo":"Falla inversa o de cabalgamiento","nombre_falla":"Falla de Perijá","Shape_Length":0.043105212831463201}},{"type":"Feature","id":185,"geometry":{"type":"LineString","coordinates":[[-73.269751805999988,9.5429349810000303],[-73.244595476999962,9.6351608270000497]]},"properties":{"OBJECTID":185,"tipo":"Falla inversa o de cabalgamiento","nombre_falla":"Falla de Perijá","Shape_Length":0.095595227700847357}},{"type":"Feature","id":186,"geometry":{"type":"LineString","coordinates":[[-73.275887721999936,9.5393712480000659],[-73.30666331499998,9.5051609510000503]]},"properties":{"OBJECTID":186,"tipo":"Falla cubierta","nombre_falla":"Falla de Arenas Blancas","Shape_Length":0.046016100935798838}},{"type":"Feature","id":187,"geometry":{"type":"LineString","coordinates":[[-73.34638481199994,9.2052361250000558],[-73.319891868999946,9.3563578820000544],[-73.282430441999963,9.444216003000065],[-73.282218717999967,9.4929893090000519]]},"properties":{"OBJECTID":187,"tipo":"Falla inversa o de cabalgamiento","nombre_falla":null,"Shape_Length":0.29771146705760132}},{"type":"Feature","id":188,"geometry":{"type":"LineString","coordinates":[[-73.30666331499998,9.5051609510000503],[-73.418583453999986,9.4826410140000235],[-73.53116708899995,9.4952627210000742]]},"properties":{"OBJECTID":188,"tipo":"Falla cubierta","nombre_falla":"Falla de Arenas Blancas","Shape_Length":0.22745225939477448}},{"type":"Feature","id":189,"geometry":{"type":"LineString","coordinates":[[-73.282218717999967,9.4929893090000519],[-73.120841407999933,9.6377291650000529]]},"properties":{"OBJECTID":189,"tipo":"Falla inversa o de cabalgamiento","nombre_falla":"Falla de Arenas Blancas","Shape_Length":0.21677698701141745}},{"type":"Feature","id":190,"geometry":{"type":"LineString","coordinates":[[-73.120841407999933,9.6377291650000529],[-73.024583105999966,9.7671130910000556]]},"properties":{"OBJECTID":190,"tipo":"Falla inversa o de cabalgamiento","nombre_falla":"Falla de El Tigre","Shape_Length":0.1612633281657396}},{"type":"Feature","id":191,"geometry":{"type":"LineString","coordinates":[[-73.275887721999936,9.5393712480000659],[-73.176948089999939,9.5917507760000262]]},"properties":{"OBJECTID":191,"tipo":"Falla inversa o de cabalgamiento","nombre_falla":null,"Shape_Length":0.11194938916221669}},{"type":"Feature","id":192,"geometry":{"type":"LineString","coordinates":[[-73.366859467999973,9.4898004590000369],[-73.596071257999938,9.3511315190000346]]},"properties":{"OBJECTID":192,"tipo":"Falla cubierta","nombre_falla":null,"Shape_Length":0.26789385882418509}},{"type":"Feature","id":193,"geometry":{"type":"LineString","coordinates":[[-73.414128182999946,9.2739903610000738],[-73.419795783999973,9.3157586570000603],[-73.458426376999967,9.3674799050000388]]},"properties":{"OBJECTID":193,"tipo":"Falla inversa o de cabalgamiento","nombre_falla":"Falla del Pacho","Shape_Length":0.10670654630177823}},{"type":"Feature","id":194,"geometry":{"type":"LineString","coordinates":[[-73.402017814999965,9.3346108860000641],[-73.33507278899998,9.2665179670000271]]},"properties":{"OBJECTID":194,"tipo":"Falla","nombre_falla":null,"Shape_Length":0.09548969642890405}},{"type":"Feature","id":195,"geometry":{"type":"LineString","coordinates":[[-73.361313329999973,9.1362083090000397],[-73.379523826999957,9.1665462560000606],[-73.389536059999955,9.2585605280000323],[-73.374064313999952,9.3106379730000413]]},"properties":{"OBJECTID":195,"tipo":"Falla","nombre_falla":"Falla de Lomas Verdes","Shape_Length":0.18226830525641263}},{"type":"Feature","id":196,"geometry":{"type":"LineString","coordinates":[[-73.405692735999935,9.2689535740000224],[-73.450868725999953,9.2976026450000404]]},"properties":{"OBJECTID":196,"tipo":"Falla de rumbo dextral","nombre_falla":null,"Shape_Length":0.053494292608144964}},{"type":"Feature","id":197,"geometry":{"type":"LineString","coordinates":[[-73.634307856999953,9.1415655840000341],[-73.530177510999977,9.2299473770000304],[-73.440086057999963,9.3455593500000305]]},"properties":{"OBJECTID":197,"tipo":"Falla de rumbo dextral cubierta","nombre_falla":null,"Shape_Length":0.28315080010293775}},{"type":"Feature","id":198,"geometry":{"type":"LineString","coordinates":[[-73.498134911999955,9.1678507620000573],[-73.518574290999936,9.2437506180000355]]},"properties":{"OBJECTID":198,"tipo":"Falla inversa o de cabalgamiento cubierta","nombre_falla":"Falla de Los Llanos","Shape_Length":0.078603793513559492}},{"type":"Feature","id":199,"geometry":{"type":"LineString","coordinates":[[-73.489075816999957,8.947820542000045],[-73.476870823999946,9.0954524250000759],[-73.498134911999955,9.1678507620000573]]},"properties":{"OBJECTID":199,"tipo":"Falla inversa o de cabalgamiento","nombre_falla":"Falla de Los Saltos","Shape_Length":0.22359201001291049}},{"type":"Feature","id":200,"geometry":{"type":"LineString","coordinates":[[-73.545195593999949,8.7832726640000374],[-73.519896034999988,8.8010128610000606],[-73.521200024999985,8.8815239730000712],[-73.489075816999957,8.947820542000045]]},"properties":{"OBJECTID":200,"tipo":"Falla","nombre_falla":"Falla de Los Saltos","Shape_Length":0.18509075367384739}},{"type":"Feature","id":201,"geometry":{"type":"LineString","coordinates":[[-73.481929925999964,9.1218647230000443],[-73.622234483999989,9.0272919860000229]]},"properties":{"OBJECTID":201,"tipo":"Falla de rumbo dextral","nombre_falla":"Falla de La Raya","Shape_Length":0.16920216186342793}},{"type":"Feature","id":202,"geometry":{"type":"LineString","coordinates":[[-73.578018704999977,9.0525827140000388],[-73.56731235899997,9.0774226050000379],[-73.607513458999961,9.1544419300000754]]},"properties":{"OBJECTID":202,"tipo":"Falla inversa o de cabalgamiento","nombre_falla":"Falla de Caracolí","Shape_Length":0.11392878618614073}},{"type":"Feature","id":203,"geometry":{"type":"LineString","coordinates":[[-73.566186589999973,8.9975823280000213],[-73.585862056999986,9.0468941960000393]]},"properties":{"OBJECTID":203,"tipo":"Falla inversa o de cabalgamiento","nombre_falla":"Falla de Caracolí","Shape_Length":0.053092224735075896}},{"type":"Feature","id":204,"geometry":{"type":"LineString","coordinates":[[-73.531747463999977,9.016158024000049],[-73.633902134999971,8.9455759910000552]]},"properties":{"OBJECTID":204,"tipo":"Falla de rumbo dextral","nombre_falla":"Falla de El Piñal-Pailitas","Shape_Length":0.12416682402932434}},{"type":"Feature","id":205,"geometry":{"type":"LineString","coordinates":[[-73.518995383999936,8.8488135020000414],[-73.54451576699995,8.8850243310000678],[-73.565144330999942,8.9970959240000639]]},"properties":{"OBJECTID":205,"tipo":"Falla inversa o de cabalgamiento","nombre_falla":"Falla de Caracolí","Shape_Length":0.15825455921380818}},{"type":"Feature","id":206,"geometry":{"type":"LineString","coordinates":[[-73.636452280999947,9.0898824140000443],[-73.664228890999937,9.0709722250000482]]},"properties":{"OBJECTID":206,"tipo":"Falla de rumbo dextral cubierta","nombre_falla":null,"Shape_Length":0.033602608694967208}},{"type":"Feature","id":207,"geometry":{"type":"LineString","coordinates":[[-73.608911353999986,9.1404822090000266],[-73.612785616999986,9.1040226010000538]]},"properties":{"OBJECTID":207,"tipo":"Falla","nombre_falla":null,"Shape_Length":0.036664873234539527}},{"type":"Feature","id":208,"geometry":{"type":"LineString","coordinates":[[-73.344688179999935,9.1750020130000394],[-73.358565306999935,9.161279726000032],[-73.383448671999986,9.0110639300000344],[-73.421383076999973,8.9327087010000241],[-73.429852378999954,8.8495523480000315],[-73.463984020999987,8.8120222810000541]]},"properties":{"OBJECTID":208,"tipo":"Falla","nombre_falla":null,"Shape_Length":0.39314975289728887}},{"type":"Feature","id":209,"geometry":{"type":"LineString","coordinates":[[-73.272885104999943,9.0003823230000535],[-73.308256017999952,9.020763076000037],[-73.330116313999952,9.0537038120000375],[-73.376545541999974,9.0713246260000346]]},"properties":{"OBJECTID":209,"tipo":"Falla","nombre_falla":null,"Shape_Length":0.13001735881454732}},{"type":"Feature","id":210,"geometry":{"type":"LineString","coordinates":[[-73.392768381999986,8.9932220070000426],[-73.385492132999957,8.754950496000049],[-73.369192003999956,8.7233698630000731]]},"properties":{"OBJECTID":210,"tipo":"Falla","nombre_falla":"Falla de Las Minas","Shape_Length":0.27392172644340129}},{"type":"Feature","id":211,"geometry":{"type":"LineString","coordinates":[[-73.233401749999985,9.1733821530000341],[-73.242883377999988,9.0542426660000501],[-73.284605801999987,8.977722176000043],[-73.304837514999974,8.8997913850000714],[-73.309449752999967,8.7422493420000364],[-73.294881108999959,8.6019673050000733]]},"properties":{"OBJECTID":211,"tipo":"Falla","nombre_falla":null,"Shape_Length":0.58583226696066104}},{"type":"Feature","id":212,"geometry":{"type":"LineString","coordinates":[[-73.246806886999934,8.8013993080000432],[-73.249617741999941,8.7434685720000402],[-73.234417923999956,8.6912176860000727],[-73.252710946999969,8.5061855160000732]]},"properties":{"OBJECTID":212,"tipo":"Falla","nombre_falla":null,"Shape_Length":0.29834993375823649}},{"type":"Feature","id":213,"geometry":{"type":"LineString","coordinates":[[-73.132440526999972,9.0011304760000712],[-73.078009015999953,8.9782294460000571],[-73.029458183999964,8.9201380290000429]]},"properties":{"OBJECTID":213,"tipo":"Falla","nombre_falla":null,"Shape_Length":0.13476153903911958}},{"type":"Feature","id":214,"geometry":{"type":"LineString","coordinates":[[-73.103653366999936,8.715586303000066],[-73.066771747999951,8.7454562110000325],[-73.068690899999979,8.8141271410000286],[-73.088900765999938,8.8747282090000681],[-73.053438277999987,8.9434503120000386]]},"properties":{"OBJECTID":214,"tipo":"Falla","nombre_falla":null,"Shape_Length":0.25737252772343572}},{"type":"Feature","id":215,"geometry":{"type":"LineString","coordinates":[[-73.120745727999974,8.5789647480000326],[-73.131805066999959,8.657355907000067],[-73.103653366999936,8.715586303000066]]},"properties":{"OBJECTID":215,"tipo":"Falla","nombre_falla":"Falla de Bellavista","Shape_Length":0.14384584910254686}},{"type":"Feature","id":216,"geometry":{"type":"LineString","coordinates":[[-73.441743242999962,8.8140320190000239],[-73.425393504999988,8.7522859810000568],[-73.444575361999966,8.6595699940000372],[-73.447207317999982,8.5155281300000638]]},"properties":{"OBJECTID":216,"tipo":"Falla","nombre_falla":"Falla de Bobalí","Shape_Length":0.30261935005487228}},{"type":"Feature","id":217,"geometry":{"type":"LineString","coordinates":[[-73.235409439999955,8.5773562150000657],[-73.205648047999944,8.6080562300000452],[-73.152743834999967,8.8040781110000239],[-73.096551033999958,8.8740582990000689]]},"properties":{"OBJECTID":217,"tipo":"Falla","nombre_falla":null,"Shape_Length":0.33554222843849968}},{"type":"Feature","id":218,"geometry":{"type":"LineString","coordinates":[[-73.098327991999952,8.3475415100000419],[-73.061448466999934,8.2907653560000654]]},"properties":{"OBJECTID":218,"tipo":"Falla","nombre_falla":"Falla de San Calixto","Shape_Length":0.067702518618260918}},{"type":"Feature","id":219,"geometry":{"type":"LineString","coordinates":[[-73.033231484999988,8.6807349310000745],[-73.07225206399994,8.7352761520000399]]},"properties":{"OBJECTID":219,"tipo":"Falla","nombre_falla":"Falla de Tarra","Shape_Length":0.067062287268319559}},{"type":"Feature","id":220,"geometry":{"type":"LineString","coordinates":[[-73.261340279999956,8.5792865690000326],[-73.360013036999987,8.6211583920000407]]},"properties":{"OBJECTID":220,"tipo":"Falla","nombre_falla":null,"Shape_Length":0.10718937697053386}},{"type":"Feature","id":221,"geometry":{"type":"LineString","coordinates":[[-73.392444463999936,8.5947884630000431],[-73.420135346999984,8.5976488610000388],[-73.441346286999988,8.5800488970000401]]},"properties":{"OBJECTID":221,"tipo":"Falla","nombre_falla":null,"Shape_Length":0.055400206320550649}},{"type":"Feature","id":222,"geometry":{"type":"LineString","coordinates":[[-73.35347036099995,8.6169615580000709],[-73.398344724999959,8.589428468000051]]},"properties":{"OBJECTID":222,"tipo":"Falla","nombre_falla":null,"Shape_Length":0.052647693105723918}},{"type":"Feature","id":223,"geometry":{"type":"LineString","coordinates":[[-73.336251321999953,8.6910390110000435],[-73.316721147999942,8.6544682730000204],[-73.327317879999953,8.6124021110000513]]},"properties":{"OBJECTID":223,"tipo":"Falla","nombre_falla":null,"Shape_Length":0.084839300946351309}},{"type":"Feature","id":224,"geometry":{"type":"LineString","coordinates":[[-73.354881904999957,8.694019289000039],[-73.310460267999986,8.7059388730000364]]},"properties":{"OBJECTID":224,"tipo":"Falla","nombre_falla":null,"Shape_Length":0.045993024650376843}},{"type":"Feature","id":225,"geometry":{"type":"LineString","coordinates":[[-73.346614574999933,8.6977085880000686],[-73.375271891999944,8.7476202710000734]]},"properties":{"OBJECTID":225,"tipo":"Falla","nombre_falla":null,"Shape_Length":0.057553609074775601}},{"type":"Feature","id":226,"geometry":{"type":"LineString","coordinates":[[-73.358998625999959,8.7210621030000652],[-73.39616276199996,8.7345703640000352]]},"properties":{"OBJECTID":226,"tipo":"Falla","nombre_falla":null,"Shape_Length":0.039542965491600357}},{"type":"Feature","id":227,"geometry":{"type":"LineString","coordinates":[[-73.452761178999936,8.8167890250000482],[-73.415052580999941,8.7962114380000571]]},"properties":{"OBJECTID":227,"tipo":"Falla","nombre_falla":null,"Shape_Length":0.042957833393543123}},{"type":"Feature","id":228,"geometry":{"type":"LineString","coordinates":[[-73.238416684999947,8.7948191120000274],[-73.251666987999954,8.8054294280000249]]},"properties":{"OBJECTID":228,"tipo":"Falla","nombre_falla":null,"Shape_Length":0.016974962009141219}},{"type":"Feature","id":229,"geometry":{"type":"LineString","coordinates":[[-74.248316729999942,10.55690904100004],[-74.200187469999946,10.48186200300006]]},"properties":{"OBJECTID":229,"tipo":"Falla de rumbo sinestral cubierta","nombre_falla":"Falla de Algarrobo","Shape_Length":0.089154268438014883}},{"type":"Feature","id":230,"geometry":{"type":"LineString","coordinates":[[-74.200186146999954,10.48132712000006],[-74.142997289999983,10.354604240000072]]},"properties":{"OBJECTID":230,"tipo":"Falla de rumbo sinestral","nombre_falla":"Falla de Algarrobo","Shape_Length":0.13902968632797333}},{"type":"Feature","id":231,"geometry":{"type":"LineString","coordinates":[[-74.142997289999983,10.354604240000072],[-74.100878236999961,10.093589540000039],[-73.884041271999934,9.7004305340000769],[-73.85014756299995,9.5221974200000545],[-73.781555606999973,9.3089113250000537]]},"properties":{"OBJECTID":231,"tipo":"Falla de rumbo sinestral cubierta","nombre_falla":"Falla de Algarrobo","Shape_Length":1.118852865469391}},{"type":"Feature","id":232,"geometry":{"type":"LineString","coordinates":[[-74.183759501999987,10.440715883000053],[-74.190799012999946,10.258223387000044]]},"properties":{"OBJECTID":232,"tipo":"Falla inversa o de cabalgamiento","nombre_falla":"Falla de Macondo","Shape_Length":0.18262821745675509}},{"type":"Feature","id":233,"geometry":{"type":"LineString","coordinates":[[-74.248148808999986,9.9592915950000247],[-74.277128233999974,9.8131575810000413]]},"properties":{"OBJECTID":233,"tipo":"Falla inversa o de cabalgamiento","nombre_falla":"Falla de Macondo","Shape_Length":0.1489797205027493}},{"type":"Feature","id":234,"geometry":{"type":"LineString","coordinates":[[-74.367086040999936,10.150363377000076],[-74.55636194799996,10.022651390000021]]},"properties":{"OBJECTID":234,"tipo":"Falla de rumbo dextral cubierta","nombre_falla":"Falla de Manantial","Shape_Length":0.22833247818517585}},{"type":"Feature","id":235,"geometry":{"type":"LineString","coordinates":[[-74.194398861999957,10.256146024000032],[-74.239195816999938,10.131764417000056]]},"properties":{"OBJECTID":235,"tipo":"Falla inversa o de cabalgamiento","nombre_falla":"Falla de Macondo","Shape_Length":0.13220269035525195}},{"type":"Feature","id":236,"geometry":{"type":"LineString","coordinates":[[-74.242510428999935,10.024150586000076],[-74.243624233999981,10.006413436000059]]},"properties":{"OBJECTID":236,"tipo":"Falla inversa o de cabalgamiento cubierta","nombre_falla":"Falla de Macondo","Shape_Length":0.017772086306936628}},{"type":"Feature","id":237,"geometry":{"type":"LineString","coordinates":[[-74.244235451999941,9.9966799050000645],[-74.248148808999986,9.9592915950000247]]},"properties":{"OBJECTID":237,"tipo":"Falla inversa o de cabalgamiento cubierta","nombre_falla":"Falla de Macondo","Shape_Length":0.0375925536199508}},{"type":"Feature","id":238,"geometry":{"type":"LineString","coordinates":[[-74.239195816999938,10.131764417000056],[-74.241778024999974,10.035813988000029]]},"properties":{"OBJECTID":238,"tipo":"Falla inversa o de cabalgamiento cubierta","nombre_falla":"Falla de Macondo","Shape_Length":0.095985168768120799}},{"type":"Feature","id":239,"geometry":{"type":"LineString","coordinates":[[-74.181498619999957,10.263373348000073],[-74.367086040999936,10.150363377000076]]},"properties":{"OBJECTID":239,"tipo":"Falla de rumbo dextral","nombre_falla":"Falla de Manantial","Shape_Length":0.21728769955716273}},{"type":"Feature","id":240,"geometry":{"type":"LineString","coordinates":[[-73.508017396999946,8.6670809160000317],[-73.531111604999978,8.5718665050000595]]},"properties":{"OBJECTID":240,"tipo":"Falla inversa o de cabalgamiento","nombre_falla":null,"Shape_Length":0.097975132075544341}},{"type":"Feature","id":241,"geometry":{"type":"LineString","coordinates":[[-73.572901550999973,8.5144297150000625],[-73.561268465999945,8.7217723350000256]]},"properties":{"OBJECTID":241,"tipo":"Falla inversa o de cabalgamiento","nombre_falla":"Falla de Punta Brava","Shape_Length":0.20766870427454148}},{"type":"Feature","id":242,"geometry":{"type":"LineString","coordinates":[[-73.567908821999936,8.7117422860000602],[-73.535777224999947,8.7516124020000348]]},"properties":{"OBJECTID":242,"tipo":"Falla inversa o de cabalgamiento","nombre_falla":"Falla de Punta Brava","Shape_Length":0.051206109748946085}},{"type":"Feature","id":243,"geometry":{"type":"LineString","coordinates":[[-73.603251949999958,8.9734384340000588],[-73.558039399999984,8.8204689600000279]]},"properties":{"OBJECTID":243,"tipo":"Falla inversa o de cabalgamiento","nombre_falla":"Falla de Bolazul","Shape_Length":0.15951123676201079}},{"type":"Feature","id":244,"geometry":{"type":"LineString","coordinates":[[-73.610135173999936,8.9684690440000736],[-73.462357269999984,8.5584188850000373],[-73.435588318999976,8.4077665790000538],[-73.383598690999975,8.2424538040000357],[-73.279911647999938,7.9840708550000272],[-73.279474229999948,7.924298545000056],[-73.309991562999983,7.8175576280000314]]},"properties":{"OBJECTID":244,"tipo":"Falla de rumbo sinestral","nombre_falla":"Falla de Algarrobo","Shape_Length":1.2113763436322396}},{"type":"Feature","id":245,"geometry":{"type":"LineString","coordinates":[[-73.623599654999964,8.9559383930000536],[-73.639649304999978,8.8592952150000315],[-73.639180931999988,8.7342535100000305]]},"properties":{"OBJECTID":245,"tipo":"Falla de rumbo sinestral","nombre_falla":null,"Shape_Length":0.22300938840772766}},{"type":"Feature","id":246,"geometry":{"type":"LineString","coordinates":[[-73.664964492999957,8.7111194910000336],[-73.624380216999953,8.7505235360000597],[-73.569624369999985,8.8495137580000574]]},"properties":{"OBJECTID":246,"tipo":"Falla inversa o de cabalgamiento","nombre_falla":"Falla de Pan de Azúcar","Shape_Length":0.16969144610099685}},{"type":"Feature","id":247,"geometry":{"type":"LineString","coordinates":[[-73.697713529999987,8.6859036030000425],[-73.664964492999957,8.7111194910000336]]},"properties":{"OBJECTID":247,"tipo":"Falla inversa o de cabalgamiento cubierta","nombre_falla":"Falla de Pan de Azúcar","Shape_Length":0.041332075099823645}},{"type":"Feature","id":248,"geometry":{"type":"LineString","coordinates":[[-73.700273530999937,8.6927537330000746],[-73.624080367999966,8.5718695310000612]]},"properties":{"OBJECTID":248,"tipo":"Falla cubierta","nombre_falla":"Falla de Tamalameque","Shape_Length":0.14289292628090502}},{"type":"Feature","id":249,"geometry":{"type":"LineString","coordinates":[[-73.674543310999979,8.6432227310000371],[-73.567949939999949,8.8042024150000771]]},"properties":{"OBJECTID":249,"tipo":"Falla cubierta","nombre_falla":"Falla de Singararé","Shape_Length":0.19307150333983245}},{"type":"Feature","id":250,"geometry":{"type":"LineString","coordinates":[[-73.567949939999949,8.8042024150000771],[-73.556789743999957,8.8178582640000513]]},"properties":{"OBJECTID":250,"tipo":"Falla","nombre_falla":"Falla de Singararé","Shape_Length":0.017636104634196525}},{"type":"Feature","id":251,"geometry":{"type":"LineString","coordinates":[[-73.613824008999984,8.6160231740000768],[-73.583986720999974,8.6630898190000494],[-73.579795419999982,8.7400184960000615]]},"properties":{"OBJECTID":251,"tipo":"Falla","nombre_falla":"Falla del Carmen","Shape_Length":0.13277007733836138}},{"type":"Feature","id":252,"geometry":{"type":"LineString","coordinates":[[-73.635332674999972,8.5896915120000585],[-73.613824008999984,8.6160231740000768]]},"properties":{"OBJECTID":252,"tipo":"Falla cubierta","nombre_falla":"Falla del Carmen","Shape_Length":0.033999693186590074}},{"type":"Feature","id":253,"geometry":{"type":"LineString","coordinates":[[-73.605534900999942,8.9721552980000752],[-73.636826060999965,9.0430873960000326]]},"properties":{"OBJECTID":253,"tipo":"Falla inversa o de cabalgamiento","nombre_falla":null,"Shape_Length":0.077527409480922529}},{"type":"Feature","id":254,"geometry":{"type":"LineString","coordinates":[[-73.640277567999988,9.0875378240000373],[-73.652000943999951,9.131351832000064]]},"properties":{"OBJECTID":254,"tipo":"Falla inversa o de cabalgamiento cubierta","nombre_falla":null,"Shape_Length":0.045355317680101426}},{"type":"Feature","id":255,"geometry":{"type":"LineString","coordinates":[[-73.775088477999986,9.2955066500000498],[-73.721078889999944,9.192165674000023]]},"properties":{"OBJECTID":255,"tipo":"Falla de rumbo sinestral cubierta","nombre_falla":"Falla de Saloa-El Silencio","Shape_Length":0.11660357162871304}},{"type":"Feature","id":256,"geometry":{"type":"LineString","coordinates":[[-73.651771474999975,9.0490707300000395],[-73.615651772999968,8.9627756380000392]]},"properties":{"OBJECTID":256,"tipo":"Falla inversa o de cabalgamiento","nombre_falla":null,"Shape_Length":0.093549322690535147}},{"type":"Feature","id":257,"geometry":{"type":"LineString","coordinates":[[-73.71591931599994,9.1649777700000641],[-73.670146557999942,9.0826618360000566]]},"properties":{"OBJECTID":257,"tipo":"Falla","nombre_falla":null,"Shape_Length":0.094186296058503066}},{"type":"Feature","id":258,"geometry":{"type":"LineString","coordinates":[[-72.986481267999977,8.9207997790000491],[-72.880267757999945,9.1325467450000701]]},"properties":{"OBJECTID":258,"tipo":"Falla inversa o de cabalgamiento","nombre_falla":"Falla de San Lucas","Shape_Length":0.23689256492499072}},{"type":"Feature","id":259,"geometry":{"type":"LineString","coordinates":[[-72.983676521999939,8.9154336940000576],[-72.928118654999935,8.7246398370000406]]},"properties":{"OBJECTID":259,"tipo":"Falla inversa o de cabalgamiento cubierta","nombre_falla":"Falla de Catatumbo","Shape_Length":0.19871832440550896}},{"type":"Feature","id":260,"geometry":{"type":"LineString","coordinates":[[-72.928118654999935,8.7246398370000406],[-72.915655097999945,8.6042865650000522],[-72.932728124999983,8.5547953560000565],[-72.920398778999981,8.5206976260000715],[-72.919273745999988,8.4034388240000339],[-72.893796436999935,8.3396234790000676],[-72.887849332999963,8.2627206780000506]]},"properties":{"OBJECTID":260,"tipo":"Falla inversa o de cabalgamiento","nombre_falla":"Falla de Catatumbo","Shape_Length":0.47271827279251954}},{"type":"Feature","id":261,"geometry":{"type":"LineString","coordinates":[[-74.365926386999945,8.5718936780000377],[-74.348204867999982,8.6642503520000673],[-74.246302239999977,8.9382763980000277]]},"properties":{"OBJECTID":261,"tipo":"Falla inversa o de cabalgamiento inferida","nombre_falla":"Falla de Palestina (lineamiento geomagnético)","Shape_Length":0.38640160522070827}},{"type":"Feature","id":262,"geometry":{"type":"LineString","coordinates":[[-73.748073390999934,9.0749384300000315],[-73.800352437999948,9.0392523710000319],[-74.080599517999985,8.9432242760000236],[-74.161951764999969,8.8801736620000611],[-74.235454965999963,8.7941690460000359]]},"properties":{"OBJECTID":262,"tipo":"Falla de rumbo dextral cubierta","nombre_falla":"Falla de Curumaní","Shape_Length":0.57560049916339284}},{"type":"Feature","id":263,"geometry":{"type":"LineString","coordinates":[[-73.748073390999934,9.0749384300000315],[-73.685630425999989,9.1121794030000274]]},"properties":{"OBJECTID":263,"tipo":"Falla de rumbo dextral","nombre_falla":"Falla de Curumaní","Shape_Length":0.072704978838940962}},{"type":"Feature","id":264,"geometry":{"type":"LineString","coordinates":[[-74.088263653999945,8.7022484410000516],[-74.008732243999987,8.8264895410000577]]},"properties":{"OBJECTID":264,"tipo":"Falla de rumbo dextral","nombre_falla":"Falla de Playitas","Shape_Length":0.14751642656257993}},{"type":"Feature","id":265,"geometry":{"type":"MultiLineString","coordinates":[[[-74.008732243999987,8.8264895410000577],[-73.987778039999966,8.8511936860000446]],[[-73.987836191999975,8.8511154430000261],[-73.987778039999966,8.8511936860000446]],[[-73.987778039999966,8.8511936860000446],[-73.903526965999959,8.9523078670000586],[-73.810715112999958,9.0350376310000229]]]},"properties":{"OBJECTID":265,"tipo":"Falla de rumbo dextral cubierta","nombre_falla":"Falla de Playitas","Shape_Length":0.28843703623131878}},{"type":"Feature","id":266,"geometry":{"type":"LineString","coordinates":[[-74.256056702999956,8.5648781620000705],[-74.157157188999975,8.6381321370000705],[-73.976791507999963,8.8155750210000292]]},"properties":{"OBJECTID":266,"tipo":"Falla de rumbo dextral","nombre_falla":"Falla de Mejía","Shape_Length":0.37609150375601041}},{"type":"Feature","id":267,"geometry":{"type":"LineString","coordinates":[[-73.976791507999963,8.8155750210000292],[-73.882551063999983,8.9098341300000357],[-73.775102100999959,8.9899270160000242]]},"properties":{"OBJECTID":267,"tipo":"Falla de rumbo dextral cubierta","nombre_falla":"Falla de Mejía-Las Vegas","Shape_Length":0.26730479715059252}},{"type":"Feature","id":268,"geometry":{"type":"LineString","coordinates":[[-73.775102100999959,8.9899270160000242],[-73.730990271999985,9.0074275220000573],[-73.663277613999981,9.0692997770000261]]},"properties":{"OBJECTID":268,"tipo":"Falla de rumbo dextral","nombre_falla":"Falla de Mejía-Las Vegas","Shape_Length":0.13917990717787149}},{"type":"Feature","id":269,"geometry":{"type":"LineString","coordinates":[[-74.283067613999947,8.5726323950000278],[-74.230705401999955,8.6018772400000216]]},"properties":{"OBJECTID":269,"tipo":"Falla de rumbo dextral cubierta","nombre_falla":"Falla de Quebrada Naranja","Shape_Length":0.059975513375090848}},{"type":"Feature","id":270,"geometry":{"type":"LineString","coordinates":[[-74.230705401999955,8.6018772400000216],[-74.150837286999945,8.6538407280000342]]},"properties":{"OBJECTID":270,"tipo":"Falla de rumbo dextral","nombre_falla":"Falla de Quebrada Naranja","Shape_Length":0.095284415718323967}},{"type":"Feature","id":271,"geometry":{"type":"LineString","coordinates":[[-74.994248275999951,10.879295055000057],[-74.953586177999966,10.924735274000057],[-74.90340400499997,10.951815033000059]]},"properties":{"OBJECTID":271,"tipo":"Falla","nombre_falla":"Falla de Mirador","Shape_Length":0.11799969187398174}},{"type":"Feature","id":272,"geometry":{"type":"LineString","coordinates":[[-75.071093766999979,10.687532815000054],[-75.05883279699998,10.724923284000056],[-75.058345096999972,10.889936316000046]]},"properties":{"OBJECTID":272,"tipo":"Falla inversa o de cabalgamiento","nombre_falla":"Falla de Juan de Acosta","Shape_Length":0.20436319434299427}},{"type":"Feature","id":273,"geometry":{"type":"LineString","coordinates":[[-75.04512310399997,10.669192136000049],[-75.080937870999946,10.693822706000049]]},"properties":{"OBJECTID":273,"tipo":"Falla de rumbo sinestral cubierta","nombre_falla":"Falla de Hibácharo","Shape_Length":0.043466797832224596}},{"type":"Feature","id":274,"geometry":{"type":"LineString","coordinates":[[-75.143777091999937,10.720451898000022],[-75.192224173999989,10.768433006000066]]},"properties":{"OBJECTID":274,"tipo":"Falla de rumbo sinestral cubierta","nombre_falla":"Falla de Hibácharo","Shape_Length":0.068185823154316622}},{"type":"Feature","id":275,"geometry":{"type":"LineString","coordinates":[[-75.080937870999946,10.693822706000049],[-75.143777091999937,10.720451898000022]]},"properties":{"OBJECTID":275,"tipo":"Falla de rumbo sinestral","nombre_falla":"Falla de Hibácharo","Shape_Length":0.068248674437362031}},{"type":"Feature","id":276,"geometry":{"type":"LineString","coordinates":[[-75.192224173999989,10.768433006000066],[-75.211297291999983,10.789686543000073]]},"properties":{"OBJECTID":276,"tipo":"Falla de rumbo sinestral","nombre_falla":"Falla de Hibácharo","Shape_Length":0.02855690223487781}},{"type":"Feature","id":277,"geometry":{"type":"LineString","coordinates":[[-75.108615345999965,10.670613047000074],[-75.143863909999936,10.52373284500004]]},"properties":{"OBJECTID":277,"tipo":"Falla inversa o de cabalgamiento","nombre_falla":"Falla de Henequén","Shape_Length":0.15105050481091034}},{"type":"Feature","id":278,"geometry":{"type":"LineString","coordinates":[[-75.258932861999938,10.501432623000028],[-75.198530066999979,10.562902439000027],[-75.120415623999975,10.680503381000051]]},"properties":{"OBJECTID":278,"tipo":"Falla inversa o de cabalgamiento","nombre_falla":null,"Shape_Length":0.22736044858866683}},{"type":"Feature","id":279,"geometry":{"type":"LineString","coordinates":[[-75.253771246999975,10.618454166000049],[-75.233265157999938,10.766236108000044]]},"properties":{"OBJECTID":279,"tipo":"Falla inversa o de cabalgamiento cubierta","nombre_falla":"Falla de Villanueva El Totumo","Shape_Length":0.14919786214073982}},{"type":"Feature","id":280,"geometry":{"type":"LineString","coordinates":[[-75.272026882999967,10.252330688000029],[-75.252296667999985,10.291977489000033],[-75.265352775999986,10.539432964000071],[-75.253771246999975,10.618454166000049]]},"properties":{"OBJECTID":280,"tipo":"Falla inversa o de cabalgamiento","nombre_falla":"Falla de Villanueva El Totumo","Shape_Length":0.37194994124504782}},{"type":"Feature","id":281,"geometry":{"type":"LineString","coordinates":[[-75.543919699999947,9.9113961420000578],[-75.484538201999953,9.9881066110000347]]},"properties":{"OBJECTID":281,"tipo":"Falla inversa o de cabalgamiento","nombre_falla":"Falla de Villanueva El Totumo","Shape_Length":0.097008547865224934}},{"type":"Feature","id":282,"geometry":{"type":"LineString","coordinates":[[-75.604286671999944,9.7460734800000637],[-75.543919699999947,9.9113961420000578]]},"properties":{"OBJECTID":282,"tipo":"Falla inversa o de cabalgamiento","nombre_falla":"Falla de Villanueva El Totumo","Shape_Length":0.1759993007918291}},{"type":"Feature","id":283,"geometry":{"type":"LineString","coordinates":[[-75.628764191999949,9.6929950030000214],[-75.604286671999944,9.7460734800000637]]},"properties":{"OBJECTID":283,"tipo":"Falla inversa o de cabalgamiento cubierta","nombre_falla":"Falla de Villanueva El Totumo","Shape_Length":0.058450609115685538}},{"type":"Feature","id":284,"geometry":{"type":"LineString","coordinates":[[-75.35692469899999,10.126424219000057],[-75.272026882999967,10.252330688000029]]},"properties":{"OBJECTID":284,"tipo":"Falla inversa o de cabalgamiento cubierta","nombre_falla":"Falla de Villanueva El Totumo","Shape_Length":0.15185545132663039}},{"type":"Feature","id":285,"geometry":{"type":"LineString","coordinates":[[-75.484538201999953,9.9881066110000347],[-75.391598410999961,10.096300031000055]]},"properties":{"OBJECTID":285,"tipo":"Falla inversa o de cabalgamiento cubierta","nombre_falla":"Falla de Villanueva El Totumo","Shape_Length":0.14263106562885605}},{"type":"Feature","id":286,"geometry":{"type":"LineString","coordinates":[[-75.391598410999961,10.096300031000055],[-75.35692469899999,10.126424219000057]]},"properties":{"OBJECTID":286,"tipo":"Falla inversa o de cabalgamiento","nombre_falla":"Falla de Villanueva El Totumo","Shape_Length":0.04593182999311525}},{"type":"Feature","id":287,"geometry":{"type":"LineString","coordinates":[[-75.387015859999963,10.535448557000052],[-75.281387307999978,10.684590250000042]]},"properties":{"OBJECTID":287,"tipo":"Falla","nombre_falla":"Falla de Mamonal","Shape_Length":0.1827584077095134}},{"type":"Feature","id":288,"geometry":{"type":"LineString","coordinates":[[-75.405099308999979,10.507957116000057],[-75.387015859999963,10.535448557000052]]},"properties":{"OBJECTID":288,"tipo":"Falla cubierta","nombre_falla":"Falla de Mamonal","Shape_Length":0.032905781497974074}},{"type":"Feature","id":289,"geometry":{"type":"LineString","coordinates":[[-75.375445964999983,10.493829180000034],[-75.418827483999962,10.514497721000055]]},"properties":{"OBJECTID":289,"tipo":"Falla de rumbo sinestral cubierta","nombre_falla":"Falla de El Dique","Shape_Length":0.048053561551825434}},{"type":"Feature","id":290,"geometry":{"type":"LineString","coordinates":[[-75.446445566999955,10.525815306000027],[-75.49614083299997,10.552586366000071]]},"properties":{"OBJECTID":290,"tipo":"Falla de rumbo sinestral cubierta","nombre_falla":"Falla de El Dique","Shape_Length":0.056447401324934199}},{"type":"Feature","id":291,"geometry":{"type":"LineString","coordinates":[[-75.418827483999962,10.514497721000055],[-75.446445566999955,10.525815306000027]]},"properties":{"OBJECTID":291,"tipo":"Falla de rumbo sinestral","nombre_falla":"Falla de El Dique","Shape_Length":0.029847047405498851}},{"type":"Feature","id":292,"geometry":{"type":"LineString","coordinates":[[-75.233265157999938,10.766236108000044],[-75.205941285999984,10.817996126000025]]},"properties":{"OBJECTID":292,"tipo":"Falla inversa o de cabalgamiento","nombre_falla":"Falla de Villanueva El Totumo","Shape_Length":0.058529423749327195}},{"type":"Feature","id":293,"geometry":{"type":"LineString","coordinates":[[-75.073854065999967,10.152952451000033],[-75.168027986999959,9.9141311740000333]]},"properties":{"OBJECTID":293,"tipo":"Falla inversa o de cabalgamiento","nombre_falla":"Falla de Páramo","Shape_Length":0.25671838606617819}},{"type":"Feature","id":294,"geometry":{"type":"LineString","coordinates":[[-75.168468179999934,9.9005009640000594],[-75.287694658999953,9.9313581690000206]]},"properties":{"OBJECTID":294,"tipo":"Falla de rumbo dextral","nombre_falla":null,"Shape_Length":0.12315486346527982}},{"type":"Feature","id":295,"geometry":{"type":"LineString","coordinates":[[-75.444501061999972,9.6687108460000672],[-75.389107087999946,9.8196125690000713],[-75.289002030999939,9.931283067000038]]},"properties":{"OBJECTID":295,"tipo":"Falla inversa o de cabalgamiento","nombre_falla":"Falla de María La Baja","Shape_Length":0.31071877024940242}},{"type":"Feature","id":296,"geometry":{"type":"LineString","coordinates":[[-75.287694658999953,9.9313581690000206],[-75.256625326999938,9.9985417330000246]]},"properties":{"OBJECTID":296,"tipo":"Falla inversa o de cabalgamiento","nombre_falla":"Falla de María La Baja","Shape_Length":0.0740198261459038}},{"type":"Feature","id":297,"geometry":{"type":"LineString","coordinates":[[-75.546838855999965,9.342552228000045],[-75.420919712999989,9.5139484380000567]]},"properties":{"OBJECTID":297,"tipo":"Falla inversa o de cabalgamiento cubierta","nombre_falla":"Falla de Huamanga","Shape_Length":0.21267884562460956}},{"type":"Feature","id":298,"geometry":{"type":"LineString","coordinates":[[-75.616647019999959,9.2221660380000685],[-75.546838855999965,9.342552228000045]]},"properties":{"OBJECTID":298,"tipo":"Falla inversa o de cabalgamiento","nombre_falla":"Falla de Huamanga","Shape_Length":0.13916182847232397}},{"type":"Feature","id":299,"geometry":{"type":"LineString","coordinates":[[-75.420919712999989,9.5139484380000567],[-75.225309949999939,9.9185520170000245]]},"properties":{"OBJECTID":299,"tipo":"Falla inversa o de cabalgamiento","nombre_falla":"Falla de Huamanga","Shape_Length":0.44940764960169394}},{"type":"Feature","id":300,"geometry":{"type":"LineString","coordinates":[[-75.332007320999935,9.6508290900000588],[-75.188829321999947,9.8693407250000291]]},"properties":{"OBJECTID":300,"tipo":"Falla","nombre_falla":null,"Shape_Length":0.261241792269156}},{"type":"Feature","id":301,"geometry":{"type":"LineString","coordinates":[[-75.361974579999981,9.6377237080000668],[-75.31847675299997,9.6575590160000502]]},"properties":{"OBJECTID":301,"tipo":"Falla de rumbo dextral","nombre_falla":null,"Shape_Length":0.047806907421177276}},{"type":"Feature","id":302,"geometry":{"type":"LineString","coordinates":[[-75.188829321999947,9.8693407250000291],[-75.286351894999939,9.7352460450000535],[-75.304914581999981,9.6864780570000448]]},"properties":{"OBJECTID":302,"tipo":"Falla","nombre_falla":null,"Shape_Length":0.21798854227102898}},{"type":"Feature","id":303,"geometry":{"type":"LineString","coordinates":[[-75.459203656999989,9.4246263050000607],[-75.425273155999946,9.4300999840000372]]},"properties":{"OBJECTID":303,"tipo":"Falla de rumbo dextral","nombre_falla":null,"Shape_Length":0.0343691731048145}},{"type":"Feature","id":304,"geometry":{"type":"LineString","coordinates":[[-75.402051530999984,9.4347929190000741],[-75.32300528199994,9.4734237910000729]]},"properties":{"OBJECTID":304,"tipo":"Falla de rumbo dextral","nombre_falla":null,"Shape_Length":0.087980985175532073}},{"type":"Feature","id":305,"geometry":{"type":"LineString","coordinates":[[-75.501154380999935,9.4169808900000476],[-75.459203656999989,9.4246263050000607]]},"properties":{"OBJECTID":305,"tipo":"Falla de rumbo dextral cubierta","nombre_falla":null,"Shape_Length":0.042641712144824623}},{"type":"Feature","id":306,"geometry":{"type":"LineString","coordinates":[[-75.425273155999946,9.4300999840000372],[-75.402051530999984,9.4347929190000741]]},"properties":{"OBJECTID":306,"tipo":"Falla de rumbo dextral cubierta","nombre_falla":null,"Shape_Length":0.023691084959398739}},{"type":"Feature","id":307,"geometry":{"type":"LineString","coordinates":[[-75.32273296599999,9.481577302000062],[-75.275830187999986,9.5048820320000686]]},"properties":{"OBJECTID":307,"tipo":"Falla de rumbo dextral cubierta","nombre_falla":null,"Shape_Length":0.052373476345291471}},{"type":"Feature","id":308,"geometry":{"type":"LineString","coordinates":[[-75.275830187999986,9.5048820320000686],[-75.200545182999974,9.5507546360000219]]},"properties":{"OBJECTID":308,"tipo":"Falla de rumbo dextral","nombre_falla":null,"Shape_Length":0.088159672047872117}},{"type":"Feature","id":309,"geometry":{"type":"LineString","coordinates":[[-75.891072291999933,9.259060006000027],[-75.834825028999944,9.3073509030000423],[-75.818118337999977,9.3642907690000357]]},"properties":{"OBJECTID":309,"tipo":"Falla inversa o de cabalgamiento","nombre_falla":"Falla de La Tragedia","Shape_Length":0.13347365052374188}},{"type":"Feature","id":310,"geometry":{"type":"LineString","coordinates":[[-75.810230849999982,9.2416094500000554],[-75.809757659999946,9.2879494030000274],[-75.759084394999945,9.4072208150000733]]},"properties":{"OBJECTID":310,"tipo":"Falla inversa o de cabalgamiento","nombre_falla":"Falla de San Jacinto","Shape_Length":0.17593191129983898}},{"type":"Feature","id":311,"geometry":{"type":"LineString","coordinates":[[-76.094529208999973,9.0530684930000689],[-76.020749097999953,9.0879189070000734],[-75.927324370999941,9.198099495000065]]},"properties":{"OBJECTID":311,"tipo":"Falla inversa o de cabalgamiento","nombre_falla":"Falla de Tragedia","Shape_Length":0.22605431659196773}},{"type":"Feature","id":312,"geometry":{"type":"LineString","coordinates":[[-76.155793184999936,9.1473315400000388],[-76.088050186999965,9.1925714160000211],[-76.051428217999955,9.2441417830000319],[-76.022855898999978,9.3455130600000302]]},"properties":{"OBJECTID":312,"tipo":"Falla inversa o de cabalgamiento","nombre_falla":"Falla de Moñitos","Shape_Length":0.25003203670566543}},{"type":"Feature","id":313,"geometry":{"type":"LineString","coordinates":[[-75.630325963999951,9.2445777760000283],[-75.622245274999955,9.3409620630000632]]},"properties":{"OBJECTID":313,"tipo":"Falla inversa o de cabalgamiento","nombre_falla":"Falla de Sabaneta","Shape_Length":0.096722429225178957}},{"type":"Feature","id":314,"geometry":{"type":"LineString","coordinates":[[-76.183754767999972,8.7666955080000548],[-76.147333340999978,8.7865358390000665],[-76.034658988999979,8.9241301080000426],[-75.994769115999986,9.0046548680000456]]},"properties":{"OBJECTID":314,"tipo":"Falla inversa o de cabalgamiento","nombre_falla":"Falla de El Cucharal","Shape_Length":0.3091800090257173}},{"type":"Feature","id":315,"geometry":{"type":"LineString","coordinates":[[-76.10252249499996,9.0506193300000746],[-76.135114801999975,8.9591982950000215],[-76.166939339999942,8.9173561920000566],[-76.197381105999966,8.9065037420000408]]},"properties":{"OBJECTID":315,"tipo":"Falla inversa o de cabalgamiento","nombre_falla":"Falla de Caballo Blanco","Shape_Length":0.18194498048536967}},{"type":"Feature","id":316,"geometry":{"type":"LineString","coordinates":[[-76.209899639999946,8.8700322150000375],[-76.193699937999952,8.923854350000056],[-76.15848564199996,8.9588585790000366],[-76.120927092999978,9.0679312770000706]]},"properties":{"OBJECTID":316,"tipo":"Falla inversa o de cabalgamiento","nombre_falla":"Falla de Las Mujeres","Shape_Length":0.22121757564765193}},{"type":"Feature","id":317,"geometry":{"type":"LineString","coordinates":[[-76.048240852999982,9.0183864180000342],[-75.992998378999971,9.0039820980000513]]},"properties":{"OBJECTID":317,"tipo":"Falla de rumbo dextral","nombre_falla":"Falla de Mangle","Shape_Length":0.057089538168597499}},{"type":"Feature","id":318,"geometry":{"type":"LineString","coordinates":[[-75.992998378999971,9.0039820980000513],[-75.822183331999952,8.9841948070000512]]},"properties":{"OBJECTID":318,"tipo":"Falla de rumbo dextral cubierta","nombre_falla":"Falla de Mangle","Shape_Length":0.17195731204789588}},{"type":"Feature","id":319,"geometry":{"type":"LineString","coordinates":[[-76.186644672999989,9.1173214400000688],[-76.048240852999982,9.0183864180000342]]},"properties":{"OBJECTID":319,"tipo":"Falla de rumbo dextral cubierta","nombre_falla":"Falla de Mangle","Shape_Length":0.17012864535034036}},{"type":"Feature","id":320,"geometry":{"type":"LineString","coordinates":[[-75.655810250999934,8.547853749000069],[-75.655779663999965,8.6903090810000663]]},"properties":{"OBJECTID":320,"tipo":"Falla inversa o de cabalgamiento","nombre_falla":"Falla de Carolina","Shape_Length":0.14245533528370924}},{"type":"Feature","id":321,"geometry":{"type":"LineString","coordinates":[[-75.655779663999965,8.6903090810000663],[-75.641670297999951,8.7149784580000755],[-75.628303979999941,8.8340264510000566]]},"properties":{"OBJECTID":321,"tipo":"Falla","nombre_falla":null,"Shape_Length":0.14821523153719704}},{"type":"Feature","id":322,"geometry":{"type":"LineString","coordinates":[[-76.265925297999956,8.5461412080000514],[-76.286241548999953,8.5822856340000726],[-76.292227698999966,8.6358607260000326],[-76.209606299999962,8.7754124520000687]]},"properties":{"OBJECTID":322,"tipo":"Falla inversa o de cabalgamiento","nombre_falla":"Falla del Guineo","Shape_Length":0.25754712059661444}},{"type":"Feature","id":323,"geometry":{"type":"LineString","coordinates":[[-76.626308610999956,8.7065852870000526],[-76.517152642999974,8.6222476350000647]]},"properties":{"OBJECTID":323,"tipo":"Falla","nombre_falla":null,"Shape_Length":0.13794152708624086}},{"type":"Feature","id":324,"geometry":{"type":"LineString","coordinates":[[-74.279986753999935,8.5743530880000662],[-74.275374228999965,8.6353705940000509],[-74.15767309499995,8.8834897690000503]]},"properties":{"OBJECTID":324,"tipo":"Falla inversa o de cabalgamiento inferida","nombre_falla":"Falla de Colorado","Shape_Length":0.33581257474506232}},{"type":"Feature","id":325,"geometry":{"type":"LineString","coordinates":[[-76.257712666999964,8.8069947460000435],[-76.102547903999948,8.7174420910000663],[-76.028779024999949,8.6461558930000706]]},"properties":{"OBJECTID":325,"tipo":"Falla de rumbo dextral","nombre_falla":"Falla de Canalete","Shape_Length":0.28173740688478538}},{"type":"Feature","id":326,"geometry":{"type":"LineString","coordinates":[[-72.773884266999971,10.835305603000052],[-72.72399495999997,10.935898403000067]]},"properties":{"OBJECTID":326,"tipo":"Falla inversa o de cabalgamiento","nombre_falla":"Falla de Cerrejón Este","Shape_Length":0.11228470227410065}},{"type":"Feature","id":327,"geometry":{"type":"LineString","coordinates":[[-68.347861974999944,2.0636878230000661],[-68.249607096999966,2.3090171870000518],[-68.240543769999988,2.6470975510000585]]},"properties":{"OBJECTID":327,"tipo":"Falla","nombre_falla":null,"Shape_Length":0.602475394323154}},{"type":"Feature","id":328,"geometry":{"type":"LineString","coordinates":[[-68.988484801999959,2.6296944440000516],[-68.351913322999962,3.0220692710000208]]},"properties":{"OBJECTID":328,"tipo":"Falla","nombre_falla":null,"Shape_Length":0.74778422873145656}},{"type":"Feature","id":329,"geometry":{"type":"LineString","coordinates":[[-67.84816299199997,2.8805652060000284],[-68.029835322999986,2.9278159920000348]]},"properties":{"OBJECTID":329,"tipo":"Falla","nombre_falla":null,"Shape_Length":0.18771646871970946}},{"type":"Feature","id":330,"geometry":{"type":"LineString","coordinates":[[-70.859514772999944,0.6183861550000529],[-70.81320298199995,0.67926590700005818]]},"properties":{"OBJECTID":330,"tipo":"Lineamiento","nombre_falla":null,"Shape_Length":0.07649265447877493}},{"type":"Feature","id":331,"geometry":{"type":"LineString","coordinates":[[-71.31399061999997,1.6505727730000217],[-71.507548798999949,1.7941480710000519]]},"properties":{"OBJECTID":331,"tipo":"Lineamiento","nombre_falla":null,"Shape_Length":0.24099509300727534}},{"type":"Feature","id":332,"geometry":{"type":"LineString","coordinates":[[-69.855787176999968,1.7370202400000494],[-69.717741953999962,1.8904193700000747],[-69.653148898999973,2.0350591070000519],[-69.553154819999975,2.1778985320000288],[-69.483991738999975,2.3064782070000547]]},"properties":{"OBJECTID":332,"tipo":"Lineamiento","nombre_falla":null,"Shape_Length":0.68513786040928648}},{"type":"Feature","id":333,"geometry":{"type":"LineString","coordinates":[[-68.119912100999954,2.5721099370000502],[-68.094381701999964,2.4342459130000407]]},"properties":{"OBJECTID":333,"tipo":"Falla","nombre_falla":null,"Shape_Length":0.14020802540002444}},{"type":"Feature","id":334,"geometry":{"type":"LineString","coordinates":[[-67.584127751999972,2.7669263590000241],[-67.766389085999947,2.826473308000061]]},"properties":{"OBJECTID":334,"tipo":"Falla","nombre_falla":null,"Shape_Length":0.19174210024578162}},{"type":"Feature","id":335,"geometry":{"type":"LineString","coordinates":[[-68.156149976999984,2.8034669960000542],[-68.118979882999952,2.7045164890000706],[-68.091350731999967,2.5306060010000238]]},"properties":{"OBJECTID":335,"tipo":"Falla","nombre_falla":null,"Shape_Length":0.28179308748119886}},{"type":"Feature","id":336,"geometry":{"type":"LineString","coordinates":[[-68.235309250999933,3.1092983170000252],[-68.097014223999963,3.2330572190000453],[-68.013561532999972,3.2731864720000203]]},"properties":{"OBJECTID":336,"tipo":"Lineamiento","nombre_falla":null,"Shape_Length":0.27818469027989384}},{"type":"Feature","id":337,"geometry":{"type":"LineString","coordinates":[[-69.979061941999987,1.5859109790000616],[-69.953800848999947,1.6313208530000338]]},"properties":{"OBJECTID":337,"tipo":"Lineamiento","nombre_falla":null,"Shape_Length":0.051963251209388599}},{"type":"Feature","id":338,"geometry":{"type":"LineString","coordinates":[[-69.93673023499997,1.6466907400000537],[-69.906519056999969,1.6846405630000731]]},"properties":{"OBJECTID":338,"tipo":"Lineamiento","nombre_falla":null,"Shape_Length":0.048506745323517661}},{"type":"Feature","id":339,"geometry":{"type":"LineString","coordinates":[[-68.091350731999967,2.5306060010000238],[-68.094381701999964,2.4342459130000407],[-68.070853036999949,2.2142054800000324],[-68.002863675999947,1.9318046830000526]]},"properties":{"OBJECTID":339,"tipo":"Falla","nombre_falla":null,"Shape_Length":0.60817245006256426}},{"type":"Feature","id":340,"geometry":{"type":"LineString","coordinates":[[-71.449964202999979,1.7331613650000577],[-71.624458298999969,1.8827232330000356],[-71.752919557999974,2.0478837350000276]]},"properties":{"OBJECTID":340,"tipo":"Lineamiento","nombre_falla":null,"Shape_Length":0.43905676063376564}},{"type":"Feature","id":341,"geometry":{"type":"LineString","coordinates":[[-71.131639938999967,1.5303592250000406],[-71.27856372399998,1.6087705790000655]]},"properties":{"OBJECTID":341,"tipo":"Lineamiento","nombre_falla":null,"Shape_Length":0.16653810085036747}},{"type":"Feature","id":342,"geometry":{"type":"LineString","coordinates":[[-70.496814694999955,1.073863417000041],[-70.647648217999972,1.1921847540000385]]},"properties":{"OBJECTID":342,"tipo":"Lineamiento","nombre_falla":null,"Shape_Length":0.1917046959520389}},{"type":"Feature","id":343,"geometry":{"type":"LineString","coordinates":[[-67.892080776999933,1.9183237010000198],[-68.018324068999959,1.9342748250000454]]},"properties":{"OBJECTID":343,"tipo":"Falla","nombre_falla":null,"Shape_Length":0.12724703191771564}},{"type":"Feature","id":344,"geometry":{"type":"LineString","coordinates":[[-69.306748481999932,1.7293792990000725],[-69.245649065999942,1.8245752940000557],[-69.131814840999937,1.9456045030000269],[-69.062815980999972,2.1486875910000549],[-69.004058938999947,2.21308379900006]]},"properties":{"OBJECTID":344,"tipo":"Falla","nombre_falla":null,"Shape_Length":0.58092646566092454}},{"type":"Feature","id":345,"geometry":{"type":"LineString","coordinates":[[-70.237855560999947,0.77634186300002739],[-70.040329109999959,0.88177049800003715],[-69.892604008999967,0.99793949800005066],[-69.842632032999973,1.0701591960000201]]},"properties":{"OBJECTID":345,"tipo":"Lineamiento","nombre_falla":null,"Shape_Length":0.49965523769311532}},{"type":"Feature","id":346,"geometry":{"type":"LineString","coordinates":[[-70.44988983099995,1.0318037570000342],[-70.297894220999979,1.1921428390000415],[-69.982592095999962,1.579540990000055]]},"properties":{"OBJECTID":346,"tipo":"Lineamiento","nombre_falla":null,"Shape_Length":0.72042526492868486}},{"type":"Feature","id":347,"geometry":{"type":"LineString","coordinates":[[-70.777941618999932,0.72596571600007564],[-70.65298686999995,0.87914503700005753],[-70.516482211999971,0.97118415700003879]]},"properties":{"OBJECTID":347,"tipo":"Lineamiento","nombre_falla":null,"Shape_Length":0.36231564992893173}},{"type":"Feature","id":348,"geometry":{"type":"LineString","coordinates":[[-68.335342684999944,3.0410191510000573],[-68.293551251999986,3.0693388010000717]]},"properties":{"OBJECTID":348,"tipo":"Lineamiento","nombre_falla":null,"Shape_Length":0.050482932247575149}},{"type":"Feature","id":349,"geometry":{"type":"LineString","coordinates":[[-68.792053198999952,2.1916418930000532],[-68.935219016999952,1.9823628550000763],[-69.010262272999967,1.8468233380000356]]},"properties":{"OBJECTID":349,"tipo":"Falla","nombre_falla":null,"Shape_Length":0.4084901892424746}},{"type":"Feature","id":350,"geometry":{"type":"LineString","coordinates":[[-70.663916617999973,1.2090878860000203],[-70.99406451699997,1.4500709310000275]]},"properties":{"OBJECTID":350,"tipo":"Lineamiento","nombre_falla":null,"Shape_Length":0.40874253900418456}},{"type":"Feature","id":351,"geometry":{"type":"LineString","coordinates":[[-67.222896051999953,1.8888226500000656],[-67.109154100999945,1.8733600300000717],[-67.053089687999943,1.8795843670000636]]},"properties":{"OBJECTID":351,"tipo":"Lineamiento","nombre_falla":null,"Shape_Length":0.17119704170373745}},{"type":"Feature","id":352,"geometry":{"type":"LineString","coordinates":[[-69.428409108999972,2.4916334820000543],[-69.419232144999967,2.620373111000049]]},"properties":{"OBJECTID":352,"tipo":"Falla","nombre_falla":null,"Shape_Length":0.12906629592311722}},{"type":"Feature","id":353,"geometry":{"type":"LineString","coordinates":[[-67.376493724999932,3.2995583450000368],[-67.392890243999943,3.4641944240000271]]},"properties":{"OBJECTID":353,"tipo":"Falla de rumbo sinestral","nombre_falla":"Paleosutura de Atabapo","Shape_Length":0.16545054954217828}},{"type":"Feature","id":354,"geometry":{"type":"LineString","coordinates":[[-67.516491707999933,3.3123543570000606],[-67.400750960999972,3.4668595820000405]]},"properties":{"OBJECTID":354,"tipo":"Falla","nombre_falla":"Falla del Caño Garza","Shape_Length":0.19304865984617306}},{"type":"Feature","id":355,"geometry":{"type":"LineString","coordinates":[[-67.539449510999987,3.548887786000023],[-67.552326923999942,3.642679681000061]]},"properties":{"OBJECTID":355,"tipo":"Falla","nombre_falla":"Falla de Bocón","Shape_Length":0.094671787419851688}},{"type":"Feature","id":356,"geometry":{"type":"LineString","coordinates":[[-67.892411212999946,3.3371349140000461],[-67.690504117999978,3.5189466060000427]]},"properties":{"OBJECTID":356,"tipo":"Lineamiento","nombre_falla":"Lineamiento de Caño Chaquita","Shape_Length":0.27170198077899144}},{"type":"Feature","id":357,"geometry":{"type":"LineString","coordinates":[[-67.677581744999941,3.5111791520000679],[-67.551143347999982,3.6212635130000308]]},"properties":{"OBJECTID":357,"tipo":"Lineamiento","nombre_falla":"Lineamiento de Caño Chaquita","Shape_Length":0.16764615943316227}},{"type":"Feature","id":358,"geometry":{"type":"LineString","coordinates":[[-73.875994940999988,11.156303661000038],[-73.988509208999972,11.132114905000037]]},"properties":{"OBJECTID":358,"tipo":"Falla","nombre_falla":null,"Shape_Length":0.11508499650432197}},{"type":"Feature","id":359,"geometry":{"type":"LineString","coordinates":[[-73.875994940999988,11.156303661000038],[-73.84373299899994,11.210314104000076],[-73.795470758999954,11.247964025000044]]},"properties":{"OBJECTID":359,"tipo":"Falla","nombre_falla":null,"Shape_Length":0.12412311304426069}},{"type":"Feature","id":360,"geometry":{"type":"LineString","coordinates":[[-72.921526769999957,4.2284920260000263],[-72.413391002999958,4.3394146580000665],[-72.236164607999967,4.4251435270000457],[-72.020347541999968,4.4573416080000356],[-71.83875119399994,4.5270502720000536],[-71.715157060999957,4.5570492230000355],[-71.613983295999958,4.6201986230000216],[-71.063073661999965,4.8846946670000762],[-70.948978206999982,5.0720746920000579],[-70.767571062999934,5.2237337570000477],[-70.661976184999958,5.3769036370000549],[-70.609184162999952,5.4154333130000509],[-70.428797774999964,5.5003318870000726],[-70.211360505999949,5.5662898780000205],[-70.122097287999964,5.6143991890000393],[-70.067605087999937,5.6643189020000477],[-69.969850077999979,5.8469390140000428],[-69.833193793999953,6.0355387180000548]]},"properties":{"OBJECTID":360,"tipo":"Falla normal cubierta","nombre_falla":"Falla del Meta","Shape_Length":3.7364225700367704}},{"type":"Feature","id":361,"geometry":{"type":"LineString","coordinates":[[-73.203212148999967,7.4617856020000204],[-73.116490231999933,7.1500517730000297],[-73.002129574999969,6.9099187770000299],[-72.965372775999981,6.7797118210000349],[-72.90824211499995,6.6755300830000692],[-72.787700079999979,6.5121570490000522],[-72.716340806999938,6.2429535990000318],[-72.740096032999986,6.0473569920000614]]},"properties":{"OBJECTID":361,"tipo":"Falla de rumbo sinestral","nombre_falla":"Falla de Bucaramanga","Shape_Length":1.5222240523493178}},{"type":"Feature","id":362,"geometry":{"type":"LineString","coordinates":[[-73.309991562999983,7.8175576280000314],[-73.200492373999964,7.4651221320000332]]},"properties":{"OBJECTID":362,"tipo":"Falla de rumbo sinestral","nombre_falla":"Falla de Bucaramanga","Shape_Length":0.36905399500943842}},{"type":"Feature","id":363,"geometry":{"type":"LineString","coordinates":[[-73.263965399999961,7.3776618870000448],[-73.164710669999977,7.5089622090000603],[-73.08270704399996,7.5848920920000751],[-73.049054805999958,7.6766627510000376]]},"properties":{"OBJECTID":363,"tipo":"Falla","nombre_falla":null,"Shape_Length":0.3740989227716463}},{"type":"Feature","id":364,"geometry":{"type":"LineString","coordinates":[[-73.129753278999942,7.1957082340000511],[-73.186939791999976,7.0701269450000268],[-73.170296376999943,7.0460470570000666],[-73.169988002999958,6.9056455260000575]]},"properties":{"OBJECTID":364,"tipo":"Falla inversa o de cabalgamiento","nombre_falla":"Falla de Suárez","Shape_Length":0.30766274773640656}},{"type":"Feature","id":365,"geometry":{"type":"LineString","coordinates":[[-73.19391896999997,6.889835635000054],[-73.185809158999973,6.8504351140000495],[-73.233191687999977,6.7552846430000386],[-73.261812802999941,6.7396448030000329],[-73.301414726999951,6.6851946800000519],[-73.299605142999951,6.6435042180000323]]},"properties":{"OBJECTID":365,"tipo":"Falla inversa o de cabalgamiento","nombre_falla":"Falla de Suárez","Shape_Length":0.28819566103854349}},{"type":"Feature","id":366,"geometry":{"type":"LineString","coordinates":[[-73.053663566999944,6.9592747510000663],[-73.19391896999997,6.889835635000054]]},"properties":{"OBJECTID":366,"tipo":"Falla","nombre_falla":null,"Shape_Length":0.15650357472455023}},{"type":"Feature","id":367,"geometry":{"type":"LineString","coordinates":[[-73.296766355999978,6.6395377590000635],[-73.357599523999966,6.4231525640000768],[-73.387640947999955,6.3841525020000631],[-73.485476572999971,6.1645413380000491]]},"properties":{"OBJECTID":367,"tipo":"Falla inversa o de cabalgamiento","nombre_falla":"Falla de Suárez","Shape_Length":0.5144208199319914}},{"type":"Feature","id":368,"geometry":{"type":"LineString","coordinates":[[-73.317675463999933,6.6671146740000609],[-73.296766355999978,6.6395377590000635]]},"properties":{"OBJECTID":368,"tipo":"Falla","nombre_falla":null,"Shape_Length":0.034607470844759423}},{"type":"Feature","id":369,"geometry":{"type":"LineString","coordinates":[[-73.721967484999936,5.8726409560000548],[-73.671285201999979,5.9307509950000394],[-73.642563564999989,5.9956713330000753],[-73.593941683999958,6.0218110770000521],[-73.580378596999935,6.0784473850000609],[-73.485476572999971,6.1645413380000491]]},"properties":{"OBJECTID":369,"tipo":"Falla de rumbo dextral","nombre_falla":"Falla de Suárez","Shape_Length":0.38967254792325001}},{"type":"Feature","id":370,"geometry":{"type":"LineString","coordinates":[[-73.252710946999969,8.5061855160000732],[-73.237151047999987,8.4579946920000566],[-73.183750174999943,8.3978232440000511],[-73.166960536999966,8.3261221160000218]]},"properties":{"OBJECTID":370,"tipo":"Falla","nombre_falla":null,"Shape_Length":0.20473153047744116}},{"type":"Feature","id":371,"geometry":{"type":"LineString","coordinates":[[-73.033231484999988,8.6807349310000745],[-73.10389523799995,8.5735644620000357],[-73.092751076999946,8.5094443180000212]]},"properties":{"OBJECTID":371,"tipo":"Falla","nombre_falla":null,"Shape_Length":0.19345144572087825}},{"type":"Feature","id":372,"geometry":{"type":"LineString","coordinates":[[-73.092751076999946,8.5094443180000212],[-73.086196018999942,8.4689428920000296],[-73.106967349999934,8.4194225340000344],[-73.097597310999959,8.3985421470000574]]},"properties":{"OBJECTID":372,"tipo":"Falla","nombre_falla":"Falla de Tarra","Shape_Length":0.11761510040896786}},{"type":"Feature","id":373,"geometry":{"type":"LineString","coordinates":[[-73.097597310999959,8.3985421470000574],[-73.098327991999952,8.3475415100000419]]},"properties":{"OBJECTID":373,"tipo":"Falla","nombre_falla":null,"Shape_Length":0.05100587092807167}},{"type":"Feature","id":374,"geometry":{"type":"LineString","coordinates":[[-74.283067613999947,8.5726323950000278],[-74.531911756999989,8.4646884970000542],[-74.606669571999987,8.4105282360000615],[-74.733586887999934,8.2728186300000743],[-74.883813446999966,8.072472337000022],[-75.071292459999938,7.9020006630000239],[-75.177187997999965,7.7252227150000294]]},"properties":{"OBJECTID":374,"tipo":"Falla inferida","nombre_falla":null,"Shape_Length":1.260714290938185}},{"type":"Feature","id":375,"geometry":{"type":"LineString","coordinates":[[-74.312673964999988,8.4730086220000658],[-74.283067613999947,8.5726323950000278]]},"properties":{"OBJECTID":375,"tipo":"Falla inversa o de cabalgamiento cubierta","nombre_falla":"Falla de Colorado","Shape_Length":0.10392993873896773}},{"type":"Feature","id":376,"geometry":{"type":"LineString","coordinates":[[-74.360088763999954,8.1409589440000332],[-74.365216277999934,8.2384182240000428],[-74.347687237999935,8.290617730000065],[-74.339015228999983,8.4095860200000629],[-74.312673964999988,8.4730086220000658]]},"properties":{"OBJECTID":376,"tipo":"Falla","nombre_falla":"Falla de Colorado","Shape_Length":0.34061735381732622}},{"type":"Feature","id":377,"geometry":{"type":"LineString","coordinates":[[-74.060530360999962,8.469804985000053],[-74.136752146999982,8.4323569060000523],[-74.223027225999942,8.3462417990000404],[-74.359722064999971,8.2516320080000582]]},"properties":{"OBJECTID":377,"tipo":"Falla","nombre_falla":"Falla de Norosí","Shape_Length":0.37306478696096873}},{"type":"Feature","id":378,"geometry":{"type":"LineString","coordinates":[[-74.077507916999934,8.4140721240000289],[-74.189416627999947,8.3365593920000265],[-74.383870247999937,8.1026122520000285],[-74.458429654999975,8.0373109680000425]]},"properties":{"OBJECTID":378,"tipo":"Falla de rumbo dextral","nombre_falla":"Falla de La Dorada-La Gloria","Shape_Length":0.53945396179008009}},{"type":"Feature","id":379,"geometry":{"type":"LineString","coordinates":[[-73.971745872999975,8.4466338690000384],[-74.028313379999986,8.4003939620000665],[-74.106741261999957,8.3830247120000649]]},"properties":{"OBJECTID":379,"tipo":"Falla","nombre_falla":null,"Shape_Length":0.1533899225957355}},{"type":"Feature","id":380,"geometry":{"type":"LineString","coordinates":[[-74.381249507999939,7.9892806080000582],[-74.211407595999958,8.1604230390000225],[-73.990167869999937,8.331090080000024]]},"properties":{"OBJECTID":380,"tipo":"Falla de rumbo dextral","nombre_falla":null,"Shape_Length":0.52053180236563468}},{"type":"Feature","id":381,"geometry":{"type":"LineString","coordinates":[[-73.990167869999937,8.331090080000024],[-73.938543711999955,8.410075470000038]]},"properties":{"OBJECTID":381,"tipo":"Falla","nombre_falla":null,"Shape_Length":0.094359660462834144}},{"type":"Feature","id":382,"geometry":{"type":"LineString","coordinates":[[-74.383870247999937,8.1026122520000285],[-74.381249507999939,7.9892806080000582],[-74.43966353199994,7.9012728090000337]]},"properties":{"OBJECTID":382,"tipo":"Falla inversa o de cabalgamiento","nombre_falla":"Falla de Ariza","Shape_Length":0.21899134513337049}},{"type":"Feature","id":383,"geometry":{"type":"LineString","coordinates":[[-74.43966353199994,7.9012728090000337],[-74.46779235799994,7.5631026350000639],[-74.489904428999978,7.517808053000067]]},"properties":{"OBJECTID":383,"tipo":"Falla inversa o de cabalgamiento","nombre_falla":"Falla de Tigüí","Shape_Length":0.38974182617480224}},{"type":"Feature","id":384,"geometry":{"type":"LineString","coordinates":[[-74.46779235799994,7.5631026350000639],[-74.464669711999989,7.6411929410000425]]},"properties":{"OBJECTID":384,"tipo":"Falla","nombre_falla":null,"Shape_Length":0.078152714663096132}},{"type":"Feature","id":385,"geometry":{"type":"LineString","coordinates":[[-74.39851121099997,8.4415531710000664],[-74.457179441999983,8.0622187190000432],[-74.449754015999986,7.9379534680000461],[-74.48834549299994,7.7370097060000376],[-74.487578735999989,7.4020455870000319],[-74.530547621999972,7.0683954770000241],[-74.567767300999947,6.9262126530000501],[-74.578965432999951,6.6893789790000255],[-74.603465597999957,6.5893381730000442]]},"properties":{"OBJECTID":385,"tipo":"Falla de rumbo dextral","nombre_falla":"Falla de Palestina","Shape_Length":1.8713870766610392}},{"type":"Feature","id":386,"geometry":{"type":"LineString","coordinates":[[-74.39851121099997,8.4415531710000664],[-74.377427469999986,8.5298388200000659]]},"properties":{"OBJECTID":386,"tipo":"Falla cubierta","nombre_falla":null,"Shape_Length":0.090768276142634288}},{"type":"Feature","id":387,"geometry":{"type":"LineString","coordinates":[[-74.519708929999979,7.2011180310000213],[-74.563460628999962,7.5901758550000409],[-74.541029566999953,7.7672216930000673],[-74.547654281999939,7.9219429260000425],[-74.523749946999942,8.0906205900000714],[-74.525206423999975,8.2543154900000673]]},"properties":{"OBJECTID":387,"tipo":"Falla de rumbo sinestral","nombre_falla":"Falla de Amacerí","Shape_Length":1.0588987340928719}},{"type":"Feature","id":388,"geometry":{"type":"LineString","coordinates":[[-74.477739404999966,8.4479622970000605],[-74.463869062999947,8.4908453520000648]]},"properties":{"OBJECTID":388,"tipo":"Falla de rumbo sinestral cubierta","nombre_falla":"Falla de Amacerí","Shape_Length":0.045070420381119913}},{"type":"Feature","id":389,"geometry":{"type":"LineString","coordinates":[[-74.607878639999967,7.7619412830000556],[-74.606817441999965,7.7434369750000656]]},"properties":{"OBJECTID":389,"tipo":"Falla","nombre_falla":null,"Shape_Length":0.018534712184269376}},{"type":"Feature","id":390,"geometry":{"type":"LineString","coordinates":[[-74.637254863999942,7.7030075380000653],[-74.607878639999967,7.7619412830000556]]},"properties":{"OBJECTID":390,"tipo":"Falla de rumbo dextral","nombre_falla":"Falla de La Mulata","Shape_Length":0.065849440667484715}},{"type":"Feature","id":391,"geometry":{"type":"LineString","coordinates":[[-74.606817441999965,7.7434369750000656],[-74.576651844999958,7.8111067880000746],[-74.543584687999953,7.9802730650000626]]},"properties":{"OBJECTID":391,"tipo":"Falla de rumbo dextral","nombre_falla":"Falla de La Mulata","Shape_Length":0.2464567339260855}},{"type":"Feature","id":392,"geometry":{"type":"LineString","coordinates":[[-74.567752246999987,6.9262644000000364],[-74.595778659999951,7.0032319590000611],[-74.616806571999973,7.2564510240000573],[-74.683512251999957,7.4467494290000218],[-74.62977099699998,7.7481509540000388],[-74.651345216999971,7.9480855600000382],[-74.60525297199996,8.0902397340000221],[-74.586660895999955,8.211942481000051],[-74.591355439999973,8.2676404710000497]]},"properties":{"OBJECTID":392,"tipo":"Falla inversa o de cabalgamiento","nombre_falla":"Falla del Bagre","Shape_Length":1.3733536822260521}},{"type":"Feature","id":393,"geometry":{"type":"LineString","coordinates":[[-74.591355439999973,8.2676404710000497],[-74.593218234999938,8.3551703720000319]]},"properties":{"OBJECTID":393,"tipo":"Falla inversa o de cabalgamiento cubierta","nombre_falla":"Falla del Bagre","Shape_Length":0.087549720583669319}},{"type":"Feature","id":394,"geometry":{"type":"LineString","coordinates":[[-74.593218234999938,8.3551703720000319],[-74.548096549999968,8.3661699640000506]]},"properties":{"OBJECTID":394,"tipo":"Falla de rumbo dextral","nombre_falla":null,"Shape_Length":0.046443056331419}},{"type":"Feature","id":395,"geometry":{"type":"LineString","coordinates":[[-74.57496754999994,8.3596202030000768],[-74.559984143999941,8.4499795910000444]]},"properties":{"OBJECTID":395,"tipo":"Falla inversa o de cabalgamiento","nombre_falla":null,"Shape_Length":0.091593239134171292}},{"type":"Feature","id":396,"geometry":{"type":"LineString","coordinates":[[-74.691890136999973,8.0991407160000222],[-74.70147815699994,7.9233307990000412],[-74.76547160399997,7.7851396180000734]]},"properties":{"OBJECTID":396,"tipo":"Falla de rumbo sinestral","nombre_falla":null,"Shape_Length":0.32836024999058072}},{"type":"Feature","id":397,"geometry":{"type":"LineString","coordinates":[[-74.76547160399997,7.7851396180000734],[-74.820813688999976,7.5776033920000714]]},"properties":{"OBJECTID":397,"tipo":"Falla de rumbo sinestral cubierta","nombre_falla":null,"Shape_Length":0.21478834110461362}},{"type":"Feature","id":398,"geometry":{"type":"LineString","coordinates":[[-74.820813688999976,7.5776033920000714],[-74.778365712999971,7.4285602960000574]]},"properties":{"OBJECTID":398,"tipo":"Falla","nombre_falla":null,"Shape_Length":0.15496991686055206}},{"type":"Feature","id":399,"geometry":{"type":"LineString","coordinates":[[-74.82969699299997,7.4695214160000205],[-74.844157393999978,7.493255247000036],[-74.845272217999934,7.5651080760000582]]},"properties":{"OBJECTID":399,"tipo":"Falla de rumbo sinestral","nombre_falla":"Falla de Otú Centro","Shape_Length":0.099653524920741865}},{"type":"Feature","id":400,"geometry":{"type":"LineString","coordinates":[[-74.676732639999955,7.3934886750000715],[-74.792883721999942,7.4332366910000474],[-74.82969699299997,7.4695214160000205]]},"properties":{"OBJECTID":400,"tipo":"Falla","nombre_falla":null,"Shape_Length":0.17445335401472262}},{"type":"Feature","id":401,"geometry":{"type":"LineString","coordinates":[[-74.414604680999958,7.3111146280000412],[-74.313679667999963,7.446955125000045],[-74.16653331599997,7.5632748360000619],[-74.073572269999943,7.6660934260000317]]},"properties":{"OBJECTID":401,"tipo":"Falla","nombre_falla":null,"Shape_Length":0.49541112533084369}},{"type":"Feature","id":402,"geometry":{"type":"LineString","coordinates":[[-74.676732639999955,7.3934886750000715],[-74.702065666999943,7.4703850680000414],[-74.684950163999986,7.5301740990000212],[-74.694563424999956,7.7068329580000636],[-74.682062193999968,7.7564441440000564],[-74.633068222999952,7.8176176500000452]]},"properties":{"OBJECTID":402,"tipo":"Falla de rumbo dextral","nombre_falla":"Falla de Nus","Shape_Length":0.44960942815961358}},{"type":"Feature","id":403,"geometry":{"type":"LineString","coordinates":[[-74.579543824999973,6.713498290000075],[-74.639617683999973,6.8384714680000229],[-74.627855691999969,6.980773035000027],[-74.676732639999955,7.3934886750000715]]},"properties":{"OBJECTID":403,"tipo":"Falla inversa o de cabalgamiento","nombre_falla":"Falla de Nus","Shape_Length":0.6970486383638701}},{"type":"Feature","id":404,"geometry":{"type":"LineString","coordinates":[[-74.61537892399997,6.5685328310000273],[-74.636678530999973,6.7535904290000417],[-74.710678464999944,6.9846640150000212],[-74.717887848999965,7.0610950240000534],[-74.769199025999967,7.1115262200000302],[-74.832829400999969,7.2696389080000472],[-74.868717914999934,7.4918942820000325]]},"properties":{"OBJECTID":404,"tipo":"Falla de rumbo sinestral","nombre_falla":"Falla de Otú","Shape_Length":0.97319877544236377}},{"type":"Feature","id":405,"geometry":{"type":"LineString","coordinates":[[-74.751286394999966,7.0973964810000325],[-74.801177944999949,7.3024489570000242]]},"properties":{"OBJECTID":405,"tipo":"Falla","nombre_falla":null,"Shape_Length":0.21103479493943184}},{"type":"Feature","id":406,"geometry":{"type":"LineString","coordinates":[[-74.810198152999988,7.3115591770000492],[-74.803176444999963,7.4383907040000281]]},"properties":{"OBJECTID":406,"tipo":"Falla","nombre_falla":null,"Shape_Length":0.12702574787964835}},{"type":"Feature","id":407,"geometry":{"type":"LineString","coordinates":[[-74.810198152999988,7.3115591770000492],[-74.736803074999955,7.273444869000059]]},"properties":{"OBJECTID":407,"tipo":"Falla","nombre_falla":null,"Shape_Length":0.082701499073166776}},{"type":"Feature","id":408,"geometry":{"type":"LineString","coordinates":[[-74.788309173999949,7.156126989000029],[-74.826110307999954,7.1704075970000645],[-74.877281355999969,7.2321739460000458],[-74.903091426999936,7.3034901410000543],[-74.912350452999988,7.4158316800000534],[-74.939752734999956,7.5068252290000714]]},"properties":{"OBJECTID":408,"tipo":"Falla","nombre_falla":null,"Shape_Length":0.40421364055213188}},{"type":"Feature","id":409,"geometry":{"type":"LineString","coordinates":[[-74.77131927399995,7.096346057000062],[-74.914153864999946,7.1221879910000325],[-75.075932997999985,7.2633488650000686]]},"properties":{"OBJECTID":409,"tipo":"Falla","nombre_falla":null,"Shape_Length":0.35985995437614371}},{"type":"Feature","id":410,"geometry":{"type":"LineString","coordinates":[[-74.979540887999974,7.1746577310000248],[-74.980543460999968,7.3581317220000528],[-74.997213250999948,7.425962777000052],[-74.989988349999976,7.5100433970000608]]},"properties":{"OBJECTID":410,"tipo":"Falla","nombre_falla":"Falla de Liberia","Shape_Length":0.33771655681653762}},{"type":"Feature","id":411,"geometry":{"type":"LineString","coordinates":[[-75.185788101999947,7.5692268210000293],[-75.062105439999982,7.4300135810000256],[-74.98272333999995,7.3755620260000683]]},"properties":{"OBJECTID":411,"tipo":"Falla","nombre_falla":null,"Shape_Length":0.28248217453676189}},{"type":"Feature","id":412,"geometry":{"type":"LineString","coordinates":[[-75.062105439999982,7.4300135810000256],[-75.055456226999979,7.3417523620000225],[-75.015336334999972,7.2105902370000763]]},"properties":{"OBJECTID":412,"tipo":"Falla","nombre_falla":null,"Shape_Length":0.22567221234024576}},{"type":"Feature","id":413,"geometry":{"type":"LineString","coordinates":[[-74.374510008999948,6.9092212690000565],[-74.215689487999953,7.1784707230000322],[-73.988377898999943,7.3933258790000309]]},"properties":{"OBJECTID":413,"tipo":"Falla de rumbo dextral","nombre_falla":"Falla de Resbalón","Shape_Length":0.6253838921631435}},{"type":"Feature","id":414,"geometry":{"type":"LineString","coordinates":[[-73.988377898999943,7.3933258790000309],[-73.945680428999935,7.4119409150000592]]},"properties":{"OBJECTID":414,"tipo":"Falla de rumbo dextral cubierta","nombre_falla":"Falla de Resbalón","Shape_Length":0.046578895539545355}},{"type":"Feature","id":415,"geometry":{"type":"MultiLineString","coordinates":[[[-74.607804500999976,6.58258876900004],[-74.465532913999937,6.737628346000065],[-74.374510008999948,6.9092212690000565]],[[-74.354192373999979,6.9242550890000416],[-74.374508338999988,6.9092242750000423]]]},"properties":{"OBJECTID":415,"tipo":"Falla de rumbo dextral","nombre_falla":"Falla de Cimitarra","Shape_Length":0.42993662600845928}},{"type":"Feature","id":416,"geometry":{"type":"LineString","coordinates":[[-74.276471404999938,6.9787478320000673],[-74.354192373999979,6.9242550890000416]]},"properties":{"OBJECTID":416,"tipo":"Falla de rumbo dextral","nombre_falla":"Falla de Cimitarra","Shape_Length":0.094921062267402476}},{"type":"Feature","id":417,"geometry":{"type":"LineString","coordinates":[[-73.984917577999965,7.3407124500000691],[-74.037805568999943,7.2508135570000718],[-74.15463159899997,7.1272393310000552],[-74.189521868999975,7.0652145070000643]]},"properties":{"OBJECTID":417,"tipo":"Falla de rumbo dextral","nombre_falla":"Falla de Cimitarra","Shape_Length":0.34552248450248879}},{"type":"Feature","id":418,"geometry":{"type":"LineString","coordinates":[[-74.189521868999975,7.0652145070000643],[-74.223513705999949,7.0185272050000549],[-74.276471404999938,6.9787478320000673]]},"properties":{"OBJECTID":418,"tipo":"Falla de rumbo dextral cubierta","nombre_falla":"Falla de Cimitarra","Shape_Length":0.12398455125317039}},{"type":"Feature","id":419,"geometry":{"type":"LineString","coordinates":[[-73.905630307999957,7.5289101500000584],[-73.984917577999965,7.3407124500000691]]},"properties":{"OBJECTID":419,"tipo":"Falla de rumbo dextral cubierta","nombre_falla":"Falla de Cimitarra","Shape_Length":0.20421764240471552}},{"type":"Feature","id":420,"geometry":{"type":"LineString","coordinates":[[-74.380287855999939,7.8262543980000601],[-74.279695004999951,7.8936741870000446],[-74.160428588999935,7.936619682000071],[-74.097018367999965,7.981641628000034],[-74.046430008999948,8.055805681000038],[-73.965807371999972,8.1197422560000518]]},"properties":{"OBJECTID":420,"tipo":"Falla de rumbo dextral","nombre_falla":"Falla de Jogajoga","Shape_Length":0.51829915366476398}},{"type":"Feature","id":421,"geometry":{"type":"LineString","coordinates":[[-74.438714430999937,6.786902183000052],[-74.267915252999956,6.9584626840000396]]},"properties":{"OBJECTID":421,"tipo":"Falla de rumbo dextral","nombre_falla":"Falla de Casa Nueva","Shape_Length":0.24208544918857919}},{"type":"Feature","id":422,"geometry":{"type":"LineString","coordinates":[[-74.561801861999982,6.4168604080000478],[-74.421432154999934,6.6716470970000614],[-74.352166920999935,6.8664957750000326]]},"properties":{"OBJECTID":422,"tipo":"Falla","nombre_falla":null,"Shape_Length":0.4976888283188175}},{"type":"Feature","id":423,"geometry":{"type":"LineString","coordinates":[[-74.49869283299995,6.3831816740000704],[-74.551649650999934,6.4056489050000209],[-74.61208113899994,6.4724216870000646]]},"properties":{"OBJECTID":423,"tipo":"Falla","nombre_falla":null,"Shape_Length":0.14758435390913466}},{"type":"Feature","id":424,"geometry":{"type":"LineString","coordinates":[[-74.544806935999986,6.4553915180000558],[-74.625840590999985,6.5320677400000591]]},"properties":{"OBJECTID":424,"tipo":"Falla","nombre_falla":null,"Shape_Length":0.11156028084785648}},{"type":"Feature","id":425,"geometry":{"type":"LineString","coordinates":[[-74.57497564099998,6.3169524380000439],[-74.546799670999974,6.3704650520000428],[-74.551649650999934,6.4056489050000209]]},"properties":{"OBJECTID":425,"tipo":"Falla","nombre_falla":null,"Shape_Length":0.095993702576555817}},{"type":"Feature","id":426,"geometry":{"type":"MultiLineString","coordinates":[[[-74.963827521999974,5.6913474450000763],[-74.980351760999952,5.6583918000000608],[-75.014504934999934,5.4563400040000261],[-75.072688002999939,5.2660167860000229]],[[-74.963830861999952,5.6913519840000504],[-74.943479547999971,5.7532824330000381],[-74.828053731999944,5.9394732680000288],[-74.809632043999954,6.0418241940000712],[-74.71301673499994,6.2357053180000435],[-74.607804500999976,6.58258876900004]]]},"properties":{"OBJECTID":426,"tipo":"Falla de rumbo dextral","nombre_falla":"Falla de Palestina","Shape_Length":1.408161724814514}},{"type":"Feature","id":427,"geometry":{"type":"LineString","coordinates":[[-75.177187997999965,7.7252227150000294],[-75.225894231999973,7.547167130000048],[-75.292172739999955,7.4168554210000366],[-75.646370615999956,6.9908244640000703],[-75.746271744999945,6.8255517550000491],[-75.746451816999979,6.7668590250000307],[-75.763447498999938,6.7316924310000559],[-75.816860087999942,6.6701663900000767]]},"properties":{"OBJECTID":427,"tipo":"Falla de rumbo dextral","nombre_falla":"Falla de Espíritu Santo","Shape_Length":1.2571811418116043}},{"type":"Feature","id":428,"geometry":{"type":"LineString","coordinates":[[-75.470707426999979,7.7081168060000209],[-75.570772223999938,7.425720449000039],[-75.573656278999977,7.1540057710000724]]},"properties":{"OBJECTID":428,"tipo":"Falla","nombre_falla":null,"Shape_Length":0.57133082818299907}},{"type":"Feature","id":429,"geometry":{"type":"LineString","coordinates":[[-74.803145640999958,6.6210407030000624],[-75.05122255699996,6.7634951100000649],[-75.145068091999974,6.800841235000064],[-75.172045998999977,6.8272572050000235],[-75.194314461999966,7.0355800410000597],[-75.163662991999956,7.0732201700000701]]},"properties":{"OBJECTID":429,"tipo":"Falla","nombre_falla":null,"Shape_Length":0.68288100261832296}},{"type":"Feature","id":430,"geometry":{"type":"LineString","coordinates":[[-75.278310516999966,6.8169661200000746],[-75.260357657999975,6.9525297330000626],[-75.257434288999946,7.2455734190000385]]},"properties":{"OBJECTID":430,"tipo":"Falla","nombre_falla":null,"Shape_Length":0.42980547310776807}},{"type":"Feature","id":431,"geometry":{"type":"LineString","coordinates":[[-75.398712505999981,6.9409556280000402],[-75.351159555999971,7.0649321510000505]]},"properties":{"OBJECTID":431,"tipo":"Falla","nombre_falla":null,"Shape_Length":0.13278351294070959}},{"type":"Feature","id":432,"geometry":{"type":"LineString","coordinates":[[-74.771780244999945,6.1573694770000316],[-74.915903190999984,6.2758279230000653],[-75.035100698999941,6.4217608800000221],[-75.095667325999955,6.4633120090000489]]},"properties":{"OBJECTID":432,"tipo":"Falla","nombre_falla":"Falla de Balseadero","Shape_Length":0.44843353520991952}},{"type":"Feature","id":433,"geometry":{"type":"LineString","coordinates":[[-75.223420990999955,6.5299141640000471],[-75.139111100999969,6.2475499640000294]]},"properties":{"OBJECTID":433,"tipo":"Falla","nombre_falla":"Falla de Miraflores","Shape_Length":0.29468236966852929}},{"type":"Feature","id":434,"geometry":{"type":"LineString","coordinates":[[-74.995183816999941,6.4702310130000456],[-74.784918410999978,6.3072768900000256]]},"properties":{"OBJECTID":434,"tipo":"Falla","nombre_falla":"Falla de Nare","Shape_Length":0.2660180203727458}},{"type":"Feature","id":435,"geometry":{"type":"LineString","coordinates":[[-75.198471029999951,6.4464229090000345],[-74.995183816999941,6.4702310130000456]]},"properties":{"OBJECTID":435,"tipo":"Lineamiento","nombre_falla":null,"Shape_Length":0.20467661514053531}},{"type":"Feature","id":436,"geometry":{"type":"LineString","coordinates":[[-74.686064841999951,6.327516059000061],[-74.678655051999954,6.2842655020000393],[-74.622158557999967,6.2159922000000734]]},"properties":{"OBJECTID":436,"tipo":"Falla de rumbo sinestral","nombre_falla":"Falla de Otú","Shape_Length":0.13249840291202733}},{"type":"Feature","id":437,"geometry":{"type":"LineString","coordinates":[[-74.633305741999948,6.5078883610000275],[-74.615242652999939,6.3077350850000471],[-74.627467681999974,6.2211063090000494]]},"properties":{"OBJECTID":437,"tipo":"Falla de rumbo sinestral","nombre_falla":"Falla del Bagre","Shape_Length":0.28845380648411106}},{"type":"Feature","id":438,"geometry":{"type":"LineString","coordinates":[[-74.898101015999941,5.4545788300000595],[-74.937902186999963,5.5054054590000305],[-74.96125197899994,5.5720906860000241],[-74.973163022999984,5.6723919240000669]]},"properties":{"OBJECTID":438,"tipo":"Falla","nombre_falla":null,"Shape_Length":0.23621703725957185}},{"type":"Feature","id":439,"geometry":{"type":"LineString","coordinates":[[-74.963830861999952,5.6913519840000504],[-74.988371919999963,5.6694419940000671],[-75.031824623999967,5.5469511350000289]]},"properties":{"OBJECTID":439,"tipo":"Falla","nombre_falla":null,"Shape_Length":0.16286829486896107}},{"type":"Feature","id":440,"geometry":{"type":"LineString","coordinates":[[-74.766224242999954,6.1252603730000601],[-74.765811576999965,5.94387266800004],[-74.788503245999948,5.8571719660000667],[-74.784374965999973,5.6746199820000243],[-74.821348981999961,5.6013260420000393]]},"properties":{"OBJECTID":440,"tipo":"Falla de rumbo dextral","nombre_falla":"Falla de Jetudo","Shape_Length":0.53569972774780017}},{"type":"Feature","id":441,"geometry":{"type":"LineString","coordinates":[[-74.813327325999978,5.5378288430000566],[-74.842976994999958,5.6696905220000531],[-74.823084781999967,5.8210619290000523],[-74.802873595999984,5.8699622510000609],[-74.807533273999979,5.9164728030000333],[-74.827802261999977,5.9416822060000527]]},"properties":{"OBJECTID":441,"tipo":"Falla de rumbo dextral","nombre_falla":"Falla de Mulatos","Shape_Length":0.41983003166955152}},{"type":"Feature","id":442,"geometry":{"type":"LineString","coordinates":[[-74.86717078099997,5.3722776720000525],[-74.813327325999978,5.5378288430000566]]},"properties":{"OBJECTID":442,"tipo":"Falla","nombre_falla":null,"Shape_Length":0.1740870697835103}},{"type":"Feature","id":443,"geometry":{"type":"LineString","coordinates":[[-75.117005565999989,6.6944849940000495],[-74.820697589999952,6.496649441000045]]},"properties":{"OBJECTID":443,"tipo":"Falla inversa o de cabalgamiento","nombre_falla":null,"Shape_Length":0.35628264435986218}},{"type":"Feature","id":444,"geometry":{"type":"LineString","coordinates":[[-74.820697589999952,6.496649441000045],[-74.702253911999946,6.4646177910000233]]},"properties":{"OBJECTID":444,"tipo":"Falla","nombre_falla":null,"Shape_Length":0.12269853894766999}},{"type":"Feature","id":445,"geometry":{"type":"LineString","coordinates":[[-74.750678908999987,6.1500647720000643],[-74.758248831999936,6.1817652040000439],[-74.740277701999958,6.2308655540000473],[-74.790587588999983,6.4016980280000553],[-74.886069960999976,6.4827399900000273]]},"properties":{"OBJECTID":445,"tipo":"Falla","nombre_falla":null,"Shape_Length":0.38820259679577951}},{"type":"Feature","id":446,"geometry":{"type":"LineString","coordinates":[[-75.140622922999967,5.6044847010000467],[-75.197880108999982,5.5621429490000764],[-75.242592646999981,5.4599423020000586],[-75.326476420999938,5.365552130000026],[-75.359098093999989,5.308281844000021]]},"properties":{"OBJECTID":446,"tipo":"Falla","nombre_falla":"Falla de Samaná","Shape_Length":0.37495284197703649}},{"type":"Feature","id":447,"geometry":{"type":"LineString","coordinates":[[-75.315255905999948,5.3792121630000338],[-75.228733581999961,5.5900807890000692],[-75.131266923999988,5.6674163060000637]]},"properties":{"OBJECTID":447,"tipo":"Falla","nombre_falla":null,"Shape_Length":0.35234991816594063}},{"type":"Feature","id":448,"geometry":{"type":"LineString","coordinates":[[-75.140622922999967,5.6044847010000467],[-75.08723753999999,5.8511157580000486],[-75.075129825999966,5.9790187400000718]]},"properties":{"OBJECTID":448,"tipo":"Falla","nombre_falla":null,"Shape_Length":0.38081755931513189}},{"type":"Feature","id":449,"geometry":{"type":"LineString","coordinates":[[-75.083002669999985,5.9115155850000747],[-74.991300462999959,5.8224836740000683],[-74.943479547999971,5.7532824330000381]]},"properties":{"OBJECTID":449,"tipo":"Falla","nombre_falla":null,"Shape_Length":0.21192916124408634}},{"type":"Feature","id":450,"geometry":{"type":"LineString","coordinates":[[-75.045652858999972,5.7684636380000711],[-75.055451995999988,5.8860550220000505]]},"properties":{"OBJECTID":450,"tipo":"Falla","nombre_falla":"Falla de Chupadero","Shape_Length":0.11799896896573157}},{"type":"Feature","id":451,"geometry":{"type":"LineString","coordinates":[[-75.004134001999944,5.5144805140000699],[-75.050824881999972,5.5851317270000322],[-75.049424138999939,5.6547124530000588],[-75.029013274999954,5.6718224300000202],[-75.037168575999942,5.7215514190000363]]},"properties":{"OBJECTID":451,"tipo":"Falla","nombre_falla":"Falla de Chupadero","Shape_Length":0.2313072931247214}},{"type":"Feature","id":452,"geometry":{"type":"LineString","coordinates":[[-75.075921735999941,5.9797662750000313],[-75.056209464999938,6.1335277930000416]]},"properties":{"OBJECTID":452,"tipo":"Lineamiento","nombre_falla":null,"Shape_Length":0.15501992789846419}},{"type":"Feature","id":453,"geometry":{"type":"LineString","coordinates":[[-75.121240789999945,6.2185794400000418],[-75.043549201999951,6.1174974830000224],[-75.02961914399998,6.0770768800000496],[-74.943957157999989,6.0004275660000417]]},"properties":{"OBJECTID":453,"tipo":"Falla","nombre_falla":"Falla de Caldera","Shape_Length":0.2851912265878902}},{"type":"Feature","id":454,"geometry":{"type":"LineString","coordinates":[[-75.886979971999949,6.9026159400000324],[-75.88461353699995,6.7370572970000353],[-75.899783825999975,6.677694261000056]]},"properties":{"OBJECTID":454,"tipo":"Falla de rumbo sinestral","nombre_falla":null,"Shape_Length":0.22684632833037549}},{"type":"Feature","id":455,"geometry":{"type":"LineString","coordinates":[[-75.815995188999977,7.6387606220000634],[-75.816969556999936,7.5347100980000619],[-75.866264003999959,7.4357737450000627],[-75.886979971999949,6.9026159400000324]]},"properties":{"OBJECTID":455,"tipo":"Falla","nombre_falla":null,"Shape_Length":0.74815182151650284}},{"type":"Feature","id":456,"geometry":{"type":"LineString","coordinates":[[-75.886979971999949,6.9026159400000324],[-75.906491002999985,6.8701657380000256],[-75.914552115999982,6.7928148270000293],[-75.892355701999975,6.6032375990000673],[-75.859497203999979,6.5144858380000414],[-75.873840503999986,6.3325418400000331],[-75.857855918999974,6.2062107190000688],[-75.866827071999978,6.1788495100000205]]},"properties":{"OBJECTID":456,"tipo":"Falla de rumbo sinestral","nombre_falla":"Falla de Tonusco","Shape_Length":0.739786557058424}},{"type":"Feature","id":457,"geometry":{"type":"LineString","coordinates":[[-77.401446284999963,8.4835185410000236],[-77.349675322999985,8.4135241060000681],[-77.297236545999965,8.38153948300004]]},"properties":{"OBJECTID":457,"tipo":"Falla","nombre_falla":null,"Shape_Length":0.14848351652479458}},{"type":"Feature","id":458,"geometry":{"type":"LineString","coordinates":[[-77.446567878999986,8.4986965940000232],[-77.387065953999979,8.4763255430000299],[-77.281972938999957,8.4050831940000421]]},"properties":{"OBJECTID":458,"tipo":"Falla","nombre_falla":null,"Shape_Length":0.19053302946304013}},{"type":"Feature","id":459,"geometry":{"type":"LineString","coordinates":[[-77.395467204999989,8.5863943540000491],[-77.39013469799994,8.5452216000000476],[-77.362252455999965,8.5072721180000599]]},"properties":{"OBJECTID":459,"tipo":"Falla","nombre_falla":null,"Shape_Length":0.088607854640803438}},{"type":"Feature","id":460,"geometry":{"type":"LineString","coordinates":[[-77.30848358999998,8.5541690610000387],[-77.285991380999974,8.5256042670000625]]},"properties":{"OBJECTID":460,"tipo":"Falla","nombre_falla":null,"Shape_Length":0.036357212791426223}},{"type":"Feature","id":461,"geometry":{"type":"LineString","coordinates":[[-77.226711672999954,8.3409215370000425],[-77.189652896999974,8.1170676210000465]]},"properties":{"OBJECTID":461,"tipo":"Falla","nombre_falla":null,"Shape_Length":0.22690070204199456}},{"type":"Feature","id":462,"geometry":{"type":"LineString","coordinates":[[-77.677378743999952,7.0555206730000464],[-77.675572545999955,7.0198164940000538]]},"properties":{"OBJECTID":462,"tipo":"Falla de rumbo dextral cubierta","nombre_falla":null,"Shape_Length":0.035749835653869841}},{"type":"Feature","id":463,"geometry":{"type":"LineString","coordinates":[[-77.772843118999958,7.4600984810000455],[-77.722644153999966,7.3123393760000681],[-77.725071204999949,7.2820726320000517],[-77.687380541999971,7.2112598730000741],[-77.677378743999952,7.0555206730000464]]},"properties":{"OBJECTID":463,"tipo":"Falla de rumbo dextral","nombre_falla":null,"Shape_Length":0.42269607239176943}},{"type":"Feature","id":464,"geometry":{"type":"LineString","coordinates":[[-77.755809843999941,7.1263827590000233],[-77.740910060999965,7.0857537100000627]]},"properties":{"OBJECTID":464,"tipo":"Falla cubierta","nombre_falla":null,"Shape_Length":0.043274971474139209}},{"type":"Feature","id":465,"geometry":{"type":"LineString","coordinates":[[-77.789827508999963,7.2069700860000694],[-77.755809843999941,7.1263827590000233]]},"properties":{"OBJECTID":465,"tipo":"Falla","nombre_falla":null,"Shape_Length":0.087472960422441751}},{"type":"Feature","id":466,"geometry":{"type":"LineString","coordinates":[[-77.696925384999986,7.5841567610000311],[-77.641397515999984,7.3787113880000561],[-77.593209146999982,7.2974495990000605]]},"properties":{"OBJECTID":466,"tipo":"Falla de rumbo dextral cubierta","nombre_falla":"Falla de Los Saltos","Shape_Length":0.30729254365186814}},{"type":"Feature","id":467,"geometry":{"type":"LineString","coordinates":[[-77.396685634999983,6.7101792440000736],[-77.438286624999989,6.7598403590000657],[-77.485364302999983,6.8729005180000513],[-77.486704104999944,6.9393034960000364],[-77.577486868999983,7.1595693170000345],[-77.593209146999982,7.2974495990000605]]},"properties":{"OBJECTID":467,"tipo":"Falla de rumbo dextral","nombre_falla":"Falla de Los Saltos","Shape_Length":0.63068405723241205}},{"type":"Feature","id":468,"geometry":{"type":"LineString","coordinates":[[-77.691971873999989,7.6924205870000719],[-77.696925384999986,7.5841567610000311]]},"properties":{"OBJECTID":468,"tipo":"Falla de rumbo dextral","nombre_falla":"Falla de Los Saltos","Shape_Length":0.10837708840614882}},{"type":"Feature","id":469,"geometry":{"type":"LineString","coordinates":[[-77.514062084999978,7.0174342390000675],[-77.545326719999935,7.0008203410000647],[-77.550751890999948,6.97012529400007],[-77.624762117999978,6.882544001000042]]},"properties":{"OBJECTID":469,"tipo":"Falla","nombre_falla":null,"Shape_Length":0.18124029557541366}},{"type":"Feature","id":470,"geometry":{"type":"LineString","coordinates":[[-77.570596595999973,6.9531359430000634],[-77.571738736999976,6.9876857170000335],[-77.631701154999973,7.0569280320000303],[-77.659523883999952,7.1910493230000725],[-77.722193428999958,7.309947065000074]]},"properties":{"OBJECTID":470,"tipo":"Falla","nombre_falla":null,"Shape_Length":0.39754518596394028}},{"type":"Feature","id":471,"geometry":{"type":"LineString","coordinates":[[-77.396685634999983,6.7101792440000736],[-77.316403108999964,6.6741779300000417],[-77.153347619999977,6.637925770000038],[-77.040286684999955,6.6337478170000281]]},"properties":{"OBJECTID":471,"tipo":"Falla","nombre_falla":null,"Shape_Length":0.36816006421239739}},{"type":"Feature","id":472,"geometry":{"type":"LineString","coordinates":[[-77.206216788999939,5.905716691000066],[-76.988418487999979,5.9612652740000271],[-76.876323751999962,6.0387851490000344]]},"properties":{"OBJECTID":472,"tipo":"Falla de rumbo sinestral","nombre_falla":null,"Shape_Length":0.36105894794953608}},{"type":"Feature","id":473,"geometry":{"type":"LineString","coordinates":[[-77.124751486999969,6.1512690440000597],[-77.166433692999988,6.0779985060000286],[-77.239538679999953,5.8200815700000703]]},"properties":{"OBJECTID":473,"tipo":"Falla","nombre_falla":"Falla de Río Condotico","Shape_Length":0.35237434959947594}},{"type":"Feature","id":474,"geometry":{"type":"LineString","coordinates":[[-77.239538679999953,5.8200815700000703],[-77.252689557999986,5.7900156770000422]]},"properties":{"OBJECTID":474,"tipo":"Falla cubierta","nombre_falla":"Falla de Río Condotico","Shape_Length":0.032816208099975493}},{"type":"Feature","id":475,"geometry":{"type":"LineString","coordinates":[[-77.26692295099997,6.5140052520000609],[-77.267983743999935,6.4390342570000598],[-77.296675448999963,6.3719736470000612],[-77.26122479299994,6.3099524680000627],[-77.267435870999975,6.2236613890000285],[-77.250858079999944,6.1941260180000768]]},"properties":{"OBJECTID":475,"tipo":"Falla inversa o de cabalgamiento","nombre_falla":null,"Shape_Length":0.33974116146302202}},{"type":"Feature","id":476,"geometry":{"type":"LineString","coordinates":[[-77.316403108999964,6.6741779300000417],[-77.251822602999937,6.4945648380000307],[-77.235702694999986,6.4283437840000488],[-77.246873523999966,6.3856433280000715],[-77.223223253999947,6.3283323310000696],[-77.225454021999951,6.2588514350000537],[-77.262136268999939,6.1642205590000572],[-77.248376826999959,6.0573990410000533]]},"properties":{"OBJECTID":476,"tipo":"Falla inversa o de cabalgamiento","nombre_falla":null,"Shape_Length":0.64387430898020381}},{"type":"Feature","id":477,"geometry":{"type":"LineString","coordinates":[[-77.31080953299994,6.0085290190000364],[-77.323042861999966,5.9531876840000564]]},"properties":{"OBJECTID":477,"tipo":"Falla","nombre_falla":null,"Shape_Length":0.056677312021680117}},{"type":"Feature","id":478,"geometry":{"type":"LineString","coordinates":[[-77.31080953299994,6.0085290190000364],[-77.150072820999981,6.1076287260000299]]},"properties":{"OBJECTID":478,"tipo":"Falla de rumbo sinestral","nombre_falla":null,"Shape_Length":0.18883072449165272}},{"type":"Feature","id":479,"geometry":{"type":"LineString","coordinates":[[-77.163161812999988,6.2564707920000728],[-77.076417883999966,6.3394910060000598]]},"properties":{"OBJECTID":479,"tipo":"Falla","nombre_falla":null,"Shape_Length":0.1200702508990653}},{"type":"Feature","id":480,"geometry":{"type":"LineString","coordinates":[[-77.090397457999984,6.4314223640000705],[-77.22382294199997,6.3615627740000491]]},"properties":{"OBJECTID":480,"tipo":"Falla","nombre_falla":null,"Shape_Length":0.15060784207869637}},{"type":"Feature","id":481,"geometry":{"type":"LineString","coordinates":[[-77.159501401999989,7.8171774380000443],[-77.310645571999942,7.905450978000033]]},"properties":{"OBJECTID":481,"tipo":"Falla","nombre_falla":null,"Shape_Length":0.17503364816258643}},{"type":"Feature","id":482,"geometry":{"type":"LineString","coordinates":[[-76.72489303499998,6.6153009360000397],[-76.674288296999976,6.4246175640000729]]},"properties":{"OBJECTID":482,"tipo":"Falla","nombre_falla":" ","Shape_Length":0.19728402840911061}},{"type":"Feature","id":483,"geometry":{"type":"LineString","coordinates":[[-76.683725194999965,6.4223247180000271],[-76.58997740999996,6.0883205570000314]]},"properties":{"OBJECTID":483,"tipo":"Falla cubierta","nombre_falla":"Falla de Quebrada Santa Bárbara","Shape_Length":0.34691126640355491}},{"type":"Feature","id":484,"geometry":{"type":"LineString","coordinates":[[-76.57410181399996,5.9934468560000482],[-76.609926386999973,5.8291399480000337],[-76.59051653399996,5.7431387200000472],[-76.59983792099996,5.6332275000000323],[-76.576499680999973,5.3617740940000544],[-76.615531421999947,5.318818403000023]]},"properties":{"OBJECTID":484,"tipo":"Falla","nombre_falla":"Falla de Quebrada Santa Bárbara","Shape_Length":0.69713223506261657}},{"type":"Feature","id":485,"geometry":{"type":"LineString","coordinates":[[-77.468323088999966,7.049314354000046],[-77.392725065999969,7.0923463210000364]]},"properties":{"OBJECTID":485,"tipo":"Falla","nombre_falla":null,"Shape_Length":0.08698742015599982}},{"type":"Feature","id":486,"geometry":{"type":"LineString","coordinates":[[-77.392725065999969,7.0923463210000364],[-77.064468332999979,7.2186328990000561]]},"properties":{"OBJECTID":486,"tipo":"Falla cubierta","nombre_falla":null,"Shape_Length":0.35171122038226377}},{"type":"Feature","id":487,"geometry":{"type":"LineString","coordinates":[[-76.626593001999936,7.0796307730000763],[-76.573361002999945,6.80400217600004]]},"properties":{"OBJECTID":487,"tipo":"Falla","nombre_falla":"Falla de Murindó","Shape_Length":0.280721871612711}},{"type":"Feature","id":488,"geometry":{"type":"LineString","coordinates":[[-76.983170781999945,7.6415481360000399],[-76.821950002999984,7.4593854870000769],[-76.682089745999974,7.2198732390000373],[-76.639275063999946,7.11592508800004]]},"properties":{"OBJECTID":488,"tipo":"Falla de rumbo sinestral","nombre_falla":"Falla de Murindó","Shape_Length":0.63303732884906283}},{"type":"Feature","id":489,"geometry":{"type":"LineString","coordinates":[[-76.711939627999982,6.954813798000032],[-76.522757555999988,6.7570554020000486]]},"properties":{"OBJECTID":489,"tipo":"Falla de rumbo dextral","nombre_falla":null,"Shape_Length":0.27367542738561168}},{"type":"Feature","id":490,"geometry":{"type":"LineString","coordinates":[[-76.577739534999978,6.8086708910000766],[-76.562676485999987,6.7037337060000368],[-76.499624229999938,6.532026328000029]]},"properties":{"OBJECTID":490,"tipo":"Falla de rumbo dextral","nombre_falla":"Falla de Murindó","Shape_Length":0.28893081747471927}},{"type":"Feature","id":491,"geometry":{"type":"LineString","coordinates":[[-76.429963716999964,6.2580155180000361],[-76.316894252999987,6.0150093030000562]]},"properties":{"OBJECTID":491,"tipo":"Falla","nombre_falla":null,"Shape_Length":0.2680237381611163}},{"type":"Feature","id":492,"geometry":{"type":"LineString","coordinates":[[-76.463863834999984,6.5635276750000457],[-76.476965529999973,6.4442962730000204],[-76.427066177999961,6.2655008290000751]]},"properties":{"OBJECTID":492,"tipo":"Falla","nombre_falla":null,"Shape_Length":0.30557708403095896}},{"type":"Feature","id":493,"geometry":{"type":"LineString","coordinates":[[-76.436767959999941,6.0657111160000454],[-76.378146006999941,6.054380396000056],[-76.273267867999948,6.0006086890000461],[-76.191015491999963,5.9395192930000462]]},"properties":{"OBJECTID":493,"tipo":"Falla","nombre_falla":null,"Shape_Length":0.28002292666521711}},{"type":"Feature","id":494,"geometry":{"type":"LineString","coordinates":[[-76.436126667999986,6.2467004030000339],[-76.385753128999966,6.3654543390000526]]},"properties":{"OBJECTID":494,"tipo":"Falla","nombre_falla":null,"Shape_Length":0.12899608810689994}},{"type":"Feature","id":495,"geometry":{"type":"LineString","coordinates":[[-76.501933751999957,7.5574129340000695],[-76.438731238999935,7.4891511350000428],[-76.358478384999955,7.2938600670000255],[-76.27690731499996,7.1485500770000385]]},"properties":{"OBJECTID":495,"tipo":"Falla","nombre_falla":"Falla de Uramita","Shape_Length":0.4708056322467582}},{"type":"Feature","id":496,"geometry":{"type":"LineString","coordinates":[[-76.179066008999939,7.0853006180000762],[-76.227701438999986,7.1280758910000372],[-76.321587619999946,7.1552346070000681]]},"properties":{"OBJECTID":496,"tipo":"Falla","nombre_falla":null,"Shape_Length":0.16250522814670035}},{"type":"Feature","id":497,"geometry":{"type":"LineString","coordinates":[[-76.430124885999987,7.1927564640000696],[-76.536045380999951,7.2615155390000723]]},"properties":{"OBJECTID":497,"tipo":"Falla","nombre_falla":null,"Shape_Length":0.12628127991073487}},{"type":"Feature","id":498,"geometry":{"type":"LineString","coordinates":[[-76.321587619999946,7.1552346070000681],[-76.376858334999952,7.1807985160000385]]},"properties":{"OBJECTID":498,"tipo":"Falla","nombre_falla":null,"Shape_Length":0.060896349479838761}},{"type":"Feature","id":499,"geometry":{"type":"LineString","coordinates":[[-76.376858334999952,7.1807985160000385],[-76.430124885999987,7.1927564640000696]]},"properties":{"OBJECTID":499,"tipo":"Falla cubierta","nombre_falla":null,"Shape_Length":0.054592288611220958}},{"type":"Feature","id":500,"geometry":{"type":"LineString","coordinates":[[-76.498250080999981,7.2806434570000533],[-76.663732741999979,7.3315601670000206]]},"properties":{"OBJECTID":500,"tipo":"Falla cubierta","nombre_falla":null,"Shape_Length":0.17313873757441237}},{"type":"Feature","id":501,"geometry":{"type":"LineString","coordinates":[[-76.305988642999978,7.2063771630000701],[-76.394185096999934,7.2571737130000429],[-76.498250080999981,7.2806434570000533]]},"properties":{"OBJECTID":501,"tipo":"Falla","nombre_falla":null,"Shape_Length":0.20845742330108419}},{"type":"Feature","id":502,"geometry":{"type":"LineString","coordinates":[[-76.531104386999971,6.7387806690000502],[-76.412689714999942,6.7847100290000526]]},"properties":{"OBJECTID":502,"tipo":"Falla","nombre_falla":null,"Shape_Length":0.12701000218441127}},{"type":"Feature","id":503,"geometry":{"type":"LineString","coordinates":[[-76.505574167999953,7.1556711020000421],[-76.522137064999981,7.0384630310000489],[-76.498530525999968,6.8932722420000232],[-76.460291560999963,6.8337570160000496],[-76.492198749999943,6.7519330640000703]]},"properties":{"OBJECTID":503,"tipo":"Falla","nombre_falla":null,"Shape_Length":0.42403583957068536}},{"type":"Feature","id":504,"geometry":{"type":"LineString","coordinates":[[-76.504534102999969,6.747762989000023],[-76.34964774499997,6.5190156140000681],[-76.265828658999965,6.4493387420000658]]},"properties":{"OBJECTID":504,"tipo":"Falla de rumbo dextral","nombre_falla":null,"Shape_Length":0.38524969251433838}},{"type":"Feature","id":505,"geometry":{"type":"LineString","coordinates":[[-75.726899149999952,7.7551382670000635],[-75.729665047999958,7.6785407220000366],[-75.707826803999978,7.5805770080000343],[-75.625644407999971,7.4816406860000484]]},"properties":{"OBJECTID":505,"tipo":"Falla","nombre_falla":null,"Shape_Length":0.30563281513473461}},{"type":"Feature","id":506,"geometry":{"type":"LineString","coordinates":[[-75.711454014999958,7.4945930070000486],[-75.656270334999988,7.5047274570000582]]},"properties":{"OBJECTID":506,"tipo":"Falla","nombre_falla":null,"Shape_Length":0.056106555901622064}},{"type":"Feature","id":507,"geometry":{"type":"LineString","coordinates":[[-75.711454014999958,7.4945930070000486],[-75.734899204999977,7.3947657510000226]]},"properties":{"OBJECTID":507,"tipo":"Falla","nombre_falla":"Falla de Cauca-Almaguer","Shape_Length":0.10254344432791239}},{"type":"Feature","id":508,"geometry":{"type":"LineString","coordinates":[[-75.747502811999937,7.3872561750000614],[-75.647945901999947,7.4184000900000342]]},"properties":{"OBJECTID":508,"tipo":"Falla","nombre_falla":null,"Shape_Length":0.10431453288143315}},{"type":"Feature","id":509,"geometry":{"type":"LineString","coordinates":[[-75.747502811999937,7.3872561750000614],[-75.787151900999959,7.3179203090000442],[-75.80585330699995,7.2502896100000385],[-75.779834790999985,7.033796480000035],[-75.826862193999943,6.7866239570000744],[-75.814791739999976,6.6721501060000605],[-75.834239173999947,6.3946405670000672]]},"properties":{"OBJECTID":509,"tipo":"Falla","nombre_falla":"Falla de Cauca-Almaguer","Shape_Length":1.0129966995415236}},{"type":"Feature","id":510,"geometry":{"type":"LineString","coordinates":[[-75.560782236999955,8.2831067780000467],[-75.589835698999934,8.3716891530000339],[-75.58014198799998,8.4776117100000761]]},"properties":{"OBJECTID":510,"tipo":"Falla","nombre_falla":"Falla de Santa Rita","Shape_Length":0.19959041716652445}},{"type":"Feature","id":511,"geometry":{"type":"LineString","coordinates":[[-75.55086146299999,7.9961957320000465],[-75.572753448999947,8.0906101670000226]]},"properties":{"OBJECTID":511,"tipo":"Falla","nombre_falla":"Falla de Santa Rita","Shape_Length":0.096919268401010061}},{"type":"Feature","id":512,"geometry":{"type":"LineString","coordinates":[[-75.533508301999973,7.7750616770000534],[-75.53541635199997,7.8563555730000303]]},"properties":{"OBJECTID":512,"tipo":"Falla cubierta","nombre_falla":"Falla de Santa Rita","Shape_Length":0.081316284849085152}},{"type":"Feature","id":513,"geometry":{"type":"LineString","coordinates":[[-75.541352104999987,7.9330148310000368],[-75.541946160999942,7.9397113790000731]]},"properties":{"OBJECTID":513,"tipo":"Falla cubierta","nombre_falla":"Falla de Santa Rita","Shape_Length":0.0067228459485452786}},{"type":"Feature","id":514,"geometry":{"type":"LineString","coordinates":[[-75.544099740999968,7.9587325710000414],[-75.55086146299999,7.9961957320000465]]},"properties":{"OBJECTID":514,"tipo":"Falla cubierta","nombre_falla":"Falla de Santa Rita","Shape_Length":0.038068481930829352}},{"type":"Feature","id":515,"geometry":{"type":"LineString","coordinates":[[-75.673450806999938,7.0593456450000645],[-75.59086601499996,7.2316969720000657],[-75.609535646999973,7.3221083720000593],[-75.526559045999988,7.646961789000045],[-75.533508301999973,7.7750616770000534]]},"properties":{"OBJECTID":515,"tipo":"Falla","nombre_falla":"Falla de Santa Rita","Shape_Length":0.74700612417978329}},{"type":"Feature","id":516,"geometry":{"type":"LineString","coordinates":[[-75.53541635199997,7.8563555730000303],[-75.541352104999987,7.9330148310000368]]},"properties":{"OBJECTID":516,"tipo":"Falla","nombre_falla":"Falla de Santa Rita","Shape_Length":0.076888718293315131}},{"type":"Feature","id":517,"geometry":{"type":"LineString","coordinates":[[-75.541946160999942,7.9397113790000731],[-75.544099740999968,7.9587325710000414]]},"properties":{"OBJECTID":517,"tipo":"Falla","nombre_falla":"Falla de Santa Rita","Shape_Length":0.019142717986643725}},{"type":"Feature","id":518,"geometry":{"type":"LineString","coordinates":[[-75.745735283999977,6.8265723390000517],[-75.715293703999976,6.9277944060000323],[-75.670141170999955,7.0155250350000529],[-75.673450806999938,7.0593456450000645]]},"properties":{"OBJECTID":518,"tipo":"Falla","nombre_falla":null,"Shape_Length":0.2483141241404011}},{"type":"Feature","id":519,"geometry":{"type":"LineString","coordinates":[[-76.292930399999989,7.6305261820000396],[-76.243856451999989,7.5892980010000315],[-76.185334033999936,7.4848570320000363],[-76.029920153999967,7.341583326000034],[-75.901767461999953,7.1785097210000686]]},"properties":{"OBJECTID":519,"tipo":"Falla","nombre_falla":null,"Shape_Length":0.60259509329071004}},{"type":"Feature","id":520,"geometry":{"type":"LineString","coordinates":[[-75.936404516999971,7.0837722340000369],[-75.94125861699996,7.0013952940000763],[-75.974951784999973,6.9414328770000679],[-75.967670634999934,6.8280753550000668],[-75.979235333999952,6.7029543730000682]]},"properties":{"OBJECTID":520,"tipo":"Falla","nombre_falla":null,"Shape_Length":0.3905454872090417}},{"type":"Feature","id":521,"geometry":{"type":"LineString","coordinates":[[-76.320885037999972,6.8564844310000694],[-76.306312630999969,6.9504202370000598],[-76.391639760999965,7.1547154920000366]]},"properties":{"OBJECTID":521,"tipo":"Falla inversa o de cabalgamiento","nombre_falla":"Falla de La Cerrazón","Shape_Length":0.31645784860764958}},{"type":"Feature","id":522,"geometry":{"type":"LineString","coordinates":[[-76.410594213999957,7.0476619190000633],[-76.409984098999985,7.1084653440000238]]},"properties":{"OBJECTID":522,"tipo":"Falla","nombre_falla":null,"Shape_Length":0.060806485937266695}},{"type":"Feature","id":523,"geometry":{"type":"LineString","coordinates":[[-76.36814755599994,7.0262510360000761],[-76.445909079999979,7.070558525000024]]},"properties":{"OBJECTID":523,"tipo":"Falla","nombre_falla":null,"Shape_Length":0.089498649131085212}},{"type":"Feature","id":524,"geometry":{"type":"LineString","coordinates":[[-76.183359297999971,7.0906624370000486],[-76.209254189999967,7.0511083730000337],[-76.230819120999968,6.9516193020000401],[-76.212616480999941,6.9071111600000563],[-76.218124149999937,6.8179526720000467],[-76.168851741999958,6.7255966700000727],[-76.055298842999946,6.6231241570000634],[-75.995487088999937,6.5914531270000225]]},"properties":{"OBJECTID":524,"tipo":"Falla","nombre_falla":null,"Shape_Length":0.61180170972185155}},{"type":"Feature","id":525,"geometry":{"type":"LineString","coordinates":[[-76.34906007799998,6.9161456440000393],[-76.435078160999979,6.8427410390000318]]},"properties":{"OBJECTID":525,"tipo":"Falla","nombre_falla":null,"Shape_Length":0.11308115067597181}},{"type":"Feature","id":526,"geometry":{"type":"LineString","coordinates":[[-76.536045380999951,7.2615155390000723],[-76.580750076999948,7.3047788910000691]]},"properties":{"OBJECTID":526,"tipo":"Falla cubierta","nombre_falla":null,"Shape_Length":0.062211152301880214}},{"type":"Feature","id":527,"geometry":{"type":"LineString","coordinates":[[-76.280616039999984,7.0572164850000263],[-76.293697597999937,7.1533259780000549]]},"properties":{"OBJECTID":527,"tipo":"Falla","nombre_falla":null,"Shape_Length":0.096995679308042829}},{"type":"Feature","id":528,"geometry":{"type":"LineString","coordinates":[[-76.296247548999986,7.062445164000053],[-76.280616039999984,7.0572164850000263]]},"properties":{"OBJECTID":528,"tipo":"Falla","nombre_falla":null,"Shape_Length":0.016482814010431179}},{"type":"Feature","id":529,"geometry":{"type":"LineString","coordinates":[[-76.278470815999981,6.9321474760000683],[-76.28520545899994,6.9979301990000522],[-76.321968883999944,7.0735630610000726],[-76.32470256299996,7.1602641090000247]]},"properties":{"OBJECTID":529,"tipo":"Falla","nombre_falla":null,"Shape_Length":0.23696516072357077}},{"type":"Feature","id":530,"geometry":{"type":"LineString","coordinates":[[-76.25915942599994,6.9489668400000255],[-76.318879633999984,6.8867243550000694]]},"properties":{"OBJECTID":530,"tipo":"Falla","nombre_falla":null,"Shape_Length":0.086259087535971044}},{"type":"Feature","id":531,"geometry":{"type":"LineString","coordinates":[[-76.319226156999946,7.0684923250000224],[-76.292467741999985,7.0557763670000213]]},"properties":{"OBJECTID":531,"tipo":"Falla","nombre_falla":null,"Shape_Length":0.029626143204405018}},{"type":"Feature","id":532,"geometry":{"type":"LineString","coordinates":[[-76.317199599999981,6.4844658070000492],[-76.29841272799996,6.6317240030000448],[-76.26241414499998,6.7426360040000759],[-76.241187690999936,6.7626974490000293]]},"properties":{"OBJECTID":532,"tipo":"Falla de rumbo dextral","nombre_falla":null,"Shape_Length":0.29426608699123069}},{"type":"Feature","id":533,"geometry":{"type":"LineString","coordinates":[[-76.241187690999936,6.7626974490000293],[-76.236125922999975,6.8116096630000698],[-76.254161882999938,6.874818833000063],[-76.246285216999979,6.9138982210000677],[-76.296247548999986,7.062445164000053]]},"properties":{"OBJECTID":533,"tipo":"Falla","nombre_falla":"Falla de Pueblo Rico","Shape_Length":0.3114947553560049}},{"type":"Feature","id":534,"geometry":{"type":"LineString","coordinates":[[-76.34964774499997,6.5190156140000681],[-76.364033455999959,6.6323499540000626],[-76.353845733999947,6.7691788780000479]]},"properties":{"OBJECTID":534,"tipo":"Falla de rumbo dextral","nombre_falla":"Falla de Murrí","Shape_Length":0.25145136049410916}},{"type":"Feature","id":535,"geometry":{"type":"LineString","coordinates":[[-76.353845733999947,6.7691788780000479],[-76.338343528999985,6.8545823580000729],[-76.321536632999937,6.8699540930000467]]},"properties":{"OBJECTID":535,"tipo":"Falla","nombre_falla":null,"Shape_Length":0.10957538376989676}},{"type":"Feature","id":536,"geometry":{"type":"LineString","coordinates":[[-76.19627985599999,6.7726155150000409],[-76.177865914999984,6.8767265040000325],[-76.202719955999953,6.9809607330000745],[-76.179066008999939,7.0853006180000762]]},"properties":{"OBJECTID":536,"tipo":"Falla","nombre_falla":null,"Shape_Length":0.31987076837752948}},{"type":"Feature","id":537,"geometry":{"type":"LineString","coordinates":[[-76.108872777999977,6.9985236500000383],[-76.179066008999939,7.0853006180000762]]},"properties":{"OBJECTID":537,"tipo":"Falla","nombre_falla":null,"Shape_Length":0.11161241800755695}},{"type":"Feature","id":538,"geometry":{"type":"LineString","coordinates":[[-76.128985200999978,7.0219574160000207],[-76.123494723999954,7.2516830420000247]]},"properties":{"OBJECTID":538,"tipo":"Falla","nombre_falla":null,"Shape_Length":0.2297912282459483}},{"type":"Feature","id":539,"geometry":{"type":"LineString","coordinates":[[-76.108872777999977,6.9985236500000383],[-76.134677667999938,6.8764512780000473]]},"properties":{"OBJECTID":539,"tipo":"Falla","nombre_falla":null,"Shape_Length":0.12477001383992173}},{"type":"Feature","id":540,"geometry":{"type":"LineString","coordinates":[[-76.128985200999978,7.0219574160000207],[-76.134677667999938,6.8764512780000473],[-76.085218723999958,6.7331758820000687],[-76.091359768999951,6.6554749520000769]]},"properties":{"OBJECTID":540,"tipo":"Falla","nombre_falla":null,"Shape_Length":0.37513252610555664}},{"type":"Feature","id":541,"geometry":{"type":"LineString","coordinates":[[-76.094084585999951,7.2322666400000344],[-76.122539719999963,7.0158879230000366]]},"properties":{"OBJECTID":541,"tipo":"Falla","nombre_falla":null,"Shape_Length":0.21824170962839293}},{"type":"Feature","id":542,"geometry":{"type":"LineString","coordinates":[[-76.094084585999951,7.2322666400000344],[-76.164715556999965,7.2834340300000235]]},"properties":{"OBJECTID":542,"tipo":"Falla","nombre_falla":null,"Shape_Length":0.087217176426526377}},{"type":"Feature","id":543,"geometry":{"type":"LineString","coordinates":[[-76.189692063999985,6.7649674040000605],[-76.191352527999982,6.7265469260000259],[-76.229044812999973,6.6353061480000406],[-76.21821512799994,6.5689551800000459],[-76.266518438999981,6.413313712000047]]},"properties":{"OBJECTID":543,"tipo":"Falla","nombre_falla":null,"Shape_Length":0.36736969423055343}},{"type":"Feature","id":544,"geometry":{"type":"LineString","coordinates":[[-75.966653752999946,6.691347897000071],[-75.942191431999959,6.6120964810000373]]},"properties":{"OBJECTID":544,"tipo":"Falla","nombre_falla":"Falla del Guasabra","Shape_Length":0.082940895140556664}},{"type":"Feature","id":545,"geometry":{"type":"LineString","coordinates":[[-76.098723830999973,6.82736839100005],[-75.966653752999946,6.691347897000071]]},"properties":{"OBJECTID":545,"tipo":"Falla de rumbo sinestral","nombre_falla":"Falla de Cañasgordas","Shape_Length":0.18958924096828755}},{"type":"Feature","id":546,"geometry":{"type":"LineString","coordinates":[[-75.969701451999981,6.4174907600000211],[-75.973604376999958,6.5707691290000412],[-75.962573022999948,6.6028531310000744],[-75.942191431999959,6.6120964810000373]]},"properties":{"OBJECTID":546,"tipo":"Falla","nombre_falla":null,"Shape_Length":0.20963518266219336}},{"type":"Feature","id":547,"geometry":{"type":"LineString","coordinates":[[-75.893952227999989,6.305042358000037],[-75.830972724999981,6.3966820970000526]]},"properties":{"OBJECTID":547,"tipo":"Falla","nombre_falla":null,"Shape_Length":0.11119469214903666}},{"type":"Feature","id":548,"geometry":{"type":"LineString","coordinates":[[-75.969701451999981,6.4174907600000211],[-75.964392523999948,6.3171061400000212],[-75.945549115999938,6.2695136800000455],[-75.947820539999952,6.104669078000029],[-75.887020296999935,5.9123137650000217],[-75.867992047999962,5.6695607780000614]]},"properties":{"OBJECTID":548,"tipo":"Falla","nombre_falla":"Falla de Mistrató","Shape_Length":0.76180539877550901}},{"type":"Feature","id":549,"geometry":{"type":"LineString","coordinates":[[-75.857862042999955,5.6345202840000752],[-75.959552087999953,5.9840253400000734],[-76.035373310999944,6.1249177920000761],[-76.116365218999988,6.2143997050000621],[-76.134095285999933,6.2686205510000264]]},"properties":{"OBJECTID":549,"tipo":"Falla","nombre_falla":"Falla de Penderisco","Shape_Length":0.70173538422252291}},{"type":"Feature","id":550,"geometry":{"type":"LineString","coordinates":[[-75.918400389999988,6.0112752490000503],[-75.943171918999951,5.9442047040000716]]},"properties":{"OBJECTID":550,"tipo":"Falla","nombre_falla":null,"Shape_Length":0.071498857722275419}},{"type":"Feature","id":551,"geometry":{"type":"LineString","coordinates":[[-75.846408406999956,5.9598639110000704],[-76.000872955999967,5.7737923720000595]]},"properties":{"OBJECTID":551,"tipo":"Falla de rumbo dextral","nombre_falla":"Falla de San Juan","Shape_Length":0.24183034243785312}},{"type":"Feature","id":552,"geometry":{"type":"LineString","coordinates":[[-75.880982800999959,5.6382905580000511],[-75.920203048999952,5.7515722380000511],[-75.968984200999955,5.8055933440000445]]},"properties":{"OBJECTID":552,"tipo":"Falla","nombre_falla":"Falla de La Mansa","Shape_Length":0.19266550953128869}},{"type":"Feature","id":553,"geometry":{"type":"LineString","coordinates":[[-75.89648608899995,4.9633930320000559],[-75.884338277999973,5.0021397410000645],[-75.901928279999936,5.143765300000041],[-75.889297579999948,5.1709954730000618],[-75.868854493999947,5.4214080080000713],[-75.879032737999978,5.6382905400000709]]},"properties":{"OBJECTID":553,"tipo":"Falla","nombre_falla":"Falla de Mistrató","Shape_Length":0.68170387538064325}},{"type":"Feature","id":554,"geometry":{"type":"LineString","coordinates":[[-75.953367087999936,5.4550092040000209],[-75.877421954999988,5.3505802910000284]]},"properties":{"OBJECTID":554,"tipo":"Falla","nombre_falla":null,"Shape_Length":0.12912420801979682}},{"type":"Feature","id":555,"geometry":{"type":"LineString","coordinates":[[-75.945919096999944,5.1120115340000325],[-75.930197946999954,5.2812370570000553],[-75.887515529999973,5.3804377350000436],[-75.871576163999976,5.4960072740000214]]},"properties":{"OBJECTID":555,"tipo":"Falla","nombre_falla":"Falla de Apía","Shape_Length":0.39461109499346714}},{"type":"Feature","id":556,"geometry":{"type":"LineString","coordinates":[[-75.967954155999962,5.8070033490000696],[-76.007025121999959,5.8456441920000657],[-76.192950773999939,5.9293370290000667]]},"properties":{"OBJECTID":556,"tipo":"Falla","nombre_falla":null,"Shape_Length":0.2588455746905528}},{"type":"Feature","id":557,"geometry":{"type":"LineString","coordinates":[[-75.950263036999957,6.4272978290000538],[-75.99629919299997,6.3927006550000556]]},"properties":{"OBJECTID":557,"tipo":"Falla","nombre_falla":null,"Shape_Length":0.057587256472623811}},{"type":"Feature","id":558,"geometry":{"type":"LineString","coordinates":[[-75.879382910999936,5.6212103500000694],[-75.853162218999955,5.5992098450000753],[-75.789430172999971,5.5833390400000553]]},"properties":{"OBJECTID":558,"tipo":"Falla","nombre_falla":null,"Shape_Length":0.099906297218429863}},{"type":"Feature","id":559,"geometry":{"type":"LineString","coordinates":[[-75.87498216299997,5.6821609970000395],[-75.875634290999983,5.6383643810000308]]},"properties":{"OBJECTID":559,"tipo":"Falla","nombre_falla":"Falla de Mistrató","Shape_Length":0.043801470797002022}},{"type":"Feature","id":560,"geometry":{"type":"LineString","coordinates":[[-75.830881206999948,5.6243699050000373],[-75.890523133999977,5.6383106530000759]]},"properties":{"OBJECTID":560,"tipo":"Falla","nombre_falla":null,"Shape_Length":0.061249521721213881}},{"type":"Feature","id":561,"geometry":{"type":"LineString","coordinates":[[-75.622296637999966,5.356084911000039],[-75.494999786999983,5.2864306970000712]]},"properties":{"OBJECTID":561,"tipo":"Falla","nombre_falla":"Falla de Aranzazu","Shape_Length":0.14510753875131757}},{"type":"Feature","id":562,"geometry":{"type":"LineString","coordinates":[[-75.674390758999948,5.1106727930000488],[-75.59039745299998,5.1559124720000682]]},"properties":{"OBJECTID":562,"tipo":"Lineamiento","nombre_falla":null,"Shape_Length":0.095401802964247245}},{"type":"Feature","id":563,"geometry":{"type":"LineString","coordinates":[[-75.898538324999947,5.1258650740000462],[-75.833464599999957,5.2827661510000326]]},"properties":{"OBJECTID":563,"tipo":"Falla","nombre_falla":null,"Shape_Length":0.16986034748913606}},{"type":"Feature","id":564,"geometry":{"type":"LineString","coordinates":[[-75.831655077999983,5.2262155240000538],[-75.820003578999945,5.3412566630000242]]},"properties":{"OBJECTID":564,"tipo":"Falla","nombre_falla":null,"Shape_Length":0.11562967219255789}},{"type":"Feature","id":565,"geometry":{"type":"LineString","coordinates":[[-75.831561244999989,5.1844817560000251],[-75.831655077999983,5.2262155240000538]]},"properties":{"OBJECTID":565,"tipo":"Falla","nombre_falla":null,"Shape_Length":0.041733873485600495}},{"type":"Feature","id":566,"geometry":{"type":"LineString","coordinates":[[-76.019622169999934,5.1622166150000339],[-75.974220830999968,5.1369609120000632],[-75.894908328999975,5.0573635190000346]]},"properties":{"OBJECTID":566,"tipo":"Falla","nombre_falla":null,"Shape_Length":0.16431961727655381}},{"type":"Feature","id":567,"geometry":{"type":"LineString","coordinates":[[-75.981768153999951,4.8275657380000325],[-75.935390990999963,4.9762138330000312],[-75.939959947999967,5.1053152500000465]]},"properties":{"OBJECTID":567,"tipo":"Falla","nombre_falla":"Falla de Apía","Shape_Length":0.28489703546052442}},{"type":"Feature","id":568,"geometry":{"type":"LineString","coordinates":[[-76.009994723999966,4.7740724890000479],[-75.981768153999951,4.8275657380000325]]},"properties":{"OBJECTID":568,"tipo":"Falla cubierta","nombre_falla":"Falla de Apía","Shape_Length":0.060483608874968099}},{"type":"Feature","id":569,"geometry":{"type":"LineString","coordinates":[[-76.076649487999987,4.576680988000021],[-76.231674980999969,4.5605122020000408],[-76.397471391999943,4.4846228950000295],[-76.482224976999987,4.4114828820000298],[-76.684132298999941,4.3230426120000516]]},"properties":{"OBJECTID":569,"tipo":"Falla de rumbo dextral","nombre_falla":"Falla de Garrapatas","Shape_Length":0.67058239859569946}},{"type":"Feature","id":570,"geometry":{"type":"LineString","coordinates":[[-76.684132298999941,4.3230426120000516],[-76.786027003999948,4.2419237530000373]]},"properties":{"OBJECTID":570,"tipo":"Falla cubierta","nombre_falla":"Falla de Garrapatas","Shape_Length":0.13024131522870364}},{"type":"Feature","id":571,"geometry":{"type":"LineString","coordinates":[[-76.180803152999943,4.5691318420000471],[-76.144491578999975,4.6044118720000711],[-76.066807716999961,4.736442534000048]]},"properties":{"OBJECTID":571,"tipo":"Falla","nombre_falla":null,"Shape_Length":0.20381719076467153}},{"type":"Feature","id":572,"geometry":{"type":"LineString","coordinates":[[-76.081010988999935,4.6197451320000482],[-76.090181541999982,4.6085159880000219]]},"properties":{"OBJECTID":572,"tipo":"Falla cubierta","nombre_falla":"Falla de Toro","Shape_Length":0.014498024599923708}},{"type":"Feature","id":573,"geometry":{"type":"LineString","coordinates":[[-76.033369600999947,4.6793591610000362],[-76.062379810999971,4.6401542610000206]]},"properties":{"OBJECTID":573,"tipo":"Falla cubierta","nombre_falla":"Falla de Toro","Shape_Length":0.048771061791360662}},{"type":"Feature","id":574,"geometry":{"type":"LineString","coordinates":[[-76.090181541999982,4.6085159880000219],[-76.125811174999967,4.5781714360000478]]},"properties":{"OBJECTID":574,"tipo":"Falla","nombre_falla":"Falla de Toro","Shape_Length":0.046800241279215143}},{"type":"Feature","id":575,"geometry":{"type":"LineString","coordinates":[[-76.062379810999971,4.6401542610000206],[-76.081010988999935,4.6197451320000482]]},"properties":{"OBJECTID":575,"tipo":"Falla","nombre_falla":"Falla de Toro","Shape_Length":0.027634278355040547}},{"type":"Feature","id":576,"geometry":{"type":"LineString","coordinates":[[-76.024096687999986,4.6876416460000314],[-76.033369600999947,4.6793591610000362]]},"properties":{"OBJECTID":576,"tipo":"Falla","nombre_falla":"Falla de Toro","Shape_Length":0.012433280873526237}},{"type":"Feature","id":577,"geometry":{"type":"LineString","coordinates":[[-76.274777549999953,4.4382913320000625],[-76.29774804699997,4.4725518910000233]]},"properties":{"OBJECTID":577,"tipo":"Falla","nombre_falla":null,"Shape_Length":0.041248389488773775}},{"type":"Feature","id":578,"geometry":{"type":"LineString","coordinates":[[-76.277317598999957,4.4426614020000557],[-76.250599250999983,4.493616179000071],[-76.173362589999954,4.5704875480000737]]},"properties":{"OBJECTID":578,"tipo":"Falla","nombre_falla":"Falla del Dovio","Shape_Length":0.16650599313014591}},{"type":"Feature","id":579,"geometry":{"type":"LineString","coordinates":[[-76.274777549999953,4.4382913320000625],[-76.384112881999954,4.2330511440000578],[-76.418587908999939,4.2019531870000719],[-76.437878717999979,4.1209539130000508],[-76.489199756999938,4.0174080390000313],[-76.616754167999943,3.8749286500000721],[-76.664511328999936,3.7595611390000272]]},"properties":{"OBJECTID":579,"tipo":"Falla","nombre_falla":"Falla de Trujillo","Shape_Length":0.79390166558166164}},{"type":"Feature","id":580,"geometry":{"type":"LineString","coordinates":[[-76.722523227999943,3.1948231240000382],[-76.671751660999973,3.1698125080000636]]},"properties":{"OBJECTID":580,"tipo":"Falla","nombre_falla":null,"Shape_Length":0.056597552317486331}},{"type":"Feature","id":581,"geometry":{"type":"LineString","coordinates":[[-76.720093716999941,3.1203024370000207],[-76.700692549999985,3.1844128630000341]]},"properties":{"OBJECTID":581,"tipo":"Falla","nombre_falla":null,"Shape_Length":0.066981728873352853}},{"type":"Feature","id":582,"geometry":{"type":"LineString","coordinates":[[-76.248446661999935,4.4356410770000707],[-76.294279372999938,4.3065701760000366]]},"properties":{"OBJECTID":582,"tipo":"Falla","nombre_falla":null,"Shape_Length":0.13696691163405267}},{"type":"Feature","id":583,"geometry":{"type":"LineString","coordinates":[[-76.273827670999935,4.4207411530000513],[-76.092680929999972,4.5775772280000524]]},"properties":{"OBJECTID":583,"tipo":"Falla","nombre_falla":null,"Shape_Length":0.23960737926097742}},{"type":"Feature","id":584,"geometry":{"type":"LineString","coordinates":[[-76.503098491999936,2.8194381880000492],[-76.301450165999938,3.0080682460000503],[-76.233086836999973,3.136928815000033],[-76.211155393999945,3.2262294030000476],[-76.181614044999947,3.2690895430000637],[-76.175363009999955,3.3734004050000408],[-76.148201593999943,3.4341407290000348],[-76.128839629999959,3.5963920190000636],[-76.015823463999936,3.8742136180000557],[-75.960394128999951,3.937047610000036],[-75.796926536999933,4.3306965300000684]]},"properties":{"OBJECTID":584,"tipo":"Falla","nombre_falla":"Falla de Cauca-Almaguer","Shape_Length":1.7103982038811656}},{"type":"Feature","id":585,"geometry":{"type":"LineString","coordinates":[[-75.613107491999983,5.1415908880000529],[-75.611656775999961,5.3029242380000596],[-75.59831034299998,5.3436463200000617]]},"properties":{"OBJECTID":585,"tipo":"Falla","nombre_falla":"Falla de Cauca-Almaguer","Shape_Length":0.20419328800587769}},{"type":"Feature","id":586,"geometry":{"type":"LineString","coordinates":[[-75.667667309999956,4.8484825660000297],[-75.665452143999971,4.930460839000034],[-75.624208782999972,5.1382926100000645]]},"properties":{"OBJECTID":586,"tipo":"Falla","nombre_falla":"Falla de Cauca-Almaguer","Shape_Length":0.29389273967004942}},{"type":"Feature","id":587,"geometry":{"type":"LineString","coordinates":[[-75.796926536999933,4.3306965300000684],[-75.76336999199998,4.4356767760000366],[-75.764461859999983,4.5365185830000314],[-75.721336014999963,4.7176491850000275],[-75.667667309999956,4.8484825660000297]]},"properties":{"OBJECTID":587,"tipo":"Falla cubierta","nombre_falla":"Falla de Cauca-Almaguer","Shape_Length":0.53866770812671139}},{"type":"Feature","id":588,"geometry":{"type":"LineString","coordinates":[[-76.206537184999945,3.4873139620000302],[-76.159099918999971,3.6875931010000613],[-76.04205356999995,3.9686347290000299],[-75.960428393999962,4.2464266750000661],[-75.939310249999949,4.5219392000000198],[-75.838391486999967,4.8744681310000715],[-75.845998154999961,4.9502627260000622],[-75.826326720999987,5.0320234040000287]]},"properties":{"OBJECTID":588,"tipo":"Falla","nombre_falla":"Falla de Potrerillos","Shape_Length":1.6030765920505183}},{"type":"Feature","id":589,"geometry":{"type":"LineString","coordinates":[[-76.197953446999975,3.414970960000062],[-76.206754142999955,3.3660705920000282],[-76.235435489999986,3.319860421000044]]},"properties":{"OBJECTID":589,"tipo":"Falla cubierta","nombre_falla":"Falla de Potrerillos","Shape_Length":0.10407349103037855}},{"type":"Feature","id":590,"geometry":{"type":"LineString","coordinates":[[-75.885965333999934,4.3055665970000518],[-75.836102492999942,4.4337174070000742],[-75.764461859999983,4.5365185830000314]]},"properties":{"OBJECTID":590,"tipo":"Falla","nombre_falla":"Falla de Montenegro","Shape_Length":0.26281124083881136}},{"type":"Feature","id":591,"geometry":{"type":"LineString","coordinates":[[-75.959387829999969,4.2510360960000639],[-75.885965333999934,4.3055665970000518]]},"properties":{"OBJECTID":591,"tipo":"Falla","nombre_falla":null,"Shape_Length":0.091457304017693378}},{"type":"Feature","id":592,"geometry":{"type":"LineString","coordinates":[[-76.120118541999943,5.8981859340000256],[-76.162769518999937,5.9496769710000308],[-76.248440481999978,6.1515902730000676],[-76.254785772999981,6.435423528000058]]},"properties":{"OBJECTID":592,"tipo":"Falla","nombre_falla":"Falla de Encarnación","Shape_Length":0.5701019566043668}},{"type":"Feature","id":593,"geometry":{"type":"LineString","coordinates":[[-76.303029924999976,6.3938538400000766],[-76.277169502999982,6.3468729840000719],[-76.287110690999953,6.2648020640000368],[-76.265011830999981,6.1687782930000594],[-76.248440481999978,6.1515902730000676]]},"properties":{"OBJECTID":593,"tipo":"Falla","nombre_falla":null,"Shape_Length":0.25870814508246703}},{"type":"Feature","id":594,"geometry":{"type":"LineString","coordinates":[[-76.32639882899997,6.4963056970000252],[-76.303029924999976,6.3938538400000766]]},"properties":{"OBJECTID":594,"tipo":"Falla de rumbo dextral","nombre_falla":null,"Shape_Length":0.10508324641396878}},{"type":"Feature","id":595,"geometry":{"type":"LineString","coordinates":[[-76.029781619999937,6.6064636380000366],[-76.058542155999987,6.316360358000054],[-76.035373310999944,6.1249177920000761]]},"properties":{"OBJECTID":595,"tipo":"Falla","nombre_falla":null,"Shape_Length":0.48436488361170305}},{"type":"Feature","id":596,"geometry":{"type":"LineString","coordinates":[[-76.007833435999942,6.7291007070000433],[-76.034958289999963,6.6086137600000256]]},"properties":{"OBJECTID":596,"tipo":"Falla","nombre_falla":null,"Shape_Length":0.12350247812051196}},{"type":"Feature","id":597,"geometry":{"type":"LineString","coordinates":[[-75.642152532999944,6.1073914930000228],[-75.614799882999989,6.0106321540000636],[-75.571349153999961,5.9352708410000332],[-75.482948560999944,5.6923372120000408],[-75.483569619999969,5.5869060610000361]]},"properties":{"OBJECTID":597,"tipo":"Falla","nombre_falla":"Falla de San Jerónimo","Shape_Length":0.55149206079695612}},{"type":"Feature","id":598,"geometry":{"type":"LineString","coordinates":[[-75.808703714999979,6.680242058000033],[-75.738736837999966,6.5363212350000595],[-75.712199123999937,6.4104079130000287],[-75.711110320999978,6.2925864710000496],[-75.680700111999954,6.2102451760000577]]},"properties":{"OBJECTID":598,"tipo":"Falla","nombre_falla":"Falla de San Jerónimo","Shape_Length":0.49431013464021961}},{"type":"Feature","id":599,"geometry":{"type":"LineString","coordinates":[[-75.680700111999954,6.2102451760000577],[-75.658177765999937,6.1544755930000292]]},"properties":{"OBJECTID":599,"tipo":"Falla cubierta","nombre_falla":"Falla de San Jerónimo","Shape_Length":0.060145676963033037}},{"type":"Feature","id":600,"geometry":{"type":"LineString","coordinates":[[-75.658177765999937,6.1544755930000292],[-75.652930365999964,6.0927035050000313]]},"properties":{"OBJECTID":600,"tipo":"Falla","nombre_falla":"Falla de San Jerónimo","Shape_Length":0.061994564783045332}},{"type":"Feature","id":601,"geometry":{"type":"LineString","coordinates":[[-75.628387914999962,6.1279513330000555],[-75.670991111999967,6.080263536000075]]},"properties":{"OBJECTID":601,"tipo":"Falla","nombre_falla":null,"Shape_Length":0.063946527484552387}},{"type":"Feature","id":602,"geometry":{"type":"LineString","coordinates":[[-75.486559707999959,5.5887861090000683],[-75.472779892999938,5.5218652410000573],[-75.488471555999979,5.4067141490000381]]},"properties":{"OBJECTID":602,"tipo":"Falla","nombre_falla":null,"Shape_Length":0.18454018267358643}},{"type":"Feature","id":603,"geometry":{"type":"LineString","coordinates":[[-75.51325038799996,5.6126466390000473],[-75.47946951199998,5.5843659940000521]]},"properties":{"OBJECTID":603,"tipo":"Falla","nombre_falla":"Falla de San Jerónimo","Shape_Length":0.044056128574147313}},{"type":"Feature","id":604,"geometry":{"type":"LineString","coordinates":[[-75.258641721999936,6.5801820350000639],[-75.132837823999978,6.5351432570000725],[-75.004893329999959,6.5462920150000627],[-74.942131310999969,6.5345911980000437],[-74.826157837999972,6.4904694270000505]]},"properties":{"OBJECTID":604,"tipo":"Lineamiento","nombre_falla":null,"Shape_Length":0.44997868347825987}},{"type":"Feature","id":605,"geometry":{"type":"LineString","coordinates":[[-75.736805578999963,6.8238133070000231],[-75.717635664999989,6.7542422290000559],[-75.71652691099996,6.6342407100000287],[-75.694086410999944,6.6076401390000683],[-75.668816604999961,6.5070586340000318],[-75.644425942999987,6.4892381600000704]]},"properties":{"OBJECTID":605,"tipo":"Falla","nombre_falla":"Falla de Gaserón","Shape_Length":0.36088677272251379}},{"type":"Feature","id":606,"geometry":{"type":"LineString","coordinates":[[-75.691615926999987,6.644900577000044],[-75.711408803999973,6.8582046310000351],[-75.665907015999949,6.9567396560000248]]},"properties":{"OBJECTID":606,"tipo":"Falla","nombre_falla":"Falla de La Trinidad","Shape_Length":0.32275409373461728}},{"type":"Feature","id":607,"geometry":{"type":"LineString","coordinates":[[-75.701154822999968,6.7794023600000628],[-75.65643375999997,6.733261303000063]]},"properties":{"OBJECTID":607,"tipo":"Falla","nombre_falla":null,"Shape_Length":0.064257066669176188}},{"type":"Feature","id":608,"geometry":{"type":"LineString","coordinates":[[-75.52281518999996,6.4786197290000587],[-75.563824646999933,6.4850594930000511],[-75.691615926999987,6.644900577000044]]},"properties":{"OBJECTID":608,"tipo":"Falla","nombre_falla":"Falla de Río Chico","Shape_Length":0.24615750637334699}},{"type":"Feature","id":609,"geometry":{"type":"LineString","coordinates":[[-75.472942193999984,6.4444176480000692],[-75.52281518999996,6.4786197290000587]]},"properties":{"OBJECTID":609,"tipo":"Falla","nombre_falla":"Falla de Río Chico","Shape_Length":0.060473945420680984}},{"type":"Feature","id":610,"geometry":{"type":"LineString","coordinates":[[-75.554773170999965,6.4585268360000327],[-75.701507644999936,6.5160290840000243]]},"properties":{"OBJECTID":610,"tipo":"Falla","nombre_falla":"Falla de El Caserón","Shape_Length":0.15759922076298633}},{"type":"Feature","id":611,"geometry":{"type":"LineString","coordinates":[[-75.512039441999946,6.2523672790000546],[-75.501140136999936,6.1700596170000495],[-75.511201443999937,6.1037732730000585]]},"properties":{"OBJECTID":611,"tipo":"Falla","nombre_falla":null,"Shape_Length":0.15007175332240708}},{"type":"Feature","id":612,"geometry":{"type":"LineString","coordinates":[[-75.529363667999974,6.3119163290000415],[-75.512039441999946,6.2523672790000546]]},"properties":{"OBJECTID":612,"tipo":"Falla","nombre_falla":"Falla de Rodas","Shape_Length":0.062017885826598305}},{"type":"Feature","id":613,"geometry":{"type":"LineString","coordinates":[[-75.588144244999967,6.4658272740000484],[-75.529363667999974,6.3119163290000415]]},"properties":{"OBJECTID":613,"tipo":"Falla de rumbo sinestral","nombre_falla":"Falla de La Acuarela","Shape_Length":0.16475355906094191}},{"type":"Feature","id":614,"geometry":{"type":"LineString","coordinates":[[-75.548065018999978,6.1116006180000682],[-75.582268732999978,6.0140018610000539],[-75.58489184299998,5.9607442970000761]]},"properties":{"OBJECTID":614,"tipo":"Falla","nombre_falla":"Falla de La Estufa","Shape_Length":0.1567407454707998}},{"type":"Feature","id":615,"geometry":{"type":"LineString","coordinates":[[-75.547543060999942,6.1817717080000421],[-75.549936361999983,6.324751367000033]]},"properties":{"OBJECTID":615,"tipo":"Falla","nombre_falla":null,"Shape_Length":0.14299968803263349}},{"type":"Feature","id":616,"geometry":{"type":"LineString","coordinates":[[-75.590264304999948,6.466707308000025],[-75.568662356999937,6.3645674380000514]]},"properties":{"OBJECTID":616,"tipo":"Falla","nombre_falla":null,"Shape_Length":0.10439922030842329}},{"type":"Feature","id":617,"geometry":{"type":"LineString","coordinates":[[-75.511201443999937,6.1037732730000585],[-75.535875724999983,6.178034240000045]]},"properties":{"OBJECTID":617,"tipo":"Falla","nombre_falla":null,"Shape_Length":0.078252868079338123}},{"type":"Feature","id":618,"geometry":{"type":"LineString","coordinates":[[-75.552899913999966,6.182633183000064],[-75.514443220999965,6.1735474880000538]]},"properties":{"OBJECTID":618,"tipo":"Falla","nombre_falla":null,"Shape_Length":0.039515403200897511}},{"type":"Feature","id":619,"geometry":{"type":"LineString","coordinates":[[-75.514443220999965,6.1735474880000538],[-75.504584658999988,6.1579590410000264]]},"properties":{"OBJECTID":619,"tipo":"Falla","nombre_falla":null,"Shape_Length":0.01844426535755889}},{"type":"Feature","id":620,"geometry":{"type":"LineString","coordinates":[[-75.729074102999959,5.983703007000031],[-75.755984328999944,6.0332400500000745],[-75.771022497999979,6.2825169760000676],[-75.807522547999952,6.3999987840000472],[-75.794051752999962,6.4312190220000502],[-75.804761287999952,6.5106601140000748]]},"properties":{"OBJECTID":620,"tipo":"Falla","nombre_falla":"Falla de Quirimará","Shape_Length":0.54328798341628881}},{"type":"Feature","id":621,"geometry":{"type":"LineString","coordinates":[[-75.772520527999973,6.4760893490000626],[-75.745391837999989,6.2607464490000666],[-75.701621748999969,6.1215543380000668],[-75.659911083999987,6.0454830230000312],[-75.634451579999961,5.9104412000000366],[-75.577100320999989,5.8388298060000352],[-75.581370875999937,5.7988493950000475],[-75.550127526999972,5.7219592210000201]]},"properties":{"OBJECTID":621,"tipo":"Falla","nombre_falla":"Falla de Silvia-Pijao","Shape_Length":0.8020832364955246}},{"type":"Feature","id":622,"geometry":{"type":"LineString","coordinates":[[-75.749222502999942,6.2853947550000271],[-75.747037237999962,6.1902836840000646],[-75.682752663999963,5.9683523530000571]]},"properties":{"OBJECTID":622,"tipo":"Falla","nombre_falla":null,"Shape_Length":0.32619032604702186}},{"type":"Feature","id":623,"geometry":{"type":"LineString","coordinates":[[-75.682752663999963,5.9683523530000571],[-75.729074102999959,5.983703007000031]]},"properties":{"OBJECTID":623,"tipo":"Falla","nombre_falla":null,"Shape_Length":0.048798752947767872}},{"type":"Feature","id":624,"geometry":{"type":"LineString","coordinates":[[-75.821127906999948,6.5223379750000277],[-75.717985662999979,6.4379375670000627]]},"properties":{"OBJECTID":624,"tipo":"Falla","nombre_falla":null,"Shape_Length":0.13327322074561579}},{"type":"Feature","id":625,"geometry":{"type":"LineString","coordinates":[[-75.947288860999947,6.1641600470000526],[-75.921657391999986,6.1773813860000359]]},"properties":{"OBJECTID":625,"tipo":"Falla de rumbo dextral","nombre_falla":null,"Shape_Length":0.02884052718048781}},{"type":"Feature","id":626,"geometry":{"type":"LineString","coordinates":[[-75.921657391999986,6.1773813860000359],[-75.893952227999989,6.305042358000037]]},"properties":{"OBJECTID":626,"tipo":"Falla","nombre_falla":null,"Shape_Length":0.13063269071810382}},{"type":"Feature","id":627,"geometry":{"type":"LineString","coordinates":[[-75.154944320999959,5.9897172010000759],[-75.162525284999958,5.921386516000041],[-75.188076497999987,5.8875363970000762],[-75.204207805999943,5.8130157370000575]]},"properties":{"OBJECTID":627,"tipo":"Falla","nombre_falla":null,"Shape_Length":0.1874075850206291}},{"type":"Feature","id":628,"geometry":{"type":"LineString","coordinates":[[-75.111995346999947,5.7456440670000575],[-75.212009269999953,5.6942845170000282],[-75.273351860999981,5.6444645890000515]]},"properties":{"OBJECTID":628,"tipo":"Lineamiento","nombre_falla":null,"Shape_Length":0.19145529484608742}},{"type":"Feature","id":629,"geometry":{"type":"LineString","coordinates":[[-75.273351860999981,5.6444645890000515],[-75.33075488999998,5.5371940030000246]]},"properties":{"OBJECTID":629,"tipo":"Falla","nombre_falla":"Falla de Perrillo","Shape_Length":0.12166382518712771}},{"type":"Feature","id":630,"geometry":{"type":"LineString","coordinates":[[-75.253940300999943,5.7346053800000618],[-75.113244795999947,5.8040347130000214]]},"properties":{"OBJECTID":630,"tipo":"Lineamiento","nombre_falla":null,"Shape_Length":0.15689377746750607}},{"type":"Feature","id":631,"geometry":{"type":"LineString","coordinates":[[-75.393884921999984,5.7503969630000711],[-75.333141533999935,5.8799777930000232]]},"properties":{"OBJECTID":631,"tipo":"Lineamiento","nombre_falla":null,"Shape_Length":0.14311167209281336}},{"type":"Feature","id":632,"geometry":{"type":"LineString","coordinates":[[-75.418486749999943,5.652196128000071],[-75.416276139999979,5.7055566940000517],[-75.393884921999984,5.7503969630000711]]},"properties":{"OBJECTID":632,"tipo":"Falla","nombre_falla":null,"Shape_Length":0.10352635633458356}},{"type":"Feature","id":633,"geometry":{"type":"LineString","coordinates":[[-75.383953016999953,6.0332164250000346],[-75.412274701999934,5.8348480950000408],[-75.437906340999973,5.7597775130000741]]},"properties":{"OBJECTID":633,"tipo":"Falla","nombre_falla":null,"Shape_Length":0.27970566071429692}},{"type":"Feature","id":634,"geometry":{"type":"LineString","coordinates":[[-75.406570489999979,6.0414481320000277],[-75.284419014999969,5.9639082430000485]]},"properties":{"OBJECTID":634,"tipo":"Lineamiento","nombre_falla":null,"Shape_Length":0.14468385269547906}},{"type":"Feature","id":635,"geometry":{"type":"LineString","coordinates":[[-75.409583546999954,5.9396892500000718],[-75.266568834999987,5.9219475860000443]]},"properties":{"OBJECTID":635,"tipo":"Falla","nombre_falla":null,"Shape_Length":0.14411097976880002}},{"type":"Feature","id":636,"geometry":{"type":"LineString","coordinates":[[-75.156879929999945,6.4158121060000326],[-75.05736791399994,6.2849195300000247],[-74.94598513699998,6.1880772520000278]]},"properties":{"OBJECTID":636,"tipo":"Falla","nombre_falla":"Falla de Bizcocho","Shape_Length":0.3120206789052562}},{"type":"Feature","id":637,"geometry":{"type":"LineString","coordinates":[[-74.206504240999948,7.5992657570000688],[-73.982419311999934,7.8967628530000411]]},"properties":{"OBJECTID":637,"tipo":"Falla de rumbo dextral","nombre_falla":"Falla de San Blas","Shape_Length":0.37244942949796306}},{"type":"Feature","id":638,"geometry":{"type":"LineString","coordinates":[[-73.960223073999941,7.9249388750000662],[-73.902005050999946,7.9754321070000742]]},"properties":{"OBJECTID":638,"tipo":"Falla de rumbo dextral","nombre_falla":"Falla de San Blas","Shape_Length":0.077064289264448332}},{"type":"Feature","id":639,"geometry":{"type":"LineString","coordinates":[[-73.982419311999934,7.8967628530000411],[-73.960223073999941,7.9249388750000662]]},"properties":{"OBJECTID":639,"tipo":"Falla de rumbo dextral cubierta","nombre_falla":"Falla de San Blas","Shape_Length":0.035868665950913196}},{"type":"Feature","id":640,"geometry":{"type":"LineString","coordinates":[[-73.902005050999946,7.9754321070000742],[-73.833732153999961,8.0928080600000385]]},"properties":{"OBJECTID":640,"tipo":"Falla de rumbo dextral cubierta","nombre_falla":"Falla de San Blas","Shape_Length":0.13578771228436129}},{"type":"Feature","id":641,"geometry":{"type":"LineString","coordinates":[[-74.443803762999949,7.4744269900000404],[-74.406962208999971,7.5002468790000307],[-74.254034802999968,7.6871374300000639],[-74.099589001999959,7.7349161880000565]]},"properties":{"OBJECTID":641,"tipo":"Falla","nombre_falla":null,"Shape_Length":0.44814053504467466}},{"type":"Feature","id":642,"geometry":{"type":"LineString","coordinates":[[-73.844919242999936,7.7017004780000207],[-74.010783759999981,7.6081895410000584]]},"properties":{"OBJECTID":642,"tipo":"Falla de rumbo dextral cubierta","nombre_falla":"Falla de Caña Braval","Shape_Length":0.19040833316393818}},{"type":"Feature","id":643,"geometry":{"type":"LineString","coordinates":[[-73.533503552999946,8.2041596200000413],[-73.709917914999949,7.838563473000022],[-73.844919242999936,7.7017004780000207]]},"properties":{"OBJECTID":643,"tipo":"Falla inferida","nombre_falla":null,"Shape_Length":0.59817580745677756}},{"type":"Feature","id":644,"geometry":{"type":"LineString","coordinates":[[-74.010783759999981,7.6081895410000584],[-74.052320899999984,7.5867210260000206],[-74.205336170999942,7.4331236840000656]]},"properties":{"OBJECTID":644,"tipo":"Falla de rumbo dextral","nombre_falla":"Falla de Caña Braval","Shape_Length":0.26356539916232996}},{"type":"Feature","id":645,"geometry":{"type":"LineString","coordinates":[[-74.817080783999984,6.186145874000033],[-74.822492207999971,6.0673746070000334],[-74.943479547999971,5.7532824330000381]]},"properties":{"OBJECTID":645,"tipo":"Falla de rumbo dextral","nombre_falla":"Falla de Cocorná","Shape_Length":0.45548299764191585}},{"type":"Feature","id":646,"geometry":{"type":"LineString","coordinates":[[-75.230214643999943,5.2114495830000465],[-75.006066241999974,5.2946682540000438]]},"properties":{"OBJECTID":646,"tipo":"Lineamiento","nombre_falla":null,"Shape_Length":0.23909799941058782}},{"type":"Feature","id":647,"geometry":{"type":"LineString","coordinates":[[-75.056108134999988,5.2740485310000622],[-75.19765364999995,5.0342438970000671],[-75.349911335999934,4.8202299470000298],[-75.480759635999959,4.5162050100000215],[-75.563693360999935,4.4153447840000695]]},"properties":{"OBJECTID":647,"tipo":"Falla","nombre_falla":"Falla de Palestina","Shape_Length":1.0026770561592526}},{"type":"Feature","id":648,"geometry":{"type":"LineString","coordinates":[[-75.443208197999979,5.5914357080000627],[-75.487905281999986,5.6378882760000693]]},"properties":{"OBJECTID":648,"tipo":"Falla","nombre_falla":null,"Shape_Length":0.064464489386784465}},{"type":"Feature","id":649,"geometry":{"type":"LineString","coordinates":[[-75.435428463999983,5.537445046000073],[-75.471899273999952,5.5816258900000548]]},"properties":{"OBJECTID":649,"tipo":"Falla","nombre_falla":null,"Shape_Length":0.057289326742461871}},{"type":"Feature","id":650,"geometry":{"type":"LineString","coordinates":[[-75.435428463999983,5.537445046000073],[-75.450189903999956,5.4418691560000525],[-75.482581832999983,5.3570535640000685]]},"properties":{"OBJECTID":650,"tipo":"Falla","nombre_falla":null,"Shape_Length":0.18749964189045978}},{"type":"Feature","id":651,"geometry":{"type":"LineString","coordinates":[[-75.443208197999979,5.5914357080000627],[-75.442888576999962,5.5513352640000448]]},"properties":{"OBJECTID":651,"tipo":"Falla","nombre_falla":null,"Shape_Length":0.040101717751016883}},{"type":"Feature","id":652,"geometry":{"type":"LineString","coordinates":[[-75.521782739999935,5.40238443100003],[-75.34618666199998,5.4100027910000676]]},"properties":{"OBJECTID":652,"tipo":"Lineamiento","nombre_falla":null,"Shape_Length":0.17576126427076194}},{"type":"Feature","id":653,"geometry":{"type":"LineString","coordinates":[[-75.514733048999972,5.3460037560000728],[-75.467791250999937,5.3657735100000536]]},"properties":{"OBJECTID":653,"tipo":"Falla","nombre_falla":null,"Shape_Length":0.050935013229563321}},{"type":"Feature","id":654,"geometry":{"type":"LineString","coordinates":[[-75.490502134999986,5.3541536050000218],[-75.513463477999949,5.2969132240000363]]},"properties":{"OBJECTID":654,"tipo":"Falla","nombre_falla":null,"Shape_Length":0.061674017944232058}},{"type":"Feature","id":655,"geometry":{"type":"LineString","coordinates":[[-75.499643085999935,5.2883729950000316],[-75.527987291999978,4.765616016000024]]},"properties":{"OBJECTID":655,"tipo":"Falla","nombre_falla":"Falla de Aranzazu","Shape_Length":0.52352483523419124}},{"type":"Feature","id":656,"geometry":{"type":"LineString","coordinates":[[-75.527987291999978,4.765616016000024],[-75.533969508999974,4.7298275820000413]]},"properties":{"OBJECTID":656,"tipo":"Falla cubierta","nombre_falla":"Falla de Aranzazu","Shape_Length":0.036284968353385204}},{"type":"Feature","id":657,"geometry":{"type":"LineString","coordinates":[[-75.858101553999973,5.9449057480000533],[-75.679654104999941,5.8140805550000323],[-75.643233159999966,5.782889836000038],[-75.640743290999978,5.7618795710000654],[-75.484078659999966,5.6855071500000349]]},"properties":{"OBJECTID":657,"tipo":"Falla","nombre_falla":"Falla de Arma","Shape_Length":0.4646636711346368}},{"type":"Feature","id":658,"geometry":{"type":"LineString","coordinates":[[-75.588392700999975,5.6393976770000336],[-75.564232798999967,5.5452964030000658],[-75.568995613999959,5.4790935570000556],[-75.551973319999945,5.4487352260000534],[-75.546730080999964,5.3118483370000718]]},"properties":{"OBJECTID":658,"tipo":"Falla","nombre_falla":"Falla de Silvia-Pijao","Shape_Length":0.33531943363392552}},{"type":"Feature","id":659,"geometry":{"type":"LineString","coordinates":[[-76.480649568999979,2.4771620620000476],[-76.386745991999987,2.6182656640000346],[-76.381135006999955,2.7254464900000244],[-76.349713537999946,2.7795066990000237],[-76.327642038999954,2.8790773580000746],[-76.262409149999939,2.9656175840000287],[-76.186955350999938,3.1252683510000452],[-76.109689838999941,3.4894409010000231],[-76.037225816999978,3.6783420080000724],[-75.957271911999953,3.8202426290000631]]},"properties":{"OBJECTID":659,"tipo":"Falla","nombre_falla":"Falla de Silvia-Pijao","Shape_Length":1.4637704038791395}},{"type":"Feature","id":660,"geometry":{"type":"LineString","coordinates":[[-75.554106880999939,5.0857613960000663],[-75.612390722999976,4.841992828000059]]},"properties":{"OBJECTID":660,"tipo":"Falla","nombre_falla":"Falla de Silvia-Pijao","Shape_Length":0.250639424239403}},{"type":"Feature","id":661,"geometry":{"type":"LineString","coordinates":[[-75.612390722999976,4.841992828000059],[-75.608752648999939,4.6646276260000263],[-75.682666900999948,4.4574420030000397]]},"properties":{"OBJECTID":661,"tipo":"Falla cubierta","nombre_falla":"Falla de Silvia-Pijao","Shape_Length":0.39737796070605358}},{"type":"Feature","id":662,"geometry":{"type":"LineString","coordinates":[[-76.490471539999987,2.3766325020000636],[-76.537353507999967,2.2869741200000249],[-76.545525588999965,2.2350414200000728]]},"properties":{"OBJECTID":662,"tipo":"Falla cubierta","nombre_falla":"Falla de San Jerónimo","Shape_Length":0.15374755300883192}},{"type":"Feature","id":663,"geometry":{"type":"LineString","coordinates":[[-76.447050864999937,2.4398446630000308],[-76.490471539999987,2.3766325020000636]]},"properties":{"OBJECTID":663,"tipo":"Falla","nombre_falla":"Falla de San Jerónimo","Shape_Length":0.076688540967642146}},{"type":"Feature","id":664,"geometry":{"type":"LineString","coordinates":[[-76.430621341999938,2.4644963590000657],[-76.447050864999937,2.4398446630000308]]},"properties":{"OBJECTID":664,"tipo":"Falla cubierta","nombre_falla":"Falla de San Jerónimo","Shape_Length":0.029624910830003265}},{"type":"Feature","id":665,"geometry":{"type":"LineString","coordinates":[[-76.545525588999965,2.2350414200000728],[-76.584576262999974,2.1227131820000409],[-76.590484038999989,2.0578893710000443],[-76.619777737999982,2.0021385160000591]]},"properties":{"OBJECTID":665,"tipo":"Falla","nombre_falla":"Falla de San Jerónimo","Shape_Length":0.24699347200333624}},{"type":"Feature","id":666,"geometry":{"type":"LineString","coordinates":[[-76.619777737999982,2.0021385160000591],[-76.632080986999938,1.9683970700000373]]},"properties":{"OBJECTID":666,"tipo":"Falla cubierta","nombre_falla":"Falla de San Jerónimo","Shape_Length":0.035914552957364031}},{"type":"Feature","id":667,"geometry":{"type":"LineString","coordinates":[[-75.60095212799996,5.7410289360000206],[-75.585516419999976,5.4996200740000631],[-75.565193789999967,5.4474953450000498],[-75.565692181999964,5.3228833790000749]]},"properties":{"OBJECTID":667,"tipo":"Falla","nombre_falla":"Falla de Cauca-Almaguer","Shape_Length":0.4224611748172874}},{"type":"Feature","id":668,"geometry":{"type":"LineString","coordinates":[[-75.537842783999963,5.4539251440000385],[-75.504989687999966,5.6543570160000627],[-75.523614954999971,5.7109999110000444]]},"properties":{"OBJECTID":668,"tipo":"Falla","nombre_falla":null,"Shape_Length":0.26273301525294362}},{"type":"Feature","id":669,"geometry":{"type":"LineString","coordinates":[[-75.512882078999951,5.4385147340000231],[-75.56466654899998,5.4689825910000422]]},"properties":{"OBJECTID":669,"tipo":"Falla","nombre_falla":null,"Shape_Length":0.060082623472661259}},{"type":"Feature","id":670,"geometry":{"type":"LineString","coordinates":[[-75.553233664999937,5.4179349060000277],[-75.543538371999944,5.4569955860000618]]},"properties":{"OBJECTID":670,"tipo":"Falla","nombre_falla":null,"Shape_Length":0.040245936793927163}},{"type":"Feature","id":671,"geometry":{"type":"LineString","coordinates":[[-77.385489462999942,6.2734792190000235],[-77.333908479999934,6.2011917570000605],[-77.31006846799994,6.1157504030000496]]},"properties":{"OBJECTID":671,"tipo":"Falla","nombre_falla":null,"Shape_Length":0.17750854206688232}},{"type":"Feature","id":672,"geometry":{"type":"LineString","coordinates":[[-77.328019231999974,6.1029004080000391],[-77.298627901999964,6.1308804850000342]]},"properties":{"OBJECTID":672,"tipo":"Falla","nombre_falla":null,"Shape_Length":0.040579982603435677}},{"type":"Feature","id":673,"geometry":{"type":"LineString","coordinates":[[-77.376564970999937,6.095779617000062],[-77.355906500999936,6.0321391550000385]]},"properties":{"OBJECTID":673,"tipo":"Falla","nombre_falla":"Falla de Utría o Bahía Solano","Shape_Length":0.066909496981500061}},{"type":"Feature","id":674,"geometry":{"type":"LineString","coordinates":[[-77.440081611999972,6.2709337220000521],[-77.390200215999982,6.1502346030000581]]},"properties":{"OBJECTID":674,"tipo":"Falla","nombre_falla":"Falla de Utría o Bahía Solano","Shape_Length":0.13060027180018596}},{"type":"Feature","id":675,"geometry":{"type":"LineString","coordinates":[[-77.390200215999982,6.1502346030000581],[-77.376564970999937,6.095779617000062]]},"properties":{"OBJECTID":675,"tipo":"Falla cubierta","nombre_falla":"Falla de Utría o Bahía Solano","Shape_Length":0.056136132806518184}},{"type":"Feature","id":676,"geometry":{"type":"LineString","coordinates":[[-77.421046542999989,5.4777521550000756],[-77.410907231999943,5.6280726850000633]]},"properties":{"OBJECTID":676,"tipo":"Falla","nombre_falla":null,"Shape_Length":0.1506620966501955}},{"type":"Feature","id":677,"geometry":{"type":"LineString","coordinates":[[-77.337668701999974,5.6066626020000285],[-77.349046141999963,5.4544324320000328],[-77.324076768999987,5.2902602110000316]]},"properties":{"OBJECTID":677,"tipo":"Falla","nombre_falla":null,"Shape_Length":0.31871493689317565}},{"type":"Feature","id":678,"geometry":{"type":"LineString","coordinates":[[-77.240213844999971,5.2835793600000329],[-77.246683601999962,5.3353600400000687],[-77.277454077999948,5.40213112400005]]},"properties":{"OBJECTID":678,"tipo":"Falla","nombre_falla":null,"Shape_Length":0.12570336215345501}},{"type":"Feature","id":679,"geometry":{"type":"LineString","coordinates":[[-77.265809755999953,5.1467505990000291],[-77.240213844999971,5.2835793600000329]]},"properties":{"OBJECTID":679,"tipo":"Falla","nombre_falla":null,"Shape_Length":0.13920222877782951}},{"type":"Feature","id":680,"geometry":{"type":"LineString","coordinates":[[-77.279570166999974,5.2311158950000731],[-77.248960266999973,5.3424703470000736]]},"properties":{"OBJECTID":680,"tipo":"Falla","nombre_falla":null,"Shape_Length":0.11548497719716846}},{"type":"Feature","id":681,"geometry":{"type":"LineString","coordinates":[[-77.022905071999958,5.3981887140000708],[-77.054826498999944,5.3664186360000485],[-77.170102816999986,5.1223468130000356]]},"properties":{"OBJECTID":681,"tipo":"Falla","nombre_falla":null,"Shape_Length":0.31496215316762449}},{"type":"Feature","id":682,"geometry":{"type":"LineString","coordinates":[[-77.005014181999968,5.2160168390000763],[-77.065419378999934,5.0929555180000534],[-77.188344940999968,4.9579650790000755]]},"properties":{"OBJECTID":682,"tipo":"Falla","nombre_falla":null,"Shape_Length":0.31966069382345386}},{"type":"Feature","id":683,"geometry":{"type":"LineString","coordinates":[[-77.067241476999982,5.9424358040000698],[-77.062992490999989,5.8223242590000268],[-77.014472514999966,5.6386015280000379],[-77.031656423999948,5.2858874640000408]]},"properties":{"OBJECTID":683,"tipo":"Falla","nombre_falla":null,"Shape_Length":0.66334074082944239}},{"type":"Feature","id":684,"geometry":{"type":"LineString","coordinates":[[-77.047356746999981,5.3107579070000384],[-77.022616218999985,5.2732972340000401],[-76.995567455999947,5.1674693310000634]]},"properties":{"OBJECTID":684,"tipo":"Falla","nombre_falla":null,"Shape_Length":0.15412310309749139}},{"type":"Feature","id":685,"geometry":{"type":"LineString","coordinates":[[-77.172853520999979,5.0551260610000668],[-77.170102816999986,5.1223468130000356],[-77.194575456999985,5.2113120170000684]]},"properties":{"OBJECTID":685,"tipo":"Falla","nombre_falla":null,"Shape_Length":0.15954681737743276}},{"type":"Feature","id":686,"geometry":{"type":"LineString","coordinates":[[-77.276888024999948,4.9647459490000756],[-77.10360050099996,5.1179761590000226]]},"properties":{"OBJECTID":686,"tipo":"Falla","nombre_falla":null,"Shape_Length":0.23131809966077974}},{"type":"Feature","id":687,"geometry":{"type":"LineString","coordinates":[[-76.235648777999984,5.2556196740000587],[-76.224029814999938,5.101897870000073],[-76.162679013999934,4.9579157440000472],[-76.119127987999946,4.9056947900000409]]},"properties":{"OBJECTID":687,"tipo":"Falla","nombre_falla":"Falla de Guarato","Shape_Length":0.37866628670042124}},{"type":"Feature","id":688,"geometry":{"type":"LineString","coordinates":[[-76.627667952999957,4.6501866690000497],[-76.449609259999988,4.926938051000036],[-76.372615887999984,5.0029681680000522],[-76.30666234399996,5.138349043000062],[-76.233149062999985,5.2158292120000738]]},"properties":{"OBJECTID":688,"tipo":"Falla","nombre_falla":null,"Shape_Length":0.69468701256754728}},{"type":"Feature","id":689,"geometry":{"type":"LineString","coordinates":[[-76.235648777999984,5.2556196740000587],[-76.113427849999937,5.3638714730000743]]},"properties":{"OBJECTID":689,"tipo":"Falla","nombre_falla":null,"Shape_Length":0.16326790017615972}},{"type":"Feature","id":690,"geometry":{"type":"LineString","coordinates":[[-76.234029366999948,5.1866088930000274],[-76.111623497999972,5.3582496440000682]]},"properties":{"OBJECTID":690,"tipo":"Falla","nombre_falla":"Falla de Amurrapá","Shape_Length":0.21081684982348406}},{"type":"Feature","id":691,"geometry":{"type":"LineString","coordinates":[[-76.210463798999967,5.6840243100000407],[-76.270009879999975,5.6045668270000419],[-76.382262673999946,5.497175703000039]]},"properties":{"OBJECTID":691,"tipo":"Falla","nombre_falla":null,"Shape_Length":0.25464338713892054}},{"type":"Feature","id":692,"geometry":{"type":"LineString","coordinates":[[-76.382262673999946,5.497175703000039],[-76.357881891999966,5.3772822050000286]]},"properties":{"OBJECTID":692,"tipo":"Falla","nombre_falla":null,"Shape_Length":0.12234734730924511}},{"type":"Feature","id":693,"geometry":{"type":"LineString","coordinates":[[-76.351491716999988,5.3722520880000388],[-76.341772034999963,5.3020612000000256]]},"properties":{"OBJECTID":693,"tipo":"Falla","nombre_falla":null,"Shape_Length":0.070860658876502253}},{"type":"Feature","id":694,"geometry":{"type":"LineString","coordinates":[[-76.394463014999985,5.3937127420000479],[-76.28207959599996,5.3398810640000534]]},"properties":{"OBJECTID":694,"tipo":"Falla","nombre_falla":null,"Shape_Length":0.12461092416971448}},{"type":"Feature","id":695,"geometry":{"type":"LineString","coordinates":[[-76.287440965999963,5.2144897070000411],[-76.390953961999969,5.2795814080000696]]},"properties":{"OBJECTID":695,"tipo":"Falla","nombre_falla":null,"Shape_Length":0.12227783887513889}},{"type":"Feature","id":696,"geometry":{"type":"LineString","coordinates":[[-76.318991837999988,5.2386502740000651],[-76.337881296999967,5.3658318830000553]]},"properties":{"OBJECTID":696,"tipo":"Falla","nombre_falla":null,"Shape_Length":0.12857672156785721}},{"type":"Feature","id":697,"geometry":{"type":"LineString","coordinates":[[-76.337881296999967,5.3658318830000553],[-76.339295432999961,5.4318967180000755]]},"properties":{"OBJECTID":697,"tipo":"Falla","nombre_falla":null,"Shape_Length":0.066079968252159185}},{"type":"Feature","id":698,"geometry":{"type":"LineString","coordinates":[[-76.310589328999981,5.4727228410000635],[-76.347208992999981,5.4268641720000232]]},"properties":{"OBJECTID":698,"tipo":"Falla","nombre_falla":null,"Shape_Length":0.058685750518572499}},{"type":"Feature","id":699,"geometry":{"type":"LineString","coordinates":[[-76.22854915399995,5.2618418400000451],[-76.181714969999973,5.4594414560000359]]},"properties":{"OBJECTID":699,"tipo":"Falla","nombre_falla":"Falla de Guarato","Shape_Length":0.20307399891243466}},{"type":"Feature","id":700,"geometry":{"type":"LineString","coordinates":[[-76.171334783999953,5.4408011440000337],[-76.201875015999974,5.5277124290000756]]},"properties":{"OBJECTID":700,"tipo":"Falla","nombre_falla":null,"Shape_Length":0.092120992346878455}},{"type":"Feature","id":701,"geometry":{"type":"LineString","coordinates":[[-76.193504513999983,5.5494525930000691],[-76.210025492999989,5.507312273000025]]},"properties":{"OBJECTID":701,"tipo":"Falla","nombre_falla":null,"Shape_Length":0.045263112098316474}},{"type":"Feature","id":702,"geometry":{"type":"LineString","coordinates":[[-76.20753534499994,5.5140223200000378],[-76.225514523999948,5.6637842240000396]]},"properties":{"OBJECTID":702,"tipo":"Falla","nombre_falla":null,"Shape_Length":0.15083725921409499}},{"type":"Feature","id":703,"geometry":{"type":"LineString","coordinates":[[-76.190642059999959,6.0275434520000317],[-76.192950773999939,5.9293370290000667]]},"properties":{"OBJECTID":703,"tipo":"Falla","nombre_falla":null,"Shape_Length":0.098233556785763246}},{"type":"Feature","id":704,"geometry":{"type":"LineString","coordinates":[[-76.266343148999965,5.9951233170000364],[-76.229752370999961,5.8979470270000434],[-76.224242814999968,5.8336862050000491],[-76.229883341999937,5.7645771650000484],[-76.26570037099998,5.7192045940000753]]},"properties":{"OBJECTID":704,"tipo":"Falla","nombre_falla":null,"Shape_Length":0.29547835533879574}},{"type":"Feature","id":705,"geometry":{"type":"LineString","coordinates":[[-76.187275446999934,5.9251552250000259],[-76.199242547999972,5.7717552270000283]]},"properties":{"OBJECTID":705,"tipo":"Falla","nombre_falla":null,"Shape_Length":0.15386608103394456}},{"type":"Feature","id":706,"geometry":{"type":"LineString","coordinates":[[-76.380790053999988,5.6523356000000717],[-76.308647242999939,5.6824452510000469],[-76.185841991999951,5.7813252040000407]]},"properties":{"OBJECTID":706,"tipo":"Falla de rumbo dextral","nombre_falla":"Falla de Atratico","Shape_Length":0.2358394013554741}},{"type":"Feature","id":707,"geometry":{"type":"LineString","coordinates":[[-76.217333332999942,5.7567252260000714],[-76.212763908999989,5.6807542980000676]]},"properties":{"OBJECTID":707,"tipo":"Falla","nombre_falla":null,"Shape_Length":0.07610822253129497}},{"type":"Feature","id":708,"geometry":{"type":"LineString","coordinates":[[-76.203163208999968,5.71826463900004],[-76.202353359999961,5.7002544240000361]]},"properties":{"OBJECTID":708,"tipo":"Falla","nombre_falla":null,"Shape_Length":0.018028413678113128}},{"type":"Feature","id":709,"geometry":{"type":"LineString","coordinates":[[-76.199242547999972,5.7717552270000283],[-76.203163208999968,5.71826463900004]]},"properties":{"OBJECTID":709,"tipo":"Falla","nombre_falla":null,"Shape_Length":0.053634080464396647}},{"type":"Feature","id":710,"geometry":{"type":"LineString","coordinates":[[-76.166393591999963,5.6453761990000544],[-76.078447824999955,5.5600158740000438]]},"properties":{"OBJECTID":710,"tipo":"Falla de rumbo sinestral","nombre_falla":null,"Shape_Length":0.12255954886228614}},{"type":"Feature","id":711,"geometry":{"type":"LineString","coordinates":[[-76.078447824999955,5.5600158740000438],[-76.015935636999984,5.4374945800000205]]},"properties":{"OBJECTID":711,"tipo":"Falla de rumbo sinestral","nombre_falla":"Falla de San Francisco","Shape_Length":0.13754723236759028}},{"type":"Feature","id":712,"geometry":{"type":"LineString","coordinates":[[-77.218132457999957,4.8405062190000763],[-77.053930456999979,4.9273735180000244],[-76.988728074999983,4.9365230390000647]]},"properties":{"OBJECTID":712,"tipo":"Falla","nombre_falla":null,"Shape_Length":0.25160510080760273}},{"type":"Feature","id":713,"geometry":{"type":"LineString","coordinates":[[-77.199046804999966,4.790163261000032],[-77.077691775999938,4.8735431250000261],[-76.993268581999985,4.8979026410000301],[-76.944636541999955,4.9346626190000507]]},"properties":{"OBJECTID":713,"tipo":"Falla","nombre_falla":null,"Shape_Length":0.29606807797887341}},{"type":"Feature","id":714,"geometry":{"type":"LineString","coordinates":[[-77.068421413999943,4.8779330930000242],[-77.00008859199994,4.9242530040000361],[-76.884983115999944,5.0810237450000386],[-76.773258314999964,5.1766838120000216]]},"properties":{"OBJECTID":714,"tipo":"Falla inversa o de cabalgamiento","nombre_falla":"Falla de Río Pepe","Shape_Length":0.42412495843602011}},{"type":"Feature","id":715,"geometry":{"type":"LineString","coordinates":[[-77.145665604999976,4.7116519060000428],[-77.039411264999956,4.7785617170000592],[-76.981618106999974,4.9053026210000326]]},"properties":{"OBJECTID":715,"tipo":"Falla","nombre_falla":null,"Shape_Length":0.26486209691664475}},{"type":"Feature","id":716,"geometry":{"type":"LineString","coordinates":[[-77.101985059999947,4.5964302510000721],[-77.009840845999975,4.7071506640000393]]},"properties":{"OBJECTID":716,"tipo":"Falla","nombre_falla":null,"Shape_Length":0.14404709656413098}},{"type":"Feature","id":717,"geometry":{"type":"LineString","coordinates":[[-77.009840845999975,4.7071506640000393],[-76.960828566999965,4.7705609340000592],[-76.917236793999962,4.7977208410000571]]},"properties":{"OBJECTID":717,"tipo":"Falla","nombre_falla":null,"Shape_Length":0.13150455382062762}},{"type":"Feature","id":718,"geometry":{"type":"LineString","coordinates":[[-76.997331221999957,4.6144895330000395],[-77.011750565999989,4.7468811190000224],[-76.992859030999966,4.8457020520000356],[-76.86221265599994,5.0437731070000495],[-76.775422426999967,5.1038437520000457],[-76.694733180999947,5.1380828050000673],[-76.678494972999943,5.1774529400000233],[-76.590431184999943,5.2531829850000236],[-76.390473506999967,5.3264119400000709],[-76.376819177999948,5.3815954860000375]]},"properties":{"OBJECTID":718,"tipo":"Falla","nombre_falla":null,"Shape_Length":1.0927943686990602}},{"type":"Feature","id":719,"geometry":{"type":"LineString","coordinates":[[-77.002961457999959,4.6103095370000347],[-76.941048571999943,4.6911898830000496],[-76.87112386299998,4.9450620740000204],[-76.812531247999971,5.0056122250000499],[-76.792860128999962,5.0535225860000423],[-76.740271003999965,5.1175660090000292]]},"properties":{"OBJECTID":719,"tipo":"Falla","nombre_falla":"Falla de Dipurdú de Los Indios","Shape_Length":0.58410080226840033}},{"type":"Feature","id":720,"geometry":{"type":"LineString","coordinates":[[-76.941048571999943,4.6911898830000496],[-76.898906714999953,4.7339099760000636],[-76.853183634999937,4.8998614090000387],[-76.643513901999938,5.1605424250000738]]},"properties":{"OBJECTID":720,"tipo":"Falla inversa o de cabalgamiento","nombre_falla":"Falla de San Juan","Shape_Length":0.56668138288830827}},{"type":"Feature","id":721,"geometry":{"type":"LineString","coordinates":[[-76.604239347999965,5.2385520930000666],[-76.650474515999974,5.1209920460000262]]},"properties":{"OBJECTID":721,"tipo":"Falla","nombre_falla":null,"Shape_Length":0.12632519705363943}},{"type":"Feature","id":722,"geometry":{"type":"LineString","coordinates":[[-76.650474515999974,5.1209920460000262],[-76.632063534999986,5.1570922830000541],[-76.575441231999946,5.1915621410000199],[-76.533719337999969,5.2383022840000422],[-76.49427772699994,5.263352201000032],[-76.432911197999942,5.2662510030000362],[-76.348171749999949,5.3562118690000489]]},"properties":{"OBJECTID":722,"tipo":"Falla","nombre_falla":null,"Shape_Length":0.40121178877302999}},{"type":"Feature","id":723,"geometry":{"type":"LineString","coordinates":[[-76.377603172999954,5.3147316850000266],[-76.424417113999937,5.3091048770000384]]},"properties":{"OBJECTID":723,"tipo":"Falla","nombre_falla":null,"Shape_Length":0.047150885890071464}},{"type":"Feature","id":724,"geometry":{"type":"LineString","coordinates":[[-76.962836893999963,4.9672031560000391],[-77.009668548999969,4.9660235600000533],[-77.044229630999951,4.9817040490000295]]},"properties":{"OBJECTID":724,"tipo":"Falla","nombre_falla":null,"Shape_Length":0.084798400715890093}},{"type":"Feature","id":725,"geometry":{"type":"LineString","coordinates":[[-76.493878901999949,5.1347307450000699],[-76.318991837999988,5.2386502740000651]]},"properties":{"OBJECTID":725,"tipo":"Falla","nombre_falla":null,"Shape_Length":0.20343243021236135}},{"type":"Feature","id":726,"geometry":{"type":"LineString","coordinates":[[-76.369380124999964,5.0107619290000684],[-76.579780338999967,5.1349493630000325]]},"properties":{"OBJECTID":726,"tipo":"Falla","nombre_falla":"Falla de Urabá","Shape_Length":0.24431694336403001}},{"type":"Feature","id":727,"geometry":{"type":"LineString","coordinates":[[-76.280398945999934,5.402281753000068],[-76.297751953999978,5.1475190630000611]]},"properties":{"OBJECTID":727,"tipo":"Falla","nombre_falla":null,"Shape_Length":0.25535300096667973}},{"type":"Feature","id":728,"geometry":{"type":"LineString","coordinates":[[-76.639500282999961,4.4303644450000661],[-76.619569307999939,4.4626746090000324],[-76.514675160999957,4.5193042790000391]]},"properties":{"OBJECTID":728,"tipo":"Falla","nombre_falla":null,"Shape_Length":0.15716746733110223}},{"type":"Feature","id":729,"geometry":{"type":"LineString","coordinates":[[-76.514675160999957,4.5193042790000391],[-76.470502698999951,4.6246949960000734],[-76.250352401999976,4.9197261420000586],[-76.210518415999957,5.0629824170000575]]},"properties":{"OBJECTID":729,"tipo":"Falla","nombre_falla":"Falla de Río Blanco Oeste","Shape_Length":0.63108090370946723}},{"type":"Feature","id":730,"geometry":{"type":"LineString","coordinates":[[-76.561197966999941,4.3829932800000506],[-76.494744392999962,4.5284942060000617],[-76.410160426999937,4.6440446620000557]]},"properties":{"OBJECTID":730,"tipo":"Falla","nombre_falla":"Falla de Río Blanco Este","Shape_Length":0.30315851221510653}},{"type":"Feature","id":731,"geometry":{"type":"LineString","coordinates":[[-76.385549687999969,4.6315443090000485],[-76.428300978999971,4.6536049290000392],[-76.448591414999953,4.6834554250000338]]},"properties":{"OBJECTID":731,"tipo":"Falla","nombre_falla":null,"Shape_Length":0.084201309973151561}},{"type":"Feature","id":732,"geometry":{"type":"LineString","coordinates":[[-76.410160426999937,4.6440446620000557],[-76.273844163999968,4.8155852510000727],[-76.203471474999958,4.8435949010000741]]},"properties":{"OBJECTID":732,"tipo":"Falla","nombre_falla":null,"Shape_Length":0.2948499928364407}},{"type":"Feature","id":733,"geometry":{"type":"LineString","coordinates":[[-76.203471474999958,4.8435949010000741],[-76.199450866999939,4.8942954020000684],[-76.162781868999957,4.9581189110000423]]},"properties":{"OBJECTID":733,"tipo":"Falla","nombre_falla":null,"Shape_Length":0.12446711391085546}},{"type":"Feature","id":734,"geometry":{"type":"LineString","coordinates":[[-76.489085239999952,4.4079029070000502],[-76.464773818999959,4.4746933850000232],[-76.302326336999954,4.6839441170000669]]},"properties":{"OBJECTID":734,"tipo":"Falla","nombre_falla":null,"Shape_Length":0.33598325911540727}},{"type":"Feature","id":735,"geometry":{"type":"LineString","coordinates":[[-76.302326336999954,4.6839441170000669],[-76.246903904999954,4.740524209000057],[-76.203471474999958,4.8435949010000741]]},"properties":{"OBJECTID":735,"tipo":"Falla","nombre_falla":null,"Shape_Length":0.19104983342452406}},{"type":"Feature","id":736,"geometry":{"type":"LineString","coordinates":[[-76.366989999999987,4.5230030200000328],[-76.311547228999984,4.6189335160000269],[-76.293730785999969,4.6815504970000461]]},"properties":{"OBJECTID":736,"tipo":"Falla","nombre_falla":null,"Shape_Length":0.17590196222426302}},{"type":"Feature","id":737,"geometry":{"type":"LineString","coordinates":[[-76.309016531999987,4.6875142110000638],[-76.280685643999959,4.6770038500000624]]},"properties":{"OBJECTID":737,"tipo":"Falla","nombre_falla":null,"Shape_Length":0.030217658797803401}},{"type":"Feature","id":738,"geometry":{"type":"LineString","coordinates":[[-76.476424743999985,4.4149928690000593],[-76.455553600999963,4.4626031750000266],[-76.394531142999938,4.5012930400000641],[-76.375790228999961,4.5316631840000241]]},"properties":{"OBJECTID":738,"tipo":"Falla","nombre_falla":null,"Shape_Length":0.15992520799097654}},{"type":"Feature","id":739,"geometry":{"type":"LineString","coordinates":[[-76.366989999999987,4.5230030200000328],[-76.383400423999944,4.5392133350000563]]},"properties":{"OBJECTID":739,"tipo":"Falla","nombre_falla":null,"Shape_Length":0.023066779754841449}},{"type":"Feature","id":740,"geometry":{"type":"LineString","coordinates":[[-76.036524870999983,4.934194327000057],[-75.995572706999951,5.0153248100000383],[-75.943269760999954,5.0616857080000273]]},"properties":{"OBJECTID":740,"tipo":"Falla","nombre_falla":"Falla de La Argelia","Shape_Length":0.16077261502479639}},{"type":"Feature","id":741,"geometry":{"type":"LineString","coordinates":[[-76.068386073999989,4.9230445010000494],[-75.967892163999977,4.9710240770000382]]},"properties":{"OBJECTID":741,"tipo":"Falla","nombre_falla":null,"Shape_Length":0.11136007210948239}},{"type":"Feature","id":742,"geometry":{"type":"LineString","coordinates":[[-76.236344998999982,4.5769924150000634],[-76.120129546999976,4.7378830360000279],[-76.040119999999945,4.9334943550000503]]},"properties":{"OBJECTID":742,"tipo":"Falla","nombre_falla":"Falla de La Argelia","Shape_Length":0.40981543802778514}},{"type":"Feature","id":743,"geometry":{"type":"LineString","coordinates":[[-76.21365590299996,4.6118003900000417],[-76.17762266799997,4.6112422400000241],[-76.097867190999978,4.7177829880000672]]},"properties":{"OBJECTID":743,"tipo":"Falla","nombre_falla":null,"Shape_Length":0.16912349633624818}},{"type":"Feature","id":744,"geometry":{"type":"LineString","coordinates":[[-76.097867190999978,4.7177829880000672],[-76.077238207999983,4.721632477000071]]},"properties":{"OBJECTID":744,"tipo":"Falla","nombre_falla":null,"Shape_Length":0.020985078155089553}},{"type":"Feature","id":745,"geometry":{"type":"LineString","coordinates":[[-76.277466773999947,4.5378023780000376],[-76.236324723999985,4.608252736000054]]},"properties":{"OBJECTID":745,"tipo":"Falla","nombre_falla":null,"Shape_Length":0.081583829405893094}},{"type":"Feature","id":746,"geometry":{"type":"LineString","coordinates":[[-76.236324723999985,4.608252736000054],[-76.242875427999934,4.5541422390000434]]},"properties":{"OBJECTID":746,"tipo":"Falla","nombre_falla":null,"Shape_Length":0.054505574104701443}},{"type":"Feature","id":747,"geometry":{"type":"LineString","coordinates":[[-76.579857690999972,4.4900645480000207],[-76.532395777999966,4.5192244370000481],[-76.446551412999952,4.6760253240000225]]},"properties":{"OBJECTID":747,"tipo":"Falla","nombre_falla":null,"Shape_Length":0.23446574804361622}},{"type":"Feature","id":748,"geometry":{"type":"LineString","coordinates":[[-76.783631600999968,3.6728180600000542],[-76.795520432999979,3.7363286980000225],[-76.77554970999995,3.8726899410000328],[-76.799033939999958,3.9661782980000453]]},"properties":{"OBJECTID":748,"tipo":"Falla","nombre_falla":null,"Shape_Length":0.29882255587081119}},{"type":"Feature","id":749,"geometry":{"type":"LineString","coordinates":[[-76.724497679999956,3.902759814000035],[-76.664018190999968,4.0554447950000281],[-76.62762162599995,4.2247622300000671],[-76.589899651999986,4.3030727030000548],[-76.514326210999968,4.3976030220000553]]},"properties":{"OBJECTID":749,"tipo":"Falla","nombre_falla":null,"Shape_Length":0.5453604519306261}},{"type":"Feature","id":750,"geometry":{"type":"LineString","coordinates":[[-76.374920829999951,4.4598724400000265],[-76.417362786999945,4.4040822370000683],[-76.422093341999982,4.3583818130000509],[-76.496236979999935,4.2342812010000443],[-76.568880106999984,4.163361104000046]]},"properties":{"OBJECTID":750,"tipo":"Falla","nombre_falla":null,"Shape_Length":0.36212766245543015}},{"type":"Feature","id":751,"geometry":{"type":"LineString","coordinates":[[-76.74169969899998,3.7285582540000632],[-76.688522091999971,3.8570053170000733],[-76.617193766999947,3.9262491600000544],[-76.594582604999971,3.9710694060000264],[-76.56710966299994,4.2086315500000637]]},"properties":{"OBJECTID":751,"tipo":"Falla","nombre_falla":null,"Shape_Length":0.52777647871785027}},{"type":"Feature","id":752,"geometry":{"type":"LineString","coordinates":[[-76.379452508999975,4.3729421250000655],[-76.480846242999974,4.2586613160000297]]},"properties":{"OBJECTID":752,"tipo":"Falla","nombre_falla":null,"Shape_Length":0.15277693739620876}},{"type":"Feature","id":753,"geometry":{"type":"LineString","coordinates":[[-76.286627477999957,4.4929019930000322],[-76.360361663999981,4.3606881060000546]]},"properties":{"OBJECTID":753,"tipo":"Falla","nombre_falla":null,"Shape_Length":0.1513844182890994}},{"type":"Feature","id":754,"geometry":{"type":"LineString","coordinates":[[-76.349080880999963,4.3514511040000343],[-76.402452378999953,4.3911869750000392]]},"properties":{"OBJECTID":754,"tipo":"Falla","nombre_falla":null,"Shape_Length":0.066539133169075476}},{"type":"Feature","id":755,"geometry":{"type":"LineString","coordinates":[[-76.285397073999945,4.5341824100000281],[-76.300037806999967,4.5082922720000624],[-76.297627869999985,4.4915920790000428],[-76.286627477999957,4.4929019930000322]]},"properties":{"OBJECTID":755,"tipo":"Falla","nombre_falla":null,"Shape_Length":0.057694361759706936}},{"type":"Feature","id":756,"geometry":{"type":"LineString","coordinates":[[-76.762409908999985,3.7915090360000363],[-76.773400005999974,3.8272494800000345],[-76.766144434999944,3.8662548010000251],[-76.659083923999958,4.0824410610000541]]},"properties":{"OBJECTID":756,"tipo":"Falla","nombre_falla":null,"Shape_Length":0.31830995663108902}},{"type":"Feature","id":757,"geometry":{"type":"LineString","coordinates":[[-76.924556553999935,3.6681091540000352],[-76.843322809999961,3.781819601000052],[-76.790096625999979,3.8921405590000404]]},"properties":{"OBJECTID":757,"tipo":"Falla","nombre_falla":null,"Shape_Length":0.26223590818070491}},{"type":"Feature","id":758,"geometry":{"type":"LineString","coordinates":[[-76.846746865999989,3.4874707720000515],[-76.711823219999985,3.7237378650000323]]},"properties":{"OBJECTID":758,"tipo":"Falla","nombre_falla":null,"Shape_Length":0.27207816796758255}},{"type":"Feature","id":759,"geometry":{"type":"LineString","coordinates":[[-76.74169969899998,3.7285582540000632],[-76.74203930699997,3.7785087430000317]]},"properties":{"OBJECTID":759,"tipo":"Falla","nombre_falla":null,"Shape_Length":0.049951643465752225}},{"type":"Feature","id":760,"geometry":{"type":"LineString","coordinates":[[-76.834961848999967,3.8636403390000282],[-76.779809422999961,3.8998179900000309]]},"properties":{"OBJECTID":760,"tipo":"Falla","nombre_falla":null,"Shape_Length":0.065959173172229699}},{"type":"Feature","id":761,"geometry":{"type":"LineString","coordinates":[[-76.676155741999935,3.9343297300000586],[-76.724497679999956,3.902759814000035]]},"properties":{"OBJECTID":761,"tipo":"Falla","nombre_falla":null,"Shape_Length":0.057737358493842247}},{"type":"Feature","id":762,"geometry":{"type":"LineString","coordinates":[[-76.224015651999935,4.2866606750000642],[-76.192022472999952,4.3332123500000534]]},"properties":{"OBJECTID":762,"tipo":"Falla","nombre_falla":null,"Shape_Length":0.056485590621233331}},{"type":"Feature","id":763,"geometry":{"type":"LineString","coordinates":[[-76.361060283999961,4.4677023990000748],[-76.389662021999982,4.3811117590000208]]},"properties":{"OBJECTID":763,"tipo":"Falla","nombre_falla":null,"Shape_Length":0.091192095886873659}},{"type":"Feature","id":764,"geometry":{"type":"LineString","coordinates":[[-76.812223170999971,3.6013076090000595],[-76.783631600999968,3.6728180600000542]]},"properties":{"OBJECTID":764,"tipo":"Falla","nombre_falla":null,"Shape_Length":0.077014430318530044}},{"type":"Feature","id":765,"geometry":{"type":"LineString","coordinates":[[-76.854374144999952,3.6632985410000742],[-76.816517050999948,3.7599541760000648],[-76.789550033999944,3.8925484860000665]]},"properties":{"OBJECTID":765,"tipo":"Falla","nombre_falla":null,"Shape_Length":0.23911376668133538}},{"type":"Feature","id":766,"geometry":{"type":"LineString","coordinates":[[-76.234801392999941,4.3186559810000631],[-76.224015651999935,4.2866606750000642]]},"properties":{"OBJECTID":766,"tipo":"Falla","nombre_falla":null,"Shape_Length":0.033764357167770667}},{"type":"Feature","id":767,"geometry":{"type":"LineString","coordinates":[[-76.888145571999985,3.6319485060000716],[-76.854374144999952,3.6632985410000742]]},"properties":{"OBJECTID":767,"tipo":"Falla","nombre_falla":null,"Shape_Length":0.046079648177042021}},{"type":"Feature","id":768,"geometry":{"type":"LineString","coordinates":[[-76.294279372999938,4.3065701760000366],[-76.321020340999951,4.3012803570000528],[-76.360822112999983,4.2550302350000493],[-76.392132047999951,4.1888329690000319],[-76.402158872999962,4.1103051580000738],[-76.448480463999942,4.042005950000032],[-76.500827307999941,3.9989405360000205]]},"properties":{"OBJECTID":768,"tipo":"Falla","nombre_falla":"Falla de Andinápolis","Shape_Length":0.39098203500229256}},{"type":"Feature","id":769,"geometry":{"type":"LineString","coordinates":[[-76.231674980999969,4.5605122020000408],[-76.297627869999985,4.4915920790000428],[-76.374920829999951,4.4598724400000265]]},"properties":{"OBJECTID":769,"tipo":"Falla","nombre_falla":"Falla de Río Dovio","Shape_Length":0.17894111056857653}},{"type":"Feature","id":770,"geometry":{"type":"LineString","coordinates":[[-76.157733850999989,4.399659912000061],[-76.19696546199998,4.3701099660000295],[-76.248507846999985,4.299429711000073],[-76.265348877999941,4.2478293400000666],[-76.304610680999986,4.1952391610000745],[-76.357073685999978,4.0541782210000292]]},"properties":{"OBJECTID":770,"tipo":"Falla","nombre_falla":"Falla de Roldanillo","Shape_Length":0.40700235756750647}},{"type":"Feature","id":771,"geometry":{"type":"LineString","coordinates":[[-76.357073685999978,4.0541782210000292],[-76.382525724999937,3.9158770950000417],[-76.414567355999964,3.8523267590000501],[-76.51664845199997,3.5296434830000294]]},"properties":{"OBJECTID":771,"tipo":"Falla","nombre_falla":"Falla de Santana","Shape_Length":0.55023968167437221}},{"type":"Feature","id":772,"geometry":{"type":"LineString","coordinates":[[-76.762409908999985,3.7915090360000363],[-76.676155741999935,3.9343297300000586],[-76.554748808999989,4.2588419490000433],[-76.497656011999936,4.3527224090000232],[-76.482224976999987,4.4114828820000298]]},"properties":{"OBJECTID":772,"tipo":"Falla","nombre_falla":"Falla de Cisneros","Shape_Length":0.68395566304696942}},{"type":"Feature","id":773,"geometry":{"type":"LineString","coordinates":[[-76.74203930699997,3.7785087430000317],[-76.665835616999971,3.9066693720000671],[-76.653374456999984,3.9945401300000754]]},"properties":{"OBJECTID":773,"tipo":"Falla","nombre_falla":null,"Shape_Length":0.23785442393291339}},{"type":"Feature","id":774,"geometry":{"type":"LineString","coordinates":[[-76.125057744999935,4.5782658770000353],[-76.182973725999943,4.5127612830000317],[-76.233945787999971,4.4785013880000406],[-76.31093451299995,4.3646140180000543]]},"properties":{"OBJECTID":774,"tipo":"Falla","nombre_falla":"Falla de Toro","Shape_Length":0.2863205922624692}},{"type":"Feature","id":775,"geometry":{"type":"LineString","coordinates":[[-76.32712485199994,4.1389583970000672],[-76.409442906999971,4.0689400570000203],[-76.512367344999973,3.9167836650000254],[-76.630225132999954,3.814668179000023],[-76.668342087999974,3.7366627370000742],[-76.693478547999973,3.6630572360000428],[-76.66882994499997,3.3792943860000264]]},"properties":{"OBJECTID":775,"tipo":"Falla normal","nombre_falla":"Falla de Dagua-Calima","Shape_Length":0.89714001439613389}},{"type":"Feature","id":776,"geometry":{"type":"LineString","coordinates":[[-76.66882994499997,3.3792943860000264],[-76.70632273199999,3.1870429230000354]]},"properties":{"OBJECTID":776,"tipo":"Falla","nombre_falla":"Falla de Trujillo","Shape_Length":0.19587326030539673}},{"type":"Feature","id":777,"geometry":{"type":"LineString","coordinates":[[-76.365154417999975,4.0007377680000218],[-76.501656104999938,3.7782980920000568],[-76.541042609999977,3.7449367780000671],[-76.546423644999948,3.6402558290000684],[-76.604100383999935,3.4878181530000347]]},"properties":{"OBJECTID":777,"tipo":"Falla","nombre_falla":null,"Shape_Length":0.58040296144602177}},{"type":"Feature","id":778,"geometry":{"type":"LineString","coordinates":[[-76.604100383999935,3.4878181530000347],[-76.615657907999946,3.4041441940000254]]},"properties":{"OBJECTID":778,"tipo":"Falla","nombre_falla":null,"Shape_Length":0.08446838329070866}},{"type":"Feature","id":779,"geometry":{"type":"LineString","coordinates":[[-76.63925872599998,3.4044143810000378],[-76.555418290999967,3.4136911720000285]]},"properties":{"OBJECTID":779,"tipo":"Falla","nombre_falla":null,"Shape_Length":0.084352103662261771}},{"type":"Feature","id":780,"geometry":{"type":"LineString","coordinates":[[-76.130132924999941,4.396559638000042],[-76.305071813999973,4.0635378760000549],[-76.364725589999978,3.8582164020000391],[-76.411170831999982,3.7638520650000373]]},"properties":{"OBJECTID":780,"tipo":"Falla cubierta","nombre_falla":"Falla de Cali-Patía","Shape_Length":0.69516113236847943}},{"type":"Feature","id":781,"geometry":{"type":"LineString","coordinates":[[-75.997154918999968,4.7802623530000687],[-76.020646958999976,4.6440911680000454],[-76.148833531999969,4.4003498450000507]]},"properties":{"OBJECTID":781,"tipo":"Falla cubierta","nombre_falla":"Falla de Cali-Patía","Shape_Length":0.4135763236531651}},{"type":"Feature","id":782,"geometry":{"type":"LineString","coordinates":[[-76.170434312999987,4.3967099980000626],[-76.133092029999943,4.3971593840000764]]},"properties":{"OBJECTID":782,"tipo":"Falla","nombre_falla":"Falla de Las Cañas","Shape_Length":0.037344986911663984}},{"type":"Feature","id":783,"geometry":{"type":"LineString","coordinates":[[-76.456207113999938,3.6559528890000479],[-76.527764420999972,3.4851724470000249],[-76.547985895999943,3.363443281000059]]},"properties":{"OBJECTID":783,"tipo":"Falla cubierta","nombre_falla":"Falla de Cali-Patía","Shape_Length":0.30856320924258124}},{"type":"Feature","id":784,"geometry":{"type":"LineString","coordinates":[[-76.411170831999982,3.7638520650000373],[-76.456207113999938,3.6559528890000479]]},"properties":{"OBJECTID":784,"tipo":"Falla","nombre_falla":"Falla de Cali-Patía","Shape_Length":0.11692090864279241}},{"type":"Feature","id":785,"geometry":{"type":"LineString","coordinates":[[-76.560105319999934,3.3652504370000429],[-76.600587618999953,3.3751838030000272]]},"properties":{"OBJECTID":785,"tipo":"Falla","nombre_falla":null,"Shape_Length":0.041683189566257245}},{"type":"Feature","id":786,"geometry":{"type":"LineString","coordinates":[[-76.520934981999972,3.3600230350000402],[-76.559265426999957,3.3653704220000691]]},"properties":{"OBJECTID":786,"tipo":"Falla cubierta","nombre_falla":null,"Shape_Length":0.038701648047918986}},{"type":"Feature","id":787,"geometry":{"type":"LineString","coordinates":[[-76.68974442199999,2.886250154000038],[-76.683843235999973,3.0174012470000662],[-76.640312926999968,3.1211149130000422]]},"properties":{"OBJECTID":787,"tipo":"Falla","nombre_falla":"Falla de Cali-Patía","Shape_Length":0.24376228589123211}},{"type":"Feature","id":788,"geometry":{"type":"LineString","coordinates":[[-76.545568653999965,3.3631480940000529],[-76.640312926999968,3.1211149130000422]]},"properties":{"OBJECTID":788,"tipo":"Falla cubierta","nombre_falla":"Falla de Cali-Patía","Shape_Length":0.25991640573708141}},{"type":"Feature","id":789,"geometry":{"type":"LineString","coordinates":[[-77.077695692999953,3.1787857080000208],[-76.998209910999947,3.3129796180000426],[-76.931564469999955,3.479438817000073],[-76.921206178999967,3.7000894390000667],[-76.892634578999946,3.7752499430000626]]},"properties":{"OBJECTID":789,"tipo":"Falla","nombre_falla":null,"Shape_Length":0.63657448532954042}},{"type":"Feature","id":790,"geometry":{"type":"LineString","coordinates":[[-76.935474174999968,2.7153404970000565],[-76.926753347999977,2.7875410610000699],[-76.888611536999974,2.8541513540000665],[-76.860109726999951,2.9653121210000677],[-76.845017301999974,3.2172642700000438],[-76.791243798999972,3.428465802000062],[-76.783892822999974,3.5204866150000385],[-76.753641156999947,3.5983971040000711]]},"properties":{"OBJECTID":790,"tipo":"Falla","nombre_falla":null,"Shape_Length":0.91047440475531272}},{"type":"Feature","id":791,"geometry":{"type":"LineString","coordinates":[[-76.356230346999951,4.3568156060000547],[-76.391903138999965,4.2610305680000238],[-76.44362986699997,4.1903308650000213],[-76.537425507999956,3.9769851440000252],[-76.581552577999958,3.9205288050000604],[-76.675156365999953,3.8541089360000456],[-76.711823219999985,3.7237378650000323]]},"properties":{"OBJECTID":791,"tipo":"Falla","nombre_falla":null,"Shape_Length":0.74472739873600169}},{"type":"Feature","id":792,"geometry":{"type":"LineString","coordinates":[[-76.899765376999937,2.6294449220000615],[-77.000086659999965,2.5846987550000335],[-77.041491543999939,2.4536390690000758],[-77.086220801999957,2.3859614300000658],[-77.089491042999953,2.3069998180000653],[-77.109630931999959,2.2599275490000537],[-77.137390394999954,2.2081570570000508],[-77.177825491999954,2.1766175330000692],[-77.229336742999976,2.1057631720000245],[-77.27508080299998,2.0145670450000353]]},"properties":{"OBJECTID":792,"tipo":"Falla","nombre_falla":null,"Shape_Length":0.75829468736382333}},{"type":"Feature","id":793,"geometry":{"type":"LineString","coordinates":[[-76.760992205999969,3.4984762190000538],[-76.722711712999967,3.3918049270000665],[-76.748493217999965,3.3135544070000265],[-76.732393359999946,3.2219234460000621],[-76.761505287999967,3.1019825900000342],[-76.751405716999955,2.9987815970000611],[-76.830711262999955,2.7967777780000347],[-76.84871293599997,2.6929325230000245]]},"properties":{"OBJECTID":793,"tipo":"Falla inversa o de cabalgamiento","nombre_falla":"Falla de Bellavista","Shape_Length":0.83827992232586723}},{"type":"Feature","id":794,"geometry":{"type":"LineString","coordinates":[[-77.011531784999988,2.4260016000000633],[-76.96750930799999,2.5459945990000392],[-76.84871293599997,2.6929325230000245]]},"properties":{"OBJECTID":794,"tipo":"Falla inversa o de cabalgamiento","nombre_falla":null,"Shape_Length":0.31676678155185511}},{"type":"Feature","id":795,"geometry":{"type":"LineString","coordinates":[[-76.729526116999978,2.843330078000065],[-76.708975124999938,2.8809102530000246],[-76.717355103999978,2.9233906850000722],[-76.700513353999952,3.0780619090000414],[-76.628699927999946,3.2027224680000472]]},"properties":{"OBJECTID":795,"tipo":"Falla","nombre_falla":null,"Shape_Length":0.38558290965772757}},{"type":"Feature","id":796,"geometry":{"type":"LineString","coordinates":[[-76.651010890999942,3.1768224130000249],[-76.61019964999997,3.3319490780000365]]},"properties":{"OBJECTID":796,"tipo":"Falla","nombre_falla":null,"Shape_Length":0.16040523553171071}},{"type":"Feature","id":797,"geometry":{"type":"LineString","coordinates":[[-76.628699927999946,3.2027224680000472],[-76.697432922999951,3.121792274000029]]},"properties":{"OBJECTID":797,"tipo":"Falla","nombre_falla":null,"Shape_Length":0.10617872151495927}},{"type":"Feature","id":798,"geometry":{"type":"LineString","coordinates":[[-76.691561372999956,3.2966938020000498],[-76.559265426999957,3.3653704220000691]]},"properties":{"OBJECTID":798,"tipo":"Falla","nombre_falla":null,"Shape_Length":0.14905936891944019}},{"type":"Feature","id":799,"geometry":{"type":"LineString","coordinates":[[-76.729526116999978,2.843330078000065],[-76.828778026999942,2.6538636840000436],[-76.864242624999974,2.5527070180000351],[-76.858895510999957,2.5208241210000324]]},"properties":{"OBJECTID":799,"tipo":"Falla inversa o de cabalgamiento","nombre_falla":"Falla de Chimborazo","Shape_Length":0.35341038430892047}},{"type":"Feature","id":800,"geometry":{"type":"LineString","coordinates":[[-75.760541942999964,5.2977456120000284],[-75.803992009999945,5.1216428850000284]]},"properties":{"OBJECTID":800,"tipo":"Falla","nombre_falla":null,"Shape_Length":0.18138378863376772}},{"type":"Feature","id":801,"geometry":{"type":"LineString","coordinates":[[-75.748122859999967,5.1570039880000422],[-75.803992009999945,5.1216428850000284]]},"properties":{"OBJECTID":801,"tipo":"Falla","nombre_falla":null,"Shape_Length":0.066119358187278612}},{"type":"Feature","id":802,"geometry":{"type":"LineString","coordinates":[[-75.833635479999941,5.0238785200000393],[-75.78129417599996,5.1378740940000398]]},"properties":{"OBJECTID":802,"tipo":"Falla","nombre_falla":"Falla de Sevilla","Shape_Length":0.12543764584847727}},{"type":"Feature","id":803,"geometry":{"type":"LineString","coordinates":[[-75.859948200999952,4.9969133440000633],[-75.833635479999941,5.0238785200000393]]},"properties":{"OBJECTID":803,"tipo":"Falla cubierta","nombre_falla":"Falla de Sevilla","Shape_Length":0.037675987089047694}},{"type":"Feature","id":804,"geometry":{"type":"LineString","coordinates":[[-75.545696072999988,5.3113868470000511],[-75.554106880999939,5.0857613960000663]]},"properties":{"OBJECTID":804,"tipo":"Falla","nombre_falla":"Falla de Silvia-Pijao","Shape_Length":0.22578216455282427}},{"type":"Feature","id":805,"geometry":{"type":"LineString","coordinates":[[-75.690574348999974,4.7851595910000242],[-75.642822207999984,4.8398996990000569],[-75.595699633999971,4.9435803210000699],[-75.552476447999936,5.1259318010000356]]},"properties":{"OBJECTID":805,"tipo":"Falla","nombre_falla":null,"Shape_Length":0.37393216449201161}},{"type":"Feature","id":806,"geometry":{"type":"LineString","coordinates":[[-75.659684088999938,4.6981984310000371],[-75.659544669999946,4.6337477860000718],[-75.708646139999985,4.4222589150000431],[-75.704782956999964,4.3607788690000575]]},"properties":{"OBJECTID":806,"tipo":"Falla","nombre_falla":"Falla de Armenia","Shape_Length":0.34316611465504626}},{"type":"Feature","id":807,"geometry":{"type":"LineString","coordinates":[[-75.904089212999963,3.9258831500000611],[-75.847936844999936,3.9792831700000306],[-75.742111670999975,4.1615989560000344],[-75.667598353999949,4.2508041470000535],[-75.553482372999952,4.4871253860000593]]},"properties":{"OBJECTID":807,"tipo":"Falla","nombre_falla":"Falla de San Jerónimo","Shape_Length":0.66695590109541092}},{"type":"Feature","id":808,"geometry":{"type":"LineString","coordinates":[[-75.514641090999987,4.7676862530000221],[-75.50504663199996,4.9338493650000714],[-75.455293682999979,5.0674102620000667],[-75.425677182999948,5.2500509110000735]]},"properties":{"OBJECTID":808,"tipo":"Falla","nombre_falla":"Falla de San Jerónimo","Shape_Length":0.49399294321478743}},{"type":"Feature","id":809,"geometry":{"type":"LineString","coordinates":[[-75.55962250999994,4.4949455170000761],[-75.539710543999945,4.638226732000021]]},"properties":{"OBJECTID":809,"tipo":"Falla","nombre_falla":"Falla de San Jerónimo","Shape_Length":0.14465819355240619}},{"type":"Feature","id":810,"geometry":{"type":"LineString","coordinates":[[-75.539710543999945,4.638226732000021],[-75.514641090999987,4.7676862530000221]]},"properties":{"OBJECTID":810,"tipo":"Falla cubierta","nombre_falla":"Falla de San Jerónimo","Shape_Length":0.13186449503663533}},{"type":"Feature","id":811,"geometry":{"type":"LineString","coordinates":[[-75.425677182999948,5.2500509110000735],[-75.419377306999934,5.3034080640000525]]},"properties":{"OBJECTID":811,"tipo":"Falla cubierta","nombre_falla":"Falla de San Jerónimo","Shape_Length":0.053727778791596466}},{"type":"Feature","id":812,"geometry":{"type":"LineString","coordinates":[[-75.825183343999981,4.0146120370000631],[-75.614187170999969,4.1688443120000329],[-75.437629758999947,4.3396829400000456],[-75.26444143599997,4.4148915570000327],[-74.919210787999987,4.5042697600000565],[-74.839857630999973,4.5587195240000256]]},"properties":{"OBJECTID":812,"tipo":"Falla de rumbo dextral","nombre_falla":"Falla de Ibagué","Shape_Length":1.1486993926551787}},{"type":"Feature","id":813,"geometry":{"type":"LineString","coordinates":[[-75.353756593999947,4.3759025270000507],[-75.280733532999989,4.4416024860000221],[-75.162118159999977,4.5921328190000281]]},"properties":{"OBJECTID":813,"tipo":"Falla de rumbo dextral","nombre_falla":"Falla de Chapetón-Pericos","Shape_Length":0.28987665382324029}},{"type":"Feature","id":814,"geometry":{"type":"LineString","coordinates":[[-75.181176391999941,4.5620936960000336],[-75.23625124199998,4.5290429060000292],[-75.265922685999954,4.4795027050000726],[-75.376127473999986,4.3617525970000202]]},"properties":{"OBJECTID":814,"tipo":"Falla inversa o de cabalgamiento","nombre_falla":null,"Shape_Length":0.28325373592071917}},{"type":"Feature","id":815,"geometry":{"type":"LineString","coordinates":[[-75.233260992999988,4.5443830230000231],[-75.174318938999988,4.5940822360000766]]},"properties":{"OBJECTID":815,"tipo":"Falla","nombre_falla":null,"Shape_Length":0.077098492219780212}},{"type":"Feature","id":816,"geometry":{"type":"LineString","coordinates":[[-75.228040909999947,4.534602876000065],[-75.233260992999988,4.5443830230000231]]},"properties":{"OBJECTID":816,"tipo":"Falla","nombre_falla":null,"Shape_Length":0.011086051680742698}},{"type":"Feature","id":817,"geometry":{"type":"LineString","coordinates":[[-75.602853429999982,4.5563465070000575],[-75.528821838999988,4.4530648370000563]]},"properties":{"OBJECTID":817,"tipo":"Falla","nombre_falla":null,"Shape_Length":0.12707391480543706}},{"type":"Feature","id":818,"geometry":{"type":"LineString","coordinates":[[-75.092901106999989,5.0952170810000439],[-74.888303144999952,5.2043961910000576]]},"properties":{"OBJECTID":818,"tipo":"Lineamiento","nombre_falla":null,"Shape_Length":0.23190602431796276}},{"type":"Feature","id":819,"geometry":{"type":"LineString","coordinates":[[-74.896950724999954,5.1732832940000435],[-74.923065332999954,5.0989654720000317],[-74.920865852999952,5.0375748480000766],[-74.96647883299994,4.9562294350000684]]},"properties":{"OBJECTID":819,"tipo":"Falla","nombre_falla":null,"Shape_Length":0.23346357440083276}},{"type":"Feature","id":820,"geometry":{"type":"LineString","coordinates":[[-74.949289329999942,4.7714125370000602],[-74.909052755999937,5.0378067050000368]]},"properties":{"OBJECTID":820,"tipo":"Falla cubierta","nombre_falla":null,"Shape_Length":0.26941572825590127}},{"type":"Feature","id":821,"geometry":{"type":"LineString","coordinates":[[-74.882186178999973,5.2565403070000229],[-74.856830543999934,5.3618674740000642]]},"properties":{"OBJECTID":821,"tipo":"Falla","nombre_falla":null,"Shape_Length":0.10833614509714574}},{"type":"Feature","id":822,"geometry":{"type":"LineString","coordinates":[[-74.902879368999947,5.0947778920000246],[-74.897803520999958,5.1988362220000681]]},"properties":{"OBJECTID":822,"tipo":"Falla cubierta","nombre_falla":null,"Shape_Length":0.10418205351842971}},{"type":"Feature","id":823,"geometry":{"type":"LineString","coordinates":[[-74.909052755999937,5.0378067050000368],[-74.902879368999947,5.0947778920000246]]},"properties":{"OBJECTID":823,"tipo":"Falla","nombre_falla":null,"Shape_Length":0.057304684409210604}},{"type":"Feature","id":824,"geometry":{"type":"LineString","coordinates":[[-74.874621174999959,5.3584476150000455],[-74.797548480999978,5.367826942000022]]},"properties":{"OBJECTID":824,"tipo":"Lineamiento","nombre_falla":null,"Shape_Length":0.077641303024788957}},{"type":"Feature","id":825,"geometry":{"type":"LineString","coordinates":[[-74.879914185999951,4.6642033580000657],[-74.796806131999972,4.565159187000063]]},"properties":{"OBJECTID":825,"tipo":"Falla","nombre_falla":"Falla de La Sierra","Shape_Length":0.12929306419426059}},{"type":"Feature","id":826,"geometry":{"type":"LineString","coordinates":[[-75.056881430999965,4.9334251270000209],[-74.955055018999985,4.7813658320000627]]},"properties":{"OBJECTID":826,"tipo":"Falla","nombre_falla":"Falla de La Sierra","Shape_Length":0.18300450097381199}},{"type":"Feature","id":827,"geometry":{"type":"LineString","coordinates":[[-75.124306209999986,4.6655531690000203],[-75.094414804999985,4.7077432920000319]]},"properties":{"OBJECTID":827,"tipo":"Falla","nombre_falla":null,"Shape_Length":0.05170592395103471}},{"type":"Feature","id":828,"geometry":{"type":"LineString","coordinates":[[-75.089094154999941,4.7583637260000273],[-75.011359144999972,4.8154947550000315]]},"properties":{"OBJECTID":828,"tipo":"Falla","nombre_falla":null,"Shape_Length":0.096471167994871224}},{"type":"Feature","id":829,"geometry":{"type":"LineString","coordinates":[[-75.223260946999972,4.5126526320000266],[-74.982283228999961,4.5919227910000586]]},"properties":{"OBJECTID":829,"tipo":"Falla","nombre_falla":null,"Shape_Length":0.25368093874073977}},{"type":"Feature","id":830,"geometry":{"type":"LineString","coordinates":[[-75.682666900999948,4.4574420030000397],[-75.720969699999955,4.3051951340000301],[-75.816544552999972,4.1211942210000529],[-75.863847238999938,3.9966534700000693],[-75.935670680999976,3.8789729910000688],[-75.943641396999965,3.8267725730000279]]},"properties":{"OBJECTID":830,"tipo":"Falla","nombre_falla":"Falla de Silvia-Pijao","Shape_Length":0.68822739909152686}},{"type":"Feature","id":831,"geometry":{"type":"LineString","coordinates":[[-76.045668323999962,3.8077655000000732],[-75.878339031999985,3.8430421770000294]]},"properties":{"OBJECTID":831,"tipo":"Falla","nombre_falla":"Falla de Rosario","Shape_Length":0.17100741475553832}},{"type":"Feature","id":832,"geometry":{"type":"LineString","coordinates":[[-75.552018146999956,4.0088516700000696],[-75.46141524899997,4.0240866200000482],[-75.355314182999962,4.0884799010000279],[-75.221762006999938,4.1051122130000408]]},"properties":{"OBJECTID":832,"tipo":"Falla de rumbo dextral","nombre_falla":"Falla de Cucuana","Shape_Length":0.35057129540190635}},{"type":"Feature","id":833,"geometry":{"type":"LineString","coordinates":[[-75.808646492999969,3.8624817640000515],[-75.742833624999946,3.9361218690000328],[-75.600418213999944,4.0031312580000531],[-75.552018146999956,4.0088516700000696]]},"properties":{"OBJECTID":833,"tipo":"Falla","nombre_falla":null,"Shape_Length":0.30489281643261157}},{"type":"Feature","id":834,"geometry":{"type":"LineString","coordinates":[[-75.446638392999944,3.7848092860000406],[-75.373871867999981,3.8489679310000611],[-75.28830740899997,4.0328188080000587],[-75.222596145999944,4.1051721110000585]]},"properties":{"OBJECTID":834,"tipo":"Falla","nombre_falla":"Falla de La Colorada-Samaria","Shape_Length":0.3975377886996122}},{"type":"Feature","id":835,"geometry":{"type":"LineString","coordinates":[[-75.446638392999944,3.7848092860000406],[-75.47587959699996,3.711239929000044],[-75.503717663999964,3.6810675770000216]]},"properties":{"OBJECTID":835,"tipo":"Falla","nombre_falla":null,"Shape_Length":0.12022028941902439}},{"type":"Feature","id":836,"geometry":{"type":"LineString","coordinates":[[-75.446638392999944,3.7848092860000406],[-75.532065609999961,3.7255646320000437]]},"properties":{"OBJECTID":836,"tipo":"Falla","nombre_falla":"Falla de El Carmen","Shape_Length":0.103960273335286}},{"type":"Feature","id":837,"geometry":{"type":"LineString","coordinates":[[-75.533283190999953,3.7332014860000413],[-75.48752613299996,3.7981484570000248],[-75.489065593999953,3.8686590920000299],[-75.452423771999975,3.9370393820000231],[-75.456013394999957,3.9945599280000579],[-75.438342256999988,4.0391323630000215]]},"properties":{"OBJECTID":837,"tipo":"Falla inversa o de cabalgamiento","nombre_falla":null,"Shape_Length":0.33313332583159522}},{"type":"Feature","id":838,"geometry":{"type":"LineString","coordinates":[[-74.954232030999947,4.4970300120000388],[-74.997434617999943,4.3721292710000625],[-74.999115203999963,4.3132987560000515]]},"properties":{"OBJECTID":838,"tipo":"Falla","nombre_falla":"Falla de Doima","Shape_Length":0.19101600131680871}},{"type":"Feature","id":839,"geometry":{"type":"LineString","coordinates":[[-75.110658796999985,4.3305899140000292],[-75.177831238999943,4.3101603380000597],[-75.256204476999983,4.2432904230000759],[-75.280635939999968,4.1708699870000601],[-75.252920470999982,4.1076213510000343]]},"properties":{"OBJECTID":839,"tipo":"Falla","nombre_falla":null,"Shape_Length":0.31871951691670286}},{"type":"Feature","id":840,"geometry":{"type":"LineString","coordinates":[[-75.222596145999944,4.1051721110000585],[-75.175532620999945,4.1458788290000257],[-75.085633471999984,4.2725606550000634]]},"properties":{"OBJECTID":840,"tipo":"Falla inversa o de cabalgamiento","nombre_falla":null,"Shape_Length":0.21756429295095239}},{"type":"Feature","id":841,"geometry":{"type":"LineString","coordinates":[[-75.399079465999989,4.2245015210000361],[-75.33189579499998,4.3824323900000763]]},"properties":{"OBJECTID":841,"tipo":"Falla","nombre_falla":null,"Shape_Length":0.17162693562534226}},{"type":"Feature","id":842,"geometry":{"type":"LineString","coordinates":[[-76.217353917999958,3.6695142950000559],[-76.247081219999984,3.770980335000047],[-76.305665183999963,3.802014684000028],[-76.294562979999967,3.8813260290000358],[-76.268081453999969,3.9554065150000497],[-76.232410700999935,3.9754803330000641],[-76.20157743599998,4.0272034310000322],[-76.171626925999988,4.0979270650000217],[-76.176696652999965,4.1500326170000221],[-76.125302039999951,4.2484015680000198],[-76.099498971999935,4.3801817720000713],[-76.038352702999987,4.4617329940000445]]},"properties":{"OBJECTID":842,"tipo":"Falla inversa o de cabalgamiento","nombre_falla":null,"Shape_Length":0.90828361235114363}},{"type":"Feature","id":843,"geometry":{"type":"LineString","coordinates":[[-76.099191038999948,4.4894502980000652],[-76.018661296999937,4.4483394910000698]]},"properties":{"OBJECTID":843,"tipo":"Falla cubierta","nombre_falla":null,"Shape_Length":0.090416468625903981}},{"type":"Feature","id":844,"geometry":{"type":"LineString","coordinates":[[-76.397583509999947,3.0009289210000247],[-76.392143049999959,3.0308418250000386],[-76.344931149999979,3.0738191390000225]]},"properties":{"OBJECTID":844,"tipo":"Falla inversa o de cabalgamiento cubierta","nombre_falla":null,"Shape_Length":0.094247286057204824}},{"type":"Feature","id":845,"geometry":{"type":"LineString","coordinates":[[-76.539018001999978,2.8996068970000692],[-76.397583509999947,3.0009289210000247]]},"properties":{"OBJECTID":845,"tipo":"Falla inversa o de cabalgamiento","nombre_falla":null,"Shape_Length":0.17398237863287822}},{"type":"Feature","id":846,"geometry":{"type":"LineString","coordinates":[[-76.344931149999979,3.0738191390000225],[-76.313506932999985,3.1128843610000558]]},"properties":{"OBJECTID":846,"tipo":"Falla inversa o de cabalgamiento","nombre_falla":null,"Shape_Length":0.050135546112260738}},{"type":"Feature","id":847,"geometry":{"type":"LineString","coordinates":[[-76.313506932999985,3.1128843610000558],[-76.29429231599994,3.1372224610000217]]},"properties":{"OBJECTID":847,"tipo":"Falla inversa o de cabalgamiento cubierta","nombre_falla":null,"Shape_Length":0.031008782918179437}},{"type":"Feature","id":848,"geometry":{"type":"LineString","coordinates":[[-76.269327865999969,3.1638893230000349],[-76.235435447999976,3.3198604810000347],[-76.235434123999937,3.4914719380000747],[-76.199102570999969,3.6425229910000212],[-76.217353917999958,3.6695142950000559]]},"properties":{"OBJECTID":848,"tipo":"Falla inversa o de cabalgamiento cubierta","nombre_falla":"Falla de Guabas-Pradera","Shape_Length":0.51916433847781729}},{"type":"Feature","id":849,"geometry":{"type":"LineString","coordinates":[[-76.07062290999994,4.15601517500005],[-76.050672105999979,4.1759967800000481],[-76.035600907999935,4.2540774010000746],[-75.990888576999964,4.3455579130000501],[-75.974446621999959,4.5036493290000408],[-75.926314197999943,4.5899597670000389]]},"properties":{"OBJECTID":849,"tipo":"Falla","nombre_falla":"Falla de Quebrada Nueva","Shape_Length":0.46734942318198325}},{"type":"Feature","id":850,"geometry":{"type":"LineString","coordinates":[[-76.111232530999985,4.0097395790000405],[-76.07062290999994,4.15601517500005]]},"properties":{"OBJECTID":850,"tipo":"Falla","nombre_falla":null,"Shape_Length":0.15180807390559048}},{"type":"Feature","id":851,"geometry":{"type":"LineString","coordinates":[[-76.14382236299997,4.0377448260000506],[-76.083405071999948,3.981540887000051]]},"properties":{"OBJECTID":851,"tipo":"Falla","nombre_falla":"Falla de El Ahorcado","Shape_Length":0.0825174636722249}},{"type":"Feature","id":852,"geometry":{"type":"LineString","coordinates":[[-76.258713614999976,3.7850585730000716],[-76.259477954999966,3.8680971290000343],[-76.239671572999953,3.9464405280000392],[-76.14382236299997,4.0377448260000506]]},"properties":{"OBJECTID":852,"tipo":"Falla","nombre_falla":null,"Shape_Length":0.29622690184103107}},{"type":"Feature","id":853,"geometry":{"type":"LineString","coordinates":[[-76.186286817999985,3.6346534300000712],[-76.186641429999952,3.7170428650000531],[-76.161197576999939,3.7890170180000382]]},"properties":{"OBJECTID":853,"tipo":"Falla","nombre_falla":"Falla del Río Zabaletas","Shape_Length":0.15872936472772908}},{"type":"Feature","id":854,"geometry":{"type":"LineString","coordinates":[[-76.151737791999949,3.7843203010000366],[-76.132279345999962,3.7778145940000627]]},"properties":{"OBJECTID":854,"tipo":"Falla","nombre_falla":"Falla del Río Zabaletas","Shape_Length":0.020517196307096475}},{"type":"Feature","id":855,"geometry":{"type":"LineString","coordinates":[[-76.151737791999949,3.7843203010000366],[-76.127024640999934,3.8789385090000223]]},"properties":{"OBJECTID":855,"tipo":"Falla","nombre_falla":"Falla del Río Zabaletas","Shape_Length":0.097792357152683904}},{"type":"Feature","id":856,"geometry":{"type":"LineString","coordinates":[[-76.161197576999939,3.7890170180000382],[-76.151737791999949,3.7843203010000366]]},"properties":{"OBJECTID":856,"tipo":"Falla","nombre_falla":"Falla del Río Zabaletas","Shape_Length":0.010561566305436906}},{"type":"Feature","id":857,"geometry":{"type":"LineString","coordinates":[[-76.226028594999946,3.8669565810000677],[-76.202259785999956,3.854816301000028],[-76.19857527299996,3.8223549990000265],[-76.161197576999939,3.7890170180000382]]},"properties":{"OBJECTID":857,"tipo":"Falla","nombre_falla":"Falla del Río Zabaletas","Shape_Length":0.10944454532676731}},{"type":"Feature","id":858,"geometry":{"type":"LineString","coordinates":[[-76.127024640999934,3.8789385090000223],[-76.092162569999971,3.9282930370000599],[-76.058220878999975,4.1069859880000763],[-76.029685411999935,4.16550959500006],[-76.07062290999994,4.15601517500005]]},"properties":{"OBJECTID":858,"tipo":"Falla","nombre_falla":"Falla del Río Zabaletas","Shape_Length":0.34944720843976157}},{"type":"Feature","id":859,"geometry":{"type":"LineString","coordinates":[[-76.550257779999981,3.1299612120000688],[-76.539089075999982,3.0478275150000513]]},"properties":{"OBJECTID":859,"tipo":"Falla cubierta","nombre_falla":null,"Shape_Length":0.082889590009423267}},{"type":"Feature","id":860,"geometry":{"type":"LineString","coordinates":[[-76.539089075999982,3.0478275150000513],[-76.528798608999978,2.922579254000027],[-76.539869788999965,2.8983485580000661]]},"properties":{"OBJECTID":860,"tipo":"Falla","nombre_falla":null,"Shape_Length":0.15231043643558001}},{"type":"Feature","id":861,"geometry":{"type":"LineString","coordinates":[[-76.83228399799998,2.235395785000037],[-76.92241764299996,2.1043899460000262]]},"properties":{"OBJECTID":861,"tipo":"Falla","nombre_falla":"Falla de Mosquerillo","Shape_Length":0.15901762107728579}},{"type":"Feature","id":862,"geometry":{"type":"LineString","coordinates":[[-76.887575590999973,2.2798265310000261],[-76.818228642999941,2.2153428940000595]]},"properties":{"OBJECTID":862,"tipo":"Falla de rumbo sinestral","nombre_falla":"Falla de Guabas","Shape_Length":0.094694976834373681}},{"type":"Feature","id":863,"geometry":{"type":"LineString","coordinates":[[-76.270709519999969,2.9549175620000483],[-76.278576535999946,2.8945664960000386],[-76.318132095999943,2.8282068680000521],[-76.344224031999943,2.6864859000000365],[-76.430621341999938,2.4644963590000657]]},"properties":{"OBJECTID":863,"tipo":"Falla","nombre_falla":"Falla de San Jerónimo","Shape_Length":0.52042855377560959}},{"type":"Feature","id":864,"geometry":{"type":"LineString","coordinates":[[-77.044297399999948,1.2963301370000408],[-76.865819984999973,1.5031404790000238],[-76.717783392999934,1.7391212200000723],[-76.704632129999936,1.8620920390000606],[-76.632080986999938,1.9683970700000373]]},"properties":{"OBJECTID":864,"tipo":"Falla","nombre_falla":"Falla de San Jerónimo","Shape_Length":0.80412104696700526}},{"type":"Feature","id":865,"geometry":{"type":"LineString","coordinates":[[-77.232041108999965,1.2296127820000606],[-77.142800508999983,1.3415310710000199],[-77.07371779999994,1.3956810220000762],[-76.899240142999986,1.6580018140000448],[-76.785306006999974,1.6923613220000675],[-76.724713679999979,1.7309212090000301]]},"properties":{"OBJECTID":865,"tipo":"Falla de rumbo dextral","nombre_falla":"Falla de Pasto","Shape_Length":0.73678861098854853}},{"type":"Feature","id":866,"geometry":{"type":"LineString","coordinates":[[-77.423104533999947,1.0798774190000699],[-77.467403582999964,1.0305308170000558]]},"properties":{"OBJECTID":866,"tipo":"Falla de rumbo dextral","nombre_falla":"Falla de Pasto","Shape_Length":0.066313594920300561}},{"type":"Feature","id":867,"geometry":{"type":"LineString","coordinates":[[-77.356359476999955,1.1361065000000394],[-77.423104533999947,1.0798774190000699]]},"properties":{"OBJECTID":867,"tipo":"Falla de rumbo dextral cubierta","nombre_falla":"Falla de Pasto","Shape_Length":0.087273204272750496}},{"type":"Feature","id":868,"geometry":{"type":"LineString","coordinates":[[-77.269541981999964,1.1967259730000706],[-77.356359476999955,1.1361065000000394]]},"properties":{"OBJECTID":868,"tipo":"Falla de rumbo dextral","nombre_falla":"Falla de Pasto","Shape_Length":0.10588672223123628}},{"type":"Feature","id":869,"geometry":{"type":"LineString","coordinates":[[-77.232041108999965,1.2296127820000606],[-77.269541981999964,1.1967259730000706]]},"properties":{"OBJECTID":869,"tipo":"Falla de rumbo dextral cubierta","nombre_falla":"Falla de Pasto","Shape_Length":0.049878429024618309}},{"type":"Feature","id":870,"geometry":{"type":"LineString","coordinates":[[-76.503098491999936,2.8194381880000492],[-76.562422073999983,2.6086068790000354],[-76.697588843999938,2.3099054320000505]]},"properties":{"OBJECTID":870,"tipo":"Falla cubierta","nombre_falla":"Falla de Cauca-Almaguer","Shape_Length":0.54687921343921397}},{"type":"Feature","id":871,"geometry":{"type":"LineString","coordinates":[[-76.948801371999934,1.8442790300000524],[-76.994532726999978,1.7654832430000624],[-76.981232585999976,1.7161727860000724],[-76.995143329999962,1.6752025660000527],[-77.093027787999972,1.5035519340000292],[-77.201580441999965,1.416345217000071],[-77.349798581999949,1.2336559350000584]]},"properties":{"OBJECTID":871,"tipo":"Falla","nombre_falla":"Falla de Cauca-Almaguer","Shape_Length":0.75754027187399875}},{"type":"Feature","id":872,"geometry":{"type":"LineString","coordinates":[[-76.697588843999938,2.3099054320000505],[-76.76192204299997,2.1668747570000733]]},"properties":{"OBJECTID":872,"tipo":"Falla","nombre_falla":"Falla de Cauca-Almaguer","Shape_Length":0.15683282336464782}},{"type":"Feature","id":873,"geometry":{"type":"LineString","coordinates":[[-77.796840274999965,0.83330008700005465],[-77.729813029999946,0.9742319520000251]]},"properties":{"OBJECTID":873,"tipo":"Falla cubierta","nombre_falla":"Falla de Silvia-Pijao","Shape_Length":0.15605909824378256}},{"type":"Feature","id":874,"geometry":{"type":"LineString","coordinates":[[-77.640872954999963,1.0293534660000319],[-77.61373863099999,1.0365417230000276],[-77.561726552999971,1.0833717520000619],[-77.478923488999953,1.1152014880000252],[-77.366819130999943,1.1951413880000246],[-77.098578504999978,1.4196813570000586],[-77.010784463999983,1.5814119740000478],[-76.991873390999956,1.6488123540000288]]},"properties":{"OBJECTID":874,"tipo":"Falla de rumbo dextral","nombre_falla":"Falla de Silvia-Pijao","Shape_Length":0.92829801762148867}},{"type":"Feature","id":875,"geometry":{"type":"LineString","coordinates":[[-77.729813029999946,0.9742319520000251],[-77.640872954999963,1.0293534660000319]]},"properties":{"OBJECTID":875,"tipo":"Falla de rumbo dextral cubierta","nombre_falla":"Falla de Silvia-Pijao","Shape_Length":0.10463612304866521}},{"type":"Feature","id":876,"geometry":{"type":"LineString","coordinates":[[-76.833507808999968,3.0979531070000235],[-76.786918137999976,3.2348141610000312],[-76.787554364999949,3.3401749560000553],[-76.753641156999947,3.5983971040000711],[-76.711823219999985,3.7237378650000323]]},"properties":{"OBJECTID":876,"tipo":"Falla","nombre_falla":"Falla de Río Bravo","Shape_Length":0.64250866476006852}},{"type":"Feature","id":877,"geometry":{"type":"LineString","coordinates":[[-76.812918601999968,2.8965711670000474],[-76.81161483599999,3.0598367080000344],[-76.84044797699994,3.1077732470000683],[-76.845807585999978,3.1838039760000356]]},"properties":{"OBJECTID":877,"tipo":"Falla","nombre_falla":null,"Shape_Length":0.29542995310730269}},{"type":"Feature","id":878,"geometry":{"type":"LineString","coordinates":[[-76.812918601999968,2.8965711670000474],[-76.86499084899998,2.8365210280000497],[-76.964937966999969,2.6447652860000517],[-77.02479015199998,2.5688906950000501]]},"properties":{"OBJECTID":878,"tipo":"Falla","nombre_falla":"Falla de La Palma","Shape_Length":0.39236256542782788}},{"type":"Feature","id":879,"geometry":{"type":"LineString","coordinates":[[-77.02479015199998,2.5688906950000501],[-77.054253603999939,2.5458893100000637],[-77.082061077999981,2.4853857880000305],[-77.139069759999984,2.2935633030000417],[-77.143519235999975,2.205014454000036]]},"properties":{"OBJECTID":879,"tipo":"Falla","nombre_falla":"Falla de La Mesa","Shape_Length":0.39274153646819243}},{"type":"Feature","id":880,"geometry":{"type":"LineString","coordinates":[[-77.363187351999954,2.6347484640000403],[-77.370946258999936,2.5541679580000505],[-77.489857391999976,2.3601382950000698],[-77.573263929999939,2.299684821000028],[-77.654911260999938,2.1485988450000377],[-77.740067428999964,2.0985549650000621]]},"properties":{"OBJECTID":880,"tipo":"Falla inversa o de cabalgamiento","nombre_falla":"Falla de Piedramadura","Shape_Length":0.68204089443851568}},{"type":"Feature","id":881,"geometry":{"type":"LineString","coordinates":[[-77.619004627999971,2.2835344270000633],[-77.639931216999969,2.2244665830000372],[-77.690939309999976,2.1807234800000401],[-77.740067428999964,2.0985549650000621]]},"properties":{"OBJECTID":881,"tipo":"Falla","nombre_falla":null,"Shape_Length":0.22559635160794642}},{"type":"Feature","id":882,"geometry":{"type":"LineString","coordinates":[[-77.632273139999938,2.3040148080000336],[-77.619004627999971,2.2835344270000633]]},"properties":{"OBJECTID":882,"tipo":"Falla","nombre_falla":null,"Shape_Length":0.024402856730252588}},{"type":"Feature","id":883,"geometry":{"type":"LineString","coordinates":[[-77.632273139999938,2.3040148080000336],[-77.447175077999987,2.5277470240000639],[-77.403230975999975,2.6053775280000764],[-77.363187351999954,2.6347484640000403]]},"properties":{"OBJECTID":883,"tipo":"Falla inversa o de cabalgamiento","nombre_falla":"Falla de Tomasito","Shape_Length":0.42924012823341035}},{"type":"Feature","id":884,"geometry":{"type":"LineString","coordinates":[[-77.363187351999954,2.6347484640000403],[-77.292707507999978,2.7229173880000417],[-77.248662170999978,2.7470400650000215],[-77.234441578999963,2.7870182160000354],[-77.18107310399995,2.8393352030000756],[-77.194568061999973,2.8807704990000502],[-77.190115158999959,2.998638804000052]]},"properties":{"OBJECTID":884,"tipo":"Falla inversa o de cabalgamiento","nombre_falla":"Falla de Piedramadura","Shape_Length":0.4417917759651675}},{"type":"Feature","id":885,"geometry":{"type":"LineString","coordinates":[[-77.894067265999979,1.2318948170000681],[-77.821049568999968,1.3527627460000531],[-77.78044694099998,1.5122430210000744],[-77.734119495999948,1.6178926680000245],[-77.665433802999985,1.7087156460000301],[-77.584892612999965,1.8570578090000254],[-77.574835640999936,1.9156243590000486],[-77.503607540999951,2.0189643800000567],[-77.464052311999978,2.16513830100007]]},"properties":{"OBJECTID":885,"tipo":"Falla inversa o de cabalgamiento","nombre_falla":null,"Shape_Length":1.0401713759903206}},{"type":"Feature","id":886,"geometry":{"type":"LineString","coordinates":[[-77.894067265999979,1.2318948170000681],[-78.011642866999978,0.97453357000006235],[-78.071565400999987,0.89752334600007089]]},"properties":{"OBJECTID":886,"tipo":"Falla","nombre_falla":"Falla de Cuercuel","Shape_Length":0.38052376758434997}},{"type":"Feature","id":887,"geometry":{"type":"LineString","coordinates":[[-77.602202726999963,1.9343485590000569],[-77.680296202999955,1.8178181120000545],[-77.745748774999981,1.7731381650000344],[-77.777660247999961,1.717307915000049],[-77.920277429999942,1.5509170050000307],[-77.941224493999982,1.4470608380000272],[-77.983529233999946,1.4256586900000343]]},"properties":{"OBJECTID":887,"tipo":"Falla de rumbo sinestral","nombre_falla":"Falla de Junín Sumbiambí","Shape_Length":0.65633874410572168}},{"type":"Feature","id":888,"geometry":{"type":"LineString","coordinates":[[-77.983529233999946,1.4256586900000343],[-78.073836947999951,1.3685310980000622],[-78.164226504999988,1.2754767630000288],[-78.248509750999972,1.2275368830000275],[-78.476070451999988,1.1912877060000255]]},"properties":{"OBJECTID":888,"tipo":"Falla","nombre_falla":null,"Shape_Length":0.56398118236453321}},{"type":"Feature","id":889,"geometry":{"type":"LineString","coordinates":[[-77.912446904999968,1.4010562360000449],[-78.005900700999973,1.3154361350000272],[-78.144395979999956,1.2445964020000702]]},"properties":{"OBJECTID":889,"tipo":"Falla","nombre_falla":null,"Shape_Length":0.28230642102376358}},{"type":"Feature","id":890,"geometry":{"type":"LineString","coordinates":[[-78.010351996999987,1.1190646480000623],[-78.046113083999956,1.1492650910000748],[-78.108093931999974,1.2589270720000627]]},"properties":{"OBJECTID":890,"tipo":"Falla","nombre_falla":"Falla de Río Güiza","Shape_Length":0.17277305835862428}},{"type":"Feature","id":891,"geometry":{"type":"LineString","coordinates":[[-78.119944499999974,0.93456900300003554],[-78.040808526999967,1.0392292220000741],[-78.010351996999987,1.1190646480000623]]},"properties":{"OBJECTID":891,"tipo":"Falla","nombre_falla":null,"Shape_Length":0.21665837872048688}},{"type":"Feature","id":892,"geometry":{"type":"LineString","coordinates":[[-77.229336742999976,2.1057631720000245],[-77.218123856999966,2.1638059470000712],[-77.242248184999937,2.2750822280000307],[-77.215434373999983,2.4061482890000434],[-77.218308625999953,2.5061318520000668],[-77.196605665999982,2.5404726680000635]]},"properties":{"OBJECTID":892,"tipo":"Falla","nombre_falla":"Falla de Micay","Shape_Length":0.44740685799650365}},{"type":"Feature","id":893,"geometry":{"type":"LineString","coordinates":[[-77.542713700999968,1.4488643410000464],[-77.456759615999943,1.6266451670000492],[-77.456508842999938,1.7467961020000757],[-77.439012940999987,1.8385898280000674],[-77.31516279799996,2.087233053000034],[-77.284440392999954,2.226184002000025],[-77.242248184999937,2.2750822280000307]]},"properties":{"OBJECTID":893,"tipo":"Falla inversa o de cabalgamiento","nombre_falla":null,"Shape_Length":0.8957395641088286}},{"type":"Feature","id":894,"geometry":{"type":"LineString","coordinates":[[-77.542713700999968,1.4488643410000464],[-77.471160768999937,1.5222344580000708],[-77.448839655999961,1.5762847230000716],[-77.41266055899996,1.7866334060000213],[-77.419829929999935,1.8724667070000578]]},"properties":{"OBJECTID":894,"tipo":"Falla inversa o de cabalgamiento","nombre_falla":null,"Shape_Length":0.46053154437164845}},{"type":"Feature","id":895,"geometry":{"type":"LineString","coordinates":[[-77.542713700999968,1.4488643410000464],[-77.663607464999984,1.1826280970000198],[-77.702482506999957,1.1260713640000404]]},"properties":{"OBJECTID":895,"tipo":"Falla","nombre_falla":"Falla de Cauca-Patía","Shape_Length":0.361027719619752}},{"type":"Feature","id":896,"geometry":{"type":"LineString","coordinates":[[-77.646713438999939,0.98032753300003606],[-77.538776313999961,0.98744093300007307],[-77.500014763999957,1.0225709530000699],[-77.179942400999948,1.1497743040000614],[-77.134901218999971,1.1801198770000383],[-77.12273064599998,1.2063599900000668],[-77.020956814999977,1.2601397360000419],[-76.885163885999987,1.3735273810000308]]},"properties":{"OBJECTID":896,"tipo":"Falla","nombre_falla":null,"Shape_Length":0.88015884149203216}},{"type":"Feature","id":897,"geometry":{"type":"LineString","coordinates":[[-77.701802121999947,0.9623717020000413],[-77.646713438999939,0.98032753300003606]]},"properties":{"OBJECTID":897,"tipo":"Falla cubierta","nombre_falla":null,"Shape_Length":0.057941132726032872}},{"type":"Feature","id":898,"geometry":{"type":"LineString","coordinates":[[-77.844007505999969,0.88634197000004633],[-77.896229133999952,0.92090252200006262]]},"properties":{"OBJECTID":898,"tipo":"Lineamiento","nombre_falla":null,"Shape_Length":0.062622122173514122}},{"type":"Feature","id":899,"geometry":{"type":"LineString","coordinates":[[-77.881458710999937,0.90535232500002394],[-77.953912061999972,0.8236542230000623]]},"properties":{"OBJECTID":899,"tipo":"Lineamiento","nombre_falla":null,"Shape_Length":0.1091973806532487}},{"type":"Feature","id":900,"geometry":{"type":"LineString","coordinates":[[-77.573735177999936,1.3835640340000737],[-77.589135239999962,1.4616847290000692],[-77.582375470999978,1.5435752310000339]]},"properties":{"OBJECTID":900,"tipo":"Falla","nombre_falla":"Falla de La Llanada","Shape_Length":0.16179317346197963}},{"type":"Feature","id":901,"geometry":{"type":"LineString","coordinates":[[-77.581013088999953,1.5881649500000208],[-77.577883139999983,1.7359667950000244]]},"properties":{"OBJECTID":901,"tipo":"Falla","nombre_falla":"Falla de Cumbitara","Shape_Length":0.14783498221377611}},{"type":"Feature","id":902,"geometry":{"type":"LineString","coordinates":[[-76.775092763999965,2.1273745400000621],[-76.817974580999987,2.0771744460000718],[-76.865062169999987,1.9327686520000498],[-76.949590651999983,1.8462935570000241]]},"properties":{"OBJECTID":902,"tipo":"Falla","nombre_falla":"Falla de Cauca-Almaguer","Shape_Length":0.33883660656913084}},{"type":"Feature","id":903,"geometry":{"type":"LineString","coordinates":[[-77.094114686999944,1.9900456340000687],[-76.983591677999982,1.8690839590000223],[-76.919579788999954,1.8206631670000206],[-76.811303825999971,1.6837206740000283]]},"properties":{"OBJECTID":903,"tipo":"Falla de rumbo sinestral","nombre_falla":null,"Shape_Length":0.41868982646204767}},{"type":"Feature","id":904,"geometry":{"type":"LineString","coordinates":[[-77.502833416999977,1.2676427440000566],[-77.361147913999957,1.3655025960000557],[-77.319465967999975,1.4460729340000285],[-77.084861283999942,1.6968033120000428],[-76.983591677999982,1.8690839590000223]]},"properties":{"OBJECTID":904,"tipo":"Falla","nombre_falla":"Falla de Manchabajoy","Shape_Length":0.80612267391714942}},{"type":"Feature","id":905,"geometry":{"type":"LineString","coordinates":[[-77.936834035999937,1.0317576250000684],[-77.827595977999977,1.0549731040000552],[-77.742001976999973,1.1348493470000562]]},"properties":{"OBJECTID":905,"tipo":"Falla","nombre_falla":null,"Shape_Length":0.2287526779264755}},{"type":"Feature","id":906,"geometry":{"type":"LineString","coordinates":[[-77.966611920999981,0.86263249300003508],[-78.010383006999973,0.94230332900002622]]},"properties":{"OBJECTID":906,"tipo":"Falla","nombre_falla":"Falla de Tambo","Shape_Length":0.090902970680590084}},{"type":"Feature","id":907,"geometry":{"type":"LineString","coordinates":[[-77.983035087999951,0.87726108400005387],[-77.957221605999962,0.92895675100004382],[-77.936834035999937,1.0317576250000684]]},"properties":{"OBJECTID":907,"tipo":"Falla","nombre_falla":null,"Shape_Length":0.16258517707851794}},{"type":"Feature","id":908,"geometry":{"type":"LineString","coordinates":[[-76.727473714999974,1.9586356210000417],[-76.692660622999938,2.026063190000059],[-76.69061832899996,2.1299715030000357]]},"properties":{"OBJECTID":908,"tipo":"Falla","nombre_falla":"Falla de Las Estrellas","Shape_Length":0.17981269102132375}},{"type":"Feature","id":909,"geometry":{"type":"LineString","coordinates":[[-76.649962281999933,2.2938091980000763],[-76.70794011299995,2.178394474000072]]},"properties":{"OBJECTID":909,"tipo":"Falla","nombre_falla":"Falla del Crucero Occidental","Shape_Length":0.12915876820202199}},{"type":"Feature","id":910,"geometry":{"type":"LineString","coordinates":[[-76.741731499999958,2.0627261990000534],[-76.749242906999939,1.9759431980000386]]},"properties":{"OBJECTID":910,"tipo":"Falla de rumbo dextral","nombre_falla":"Falla del Crucero","Shape_Length":0.087107465223641642}},{"type":"Feature","id":911,"geometry":{"type":"LineString","coordinates":[[-76.712741885999947,1.9413526870000624],[-76.82066830499997,2.0318905110000287]]},"properties":{"OBJECTID":911,"tipo":"Falla","nombre_falla":"Falla de Pancitará","Shape_Length":0.1408730261363666}},{"type":"Feature","id":912,"geometry":{"type":"LineString","coordinates":[[-76.624956378999968,2.3055248880000363],[-76.613785585999949,2.3635152720000292]]},"properties":{"OBJECTID":912,"tipo":"Falla","nombre_falla":null,"Shape_Length":0.059056508978400618}},{"type":"Feature","id":913,"geometry":{"type":"LineString","coordinates":[[-76.47692860899997,2.6816268500000433],[-76.435815736999984,2.8799981850000336]]},"properties":{"OBJECTID":913,"tipo":"Falla","nombre_falla":"Falla de Popayán","Shape_Length":0.20258690676784993}},{"type":"Feature","id":914,"geometry":{"type":"LineString","coordinates":[[-76.609294298999941,2.3718082180000692],[-76.52347132999995,2.5273359270000242],[-76.47692860899997,2.6816268500000433]]},"properties":{"OBJECTID":914,"tipo":"Falla cubierta","nombre_falla":"Falla de Popayán","Shape_Length":0.33879376335096112}},{"type":"Feature","id":915,"geometry":{"type":"LineString","coordinates":[[-76.931908141999941,2.1315056500000651],[-76.879637061999972,2.0242944520000492]]},"properties":{"OBJECTID":915,"tipo":"Falla","nombre_falla":null,"Shape_Length":0.11927492100589181}},{"type":"Feature","id":916,"geometry":{"type":"LineString","coordinates":[[-77.015122517999941,1.9064344540000207],[-76.976200806999941,1.961974620000035],[-76.92144955599997,2.0985814250000203]]},"properties":{"OBJECTID":916,"tipo":"Falla","nombre_falla":"Falla de Guayabillas","Shape_Length":0.21499079479445951}},{"type":"Feature","id":917,"geometry":{"type":"LineString","coordinates":[[-77.06404103899996,1.8386803100000293],[-77.01368247399995,1.9049844290000237]]},"properties":{"OBJECTID":917,"tipo":"Falla","nombre_falla":"Falla de Guayabillas","Shape_Length":0.083259961957868459}},{"type":"Feature","id":918,"geometry":{"type":"LineString","coordinates":[[-77.06404103899996,1.8386803100000293],[-77.132317888999978,1.7018536580000614],[-77.199440544999959,1.6502236970000581],[-77.323325351999983,1.500336753000056]]},"properties":{"OBJECTID":918,"tipo":"Falla","nombre_falla":"Falla de Taminango-Mosquerillo","Shape_Length":0.43205527501749608}},{"type":"Feature","id":919,"geometry":{"type":"LineString","coordinates":[[-77.323325351999983,1.500336753000056],[-77.292585947999953,1.4807973680000259]]},"properties":{"OBJECTID":919,"tipo":"Lineamiento","nombre_falla":null,"Shape_Length":0.036423873001871776}},{"type":"Feature","id":920,"geometry":{"type":"LineString","coordinates":[[-77.469258040999989,1.322406198000067],[-77.427119640999933,1.4562136740000255]]},"properties":{"OBJECTID":920,"tipo":"Falla","nombre_falla":"Falla de Yumbo","Shape_Length":0.1402857276705089}},{"type":"Feature","id":921,"geometry":{"type":"LineString","coordinates":[[-77.427119640999933,1.4562136740000255],[-77.340503916999978,1.5789610940000216]]},"properties":{"OBJECTID":921,"tipo":"Falla","nombre_falla":"Falla de Ancuya-El Peñol","Shape_Length":0.15023053205221584}},{"type":"Feature","id":922,"geometry":{"type":"LineString","coordinates":[[-77.39718802699997,1.549784197000065],[-77.282243708999943,1.6030638790000467],[-77.199890232999962,1.7015740940000228]]},"properties":{"OBJECTID":922,"tipo":"Falla","nombre_falla":"Sistema de Fallas de Granada","Shape_Length":0.25509143979325666}},{"type":"Feature","id":923,"geometry":{"type":"LineString","coordinates":[[-77.538454254999976,0.65189933500005282],[-77.477205783999977,0.70499863300005927],[-77.348479817999987,0.97179970900003809],[-77.282817031999969,1.0608099350000657],[-77.230474939999965,1.1079799490000255],[-77.165282618999981,1.1207096520000732]]},"properties":{"OBJECTID":923,"tipo":"Falla","nombre_falla":"Falla de La Victoria","Shape_Length":0.62478630280629899}},{"type":"Feature","id":924,"geometry":{"type":"LineString","coordinates":[[-77.179942400999948,1.1497743040000614],[-77.165282618999981,1.1207096520000732],[-77.165822981999952,1.0633692530000758],[-77.224363737999965,0.9695693260000553]]},"properties":{"OBJECTID":924,"tipo":"Falla","nombre_falla":null,"Shape_Length":0.20046415424565633}},{"type":"Feature","id":925,"geometry":{"type":"LineString","coordinates":[[-77.321623124999974,1.140298294000047],[-77.232399480999959,1.196445585000049],[-77.165862094999966,1.2115702900000542],[-77.081938785999967,1.2811702580000315],[-77.044297399999948,1.2963301370000408]]},"properties":{"OBJECTID":925,"tipo":"Falla","nombre_falla":null,"Shape_Length":0.32326303958553348}},{"type":"Feature","id":926,"geometry":{"type":"LineString","coordinates":[[-76.803358460999959,1.4046293830000423],[-76.616760122999949,1.7102103440000747],[-76.564565327999958,1.7526559950000546]]},"properties":{"OBJECTID":926,"tipo":"Falla","nombre_falla":"Falla de Colón","Shape_Length":0.42532344127059146}},{"type":"Feature","id":927,"geometry":{"type":"LineString","coordinates":[[-77.002975713999945,1.3389001750000489],[-76.722645515999943,1.4341990750000377]]},"properties":{"OBJECTID":927,"tipo":"Falla","nombre_falla":null,"Shape_Length":0.29608596767143142}},{"type":"Feature","id":928,"geometry":{"type":"LineString","coordinates":[[-76.863129182999955,1.1630078590000608],[-76.681876778999936,1.0024159290000512]]},"properties":{"OBJECTID":928,"tipo":"Falla de rumbo dextral","nombre_falla":"Falla de Sibundoy","Shape_Length":0.2421615203472971}},{"type":"Feature","id":929,"geometry":{"type":"LineString","coordinates":[[-77.280919300999983,0.93371567300005154],[-77.04590862699996,1.1024587960000645],[-76.954864776999955,1.2227490690000309]]},"properties":{"OBJECTID":929,"tipo":"Falla","nombre_falla":"Falla de Colón","Shape_Length":0.44017685856177913}},{"type":"Feature","id":930,"geometry":{"type":"LineString","coordinates":[[-77.280919300999983,0.93371567300005154],[-77.323209894999934,0.80534842700006948]]},"properties":{"OBJECTID":930,"tipo":"Falla inversa o de cabalgamiento","nombre_falla":"Sistema de Fallas de Afiladores","Shape_Length":0.13515414971982398}},{"type":"Feature","id":931,"geometry":{"type":"LineString","coordinates":[[-77.303429189999974,0.81028834400007099],[-77.413239020999981,0.71048604200007048],[-77.447655271999963,0.61229785000006132],[-77.507877391999955,0.51932036500005552],[-77.524905007999962,0.46750924300005181]]},"properties":{"OBJECTID":931,"tipo":"Falla inversa o de cabalgamiento","nombre_falla":"Sistema de Fallas de Afiladores","Shape_Length":0.41774648261275055}},{"type":"Feature","id":932,"geometry":{"type":"LineString","coordinates":[[-77.254531443999952,0.83700891600005889],[-77.327271007999968,0.63278730800004723],[-77.362532496999961,0.5841171970000687],[-77.51977937099997,0.43877600500002245]]},"properties":{"OBJECTID":932,"tipo":"Falla inversa o de cabalgamiento","nombre_falla":null,"Shape_Length":0.49101790242383403}},{"type":"Feature","id":933,"geometry":{"type":"LineString","coordinates":[[-77.254531443999952,0.83700891600005889],[-77.138363064999965,0.88836790500005236]]},"properties":{"OBJECTID":933,"tipo":"Falla","nombre_falla":null,"Shape_Length":0.12701510945783603}},{"type":"Feature","id":934,"geometry":{"type":"LineString","coordinates":[[-77.089160664999952,0.75518596500006652],[-77.189485935999983,0.69235692100005508],[-77.243908247999968,0.61284671200002094],[-77.282253097999956,0.49953334200006339],[-77.367904254999985,0.39843400200004453]]},"properties":{"OBJECTID":934,"tipo":"Falla inversa o de cabalgamiento","nombre_falla":"Sistema de Fallas de Conejo","Shape_Length":0.4668558134791837}},{"type":"Feature","id":935,"geometry":{"type":"LineString","coordinates":[[-77.166175444999965,0.63692643000007365],[-77.182076424999934,0.55928602800003091],[-77.25163760199996,0.50367184200007387],[-77.303071327999987,0.422515838000038],[-77.361667553999951,0.39482869400006848]]},"properties":{"OBJECTID":935,"tipo":"Falla inversa o de cabalgamiento","nombre_falla":null,"Shape_Length":0.32920203615708471}},{"type":"Feature","id":936,"geometry":{"type":"LineString","coordinates":[[-77.084111999999948,0.74963668300006248],[-77.102273023999942,0.67792633000004798],[-77.128714269999989,0.65774371800006293]]},"properties":{"OBJECTID":936,"tipo":"Falla inversa o de cabalgamiento cubierta","nombre_falla":null,"Shape_Length":0.10723805691131227}},{"type":"Feature","id":937,"geometry":{"type":"LineString","coordinates":[[-77.128714269999989,0.65774371800006293],[-77.173885738999957,0.63246644700006982]]},"properties":{"OBJECTID":937,"tipo":"Falla inversa o de cabalgamiento","nombre_falla":null,"Shape_Length":0.051762940805388243}},{"type":"Feature","id":938,"geometry":{"type":"LineString","coordinates":[[-77.209737519999976,0.5319760040000574],[-77.204147878999947,0.43258535900002926]]},"properties":{"OBJECTID":938,"tipo":"Falla inversa o de cabalgamiento","nombre_falla":null,"Shape_Length":0.09954769911972261}},{"type":"Feature","id":939,"geometry":{"type":"LineString","coordinates":[[-77.198057687999949,0.42926530300002241],[-77.229928691999987,0.44493557700002384]]},"properties":{"OBJECTID":939,"tipo":"Falla","nombre_falla":null,"Shape_Length":0.035515044462953685}},{"type":"Feature","id":940,"geometry":{"type":"LineString","coordinates":[[-77.207577987999969,0.43405538000007482],[-77.218764544999942,0.39527331100003948],[-77.269734816999971,0.36902342700005875]]},"properties":{"OBJECTID":940,"tipo":"Falla inversa o de cabalgamiento","nombre_falla":null,"Shape_Length":0.097695782926616653}},{"type":"Feature","id":941,"geometry":{"type":"LineString","coordinates":[[-77.269734816999971,0.36902342700005875],[-77.298539339999934,0.36798969900002021]]},"properties":{"OBJECTID":941,"tipo":"Falla inversa o de cabalgamiento cubierta","nombre_falla":null,"Shape_Length":0.028823066090085427}},{"type":"Feature","id":942,"geometry":{"type":"LineString","coordinates":[[-76.790559884999936,1.1012672430000521],[-76.862832960999981,1.0008070110000631],[-76.94366615499996,0.92702701100006379],[-77.088951565999935,0.85366738700002998],[-77.23063695999997,0.76144760700003644]]},"properties":{"OBJECTID":942,"tipo":"Falla","nombre_falla":"Falla de La Tortuga","Shape_Length":0.56500803192653282}},{"type":"Feature","id":943,"geometry":{"type":"LineString","coordinates":[[-77.138363064999965,0.88836790500005236],[-77.094250585999987,1.0061702600000331],[-77.009347293999951,1.1156386710000561]]},"properties":{"OBJECTID":943,"tipo":"Falla","nombre_falla":null,"Shape_Length":0.2643255620062297}},{"type":"Feature","id":944,"geometry":{"type":"LineString","coordinates":[[-77.009347293999951,1.1156386710000561],[-76.938614783999981,1.1289883280000481],[-76.865532065999957,1.1651581300000657]]},"properties":{"OBJECTID":944,"tipo":"Falla","nombre_falla":"Falla de San Francisco-Yunguillo","Shape_Length":0.15352473126031468}},{"type":"Feature","id":945,"geometry":{"type":"LineString","coordinates":[[-76.197655583999961,1.7553778610000563],[-76.217736559999935,1.7100876790000257],[-76.302640055999973,1.6156275990000495],[-76.353002323999988,1.5302973490000227],[-76.429576340999972,1.4549727690000509],[-76.538489346999938,1.4169777780000459],[-76.697835286999975,1.3361982400000443],[-76.863205389999962,1.1630829050000671]]},"properties":{"OBJECTID":945,"tipo":"Falla inversa o de cabalgamiento","nombre_falla":"Falla de San Francisco-Yunguillo","Shape_Length":0.91645743828056814}},{"type":"Feature","id":946,"geometry":{"type":"LineString","coordinates":[[-76.701512863999938,1.0073458800000594],[-76.791490763999946,0.96013632500006452],[-76.85205336599995,0.86866609000003336],[-77.089160664999952,0.75518596500006652]]},"properties":{"OBJECTID":946,"tipo":"Falla inversa o de cabalgamiento","nombre_falla":"Sistema de Fallas de Conejo","Shape_Length":0.47417756455411902}},{"type":"Feature","id":947,"geometry":{"type":"LineString","coordinates":[[-76.730228904999933,0.92202571200004968],[-76.803331664999973,0.87542585000005602],[-76.85205336599995,0.86866609000003336]]},"properties":{"OBJECTID":947,"tipo":"Falla inversa o de cabalgamiento","nombre_falla":"Sistema de Fallas de Los Loros","Shape_Length":0.13588073138786985}},{"type":"Feature","id":948,"geometry":{"type":"LineString","coordinates":[[-76.706347462999986,1.027886249000062],[-76.704507811999974,0.95780578100004732],[-76.730228904999933,0.92202571200004968]]},"properties":{"OBJECTID":948,"tipo":"Falla inversa o de cabalgamiento","nombre_falla":null,"Shape_Length":0.11417033298763932}},{"type":"Feature","id":949,"geometry":{"type":"LineString","coordinates":[[-76.950256154999977,1.2197815870000568],[-76.881881609999937,1.3307993660000648],[-76.816608952999957,1.3990294300000414]]},"properties":{"OBJECTID":949,"tipo":"Falla","nombre_falla":"Falla de Colón","Shape_Length":0.22480798557114234}},{"type":"Feature","id":950,"geometry":{"type":"LineString","coordinates":[[-76.429576340999972,1.4549727690000509],[-76.384593807999977,1.4660871200000543],[-76.316351095999948,1.5275270890000456]]},"properties":{"OBJECTID":950,"tipo":"Falla inversa o de cabalgamiento","nombre_falla":"Falla de Villalobos","Shape_Length":0.13816085025701003}},{"type":"Feature","id":951,"geometry":{"type":"LineString","coordinates":[[-76.316351095999948,1.5275270890000456],[-76.213597194999977,1.5926268560000381],[-76.104722774999971,1.7048168860000601]]},"properties":{"OBJECTID":951,"tipo":"Falla","nombre_falla":null,"Shape_Length":0.27797397540004304}},{"type":"Feature","id":952,"geometry":{"type":"LineString","coordinates":[[-76.582016841999973,1.7436578420000615],[-76.580249077999952,1.6806898890000639],[-76.640301786999942,1.5787595630000624],[-76.674993680999989,1.4675390040000593]]},"properties":{"OBJECTID":952,"tipo":"Falla inversa o de cabalgamiento","nombre_falla":"Falla de Santa Rosa","Shape_Length":0.29780349489978342}},{"type":"Feature","id":953,"geometry":{"type":"LineString","coordinates":[[-76.716955289999987,1.4396690780000654],[-76.815689302999942,1.337158989000045],[-76.929153682999981,1.2573291500000323]]},"properties":{"OBJECTID":953,"tipo":"Falla","nombre_falla":null,"Shape_Length":0.28105956217768585}},{"type":"Feature","id":954,"geometry":{"type":"LineString","coordinates":[[-76.716955289999987,1.4396690780000654],[-76.647032494999962,1.5035590760000446],[-76.578199921999953,1.5389388730000633],[-76.561938914999985,1.6091692600000442]]},"properties":{"OBJECTID":954,"tipo":"Falla inversa o de cabalgamiento","nombre_falla":"Falla de Río Blanco","Shape_Length":0.24419722599761287}},{"type":"Feature","id":955,"geometry":{"type":"LineString","coordinates":[[-76.561938914999985,1.6091692600000442],[-76.467134789999989,1.7467696110000475],[-76.407987441999978,1.7865211380000687],[-76.348272322999946,1.8540210330000377]]},"properties":{"OBJECTID":955,"tipo":"Falla inversa o de cabalgamiento","nombre_falla":"Falla de Aguas Blancas","Shape_Length":0.32848492481232944}},{"type":"Feature","id":956,"geometry":{"type":"LineString","coordinates":[[-76.674993680999989,1.4675390040000593],[-76.602345754999988,1.4902904580000609],[-76.523448000999963,1.5478385810000646]]},"properties":{"OBJECTID":956,"tipo":"Falla","nombre_falla":null,"Shape_Length":0.17378292723134792}},{"type":"Feature","id":957,"geometry":{"type":"LineString","coordinates":[[-76.523448000999963,1.5478385810000646],[-76.439714640999966,1.626028581000071],[-76.38734229399995,1.7127688360000661]]},"properties":{"OBJECTID":957,"tipo":"Falla","nombre_falla":"Falla de Aucayaco","Shape_Length":0.21588907756487791}},{"type":"Feature","id":958,"geometry":{"type":"LineString","coordinates":[[-76.38734229399995,1.7127688360000661],[-76.278686376999985,1.8322713290000365]]},"properties":{"OBJECTID":958,"tipo":"Falla","nombre_falla":"Falla de Granadillo-Timaná","Shape_Length":0.16151456322050703}},{"type":"Feature","id":959,"geometry":{"type":"LineString","coordinates":[[-75.975917101999983,1.9014273520000415],[-76.066020163999951,1.898287956000047],[-76.278207802999987,1.8317189390000408]]},"properties":{"OBJECTID":959,"tipo":"Falla","nombre_falla":"Falla de Granadillo-Timaná","Shape_Length":0.31254260223881725}},{"type":"Feature","id":960,"geometry":{"type":"LineString","coordinates":[[-76.360361366999939,1.5229213120000509],[-76.361712325999974,1.575387719000048],[-76.341371457999969,1.6023477690000618]]},"properties":{"OBJECTID":960,"tipo":"Falla inversa o de cabalgamiento","nombre_falla":"Falla de San Eduardo","Shape_Length":0.086256496195776994}},{"type":"Feature","id":961,"geometry":{"type":"LineString","coordinates":[[-76.341371457999969,1.6023477690000618],[-76.329130573999976,1.6737681720000523]]},"properties":{"OBJECTID":961,"tipo":"Falla","nombre_falla":null,"Shape_Length":0.072461805151281949}},{"type":"Feature","id":962,"geometry":{"type":"LineString","coordinates":[[-76.329130573999976,1.6737681720000523],[-76.26417784299997,1.7532782920000614],[-76.248556957999938,1.8072985710000466],[-76.197594866999964,1.8617986050000468]]},"properties":{"OBJECTID":962,"tipo":"Falla","nombre_falla":"Falla de Matanzas","Shape_Length":0.23351639072396299}},{"type":"Feature","id":963,"geometry":{"type":"LineString","coordinates":[[-76.277804126999968,1.889316415000053],[-76.166333467999948,1.9111987320000594]]},"properties":{"OBJECTID":963,"tipo":"Falla","nombre_falla":"Falla de Oritoguas","Shape_Length":0.11359816730558388}},{"type":"Feature","id":964,"geometry":{"type":"LineString","coordinates":[[-76.166333467999948,1.9111987320000594],[-76.02095017299996,1.9784162870000728]]},"properties":{"OBJECTID":964,"tipo":"Falla","nombre_falla":"Falla de Oritoguas","Shape_Length":0.16017022871068551}},{"type":"Feature","id":965,"geometry":{"type":"LineString","coordinates":[[-76.322842388999959,1.8636221020000221],[-76.277804126999968,1.889316415000053]]},"properties":{"OBJECTID":965,"tipo":"Falla cubierta","nombre_falla":null,"Shape_Length":0.051852124011687553}},{"type":"Feature","id":966,"geometry":{"type":"LineString","coordinates":[[-75.328278943999976,2.7868189590000725],[-75.427022685999987,2.7290492910000239],[-75.472384741999974,2.6583991120000405],[-75.526211418999935,2.6079892220000715],[-75.586645640999961,2.4821659680000607],[-75.675053481999953,2.3964887160000217],[-75.721805662999941,2.3128684540000677],[-75.837450217999958,2.2194386160000477],[-75.897302970999988,2.1156483010000215],[-76.02095017299996,1.9784162870000728]]},"properties":{"OBJECTID":966,"tipo":"Falla inversa o de cabalgamiento","nombre_falla":"Falla de El Agrado-Betania","Shape_Length":1.0838062262913808}},{"type":"Feature","id":967,"geometry":{"type":"LineString","coordinates":[[-76.233915801999956,1.9053291570000397],[-76.256187181999962,1.8690116380000745]]},"properties":{"OBJECTID":967,"tipo":"Falla inversa o de cabalgamiento cubierta","nombre_falla":null,"Shape_Length":0.04260254163095812}},{"type":"Feature","id":968,"geometry":{"type":"LineString","coordinates":[[-76.167024036999976,1.7802911950000748],[-76.090491349999979,1.8459477590000688],[-75.980731252999988,1.901070480000044]]},"properties":{"OBJECTID":968,"tipo":"Falla cubierta","nombre_falla":"Falla de Pitalito","Shape_Length":0.22366091997094681}},{"type":"Feature","id":969,"geometry":{"type":"LineString","coordinates":[[-76.197655583999961,1.7553778610000563],[-76.167024036999976,1.7802911950000748]]},"properties":{"OBJECTID":969,"tipo":"Falla","nombre_falla":"Falla de Pitalito","Shape_Length":0.03948374200362393}},{"type":"Feature","id":970,"geometry":{"type":"LineString","coordinates":[[-75.787283083999966,2.0004212030000303],[-75.823248029999945,1.9595403440000609]]},"properties":{"OBJECTID":970,"tipo":"Falla inversa o de cabalgamiento","nombre_falla":null,"Shape_Length":0.054449260540036376}},{"type":"Feature","id":971,"geometry":{"type":"LineString","coordinates":[[-75.823248029999945,1.9595403440000609],[-75.837482466999973,1.897646370000075],[-75.895794959999989,1.8209962530000325],[-75.933267307999984,1.797007036000025]]},"properties":{"OBJECTID":971,"tipo":"Falla inversa o de cabalgamiento","nombre_falla":"Sistema de Fallas de Acevedo","Shape_Length":0.20431292347924873}},{"type":"Feature","id":972,"geometry":{"type":"LineString","coordinates":[[-76.019679879999956,1.7128198950000524],[-75.944013019999943,1.7570778690000566],[-75.933267307999984,1.797007036000025]]},"properties":{"OBJECTID":972,"tipo":"Falla","nombre_falla":"Falla de Acevedo Centro","Shape_Length":0.12900964132589893}},{"type":"Feature","id":973,"geometry":{"type":"LineString","coordinates":[[-76.104722774999971,1.7048168860000601],[-76.019679879999956,1.7128198950000524]]},"properties":{"OBJECTID":973,"tipo":"Falla","nombre_falla":null,"Shape_Length":0.085418628782236619}},{"type":"Feature","id":974,"geometry":{"type":"LineString","coordinates":[[-75.975917101999983,1.9014273520000415],[-75.915174827999977,1.9354371640000636],[-75.833131593999951,2.0037870640000506],[-75.801480218999984,2.0477871480000545],[-75.677935519999949,2.1261268160000668],[-75.55011385499995,2.2384585520000542],[-75.473272276999978,2.3203266800000506],[-75.37279680599994,2.4784415110000282],[-75.010804664999966,2.7852380080000216],[-74.823921446999975,2.9987930260000439],[-74.12672340599994,3.4582710520000433],[-74.057953857999962,3.568458281000062],[-73.94906255099994,3.5965770620000512],[-73.848811459999979,3.6978320630000212],[-73.850858787999982,3.7629648510000493]]},"properties":{"OBJECTID":974,"tipo":"Falla de rumbo dextral","nombre_falla":"Falla de Algeciras","Shape_Length":2.8899593934045091}},{"type":"Feature","id":975,"geometry":{"type":"LineString","coordinates":[[-75.13129579799994,2.6797152010000218],[-74.975978664999957,2.9116800260000559],[-74.963133475999939,3.0365577630000757],[-74.912333219999937,3.0815531270000633],[-74.792497478999962,3.2453881050000746],[-74.757066190999979,3.2602579270000547],[-74.676112657999965,3.3639380370000254]]},"properties":{"OBJECTID":975,"tipo":"Falla inversa o de cabalgamiento","nombre_falla":"Falla de Altamira","Shape_Length":0.84551014561917603}},{"type":"Feature","id":976,"geometry":{"type":"LineString","coordinates":[[-74.527932758999953,3.197661829000026],[-74.372460630999967,3.3881350170000246],[-74.226129515999958,3.5244170060000215],[-74.141451718999974,3.6351766670000529],[-74.133739575999982,3.7007376060000752],[-74.104499010999973,3.7498669220000238],[-74.034082220999949,3.8271772920000444],[-73.987558821999983,3.8351814930000501]]},"properties":{"OBJECTID":976,"tipo":"Falla de rumbo dextral","nombre_falla":"Falla de Río Grande","Shape_Length":0.86021839040545567}},{"type":"Feature","id":977,"geometry":{"type":"LineString","coordinates":[[-76.931333785999982,1.2531691330000285],[-76.834920480999983,1.2535985360000268],[-76.733366665999938,1.3087682820000737]]},"properties":{"OBJECTID":977,"tipo":"Falla","nombre_falla":null,"Shape_Length":0.21198622242341764}},{"type":"Feature","id":978,"geometry":{"type":"LineString","coordinates":[[-76.698675036999987,1.3356136500000275],[-76.709426186999963,1.2540277610000317],[-76.78984986599994,1.1007172320000222]]},"properties":{"OBJECTID":978,"tipo":"Falla inversa o de cabalgamiento","nombre_falla":"Falla de La Tortuga","Shape_Length":0.25541570021332904}},{"type":"Feature","id":979,"geometry":{"type":"LineString","coordinates":[[-76.621686241999953,1.3768354160000627],[-76.629603417999988,1.262467316000027]]},"properties":{"OBJECTID":979,"tipo":"Falla inversa o de cabalgamiento","nombre_falla":"Falla de Mocoa","Shape_Length":0.11464180726695508}},{"type":"Feature","id":980,"geometry":{"type":"LineString","coordinates":[[-76.629603417999988,1.262467316000027],[-76.682229674999974,1.2074263000000656],[-76.701546913999948,1.1069486590000679],[-76.688896600999954,1.0714664250000396]]},"properties":{"OBJECTID":980,"tipo":"Falla inversa o de cabalgamiento","nombre_falla":"Falla de La Tebaida","Shape_Length":0.21613897907930843}},{"type":"Feature","id":981,"geometry":{"type":"LineString","coordinates":[[-76.688896600999954,1.0714664250000396],[-76.705327308999983,1.0465863610000383],[-76.699897279999959,1.0217161700000474]]},"properties":{"OBJECTID":981,"tipo":"Falla inversa o de cabalgamiento","nombre_falla":"Falla del Carmen","Shape_Length":0.055271936334474712}},{"type":"Feature","id":982,"geometry":{"type":"LineString","coordinates":[[-77.672674836999988,0.71809477500005414],[-77.612590251999961,0.74466966400007095],[-77.542887471999961,0.80934971200002792],[-77.43528298199999,0.94226001300006601]]},"properties":{"OBJECTID":982,"tipo":"Falla","nombre_falla":"Falla de Río Téllez","Shape_Length":0.3317969418573557}},{"type":"Feature","id":983,"geometry":{"type":"LineString","coordinates":[[-77.385421533999988,0.89534939600002872],[-77.461593719999939,0.97264038000002984],[-77.479924049999966,1.0254508530000521]]},"properties":{"OBJECTID":983,"tipo":"Falla","nombre_falla":null,"Shape_Length":0.16441895775193521}},{"type":"Feature","id":984,"geometry":{"type":"LineString","coordinates":[[-76.680230815999948,1.1895419070000344],[-76.467897889999961,1.2667163290000758],[-76.321332756999936,1.2933555720000527]]},"properties":{"OBJECTID":984,"tipo":"Falla inversa o de cabalgamiento","nombre_falla":"Falla de Churumbelo","Shape_Length":0.37488931071423759}},{"type":"Feature","id":985,"geometry":{"type":"LineString","coordinates":[[-76.395206351999946,1.1177549130000557],[-76.477909523999983,1.0559750310000595],[-76.60979714399997,1.0411547430000496],[-76.682381108999948,1.0054745270000467]]},"properties":{"OBJECTID":985,"tipo":"Falla inversa o de cabalgamiento","nombre_falla":"Falla de Vicusique","Shape_Length":0.31682794727987462}},{"type":"Feature","id":986,"geometry":{"type":"LineString","coordinates":[[-76.465509125999972,1.0527549300000487],[-76.458678722999935,1.0812150770000244]]},"properties":{"OBJECTID":986,"tipo":"Falla","nombre_falla":null,"Shape_Length":0.029268316870007204}},{"type":"Feature","id":987,"geometry":{"type":"LineString","coordinates":[[-75.975711903999979,1.334765353000023],[-75.994909463999988,1.2711262230000671],[-76.031954384999949,1.2360352940000325],[-76.116986377999979,1.2111937520000424],[-76.249671344999967,1.1320440910000684],[-76.345634583999981,1.1328346980000674],[-76.475779465999949,1.0535250020000717]]},"properties":{"OBJECTID":987,"tipo":"Falla inversa o de cabalgamiento","nombre_falla":"Sistema de Fallas del Borde Amazónico","Shape_Length":0.60895651083321733}},{"type":"Feature","id":988,"geometry":{"type":"LineString","coordinates":[[-75.697342599999956,1.5500185960000294],[-75.734137503999989,1.4944820960000698],[-75.863106957999946,1.4323987080000506],[-75.942358260999981,1.3404336250000597],[-75.975711903999979,1.334765353000023]]},"properties":{"OBJECTID":988,"tipo":"Falla inversa o de cabalgamiento","nombre_falla":"Falla del Borde Amazónico","Shape_Length":0.36498746105473828}},{"type":"Feature","id":989,"geometry":{"type":"LineString","coordinates":[[-75.575070968999967,1.7401808990000518],[-75.644519398999989,1.6533830610000564],[-75.65268526899996,1.5760674200000722],[-75.697342599999956,1.5500185960000294]]},"properties":{"OBJECTID":989,"tipo":"Falla inversa o de cabalgamiento","nombre_falla":null,"Shape_Length":0.24060679662946677}},{"type":"Feature","id":990,"geometry":{"type":"LineString","coordinates":[[-76.128626793999956,1.2246593030000668],[-76.079474266999966,1.3452343580000274],[-76.051082536999957,1.4664249500000324],[-76.034741929999939,1.4746648900000423],[-76.037211712999976,1.5213052130000619],[-75.993829876999939,1.5781752990000655]]},"properties":{"OBJECTID":990,"tipo":"Falla inversa o de cabalgamiento","nombre_falla":null,"Shape_Length":0.39121444116731408}},{"type":"Feature","id":991,"geometry":{"type":"LineString","coordinates":[[-75.98113239199995,1.5829727630000434],[-75.910153982999987,1.6670518240000547],[-75.851443750999977,1.7784556610000664],[-75.809732070999985,1.8208056570000508],[-75.780090388999952,1.9203161200000523],[-75.787283083999966,2.0004212030000303],[-75.772509401999969,2.0345369030000597],[-75.715878230999976,2.073560063000059],[-75.697318434999943,2.1182939300000498]]},"properties":{"OBJECTID":991,"tipo":"Falla inversa o de cabalgamiento","nombre_falla":"Falla de Suaza","Shape_Length":0.63404393087807576}},{"type":"Feature","id":992,"geometry":{"type":"LineString","coordinates":[[-75.892575402999967,1.7115609210000571],[-75.762270498999953,1.8166452990000721],[-75.735117590999948,1.8558569320000515]]},"properties":{"OBJECTID":992,"tipo":"Falla","nombre_falla":"Falla de Resinas","Shape_Length":0.21509321720421359}},{"type":"Feature","id":993,"geometry":{"type":"LineString","coordinates":[[-75.735117590999948,1.8558569320000515],[-75.718448298999988,1.9239457180000272],[-75.661725743999966,2.0172559540000634],[-75.528730318999976,2.1550859410000385],[-75.284041201999969,2.2887050660000341],[-75.111614442999951,2.4280547330000672],[-75.040841867999973,2.4592044080000619]]},"properties":{"OBJECTID":993,"tipo":"Falla","nombre_falla":null,"Shape_Length":0.94864691951607272}},{"type":"Feature","id":994,"geometry":{"type":"LineString","coordinates":[[-75.040841867999973,2.4592044080000619],[-74.937386105999963,2.6465256850000287],[-74.88597303499995,2.7012598280000475],[-74.806754572999978,2.9066569490000234],[-74.685557622999966,3.0781186840000601]]},"properties":{"OBJECTID":994,"tipo":"Falla de rumbo dextral","nombre_falla":"Falla de Santana Ramos","Shape_Length":0.71920100907475204}},{"type":"Feature","id":995,"geometry":{"type":"LineString","coordinates":[[-74.685557622999966,3.0781186840000601],[-74.735403589999976,3.0616740720000735]]},"properties":{"OBJECTID":995,"tipo":"Falla","nombre_falla":null,"Shape_Length":0.052488529127764756}},{"type":"Feature","id":996,"geometry":{"type":"LineString","coordinates":[[-76.347663922999971,1.2491754570000353],[-76.278890710999974,1.3904059350000466]]},"properties":{"OBJECTID":996,"tipo":"Falla de rumbo dextral","nombre_falla":null,"Shape_Length":0.15708533542284631}},{"type":"Feature","id":997,"geometry":{"type":"LineString","coordinates":[[-76.547701488999962,1.1219658830000299],[-76.462908359999972,1.163375621000057],[-76.400225886999976,1.2207856030000244],[-76.288251757999944,1.2743852380000362]]},"properties":{"OBJECTID":997,"tipo":"Falla","nombre_falla":null,"Shape_Length":0.30350595500679622}},{"type":"Feature","id":998,"geometry":{"type":"LineString","coordinates":[[-76.288251757999944,1.2743852380000362],[-76.186417731999938,1.3676451860000611],[-76.058163205999961,1.416453428000068]]},"properties":{"OBJECTID":998,"tipo":"Falla inversa o de cabalgamiento","nombre_falla":"Falla de Churumbelo","Shape_Length":0.27531322855355478}},{"type":"Feature","id":999,"geometry":{"type":"LineString","coordinates":[[-76.568071497999938,1.2340567390000388],[-76.493080911999982,1.3205255750000333],[-76.472095061999937,1.3810441990000299]]},"properties":{"OBJECTID":999,"tipo":"Falla inversa o de cabalgamiento","nombre_falla":null,"Shape_Length":0.17851114638537088}},{"type":"Feature","id":1000,"geometry":{"type":"LineString","coordinates":[[-76.472095061999937,1.3810441990000299],[-76.436985729999947,1.4427373010000224]]},"properties":{"OBJECTID":1000,"tipo":"Falla","nombre_falla":"Falla de Los Azules","Shape_Length":0.070983829340681717}},{"type":"Feature","id":1001,"geometry":{"type":"LineString","coordinates":[[-76.498798372999943,1.3569371240000692],[-76.573756590999949,1.2745607550000386]]},"properties":{"OBJECTID":1001,"tipo":"Falla inversa o de cabalgamiento","nombre_falla":"Falla de Acevedo Centro","Shape_Length":0.11137594271370113}},{"type":"Feature","id":1002,"geometry":{"type":"LineString","coordinates":[[-76.476087578999966,1.3615670050000404],[-76.498798372999943,1.3569371240000692]]},"properties":{"OBJECTID":1002,"tipo":"Falla inversa o de cabalgamiento","nombre_falla":"Falla de Acevedo Sur","Shape_Length":0.02317791971215882}},{"type":"Feature","id":1003,"geometry":{"type":"LineString","coordinates":[[-75.993829876999939,1.5781752990000655],[-76.307191432999957,1.4267463550000343],[-76.37433380799996,1.4108766810000475],[-76.47865772199998,1.3522469660000525]]},"properties":{"OBJECTID":1003,"tipo":"Falla inversa o de cabalgamiento","nombre_falla":"Falla de Acevedo Sur","Shape_Length":0.53669429258201018}},{"type":"Feature","id":1004,"geometry":{"type":"LineString","coordinates":[[-75.379127002999951,1.9200333030000252],[-75.707726699999967,1.6999925450000433]]},"properties":{"OBJECTID":1004,"tipo":"Falla","nombre_falla":null,"Shape_Length":0.39546895712521946}},{"type":"Feature","id":1005,"geometry":{"type":"LineString","coordinates":[[-75.284041201999969,2.2887050660000341],[-75.32371428099998,2.0437737090000496]]},"properties":{"OBJECTID":1005,"tipo":"Falla","nombre_falla":null,"Shape_Length":0.24812360395414806}},{"type":"Feature","id":1006,"geometry":{"type":"LineString","coordinates":[[-75.857968908999965,1.6008686920000628],[-75.707726699999967,1.6999925450000433]]},"properties":{"OBJECTID":1006,"tipo":"Falla inversa o de cabalgamiento","nombre_falla":"Falla de Las Doradas","Shape_Length":0.17999516548718991}},{"type":"Feature","id":1007,"geometry":{"type":"LineString","coordinates":[[-75.857968908999965,1.6008686920000628],[-75.920191399999965,1.6005230620000361],[-75.993829876999939,1.5781752990000655]]},"properties":{"OBJECTID":1007,"tipo":"Falla","nombre_falla":null,"Shape_Length":0.13917829357715999}},{"type":"Feature","id":1008,"geometry":{"type":"LineString","coordinates":[[-75.32371428099998,2.0437737090000496],[-75.439019793999989,1.8043829810000602],[-75.446100530999956,1.7318425670000579],[-75.48310242499997,1.6330622010000297],[-75.525745735999976,1.5794288540000707]]},"properties":{"OBJECTID":1008,"tipo":"Falla inversa o de cabalgamiento","nombre_falla":"Falla de San Pedro Oeste","Shape_Length":0.51260111413436271}},{"type":"Feature","id":1009,"geometry":{"type":"LineString","coordinates":[[-75.304826590999937,1.621720908000043],[-75.416330891999962,1.5315311220000467],[-75.47601237899994,1.5340740100000403],[-75.526176623999959,1.5151415490000204]]},"properties":{"OBJECTID":1009,"tipo":"Falla inversa o de cabalgamiento","nombre_falla":"Falla de El Doncello","Shape_Length":0.25676704389319471}},{"type":"Feature","id":1010,"geometry":{"type":"LineString","coordinates":[[-75.128588271999945,1.9789218940000524],[-75.233198992999974,1.8770631580000554],[-75.269594333999976,1.7809416500000452],[-75.304826590999937,1.621720908000043],[-75.366209525999977,1.486370513000054],[-75.537725904999945,1.3827410420000206]]},"properties":{"OBJECTID":1010,"tipo":"Falla inversa o de cabalgamiento","nombre_falla":"Falla de Paujil","Shape_Length":0.7608732273033203}},{"type":"Feature","id":1011,"geometry":{"type":"LineString","coordinates":[[-74.933198955999956,2.1160463340000319],[-74.966478392999989,2.0400029750000499],[-75.054275262999965,2.0031668660000719],[-75.11754917199994,1.9307949450000592],[-75.143849192999937,1.9201916310000229]]},"properties":{"OBJECTID":1011,"tipo":"Falla inversa o de cabalgamiento","nombre_falla":null,"Shape_Length":0.30270661798452242}},{"type":"Feature","id":1012,"geometry":{"type":"LineString","coordinates":[[-74.966478392999989,2.0400029750000499],[-74.817698974999985,2.0690123090000725],[-74.741774573999976,2.1128599120000331],[-74.59071929299995,2.1591090820000431],[-74.083824917999948,2.1725627380000674],[-73.807538982999972,2.219743726000047]]},"properties":{"OBJECTID":1012,"tipo":"Lineamiento","nombre_falla":null,"Shape_Length":1.1845926820625607}},{"type":"Feature","id":1013,"geometry":{"type":"LineString","coordinates":[[-74.46216452799996,2.7599316610000528],[-74.517766282999958,2.658309498000051],[-74.616977850999945,2.5557505740000579],[-74.664591956999971,2.4263016450000237],[-74.784498160999988,2.2289121210000644]]},"properties":{"OBJECTID":1013,"tipo":"Falla inversa o de cabalgamiento","nombre_falla":"Sistema de Fallas del Caguán","Shape_Length":0.6274144664329282}},{"type":"Feature","id":1014,"geometry":{"type":"LineString","coordinates":[[-74.65913580199998,2.9076545450000708],[-74.704214913999976,2.7950154180000482],[-74.724529311999959,2.6764781790000711],[-74.715674450999984,2.606665878000058]]},"properties":{"OBJECTID":1014,"tipo":"Falla inversa o de cabalgamiento","nombre_falla":"Falla de Río Pato","Shape_Length":0.31196173421927142}},{"type":"Feature","id":1015,"geometry":{"type":"LineString","coordinates":[[-74.715674450999984,2.606665878000058],[-74.768654887999958,2.5431638610000391],[-74.772369782999988,2.4746673490000717],[-74.758496333999972,2.436852330000022]]},"properties":{"OBJECTID":1015,"tipo":"Falla inversa o de cabalgamiento","nombre_falla":"Falla de Las Perlas","Shape_Length":0.19157766583325747}},{"type":"Feature","id":1016,"geometry":{"type":"LineString","coordinates":[[-74.758496333999972,2.436852330000022],[-74.792415121999966,2.264731250000068],[-74.851986770999986,2.1715999150000584],[-74.933198955999956,2.1160463340000319]]},"properties":{"OBJECTID":1016,"tipo":"Falla inversa o de cabalgamiento","nombre_falla":null,"Shape_Length":0.3843807277415654}},{"type":"Feature","id":1017,"geometry":{"type":"LineString","coordinates":[[-74.918026534999967,2.4208182580000539],[-74.986752490999947,2.1328818420000744],[-75.070810700999971,2.0225324720000231],[-75.128588271999945,1.9789218940000524]]},"properties":{"OBJECTID":1017,"tipo":"Falla inversa o de cabalgamiento","nombre_falla":"Falla de El Doncello Sur","Shape_Length":0.50713176460765053}},{"type":"Feature","id":1018,"geometry":{"type":"LineString","coordinates":[[-74.88597303499995,2.7012598280000475],[-74.845913251999946,2.5717242080000347],[-74.865841587999967,2.4777089380000348],[-74.918026534999967,2.4208182580000539]]},"properties":{"OBJECTID":1018,"tipo":"Falla inversa o de cabalgamiento","nombre_falla":"Falla de El Doncello Norte","Shape_Length":0.30889259870869368}},{"type":"Feature","id":1019,"geometry":{"type":"LineString","coordinates":[[-74.574059185999943,2.4030382120000695],[-74.622360189999938,2.4028213040000423]]},"properties":{"OBJECTID":1019,"tipo":"Falla de rumbo dextral","nombre_falla":"Falla de La Unión","Shape_Length":0.048301491037938411}},{"type":"Feature","id":1020,"geometry":{"type":"LineString","coordinates":[[-74.613268560999984,3.1196180380000555],[-74.525175581999974,3.0929769490000467],[-74.479805995999982,3.0335589960000675],[-74.491974346999939,2.93344864900007],[-74.464218104999986,2.8559457070000462],[-74.474363916999948,2.8272149650000529],[-74.461177690999989,2.785838573000035],[-74.458874724999987,2.6032633870000268],[-74.549736478999989,2.4815950920000205],[-74.574059185999943,2.4030382120000695]]},"properties":{"OBJECTID":1020,"tipo":"Falla inversa o de cabalgamiento","nombre_falla":"Falla de Losada","Shape_Length":0.84053666774062186}},{"type":"Feature","id":1021,"geometry":{"type":"LineString","coordinates":[[-74.823371631999976,2.85575549400005],[-74.727838128999963,2.9001950430000534],[-74.61864445599997,2.9091842330000759],[-74.58312338099995,2.8979538720000733],[-74.496940405999965,2.9156233030000749]]},"properties":{"OBJECTID":1021,"tipo":"Falla","nombre_falla":null,"Shape_Length":0.34015656851812553}},{"type":"Feature","id":1022,"geometry":{"type":"LineString","coordinates":[[-76.30230719399998,2.0410506100000703],[-76.416335276999973,1.9381454240000267]]},"properties":{"OBJECTID":1022,"tipo":"Falla inversa o de cabalgamiento","nombre_falla":"Falla de Inzá","Shape_Length":0.15359648764980613}},{"type":"Feature","id":1023,"geometry":{"type":"LineString","coordinates":[[-76.029674560999979,2.5179622410000206],[-76.060806071999934,2.4559619930000736],[-76.067316683999934,2.4008116240000277],[-76.130527732999951,2.3388127270000609],[-76.179191494999941,2.2587313570000447]]},"properties":{"OBJECTID":1023,"tipo":"Falla inversa o de cabalgamiento","nombre_falla":"Falla de Inzá","Shape_Length":0.3071595184524436}},{"type":"Feature","id":1024,"geometry":{"type":"LineString","coordinates":[[-76.179191494999941,2.2587313570000447],[-76.191412130999936,2.2273612080000476]]},"properties":{"OBJECTID":1024,"tipo":"Falla inversa o de cabalgamiento cubierta","nombre_falla":"Falla de Inzá","Shape_Length":0.033666455003852049}},{"type":"Feature","id":1025,"geometry":{"type":"LineString","coordinates":[[-76.191412130999936,2.2273612080000476],[-76.223923561999982,2.1805410970000594]]},"properties":{"OBJECTID":1025,"tipo":"Falla inversa o de cabalgamiento","nombre_falla":"Falla de Inzá","Shape_Length":0.057001017006032044}},{"type":"Feature","id":1026,"geometry":{"type":"LineString","coordinates":[[-76.223923561999982,2.1805410970000594],[-76.234214060999989,2.1593510070000548]]},"properties":{"OBJECTID":1026,"tipo":"Falla inversa o de cabalgamiento cubierta","nombre_falla":"Falla de Inzá","Shape_Length":0.023556618685147499}},{"type":"Feature","id":1027,"geometry":{"type":"LineString","coordinates":[[-76.282466238999973,2.082080774000076],[-76.30230719399998,2.0410506100000703]]},"properties":{"OBJECTID":1027,"tipo":"Falla inversa o de cabalgamiento cubierta","nombre_falla":"Falla de Inzá","Shape_Length":0.045575627841859138}},{"type":"Feature","id":1028,"geometry":{"type":"LineString","coordinates":[[-76.416335276999973,1.9381454240000267],[-76.452153108999937,1.921410771000069],[-76.507325441999967,1.8543306580000376]]},"properties":{"OBJECTID":1028,"tipo":"Falla inversa o de cabalgamiento cubierta","nombre_falla":"Falla de Inzá","Shape_Length":0.12638899754822247}},{"type":"Feature","id":1029,"geometry":{"type":"LineString","coordinates":[[-76.257095138999944,2.1169208540000568],[-76.267785584999956,2.1039908370000262]]},"properties":{"OBJECTID":1029,"tipo":"Falla inversa o de cabalgamiento cubierta","nombre_falla":"Falla de Inzá","Shape_Length":0.016777096748253562}},{"type":"Feature","id":1030,"geometry":{"type":"LineString","coordinates":[[-76.267785584999956,2.1039908370000262],[-76.282466238999973,2.082080774000076]]},"properties":{"OBJECTID":1030,"tipo":"Falla inversa o de cabalgamiento","nombre_falla":"Falla de Inzá","Shape_Length":0.026373707788818875}},{"type":"Feature","id":1031,"geometry":{"type":"LineString","coordinates":[[-76.234214060999989,2.1593510070000548],[-76.257095138999944,2.1169208540000568]]},"properties":{"OBJECTID":1031,"tipo":"Falla inversa o de cabalgamiento","nombre_falla":"Falla de Inzá","Shape_Length":0.048206447847183836}},{"type":"Feature","id":1032,"geometry":{"type":"LineString","coordinates":[[-76.135771874999989,1.9937991090000651],[-76.228805627999975,1.9056191250000438]]},"properties":{"OBJECTID":1032,"tipo":"Falla inversa o de cabalgamiento cubierta","nombre_falla":"Falla de La Plata","Shape_Length":0.1281834184889232}},{"type":"Feature","id":1033,"geometry":{"type":"LineString","coordinates":[[-76.101198472999954,2.0856563640000445],[-76.123029317999965,2.0223507500000437]]},"properties":{"OBJECTID":1033,"tipo":"Falla inversa o de cabalgamiento cubierta","nombre_falla":"Falla de La Plata","Shape_Length":0.066964069151535258}},{"type":"Feature","id":1034,"geometry":{"type":"LineString","coordinates":[[-75.96420537299997,2.312105387000031],[-76.034279499999968,2.1967352130000677]]},"properties":{"OBJECTID":1034,"tipo":"Falla inversa o de cabalgamiento cubierta","nombre_falla":"Falla de La Plata","Shape_Length":0.13498392616750213}},{"type":"Feature","id":1035,"geometry":{"type":"LineString","coordinates":[[-76.123029317999965,2.0223507500000437],[-76.135771874999989,1.9937991090000651]]},"properties":{"OBJECTID":1035,"tipo":"Falla inversa o de cabalgamiento","nombre_falla":"Falla de La Plata","Shape_Length":0.031266099256071676}},{"type":"Feature","id":1036,"geometry":{"type":"LineString","coordinates":[[-76.034279499999968,2.1967352130000677],[-76.101198472999954,2.0856563640000445]]},"properties":{"OBJECTID":1036,"tipo":"Falla inversa o de cabalgamiento","nombre_falla":"Falla de La Plata","Shape_Length":0.1296790640101276}},{"type":"Feature","id":1037,"geometry":{"type":"LineString","coordinates":[[-75.177297764999935,3.5520837410000468],[-75.216180075999944,3.4299130600000467],[-75.290813429999957,3.3260228350000602],[-75.350223868999933,3.2988970330000598],[-75.415058320999947,3.2364131270000485],[-75.454850561999933,3.1225925390000384],[-75.47378225999995,2.9877716290000649],[-75.522884415999954,2.9221815070000616],[-75.577175294999961,2.7233165830000416]]},"properties":{"OBJECTID":1037,"tipo":"Falla inversa o de cabalgamiento","nombre_falla":"Falla de Chusma","Shape_Length":0.95627666702755432}},{"type":"Feature","id":1038,"geometry":{"type":"LineString","coordinates":[[-76.107598326999948,2.3627816260000714],[-76.057725324999979,2.3906519690000323],[-75.961802169999942,2.531251836000024],[-75.904649824999979,2.5867018380000673],[-75.856667193999954,2.7220625180000297],[-75.778223644999969,2.8407728530000327],[-75.737061499999982,2.9398033180000311],[-75.655208079999966,3.0245633440000574]]},"properties":{"OBJECTID":1038,"tipo":"Falla inversa o de cabalgamiento","nombre_falla":"Falla de La Macana","Shape_Length":0.81794367837264292}},{"type":"Feature","id":1039,"geometry":{"type":"LineString","coordinates":[[-76.079865041999938,2.8521735080000212],[-76.112085258999969,2.8016250900000728],[-76.115155862999984,2.7352345780000746],[-76.053849313999933,2.6160595280000507]]},"properties":{"OBJECTID":1039,"tipo":"Falla inversa o de cabalgamiento","nombre_falla":"Falla de Inzá","Shape_Length":0.26042484532720145}},{"type":"Feature","id":1040,"geometry":{"type":"LineString","coordinates":[[-76.082356833999938,2.7641645300000732],[-76.049674211999957,2.6578434770000285],[-76.01210313699994,2.6312329890000683],[-75.997862898999983,2.5981726240000285],[-75.998493129999986,2.5692124030000514],[-76.029674560999979,2.5179622410000206]]},"properties":{"OBJECTID":1040,"tipo":"Falla inversa o de cabalgamiento","nombre_falla":"Falla de Santa Rosa","Shape_Length":0.2822255898158913}},{"type":"Feature","id":1041,"geometry":{"type":"LineString","coordinates":[[-76.053849313999933,2.6160595280000507],[-76.029674560999979,2.5179622410000206]]},"properties":{"OBJECTID":1041,"tipo":"Falla inversa o de cabalgamiento cubierta","nombre_falla":"Falla de Inzá","Shape_Length":0.10103215527432376}},{"type":"Feature","id":1042,"geometry":{"type":"LineString","coordinates":[[-76.015748018999943,3.3149736240000607],[-75.928285266999978,3.2867076760000487],[-75.756929673999934,3.2586760660000209]]},"properties":{"OBJECTID":1042,"tipo":"Falla","nombre_falla":"Falla del Hereje","Shape_Length":0.26555005695534745}},{"type":"Feature","id":1043,"geometry":{"type":"LineString","coordinates":[[-75.756929673999934,3.2586760660000209],[-75.65284414599995,3.5068873160000749],[-75.594822315999977,3.5655113680000454]]},"properties":{"OBJECTID":1043,"tipo":"Falla","nombre_falla":"Falla de Saldaña","Shape_Length":0.35163386396899776}},{"type":"Feature","id":1044,"geometry":{"type":"LineString","coordinates":[[-75.769620083999939,3.261636195000051],[-75.806772013999989,3.1763957850000679],[-75.835334065999973,3.0380648700000279],[-75.922977638999953,2.9593849200000477],[-75.975140228999976,2.8522844580000424],[-76.052783289999979,2.7960245970000415],[-76.109465762999946,2.7220544330000394]]},"properties":{"OBJECTID":1044,"tipo":"Falla","nombre_falla":null,"Shape_Length":0.66021470292241469}},{"type":"Feature","id":1045,"geometry":{"type":"LineString","coordinates":[[-76.168213958999957,3.1849253430000317],[-76.047958265999966,3.0972116200000528]]},"properties":{"OBJECTID":1045,"tipo":"Lineamiento","nombre_falla":null,"Shape_Length":0.14884599054534486}},{"type":"Feature","id":1046,"geometry":{"type":"LineString","coordinates":[[-76.047958265999966,3.0972116200000528],[-75.956437942999969,3.0667260600000645],[-75.904059433999976,3.0842811460000235],[-75.814022505999958,3.1443855780000263]]},"properties":{"OBJECTID":1046,"tipo":"Falla","nombre_falla":"Falla de Siquila","Shape_Length":0.25996149424900739}},{"type":"Feature","id":1047,"geometry":{"type":"LineString","coordinates":[[-76.046671560999982,3.0998159120000537],[-76.012199103999933,3.1624772970000663],[-76.016098294999949,3.3184557090000339],[-75.997766446999947,3.4355895230000328]]},"properties":{"OBJECTID":1047,"tipo":"Falla","nombre_falla":"Falla de Meridiano","Shape_Length":0.34610460201525939}},{"type":"Feature","id":1048,"geometry":{"type":"LineString","coordinates":[[-75.997766446999947,3.4355895230000328],[-75.939072996999982,3.6141406180000217],[-75.830292262999933,3.7997107910000523],[-75.808646492999969,3.8624817640000515]]},"properties":{"OBJECTID":1048,"tipo":"Falla","nombre_falla":null,"Shape_Length":0.46945241544169536}},{"type":"Feature","id":1049,"geometry":{"type":"LineString","coordinates":[[-75.619625409999969,3.3605584710000471],[-75.591992241999947,3.4883966550000309],[-75.602611342999978,3.641698065000071],[-75.589380056999971,3.7417388210000695],[-75.562748952999982,3.7659488130000227],[-75.502515996999989,3.8746892580000463],[-75.454495490999989,3.9980652160000432]]},"properties":{"OBJECTID":1049,"tipo":"Falla","nombre_falla":"Falla de Mendarco-La Soledad","Shape_Length":0.67806205678053222}},{"type":"Feature","id":1050,"geometry":{"type":"LineString","coordinates":[[-75.642627758999936,3.011483146000046],[-75.684998810999957,3.0588838570000689]]},"properties":{"OBJECTID":1050,"tipo":"Falla","nombre_falla":null,"Shape_Length":0.063577774818691243}},{"type":"Feature","id":1051,"geometry":{"type":"LineString","coordinates":[[-75.684998810999957,3.0588838570000689],[-75.667627872999958,3.1043840920000321]]},"properties":{"OBJECTID":1051,"tipo":"Falla","nombre_falla":null,"Shape_Length":0.048703396925180525}},{"type":"Feature","id":1052,"geometry":{"type":"LineString","coordinates":[[-75.667627872999958,3.1043840920000321],[-75.619625409999969,3.3605584710000471]]},"properties":{"OBJECTID":1052,"tipo":"Falla inversa o de cabalgamiento","nombre_falla":"Falla de Avirama","Shape_Length":0.26063297740329916}},{"type":"Feature","id":1053,"geometry":{"type":"LineString","coordinates":[[-75.461768120999977,3.2745188780000376],[-75.364355222999961,3.4089141140000265],[-75.350773899999979,3.5138248700000645],[-75.354781900999967,3.683945455000071],[-75.295859913999948,3.7693365760000574],[-75.197824871999956,4.0008612890000563]]},"properties":{"OBJECTID":1053,"tipo":"Falla inversa o de cabalgamiento","nombre_falla":"Falla de La Pava","Shape_Length":0.79711206961777181}},{"type":"Feature","id":1054,"geometry":{"type":"LineString","coordinates":[[-75.489135528999952,3.6941540070000656],[-75.51815963699994,3.5020561670000347],[-75.506981738999968,3.4769870430000651],[-75.557982419999973,3.3246550060000573],[-75.561662988999956,3.2688745770000764],[-75.59035099099998,3.2024060610000333],[-75.647386852999944,3.1467542730000559]]},"properties":{"OBJECTID":1054,"tipo":"Falla","nombre_falla":null,"Shape_Length":0.59035431369136204}},{"type":"Feature","id":1055,"geometry":{"type":"LineString","coordinates":[[-75.266777819999959,3.2978838560000554],[-75.314544745999967,3.26151251400006],[-75.364786998999989,3.1907423560000439],[-75.415360136999936,3.008421328000054],[-75.50154370499996,2.9214813330000311],[-75.532875846999957,2.8373607820000757]]},"properties":{"OBJECTID":1055,"tipo":"Falla inversa o de cabalgamiento","nombre_falla":"Falla de San Francisco","Shape_Length":0.5482184499345657}},{"type":"Feature","id":1056,"geometry":{"type":"LineString","coordinates":[[-75.266777819999959,3.2978838560000554],[-75.224801251999963,3.3217022610000413],[-75.120466764999946,3.4438023800000224],[-75.012901971999952,3.5878726480000296],[-74.983190391999983,3.656942961000027],[-74.928908253999964,3.6955728090000548],[-74.87387505199996,3.8553336630000672],[-74.816132333999974,3.9468339200000742],[-74.793919628999959,4.1694556260000581],[-74.76746820599999,4.229775916000051],[-74.696265525999934,4.2644455680000419],[-74.653363515999956,4.3278557300000671],[-74.588506906999953,4.369583508000062]]},"properties":{"OBJECTID":1056,"tipo":"Falla inversa o de cabalgamiento","nombre_falla":"Falla de Prado","Shape_Length":1.3301165985341856}},{"type":"Feature","id":1057,"geometry":{"type":"LineString","coordinates":[[-75.180135671999949,2.8583045860000311],[-75.095789834999948,3.0923845160000383],[-75.049636751999969,3.1546195270000226],[-75.054286323999975,3.2270101200000454],[-75.004046668999933,3.2947098330000699]]},"properties":{"OBJECTID":1057,"tipo":"Falla inversa o de cabalgamiento","nombre_falla":"Falla de Baraya","Shape_Length":0.48313784444938951}},{"type":"Feature","id":1058,"geometry":{"type":"LineString","coordinates":[[-74.984278026999959,3.335604227000033],[-74.904049506999968,3.4484706100000722],[-74.877698110999972,3.5107308750000357],[-74.891628043999958,3.5736714970000207]]},"properties":{"OBJECTID":1058,"tipo":"Falla","nombre_falla":null,"Shape_Length":0.27054629283692694}},{"type":"Feature","id":1059,"geometry":{"type":"LineString","coordinates":[[-75.487436651999985,2.4700878480000483],[-75.485206431999984,2.4898879750000447],[-75.42086398899994,2.5285277760000326],[-75.350331106999988,2.5992527490000725],[-75.178453411999953,2.8549282890000427]]},"properties":{"OBJECTID":1059,"tipo":"Falla inversa o de cabalgamiento","nombre_falla":"Falla de Potrerillos-Rivera","Shape_Length":0.5029408105217974}},{"type":"Feature","id":1060,"geometry":{"type":"LineString","coordinates":[[-75.554667943999959,2.3860336050000228],[-75.688974924999968,2.262197848000028],[-75.737476691999973,2.2425380660000656],[-75.805498966999949,2.2451085680000347]]},"properties":{"OBJECTID":1060,"tipo":"Falla inversa o de cabalgamiento","nombre_falla":"Falla de Gigante","Shape_Length":0.30309019003580756}},{"type":"Feature","id":1061,"geometry":{"type":"LineString","coordinates":[[-75.487436651999985,2.4700878480000483],[-75.554667943999959,2.3860336050000228]]},"properties":{"OBJECTID":1061,"tipo":"Falla inversa o de cabalgamiento cubierta","nombre_falla":"Falla de Gigante","Shape_Length":0.10763439222801004}},{"type":"Feature","id":1062,"geometry":{"type":"LineString","coordinates":[[-75.346751747999974,2.9789416560000745],[-75.351628583999968,2.9336202500000468],[-75.375081161999958,2.9067998610000245],[-75.489883886999962,2.846900665000021]]},"properties":{"OBJECTID":1062,"tipo":"Falla inversa o de cabalgamiento","nombre_falla":"Falla de Bache","Shape_Length":0.21070075862654886}},{"type":"Feature","id":1063,"geometry":{"type":"LineString","coordinates":[[-75.555841550999958,2.702649071000053],[-75.489883886999962,2.846900665000021]]},"properties":{"OBJECTID":1063,"tipo":"Falla inversa o de cabalgamiento","nombre_falla":"Falla de Upar","Shape_Length":0.15861568589476863}},{"type":"Feature","id":1064,"geometry":{"type":"LineString","coordinates":[[-75.619181208999976,2.4511286980000477],[-75.584639494999976,2.5254389820000256],[-75.60017953199997,2.5906695800000534],[-75.571101716999976,2.647332643000027],[-75.560330791999945,2.7063119450000386]]},"properties":{"OBJECTID":1064,"tipo":"Falla inversa o de cabalgamiento","nombre_falla":null,"Shape_Length":0.27264534858569123}},{"type":"Feature","id":1065,"geometry":{"type":"LineString","coordinates":[[-75.555841550999958,2.702649071000053],[-75.615918805999968,2.7583809650000717]]},"properties":{"OBJECTID":1065,"tipo":"Falla de rumbo dextral","nombre_falla":"Falla de Teruel","Shape_Length":0.081947059600485733}},{"type":"Feature","id":1066,"geometry":{"type":"LineString","coordinates":[[-75.577175294999961,2.7233165830000416],[-75.739584184999956,2.5958306710000443],[-75.817617068999937,2.5623410010000498],[-75.851368462999972,2.5266509800000563],[-75.876699570999961,2.4930309190000344],[-75.902131118999989,2.398630398000023],[-75.96420537299997,2.312105387000031]]},"properties":{"OBJECTID":1066,"tipo":"Falla inversa o de cabalgamiento","nombre_falla":"Falla de La Plata","Shape_Length":0.58685548530788301}},{"type":"Feature","id":1067,"geometry":{"type":"LineString","coordinates":[[-75.375081161999958,2.9067998610000245],[-75.344942318999983,2.776095514000076]]},"properties":{"OBJECTID":1067,"tipo":"Falla inversa o de cabalgamiento","nombre_falla":null,"Shape_Length":0.13413417231287508}},{"type":"Feature","id":1068,"geometry":{"type":"LineString","coordinates":[[-75.157942735999939,2.8546481320000225],[-75.21430447399996,2.8722487060000503],[-75.306007040999987,2.9361799090000318],[-75.390459186999976,3.0225612420000516]]},"properties":{"OBJECTID":1068,"tipo":"Lineamiento","nombre_falla":null,"Shape_Length":0.29163918791094523}},{"type":"Feature","id":1069,"geometry":{"type":"LineString","coordinates":[[-74.676112657999965,3.3639380370000254],[-74.570410110999944,3.4258678620000751],[-74.509602476999987,3.4839920550000443],[-74.327742532999935,3.7115947900000492],[-74.230742195999937,3.8032517200000484]]},"properties":{"OBJECTID":1069,"tipo":"Falla inversa o de cabalgamiento","nombre_falla":"Falla de Río Bravo","Shape_Length":0.63141666597943602}},{"type":"Feature","id":1070,"geometry":{"type":"LineString","coordinates":[[-73.902474791999964,3.786361285000055],[-73.789068902999986,3.7323498060000588]]},"properties":{"OBJECTID":1070,"tipo":"Falla de rumbo dextral cubierta","nombre_falla":"Falla del Río Ariari","Shape_Length":0.12561104857313435}},{"type":"Feature","id":1071,"geometry":{"type":"LineString","coordinates":[[-73.987558821999983,3.8351814930000501],[-73.902474791999964,3.786361285000055]]},"properties":{"OBJECTID":1071,"tipo":"Falla de rumbo dextral","nombre_falla":"Falla del Río Ariari","Shape_Length":0.098095386589823141}},{"type":"Feature","id":1072,"geometry":{"type":"LineString","coordinates":[[-73.649745859999939,4.154550769000025],[-73.668023158999972,4.1068348580000702],[-73.756833334999953,4.0470793600000547]]},"properties":{"OBJECTID":1072,"tipo":"Falla inversa o de cabalgamiento","nombre_falla":"Falla de Villavicencio","Shape_Length":0.15813854497390195}},{"type":"Feature","id":1073,"geometry":{"type":"LineString","coordinates":[[-73.783611780999934,4.0165428050000287],[-73.812329315999989,3.9449749370000404],[-73.849201723999954,3.7707577440000364]]},"properties":{"OBJECTID":1073,"tipo":"Falla inversa o de cabalgamiento","nombre_falla":"Falla de Villavicencio","Shape_Length":0.25519096927229223}},{"type":"Feature","id":1074,"geometry":{"type":"LineString","coordinates":[[-73.536017006999941,4.3605138610000722],[-73.52481656599997,4.3178751600000282],[-73.573968479999962,4.2840553590000354],[-73.590785240999935,4.196410065000066]]},"properties":{"OBJECTID":1074,"tipo":"Falla inversa o de cabalgamiento","nombre_falla":"Falla de Villavicencio","Shape_Length":0.19299243092316076}},{"type":"Feature","id":1075,"geometry":{"type":"LineString","coordinates":[[-73.756833334999953,4.0470793600000547],[-73.783611780999934,4.0165428050000287]]},"properties":{"OBJECTID":1075,"tipo":"Falla inversa o de cabalgamiento cubierta","nombre_falla":"Falla de Villavicencio","Shape_Length":0.040614853950783507}},{"type":"Feature","id":1076,"geometry":{"type":"LineString","coordinates":[[-73.590785240999935,4.196410065000066],[-73.649745859999939,4.154550769000025]]},"properties":{"OBJECTID":1076,"tipo":"Falla inversa o de cabalgamiento cubierta","nombre_falla":"Falla de Villavicencio","Shape_Length":0.072308749501583058}},{"type":"Feature","id":1077,"geometry":{"type":"LineString","coordinates":[[-74.053544899999963,4.1973591310000415],[-74.06397551699996,4.1677189850000218],[-74.050585372999933,4.134668591000036],[-73.846150122999973,3.9777654930000494]]},"properties":{"OBJECTID":1077,"tipo":"Falla","nombre_falla":"Falla de El Tabor","Shape_Length":0.32478769202384}},{"type":"Feature","id":1078,"geometry":{"type":"LineString","coordinates":[[-73.846150122999973,3.9777654930000494],[-73.826749728999971,3.9519251220000342]]},"properties":{"OBJECTID":1078,"tipo":"Falla","nombre_falla":"Falla de El Tabor","Shape_Length":0.032312537207308964}},{"type":"Feature","id":1079,"geometry":{"type":"LineString","coordinates":[[-73.884121109999967,4.0056660520000378],[-73.952754212999935,3.9090759320000643],[-73.981009409999956,3.833137177000026]]},"properties":{"OBJECTID":1079,"tipo":"Falla inversa o de cabalgamiento","nombre_falla":"Falla de Río Grande","Shape_Length":0.19951615651633267}},{"type":"Feature","id":1080,"geometry":{"type":"LineString","coordinates":[[-74.034082220999949,3.8271772920000444],[-73.980186719999949,3.9773239670000748],[-73.975754065999979,4.0090369080000414],[-73.996954243999937,4.0660575510000285],[-73.983093607999933,4.0859775850000233]]},"properties":{"OBJECTID":1080,"tipo":"Falla inversa o de cabalgamiento","nombre_falla":"Falla del Río Grande","Shape_Length":0.27664985669536435}},{"type":"Feature","id":1081,"geometry":{"type":"LineString","coordinates":[[-73.987287662999961,4.0901289740000379],[-73.947581964999983,4.1393976820000375],[-73.948671575999981,4.1860280690000309],[-73.924880513999938,4.2170281030000751]]},"properties":{"OBJECTID":1081,"tipo":"Falla inversa o de cabalgamiento","nombre_falla":"Falla del Río Chiquito","Shape_Length":0.14899693477983239}},{"type":"Feature","id":1082,"geometry":{"type":"LineString","coordinates":[[-73.902629782999952,4.2177779000000442],[-73.894021876999943,4.2946365900000387]]},"properties":{"OBJECTID":1082,"tipo":"Falla inversa o de cabalgamiento","nombre_falla":"Falla del Río Chiquito","Shape_Length":0.077339215629719529}},{"type":"Feature","id":1083,"geometry":{"type":"LineString","coordinates":[[-73.755485218999979,4.1922663300000522],[-73.912310090999938,4.2186079970000492],[-73.977232360999949,4.2018684580000354],[-73.990822954999942,4.1857684560000621]]},"properties":{"OBJECTID":1083,"tipo":"Falla inversa o de cabalgamiento","nombre_falla":"Falla de Río Blanco","Shape_Length":0.2471366520189188}},{"type":"Feature","id":1084,"geometry":{"type":"LineString","coordinates":[[-74.001023135999958,4.2023086860000376],[-74.068975404999946,4.1972792710000704]]},"properties":{"OBJECTID":1084,"tipo":"Falla","nombre_falla":"Falla de Potrerillos","Shape_Length":0.068138138200927512}},{"type":"Feature","id":1085,"geometry":{"type":"LineString","coordinates":[[-73.803927211999962,4.1466564200000562],[-73.870019850999938,4.0940766160000521],[-73.89708143699994,4.0162462560000449]]},"properties":{"OBJECTID":1085,"tipo":"Falla inversa o de cabalgamiento","nombre_falla":"Falla de Manzanares","Shape_Length":0.16685715154206265}},{"type":"Feature","id":1086,"geometry":{"type":"LineString","coordinates":[[-73.76494609599996,4.1308459360000711],[-73.858278807999966,4.1663570760000539],[-73.884909192999942,4.2190677460000643]]},"properties":{"OBJECTID":1086,"tipo":"Falla inversa o de cabalgamiento","nombre_falla":"Falla del Engaño","Shape_Length":0.15891592222795767}},{"type":"Feature","id":1087,"geometry":{"type":"LineString","coordinates":[[-73.887990216999981,4.1179469640000548],[-73.866489004999949,4.1736372110000275]]},"properties":{"OBJECTID":1087,"tipo":"Falla","nombre_falla":"Falla de El Trueno","Shape_Length":0.059696781558039688}},{"type":"Feature","id":1088,"geometry":{"type":"LineString","coordinates":[[-73.857929353999964,4.1045965890000389],[-73.944221753999955,4.1501677370000607]]},"properties":{"OBJECTID":1088,"tipo":"Falla","nombre_falla":null,"Shape_Length":0.09758641210639056}},{"type":"Feature","id":1089,"geometry":{"type":"LineString","coordinates":[[-73.631051358999969,4.5245996300000684],[-73.694404697999971,4.4647966400000314],[-73.727080359999945,4.3660441260000198],[-73.681517622999934,4.2692446480000399],[-73.700623470999972,4.2330052790000536],[-73.755485218999979,4.1922663300000522]]},"properties":{"OBJECTID":1089,"tipo":"Falla inversa o de cabalgamiento","nombre_falla":null,"Shape_Length":0.40742628951789772}},{"type":"Feature","id":1090,"geometry":{"type":"LineString","coordinates":[[-73.529826389999982,4.35400549000002],[-73.577552262999973,4.2933799930000305]]},"properties":{"OBJECTID":1090,"tipo":"Falla inversa o de cabalgamiento","nombre_falla":"Falla de Santa María","Shape_Length":0.077157046600469001}},{"type":"Feature","id":1091,"geometry":{"type":"LineString","coordinates":[[-73.523136078999983,4.364475508000055],[-73.532696452999971,4.3573055500000351]]},"properties":{"OBJECTID":1091,"tipo":"Falla inversa o de cabalgamiento","nombre_falla":"Falla de Santa María","Shape_Length":0.011950274002788032}},{"type":"Feature","id":1092,"geometry":{"type":"LineString","coordinates":[[-73.143852004999985,5.0007545490000211],[-73.224438260999989,4.9287174160000404],[-73.369615029999977,4.7063223730000345],[-73.389020775999938,4.6407369170000266],[-73.385923448999961,4.5916050730000393],[-73.520226012999956,4.3614354650000564]]},"properties":{"OBJECTID":1092,"tipo":"Falla inversa o de cabalgamiento","nombre_falla":"Falla de Santa María","Shape_Length":0.75778843183922939}},{"type":"Feature","id":1093,"geometry":{"type":"LineString","coordinates":[[-73.513105849999988,4.3540053380000359],[-73.536706352999943,4.3820557800000302]]},"properties":{"OBJECTID":1093,"tipo":"Falla","nombre_falla":null,"Shape_Length":0.036658028291847777}},{"type":"Feature","id":1094,"geometry":{"type":"LineString","coordinates":[[-73.558452459999955,4.3512377250000327],[-73.602705791999938,4.2766916060000426],[-73.76494609599996,4.1308459360000711]]},"properties":{"OBJECTID":1094,"tipo":"Falla inversa o de cabalgamiento","nombre_falla":"Falla de Servitá","Shape_Length":0.30484978993976053}},{"type":"Feature","id":1095,"geometry":{"type":"LineString","coordinates":[[-72.908538091999958,5.208166340000048],[-73.07274160999998,5.0669889250000324]]},"properties":{"OBJECTID":1095,"tipo":"Falla inversa o de cabalgamiento","nombre_falla":"Falla de Chámeza","Shape_Length":0.21654989685906156}},{"type":"Feature","id":1096,"geometry":{"type":"LineString","coordinates":[[-72.908538091999958,5.208166340000048],[-72.732492137999941,5.2383147710000344],[-72.701360868999984,5.2648946630000637]]},"properties":{"OBJECTID":1096,"tipo":"Falla de rumbo dextral","nombre_falla":"Falla de Chámeza","Shape_Length":0.21954346883206791}},{"type":"Feature","id":1097,"geometry":{"type":"LineString","coordinates":[[-72.997753382999974,5.0293317150000689],[-73.216453761999958,4.8297906140000464],[-73.350649623999971,4.6572119150000617],[-73.385923448999961,4.5916050730000393]]},"properties":{"OBJECTID":1097,"tipo":"Falla inversa o de cabalgamiento","nombre_falla":"Falla de Tesalia","Shape_Length":0.58915345435548305}},{"type":"Feature","id":1098,"geometry":{"type":"LineString","coordinates":[[-74.72872175599997,3.6774309360000643],[-74.683000059999983,3.6988407180000422],[-74.615227219999952,3.7681506830000444]]},"properties":{"OBJECTID":1098,"tipo":"Falla","nombre_falla":null,"Shape_Length":0.14742443363722563}},{"type":"Feature","id":1099,"geometry":{"type":"LineString","coordinates":[[-74.896530733999953,3.2690991460000305],[-74.897620039999936,3.3584898440000757],[-74.826736487999938,3.5019403740000712],[-74.813765434999937,3.5761708610000369],[-74.72872175599997,3.6774309360000643]]},"properties":{"OBJECTID":1099,"tipo":"Falla inversa o de cabalgamiento","nombre_falla":"Falla de Altamizal","Shape_Length":0.45699525066513141}},{"type":"Feature","id":1100,"geometry":{"type":"LineString","coordinates":[[-74.953392641999983,3.0486087740000585],[-74.957678767999937,3.1058338990000607],[-74.896530733999953,3.2690991460000305]]},"properties":{"OBJECTID":1100,"tipo":"Falla inversa o de cabalgamiento","nombre_falla":"Falla de La Troja","Shape_Length":0.23172595186998551}},{"type":"Feature","id":1101,"geometry":{"type":"LineString","coordinates":[[-74.926419659999965,3.5197713580000709],[-74.965971097999955,3.5049515810000571],[-75.000142598999957,3.4616915200000449]]},"properties":{"OBJECTID":1101,"tipo":"Falla inversa o de cabalgamiento","nombre_falla":null,"Shape_Length":0.097364991736503537}},{"type":"Feature","id":1102,"geometry":{"type":"LineString","coordinates":[[-74.926419659999965,3.5197713580000709],[-75.010566845999961,3.5935126720000312]]},"properties":{"OBJECTID":1102,"tipo":"Falla","nombre_falla":null,"Shape_Length":0.11188623821613897}},{"type":"Feature","id":1103,"geometry":{"type":"LineString","coordinates":[[-74.99857153499994,3.5828024850000588],[-74.916433421999955,3.6273621430000276],[-74.832745039999963,3.6969319950000568]]},"properties":{"OBJECTID":1103,"tipo":"Falla inversa o de cabalgamiento","nombre_falla":"Falla de Piedra Gorda","Shape_Length":0.20227522498371592}},{"type":"Feature","id":1104,"geometry":{"type":"LineString","coordinates":[[-74.95074096999997,3.6141920050000635],[-74.925568326999951,3.6745126060000644]]},"properties":{"OBJECTID":1104,"tipo":"Falla inversa o de cabalgamiento","nombre_falla":null,"Shape_Length":0.065362350482580586}},{"type":"Feature","id":1105,"geometry":{"type":"LineString","coordinates":[[-74.948499216999949,3.6597326790000579],[-74.81953426299998,3.7366822040000329],[-74.758021521999979,3.8180523390000758]]},"properties":{"OBJECTID":1105,"tipo":"Falla inversa o de cabalgamiento","nombre_falla":"Falla de El Nueve","Shape_Length":0.25218168216036574}},{"type":"Feature","id":1106,"geometry":{"type":"LineString","coordinates":[[-74.766401590999976,3.8418226060000507],[-74.708710489999987,3.7478913370000555],[-74.69219719299997,3.6928826850000291]]},"properties":{"OBJECTID":1106,"tipo":"Falla","nombre_falla":"Falla de La Ruidosa","Shape_Length":0.16766694048055367}},{"type":"Feature","id":1107,"geometry":{"type":"LineString","coordinates":[[-74.760676947999968,3.8220958540000538],[-74.742830866999952,3.8352923480000527],[-74.72188953899996,3.907512764000046],[-74.646056403999978,3.9784826810000595],[-74.591778837999982,4.0531213080000725]]},"properties":{"OBJECTID":1107,"tipo":"Falla inversa o de cabalgamiento","nombre_falla":"Falla de La Yuca","Shape_Length":0.29354039176968721}},{"type":"Feature","id":1108,"geometry":{"type":"LineString","coordinates":[[-74.60275545099995,4.0602906820000726],[-74.573905857999989,4.0408601940000608]]},"properties":{"OBJECTID":1108,"tipo":"Falla de rumbo sinestral","nombre_falla":null,"Shape_Length":0.034782795749939595}},{"type":"Feature","id":1109,"geometry":{"type":"LineString","coordinates":[[-74.511172288999944,4.01859726400005],[-74.500984036999967,4.0564559620000296],[-74.449859844999935,4.1087790820000691],[-74.463251596999953,4.1423018360000583],[-74.452009055999952,4.2388022330000581]]},"properties":{"OBJECTID":1109,"tipo":"Falla inversa o de cabalgamiento","nombre_falla":"Falla de Pandi","Shape_Length":0.24561059241774652}},{"type":"Feature","id":1110,"geometry":{"type":"LineString","coordinates":[[-74.483395193999968,3.9848782910000295],[-74.528841733999968,4.0448182690000749]]},"properties":{"OBJECTID":1110,"tipo":"Falla","nombre_falla":null,"Shape_Length":0.075220934324279398}},{"type":"Feature","id":1111,"geometry":{"type":"LineString","coordinates":[[-74.658448716999942,3.7596609920000219],[-74.500513130999934,3.8019299510000337]]},"properties":{"OBJECTID":1111,"tipo":"Falla de rumbo dextral","nombre_falla":"Falla de La Cascada","Shape_Length":0.16349408007665153}},{"type":"Feature","id":1112,"geometry":{"type":"LineString","coordinates":[[-74.592672666999988,3.7740266250000332],[-74.546023220999984,3.8356802850000236],[-74.516262421999954,3.9378354690000492],[-74.534280680999984,3.966540579000025],[-74.525314636999951,4.0273051460000602]]},"properties":{"OBJECTID":1112,"tipo":"Falla inversa o de cabalgamiento","nombre_falla":null,"Shape_Length":0.2790293929550397}},{"type":"Feature","id":1113,"geometry":{"type":"LineString","coordinates":[[-74.543532436999953,4.0673731470000689],[-74.583524469999986,4.1478837340000609],[-74.563452099999949,4.1878572370000597],[-74.570129340999983,4.2435918880000258],[-74.559013285999981,4.2805682830000364],[-74.509263382999961,4.3401146940000217]]},"properties":{"OBJECTID":1113,"tipo":"Falla inversa o de cabalgamiento","nombre_falla":null,"Shape_Length":0.30696458258667042}},{"type":"Feature","id":1114,"geometry":{"type":"LineString","coordinates":[[-74.509263382999961,4.3401146940000217],[-74.500860111999941,4.375487913000029]]},"properties":{"OBJECTID":1114,"tipo":"Falla","nombre_falla":null,"Shape_Length":0.036357661997469801}},{"type":"Feature","id":1115,"geometry":{"type":"LineString","coordinates":[[-74.543532436999953,4.0673731470000689],[-74.565132012999982,4.0224404280000385],[-74.60828332799997,3.9859705900000222],[-74.609432444999982,3.9551566670000398],[-74.658157680999977,3.8780619560000673]]},"properties":{"OBJECTID":1115,"tipo":"Falla inversa o de cabalgamiento","nombre_falla":"Falla de El Crucero","Shape_Length":0.22839024221572068}},{"type":"Feature","id":1116,"geometry":{"type":"LineString","coordinates":[[-74.503701215999968,4.1484287240000413],[-74.543532436999953,4.0673731470000689]]},"properties":{"OBJECTID":1116,"tipo":"Falla","nombre_falla":null,"Shape_Length":0.09031352461922941}},{"type":"Feature","id":1117,"geometry":{"type":"LineString","coordinates":[[-75.211864999999989,4.0129779700000654],[-75.188502014999983,4.0614311390000353],[-75.15441556899998,4.0840069220000714],[-75.142820147999942,4.1417953540000667],[-75.105639909999979,4.1869885750000435],[-75.096321100999944,4.2298609130000386]]},"properties":{"OBJECTID":1117,"tipo":"Falla inversa o de cabalgamiento","nombre_falla":"Falla de La Cañada-Tomogó","Shape_Length":0.25601171301631537}},{"type":"Feature","id":1118,"geometry":{"type":"LineString","coordinates":[[-75.173679961999937,3.9797688530000528],[-75.224725353999986,4.0219381620000263]]},"properties":{"OBJECTID":1118,"tipo":"Falla","nombre_falla":null,"Shape_Length":0.066210895372090212}},{"type":"Feature","id":1119,"geometry":{"type":"LineString","coordinates":[[-74.97493091299998,4.3827187040000695],[-74.945982603999937,4.4043190960000516],[-74.934592325999972,4.392868882000073],[-74.989725383999939,4.2577081670000325]]},"properties":{"OBJECTID":1119,"tipo":"Falla inversa o de cabalgamiento","nombre_falla":null,"Shape_Length":0.19824256372076965}},{"type":"Feature","id":1120,"geometry":{"type":"LineString","coordinates":[[-75.053483899999947,4.1854683260000343],[-75.082159582999964,4.1343478920000507]]},"properties":{"OBJECTID":1120,"tipo":"Falla inversa o de cabalgamiento cubierta","nombre_falla":null,"Shape_Length":0.058613936635105404}},{"type":"Feature","id":1121,"geometry":{"type":"LineString","coordinates":[[-74.997252418999949,4.2431727260000685],[-75.053483899999947,4.1854683260000343]]},"properties":{"OBJECTID":1121,"tipo":"Falla inversa o de cabalgamiento","nombre_falla":null,"Shape_Length":0.080571565920100049}},{"type":"Feature","id":1122,"geometry":{"type":"LineString","coordinates":[[-74.989725383999939,4.2577081670000325],[-74.997252418999949,4.2431727260000685]]},"properties":{"OBJECTID":1122,"tipo":"Falla inversa o de cabalgamiento cubierta","nombre_falla":null,"Shape_Length":0.016368729362867668}},{"type":"Feature","id":1123,"geometry":{"type":"LineString","coordinates":[[-74.97493091299998,4.3827187040000695],[-74.984414750999974,4.3091085820000217],[-75.019446216999938,4.2766286000000377]]},"properties":{"OBJECTID":1123,"tipo":"Falla inversa o de cabalgamiento","nombre_falla":"Falla de Los Naranjos","Shape_Length":0.12199043390988486}},{"type":"Feature","id":1124,"geometry":{"type":"LineString","coordinates":[[-74.923959246999971,4.4567241800000374],[-74.853628516999947,4.512329229000045],[-74.839987697999959,4.5521994710000513]]},"properties":{"OBJECTID":1124,"tipo":"Falla inversa o de cabalgamiento","nombre_falla":null,"Shape_Length":0.13179590342151792}},{"type":"Feature","id":1125,"geometry":{"type":"LineString","coordinates":[[-75.180391952999969,2.8556351770000674],[-75.149153680999973,2.8909636690000298],[-75.01452631899997,2.9684904460000325],[-74.956020585999966,3.0669206620000296]]},"properties":{"OBJECTID":1125,"tipo":"Falla de rumbo dextral","nombre_falla":"Falla de San Antonio","Shape_Length":0.31701792923562805}},{"type":"Feature","id":1126,"geometry":{"type":"LineString","coordinates":[[-74.682236536999937,4.0987040180000349],[-74.599881093999954,4.169283392000068],[-74.594316161999984,4.2330205540000634],[-74.534194851999985,4.3572049570000217]]},"properties":{"OBJECTID":1126,"tipo":"Falla inversa o de cabalgamiento","nombre_falla":null,"Shape_Length":0.31041323738651605}},{"type":"Feature","id":1127,"geometry":{"type":"LineString","coordinates":[[-74.593082466999988,5.5786306630000695],[-74.554548474999933,5.6396391000000676],[-74.515719039999965,5.7446383220000712],[-74.47753785499998,5.7980826560000764],[-74.444109935999961,5.8102876160000392]]},"properties":{"OBJECTID":1127,"tipo":"Falla inversa o de cabalgamiento","nombre_falla":"Falla de Honda","Shape_Length":0.28537589814810221}},{"type":"Feature","id":1128,"geometry":{"type":"LineString","coordinates":[[-74.773772312999938,4.8906520150000574],[-74.786752114999956,4.9571927700000629],[-74.779570676999981,5.0811039100000244],[-74.723567276999972,5.2376149020000753],[-74.714286224999967,5.3131455660000597]]},"properties":{"OBJECTID":1128,"tipo":"Falla inversa o de cabalgamiento","nombre_falla":"Falla de Honda","Shape_Length":0.43424168100025073}},{"type":"Feature","id":1129,"geometry":{"type":"LineString","coordinates":[[-74.756182984999953,4.7565105740000604],[-74.773772312999938,4.8906520150000574]]},"properties":{"OBJECTID":1129,"tipo":"Falla inversa o de cabalgamiento cubierta","nombre_falla":"Falla de Honda","Shape_Length":0.13528972855707397}},{"type":"Feature","id":1130,"geometry":{"type":"LineString","coordinates":[[-74.714286224999967,5.3131455660000597],[-74.636295678999943,5.4509362120000446],[-74.628841592999947,5.490386504000071]]},"properties":{"OBJECTID":1130,"tipo":"Falla inversa o de cabalgamiento cubierta","nombre_falla":"Falla de Honda","Shape_Length":0.19847959507767099}},{"type":"Feature","id":1131,"geometry":{"type":"LineString","coordinates":[[-74.586982157999955,5.4693136220000724],[-74.480209588999969,5.6663782000000538],[-74.409144351999942,5.7522596200000748],[-74.402679068999987,5.7878560190000599]]},"properties":{"OBJECTID":1131,"tipo":"Falla inversa o de cabalgamiento","nombre_falla":"Falla de Bilbao Romero","Shape_Length":0.37178150780210534}},{"type":"Feature","id":1132,"geometry":{"type":"LineString","coordinates":[[-74.686539204999974,5.0418494110000438],[-74.691557329999966,5.122533456000042],[-74.668355516999952,5.2280842620000385],[-74.604460839999945,5.3667261200000667],[-74.586982157999955,5.4693136220000724]]},"properties":{"OBJECTID":1132,"tipo":"Falla inversa o de cabalgamiento","nombre_falla":"Falla de Cambao","Shape_Length":0.44563337088234023}},{"type":"Feature","id":1133,"geometry":{"type":"LineString","coordinates":[[-74.796806131999972,4.565159187000063],[-74.763453648999985,4.6078036610000481]]},"properties":{"OBJECTID":1133,"tipo":"Falla inversa o de cabalgamiento","nombre_falla":"Falla de Cambao","Shape_Length":0.054138149996096639}},{"type":"Feature","id":1134,"geometry":{"type":"LineString","coordinates":[[-74.703363445999969,4.8406691670000441],[-74.722770758999957,4.8737613610000494],[-74.713622966999935,4.9018683990000227]]},"properties":{"OBJECTID":1134,"tipo":"Falla inversa o de cabalgamiento","nombre_falla":"Falla de Cambao","Shape_Length":0.067921434298516797}},{"type":"Feature","id":1135,"geometry":{"type":"LineString","coordinates":[[-74.763453648999985,4.6078036610000481],[-74.761313317999964,4.7402604720000454],[-74.703363445999969,4.8406691670000441]]},"properties":{"OBJECTID":1135,"tipo":"Falla inversa o de cabalgamiento cubierta","nombre_falla":"Falla de Cambao","Shape_Length":0.24840552043674782}},{"type":"Feature","id":1136,"geometry":{"type":"LineString","coordinates":[[-74.713622966999935,4.9018683990000227],[-74.715169627999956,4.9662421740000582]]},"properties":{"OBJECTID":1136,"tipo":"Falla inversa o de cabalgamiento cubierta","nombre_falla":"Falla de Cambao","Shape_Length":0.06439235255839143}},{"type":"Feature","id":1137,"geometry":{"type":"LineString","coordinates":[[-74.692468769999948,4.9761520470000278],[-74.678988039999979,5.0057222050000405],[-74.686539204999974,5.0418494110000438]]},"properties":{"OBJECTID":1137,"tipo":"Falla inversa o de cabalgamiento cubierta","nombre_falla":"Falla de Cambao","Shape_Length":0.06940599390536889}},{"type":"Feature","id":1138,"geometry":{"type":"LineString","coordinates":[[-74.543454649999944,4.8865297630000555],[-74.56025154699995,5.2636035500000276],[-74.520121745999973,5.397211536000043],[-74.52213818499996,5.4359411060000298],[-74.424392552999961,5.6231693060000225],[-74.378684115999988,5.6469790630000603],[-74.327049958999964,5.7665651650000314],[-74.349483604999989,5.7831595910000715],[-74.341884638999943,5.8901667720000432],[-74.315980729999978,6.0202927810000233],[-74.294252063999977,6.0621619440000245],[-74.311954704999948,6.0955992150000498],[-74.295341549999989,6.1780731730000298],[-74.249821048999934,6.2887366330000418]]},"properties":{"OBJECTID":1138,"tipo":"Falla inversa o de cabalgamiento","nombre_falla":"Falla del Alto del Trigo","Shape_Length":1.5053934486544445}},{"type":"Feature","id":1139,"geometry":{"type":"LineString","coordinates":[[-74.66108881599996,4.9910605130000363],[-74.578684328999941,5.0417015740000579]]},"properties":{"OBJECTID":1139,"tipo":"Falla","nombre_falla":null,"Shape_Length":0.096721334445634424}},{"type":"Feature","id":1140,"geometry":{"type":"LineString","coordinates":[[-74.741730636999989,4.9537923060000253],[-74.725081092999972,4.9603791550000551]]},"properties":{"OBJECTID":1140,"tipo":"Falla","nombre_falla":null,"Shape_Length":0.017905135999419727}},{"type":"Feature","id":1141,"geometry":{"type":"LineString","coordinates":[[-74.725081092999972,4.9603791550000551],[-74.66108881599996,4.9910605130000363]]},"properties":{"OBJECTID":1141,"tipo":"Falla cubierta","nombre_falla":null,"Shape_Length":0.070967297006220911}},{"type":"Feature","id":1142,"geometry":{"type":"LineString","coordinates":[[-74.798495324999976,4.4058177870000463],[-74.657711648999964,4.5473177290000422],[-74.641320736999944,4.5871979330000272]]},"properties":{"OBJECTID":1142,"tipo":"Falla inversa o de cabalgamiento","nombre_falla":null,"Shape_Length":0.24272249995664641}},{"type":"Feature","id":1143,"geometry":{"type":"LineString","coordinates":[[-74.798495324999976,4.4058177870000463],[-74.850670040999944,4.334677599000031],[-74.864482970999973,4.2799497750000342]]},"properties":{"OBJECTID":1143,"tipo":"Falla inversa o de cabalgamiento","nombre_falla":null,"Shape_Length":0.14466609294612756}},{"type":"Feature","id":1144,"geometry":{"type":"LineString","coordinates":[[-74.879361611999968,4.2666972490000603],[-74.864482970999973,4.2799497750000342]]},"properties":{"OBJECTID":1144,"tipo":"Falla","nombre_falla":null,"Shape_Length":0.019924944250530176}},{"type":"Feature","id":1145,"geometry":{"type":"LineString","coordinates":[[-74.641320736999944,4.5871979330000272],[-74.574107466999976,4.6970383020000668],[-74.550354932999937,4.8812497800000756]]},"properties":{"OBJECTID":1145,"tipo":"Falla inversa o de cabalgamiento","nombre_falla":"Falla del Alto del Trigo","Shape_Length":0.31450968488427644}},{"type":"Feature","id":1146,"geometry":{"type":"LineString","coordinates":[[-74.644618469999955,4.8401302970000302],[-74.514193601999978,4.894189554000036],[-74.469582128999946,4.9329392180000582]]},"properties":{"OBJECTID":1146,"tipo":"Falla de rumbo dextral","nombre_falla":"Falla de Vianí","Shape_Length":0.20027522938805412}},{"type":"Feature","id":1147,"geometry":{"type":"LineString","coordinates":[[-74.469582128999946,4.9329392180000582],[-74.421679685999948,4.981089475000033]]},"properties":{"OBJECTID":1147,"tipo":"Falla","nombre_falla":null,"Shape_Length":0.067919741567026654}},{"type":"Feature","id":1148,"geometry":{"type":"LineString","coordinates":[[-74.215494525999986,5.5963461240000356],[-74.253651195999964,5.4941553050000493],[-74.255367444999933,5.4405085000000213],[-74.216152703999967,5.4093267370000717],[-74.210308246999944,5.383846707000032],[-74.244820657999981,5.3016007680000712],[-74.257481926999958,5.2166200800000411],[-74.31540463999994,5.1359398870000632],[-74.343906261999962,5.0675395200000253],[-74.421679685999948,4.981089475000033]]},"properties":{"OBJECTID":1148,"tipo":"Falla inversa o de cabalgamiento","nombre_falla":"Falla de Quebrada Honda","Shape_Length":0.70381704620759233}},{"type":"Feature","id":1149,"geometry":{"type":"LineString","coordinates":[[-74.527375354999947,4.8895102250000377],[-74.520402971999943,4.9816504370000416],[-74.532912182999951,5.1055617390000521],[-74.527701549999961,5.1526221410000517],[-74.508640781999986,5.1658020790000592],[-74.515940779999937,5.1914124010000364]]},"properties":{"OBJECTID":1149,"tipo":"Falla inversa o de cabalgamiento","nombre_falla":"Falla de Bituima","Shape_Length":0.31409692985958748}},{"type":"Feature","id":1150,"geometry":{"type":"LineString","coordinates":[[-74.515940779999937,5.1914124010000364],[-74.48367934099997,5.2277924360000725],[-74.442389922999951,5.3195836930000269],[-74.42987977699994,5.4115532920000646],[-74.397121308999942,5.4490225620000388],[-74.35003661099995,5.5771262200000251],[-74.298916703999964,5.6558027570000604],[-74.166678546999947,5.7512680330000308],[-74.003715575999934,5.9885451240000407],[-73.983299716999966,6.0519374900000571],[-73.914196445999949,6.1370333250000613]]},"properties":{"OBJECTID":1150,"tipo":"Falla inversa o de cabalgamiento","nombre_falla":"Falla de La Salina","Shape_Length":1.1493343391203634}},{"type":"Feature","id":1151,"geometry":{"type":"LineString","coordinates":[[-73.538285913999971,6.6904530070000305],[-73.486760021999942,6.6968933190000257]]},"properties":{"OBJECTID":1151,"tipo":"Falla","nombre_falla":null,"Shape_Length":0.051926825100866283}},{"type":"Feature","id":1152,"geometry":{"type":"LineString","coordinates":[[-73.695931891999976,6.4760114890000295],[-73.65857024099995,6.4760856570000556],[-73.607584128999974,6.45083091500004]]},"properties":{"OBJECTID":1152,"tipo":"Falla de rumbo dextral","nombre_falla":" ","Shape_Length":0.094259752793169393}},{"type":"Feature","id":1153,"geometry":{"type":"LineString","coordinates":[[-73.873322039999948,6.105115114000057],[-73.97214719599998,6.1943188730000429]]},"properties":{"OBJECTID":1153,"tipo":"Falla de rumbo dextral","nombre_falla":null,"Shape_Length":0.1331304701342193}},{"type":"Feature","id":1154,"geometry":{"type":"LineString","coordinates":[[-73.910625381999978,6.134996233000038],[-73.866323723999983,6.180983445000038],[-73.772623205999935,6.2325788480000597],[-73.732241687999988,6.2795396540000752],[-73.684009064999941,6.3742535980000525],[-73.65857024099995,6.4760856570000556]]},"properties":{"OBJECTID":1154,"tipo":"Falla inversa o de cabalgamiento","nombre_falla":null,"Shape_Length":0.4440063378533623}},{"type":"Feature","id":1155,"geometry":{"type":"LineString","coordinates":[[-73.653248764999944,6.4730792740000425],[-73.53495338099998,6.6901152350000643]]},"properties":{"OBJECTID":1155,"tipo":"Falla inversa o de cabalgamiento","nombre_falla":" ","Shape_Length":0.2471809180396051}},{"type":"Feature","id":1156,"geometry":{"type":"LineString","coordinates":[[-73.543772495999974,6.7820289240000307],[-73.442947317999938,6.8658882480000329],[-73.405605820999938,6.9820372540000335],[-73.328424648999942,7.0867998150000631],[-73.281557808999935,7.2238103480000291],[-73.263965399999961,7.3776618870000448]]},"properties":{"OBJECTID":1156,"tipo":"Falla inversa o de cabalgamiento","nombre_falla":null,"Shape_Length":0.68292779760329558}},{"type":"Feature","id":1157,"geometry":{"type":"LineString","coordinates":[[-73.486900541999944,6.163026875000071],[-73.521847328999968,6.2043921400000386],[-73.538097150999988,6.2700229830000467],[-73.541496834999975,6.3091834300000755],[-73.510664686999974,6.4112841480000498]]},"properties":{"OBJECTID":1157,"tipo":"Falla","nombre_falla":null,"Shape_Length":0.26772612213188562}},{"type":"Feature","id":1158,"geometry":{"type":"LineString","coordinates":[[-73.487454366999941,6.3709734710000703],[-73.519044539999982,6.4489146380000761]]},"properties":{"OBJECTID":1158,"tipo":"Falla","nombre_falla":null,"Shape_Length":0.084099729746862389}},{"type":"Feature","id":1159,"geometry":{"type":"LineString","coordinates":[[-73.502364504999946,6.4033339770000453],[-73.493502857999943,6.5246851510000283],[-73.46052089799997,6.6021855960000266],[-73.379133578999983,7.0067690660000608]]},"properties":{"OBJECTID":1159,"tipo":"Falla inversa o de cabalgamiento","nombre_falla":"Falla del Carmen","Shape_Length":0.61858931125646344}},{"type":"Feature","id":1160,"geometry":{"type":"LineString","coordinates":[[-74.298916703999964,5.6558027570000604],[-74.250418643999978,5.7439964850000251],[-74.206252909999989,5.7734042910000767],[-74.104662317999953,5.8974799390000499],[-74.016587166999955,6.0692490320000729],[-73.939230282999972,6.1533845590000738]]},"properties":{"OBJECTID":1160,"tipo":"Falla inversa o de cabalgamiento","nombre_falla":"Falla de Betania","Shape_Length":0.62139600299117304}},{"type":"Feature","id":1161,"geometry":{"type":"LineString","coordinates":[[-73.932991631999982,6.1502391930000613],[-73.900249812999959,6.193108617000064],[-73.908499688999939,6.2427067510000711],[-73.895828969999968,6.2700569030000679]]},"properties":{"OBJECTID":1161,"tipo":"Falla inversa o de cabalgamiento","nombre_falla":null,"Shape_Length":0.13436489233611421}},{"type":"Feature","id":1162,"geometry":{"type":"LineString","coordinates":[[-74.066821918999949,6.4048519050000436],[-73.927936509999938,6.2873679330000414],[-73.821724561999986,6.2326032110000256]]},"properties":{"OBJECTID":1162,"tipo":"Falla de rumbo sinestral","nombre_falla":"Falla de Cimitarra","Shape_Length":0.30141067135583655}},{"type":"Feature","id":1163,"geometry":{"type":"LineString","coordinates":[[-73.269770549999976,7.3062932300000512],[-73.340846922999958,7.4617837860000691],[-73.356195106999962,7.71085163500004]]},"properties":{"OBJECTID":1163,"tipo":"Falla","nombre_falla":"Falla de Lebrija","Shape_Length":0.42050568539955918}},{"type":"Feature","id":1164,"geometry":{"type":"LineString","coordinates":[[-73.328718525999989,8.111311459000035],[-73.352001968999957,7.897759117000021],[-73.295401700999946,7.7675468440000373]]},"properties":{"OBJECTID":1164,"tipo":"Falla de rumbo sinestral","nombre_falla":null,"Shape_Length":0.35679966167362603}},{"type":"Feature","id":1165,"geometry":{"type":"LineString","coordinates":[[-73.353963358999977,7.7908678450000366],[-73.348342007999975,7.8845189110000433]]},"properties":{"OBJECTID":1165,"tipo":"Falla","nombre_falla":"Falla de Lebrija","Shape_Length":0.093819623480393702}},{"type":"Feature","id":1166,"geometry":{"type":"LineString","coordinates":[[-73.356195106999962,7.71085163500004],[-73.353963358999977,7.7908678450000366]]},"properties":{"OBJECTID":1166,"tipo":"Falla cubierta","nombre_falla":"Falla de Lebrija","Shape_Length":0.080047327012830308}},{"type":"Feature","id":1167,"geometry":{"type":"LineString","coordinates":[[-73.380811272999949,7.5045338420000576],[-73.382906960999946,7.5743256050000696],[-73.355345183999987,7.6454161200000499],[-73.362704379999968,7.7308772280000539]]},"properties":{"OBJECTID":1167,"tipo":"Falla inversa o de cabalgamiento","nombre_falla":"Falla de La Tigra","Shape_Length":0.23184699508612566}},{"type":"Feature","id":1168,"geometry":{"type":"LineString","coordinates":[[-73.560474518999968,7.1983307200000581],[-73.481983204999949,7.3278539070000761]]},"properties":{"OBJECTID":1168,"tipo":"Falla inversa o de cabalgamiento","nombre_falla":"Falla de La Tigra","Shape_Length":0.15145013154200668}},{"type":"Feature","id":1169,"geometry":{"type":"LineString","coordinates":[[-73.410193106999941,7.4610366810000528],[-73.390392150999958,7.4833615330000498]]},"properties":{"OBJECTID":1169,"tipo":"Falla inversa o de cabalgamiento","nombre_falla":"Falla de La Tigra","Shape_Length":0.029840859158795037}},{"type":"Feature","id":1170,"geometry":{"type":"LineString","coordinates":[[-73.390392150999958,7.4833615330000498],[-73.380811272999949,7.5045338420000576]]},"properties":{"OBJECTID":1170,"tipo":"Falla inversa o de cabalgamiento cubierta","nombre_falla":"Falla de La Tigra","Shape_Length":0.023239188704489128}},{"type":"Feature","id":1171,"geometry":{"type":"LineString","coordinates":[[-73.523226879999982,7.1325521510000272],[-73.64142936099995,7.2551549490000298]]},"properties":{"OBJECTID":1171,"tipo":"Falla de rumbo sinestral cubierta","nombre_falla":null,"Shape_Length":0.17030347204909665}},{"type":"Feature","id":1172,"geometry":{"type":"LineString","coordinates":[[-73.663063164999983,6.8167293740000332],[-73.618001926999966,6.9363095720000274],[-73.630721370999936,7.0526924970000664],[-73.616796814999987,7.1251590930000361]]},"properties":{"OBJECTID":1172,"tipo":"Falla inversa o de cabalgamiento","nombre_falla":"Falla de Arrugas","Shape_Length":0.31865684419423368}},{"type":"Feature","id":1173,"geometry":{"type":"LineString","coordinates":[[-73.703515630999959,6.7107963150000387],[-73.72534114399997,6.5293699730000299]]},"properties":{"OBJECTID":1173,"tipo":"Falla inversa o de cabalgamiento","nombre_falla":"Falla de Mugrosa","Shape_Length":0.18273442639310686}},{"type":"Feature","id":1174,"geometry":{"type":"LineString","coordinates":[[-73.616796814999987,7.1251590930000361],[-73.585138158999939,7.1982236250000255]]},"properties":{"OBJECTID":1174,"tipo":"Falla inversa o de cabalgamiento cubierta","nombre_falla":"Falla de Arrugas","Shape_Length":0.079628489475229977}},{"type":"Feature","id":1175,"geometry":{"type":"LineString","coordinates":[[-73.72403406899997,6.412472062000063],[-73.71602824699994,6.47188690400003],[-73.680501772999946,6.5566585730000497],[-73.624366032999944,6.6307862390000309],[-73.539845920999937,6.8280473040000516],[-73.541411860999972,7.1518453230000318]]},"properties":{"OBJECTID":1175,"tipo":"Falla inversa o de cabalgamiento","nombre_falla":"Sistema de Fallas de La Salina","Shape_Length":0.78325879785916608}},{"type":"Feature","id":1176,"geometry":{"type":"LineString","coordinates":[[-73.866323723999983,6.180983445000038],[-73.745270537999943,6.2877512980000461],[-73.72403406899997,6.412472062000063]]},"properties":{"OBJECTID":1176,"tipo":"Falla inversa o de cabalgamiento","nombre_falla":"Sistema de Fallas de Landázuri","Shape_Length":0.28792602173044657}},{"type":"Feature","id":1177,"geometry":{"type":"LineString","coordinates":[[-74.337342886999977,4.3340168520000475],[-74.315589450999937,4.459125006000022],[-74.325759672999936,4.5734862770000291]]},"properties":{"OBJECTID":1177,"tipo":"Falla inversa o de cabalgamiento","nombre_falla":null,"Shape_Length":0.24179788592072593}},{"type":"Feature","id":1178,"geometry":{"type":"LineString","coordinates":[[-74.357733251999946,4.2193743390000691],[-74.346032462999972,4.3103956950000679]]},"properties":{"OBJECTID":1178,"tipo":"Falla inversa o de cabalgamiento","nombre_falla":null,"Shape_Length":0.091770342220678452}},{"type":"Feature","id":1179,"geometry":{"type":"LineString","coordinates":[[-74.346032462999972,4.3103956950000679],[-74.337342886999977,4.3340168520000475]]},"properties":{"OBJECTID":1179,"tipo":"Falla inversa o de cabalgamiento cubierta","nombre_falla":null,"Shape_Length":0.025168786007222697}},{"type":"Feature","id":1180,"geometry":{"type":"LineString","coordinates":[[-74.553235883999946,4.7908389650000345],[-74.532504284999959,4.8870196590000319]]},"properties":{"OBJECTID":1180,"tipo":"Falla inversa o de cabalgamiento","nombre_falla":"Falla de Bituima","Shape_Length":0.09838965949436658}},{"type":"Feature","id":1181,"geometry":{"type":"LineString","coordinates":[[-74.325944660999937,4.573410258000024],[-74.334050475999959,4.5931350960000259],[-74.403690378999954,4.6434518420000472]]},"properties":{"OBJECTID":1181,"tipo":"Falla inversa o de cabalgamiento cubierta","nombre_falla":null,"Shape_Length":0.1072410224654532}},{"type":"Feature","id":1182,"geometry":{"type":"LineString","coordinates":[[-74.403690378999954,4.6434518420000472],[-74.500954922999938,4.7086677120000218],[-74.553235883999946,4.7908389650000345]]},"properties":{"OBJECTID":1182,"tipo":"Falla inversa o de cabalgamiento","nombre_falla":null,"Shape_Length":0.21449774783319497}},{"type":"Feature","id":1183,"geometry":{"type":"LineString","coordinates":[[-74.202604016999942,4.8159458350000364],[-74.184813070999951,4.8524959930000477],[-74.140767507999954,4.8812747660000468]]},"properties":{"OBJECTID":1183,"tipo":"Falla inversa o de cabalgamiento","nombre_falla":null,"Shape_Length":0.093264080289204923}},{"type":"Feature","id":1184,"geometry":{"type":"LineString","coordinates":[[-74.082697296999982,5.0993072450000341],[-74.065617026999973,5.0692367970000305],[-74.08516853499998,4.9816061860000218],[-74.116920341999958,4.9029657890000635],[-74.140767507999954,4.8812747660000468]]},"properties":{"OBJECTID":1184,"tipo":"Falla inversa o de cabalgamiento","nombre_falla":null,"Shape_Length":0.24141296187828912}},{"type":"Feature","id":1185,"geometry":{"type":"LineString","coordinates":[[-74.082697296999982,5.0993072450000341],[-74.081966687999966,5.158647788000053],[-74.009742462999952,5.3425087970000504],[-73.925188535999951,5.4547340010000767],[-73.882535835999988,5.5808897830000319],[-73.770411337999974,5.6583993630000577]]},"properties":{"OBJECTID":1185,"tipo":"Falla inversa o de cabalgamiento","nombre_falla":"Falla de Chital","Shape_Length":0.66687398251544983}},{"type":"Feature","id":1186,"geometry":{"type":"LineString","coordinates":[[-73.770411337999974,5.6583993630000577],[-73.65055571399995,5.8181996630000299]]},"properties":{"OBJECTID":1186,"tipo":"Falla","nombre_falla":"Falla de Peña Blanca","Shape_Length":0.19975361444668857}},{"type":"Feature","id":1187,"geometry":{"type":"LineString","coordinates":[[-74.307400274999964,4.3672551130000556],[-74.27235898899994,4.3694476740000709],[-74.234605950999935,4.4077981640000417],[-74.186805875999937,4.5104293820000407],[-74.208848367999963,4.5593137590000765]]},"properties":{"OBJECTID":1187,"tipo":"Falla","nombre_falla":null,"Shape_Length":0.25576565196985879}},{"type":"Feature","id":1188,"geometry":{"type":"LineString","coordinates":[[-74.218324722999967,4.7964158050000378],[-74.215554290999989,4.8314260980000654],[-74.170542074999958,4.9072363440000686],[-74.129140430999939,4.9357862050000563],[-74.103118455999947,5.0504069950000599],[-74.114118379999979,5.094467509000026],[-74.131878962999963,5.0949576930000262],[-74.158090571999935,5.0198972520000211]]},"properties":{"OBJECTID":1188,"tipo":"Falla inversa o de cabalgamiento","nombre_falla":null,"Shape_Length":0.43380025682563356}},{"type":"Feature","id":1189,"geometry":{"type":"LineString","coordinates":[[-74.430040889999987,4.8853586570000402],[-74.371528818999934,4.8980482130000382],[-74.343487565999965,4.9315282530000673],[-74.21320095699997,5.1656591570000501]]},"properties":{"OBJECTID":1189,"tipo":"Falla inversa o de cabalgamiento","nombre_falla":"Falla de Soacha Albán","Shape_Length":0.37148411390824565}},{"type":"Feature","id":1190,"geometry":{"type":"LineString","coordinates":[[-74.289288727999974,4.6213449270000524],[-74.421435182999971,4.7799101770000334],[-74.437095969999973,4.8262128710000525],[-74.430040889999987,4.8853586570000402]]},"properties":{"OBJECTID":1190,"tipo":"Falla inversa o de cabalgamiento","nombre_falla":null,"Shape_Length":0.31485581396839413}},{"type":"Feature","id":1191,"geometry":{"type":"LineString","coordinates":[[-74.296556889999977,4.8402269550000483],[-74.226573106999979,4.9917976630000567],[-74.158090571999935,5.0198972520000211]]},"properties":{"OBJECTID":1191,"tipo":"Falla inversa o de cabalgamiento","nombre_falla":null,"Shape_Length":0.24097059524888303}},{"type":"Feature","id":1192,"geometry":{"type":"LineString","coordinates":[[-74.017068991999963,5.6679259200000729],[-74.07257907199994,5.5426048840000703],[-74.121236603999989,5.4844836560000658],[-74.135942473999989,5.4237704430000235]]},"properties":{"OBJECTID":1192,"tipo":"Falla inversa o de cabalgamiento","nombre_falla":"Falla de Muzo","Shape_Length":0.27533349452106631}},{"type":"Feature","id":1193,"geometry":{"type":"LineString","coordinates":[[-74.21320095699997,5.1656591570000501],[-74.214729933999934,5.27373020400006],[-74.152902719999986,5.3586714030000735],[-74.135942473999989,5.4237704430000235]]},"properties":{"OBJECTID":1193,"tipo":"Falla inversa o de cabalgamiento","nombre_falla":"Falla de Supatá","Shape_Length":0.28041399719773497}},{"type":"Feature","id":1194,"geometry":{"type":"LineString","coordinates":[[-74.017068991999963,5.6679259200000729],[-73.942441813999949,5.7323602690000257]]},"properties":{"OBJECTID":1194,"tipo":"Falla de rumbo sinestral","nombre_falla":"Falla de Zulia-Albania","Shape_Length":0.098595136935315103}},{"type":"Feature","id":1195,"geometry":{"type":"LineString","coordinates":[[-74.215494525999986,5.5963461240000356],[-74.178897350999989,5.6396503920000214],[-74.174182775999952,5.703906327000027],[-74.14207287399995,5.7856281070000364]]},"properties":{"OBJECTID":1195,"tipo":"Falla inversa o de cabalgamiento","nombre_falla":"Falla de Tambrías","Shape_Length":0.2089299479702996}},{"type":"Feature","id":1196,"geometry":{"type":"LineString","coordinates":[[-76.470440373999963,2.4063245850000499],[-76.326245491999941,2.3576102040000251],[-76.19025174099994,2.2775615820000326]]},"properties":{"OBJECTID":1196,"tipo":"Falla","nombre_falla":"Falla de Coconucos","Shape_Length":0.31000529897041096}},{"type":"Feature","id":1197,"geometry":{"type":"LineString","coordinates":[[-76.296994937999955,2.55792112000006],[-76.235347312999977,2.6684222630000249],[-76.115685501999963,2.7360411790000398]]},"properties":{"OBJECTID":1197,"tipo":"Falla","nombre_falla":"Falla de Moras","Shape_Length":0.26397981751278449}},{"type":"Feature","id":1198,"geometry":{"type":"LineString","coordinates":[[-76.513680321999971,2.1877651550000223],[-76.459964905999982,2.2586923420000744]]},"properties":{"OBJECTID":1198,"tipo":"Falla cubierta","nombre_falla":"Falla de Moras Oeste","Shape_Length":0.08897197183266306}},{"type":"Feature","id":1199,"geometry":{"type":"LineString","coordinates":[[-76.57061559899995,2.1500632980000205],[-76.426852121999957,1.939430724000033]]},"properties":{"OBJECTID":1199,"tipo":"Falla","nombre_falla":null,"Shape_Length":0.25501768281628584}},{"type":"Feature","id":1200,"geometry":{"type":"LineString","coordinates":[[-76.324020338999958,2.4510939720000238],[-76.296994937999955,2.55792112000006]]},"properties":{"OBJECTID":1200,"tipo":"Falla cubierta","nombre_falla":"Falla de Moras","Shape_Length":0.1101926124975382}},{"type":"Feature","id":1201,"geometry":{"type":"LineString","coordinates":[[-76.459964905999982,2.2586923420000744],[-76.361386901999936,2.3711635190000493]]},"properties":{"OBJECTID":1201,"tipo":"Falla","nombre_falla":"Falla de Moras Oeste","Shape_Length":0.14955730850878812}},{"type":"Feature","id":1202,"geometry":{"type":"LineString","coordinates":[[-76.549895039999967,2.1279829870000526],[-76.513680321999971,2.1877651550000223]]},"properties":{"OBJECTID":1202,"tipo":"Falla","nombre_falla":"Falla de Moras Oeste","Shape_Length":0.069895732420483844}},{"type":"Feature","id":1203,"geometry":{"type":"LineString","coordinates":[[-76.369997172999945,2.3747736140000484],[-76.324020338999958,2.4510939720000238]]},"properties":{"OBJECTID":1203,"tipo":"Falla","nombre_falla":"Falla de Moras","Shape_Length":0.089099193654638392}},{"type":"Feature","id":1204,"geometry":{"type":"LineString","coordinates":[[-73.998010766999982,3.4985325270000658],[-74.068054619999941,3.4725119720000635],[-74.199703843999941,3.3602836260000686],[-74.390814034999948,3.2773803810000572]]},"properties":{"OBJECTID":1204,"tipo":"Falla inversa o de cabalgamiento","nombre_falla":"Falla de La Florida","Shape_Length":0.45603148814420014}},{"type":"Feature","id":1205,"geometry":{"type":"LineString","coordinates":[[-73.650025458999949,3.7542119860000298],[-73.682000338999956,3.7031356640000581],[-73.752551947999962,3.6561616060000688]]},"properties":{"OBJECTID":1205,"tipo":"Falla inversa o de cabalgamiento","nombre_falla":"Falla de La Florida","Shape_Length":0.14501832428057002}},{"type":"Feature","id":1206,"geometry":{"type":"LineString","coordinates":[[-73.842917574999944,3.5881758030000697],[-73.944962832999977,3.5345894710000607]]},"properties":{"OBJECTID":1206,"tipo":"Falla inversa o de cabalgamiento","nombre_falla":"Falla de La Florida","Shape_Length":0.11525940160138069}},{"type":"Feature","id":1207,"geometry":{"type":"LineString","coordinates":[[-73.944962832999977,3.5345894710000607],[-73.998010766999982,3.4985325270000658]]},"properties":{"OBJECTID":1207,"tipo":"Falla inversa o de cabalgamiento cubierta","nombre_falla":"Falla de La Florida","Shape_Length":0.064141924762885966}},{"type":"Feature","id":1208,"geometry":{"type":"LineString","coordinates":[[-73.752551947999962,3.6561616060000688],[-73.842917574999944,3.5881758030000697]]},"properties":{"OBJECTID":1208,"tipo":"Falla inversa o de cabalgamiento cubierta","nombre_falla":"Falla de La Florida","Shape_Length":0.11308411008030579}},{"type":"Feature","id":1209,"geometry":{"type":"LineString","coordinates":[[-74.027646665999953,3.4916247460000704],[-73.964754119999952,3.5610386350000454],[-73.875554897999962,3.6145341610000514],[-73.819302610999955,3.7172794810000482]]},"properties":{"OBJECTID":1209,"tipo":"Falla inversa o de cabalgamiento","nombre_falla":"Falla de Villa Lucía","Shape_Length":0.31481561108923145}},{"type":"Feature","id":1210,"geometry":{"type":"LineString","coordinates":[[-73.72998277399995,3.8003333210000392],[-73.688235166999959,3.8234531690000608]]},"properties":{"OBJECTID":1210,"tipo":"Falla inversa o de cabalgamiento cubierta","nombre_falla":"Falla de Villa Lucía","Shape_Length":0.0477220081489639}},{"type":"Feature","id":1211,"geometry":{"type":"LineString","coordinates":[[-73.801715241999943,3.7513884600000438],[-73.72998277399995,3.8003333210000392]]},"properties":{"OBJECTID":1211,"tipo":"Falla inversa o de cabalgamiento","nombre_falla":"Falla de Villa Lucía","Shape_Length":0.086839774203293141}},{"type":"Feature","id":1212,"geometry":{"type":"LineString","coordinates":[[-73.819302610999955,3.7172794810000482],[-73.801715241999943,3.7513884600000438]]},"properties":{"OBJECTID":1212,"tipo":"Falla inversa o de cabalgamiento cubierta","nombre_falla":"Falla de Villa Lucía","Shape_Length":0.038376268666517187}},{"type":"Feature","id":1213,"geometry":{"type":"LineString","coordinates":[[-73.27332593899996,4.2700764120000372],[-73.313807487999952,4.1735209340000665]]},"properties":{"OBJECTID":1213,"tipo":"Falla inversa o de cabalgamiento","nombre_falla":null,"Shape_Length":0.10469821460388694}},{"type":"Feature","id":1214,"geometry":{"type":"LineString","coordinates":[[-73.688235166999959,3.8234531690000608],[-73.562569361999977,3.897180823000042],[-73.509838333999937,3.9569343200000731]]},"properties":{"OBJECTID":1214,"tipo":"Falla inversa o de cabalgamiento","nombre_falla":null,"Shape_Length":0.22539058014036922}},{"type":"Feature","id":1215,"geometry":{"type":"LineString","coordinates":[[-73.337665739999977,4.1155187510000246],[-73.364843744999973,4.0662517400000411],[-73.43422191999997,4.0290220680000743]]},"properties":{"OBJECTID":1215,"tipo":"Falla inversa o de cabalgamiento","nombre_falla":null,"Shape_Length":0.13500231330360146}},{"type":"Feature","id":1216,"geometry":{"type":"LineString","coordinates":[[-73.248209857999939,4.3313170660000537],[-73.258693342999948,4.3056766200000425]]},"properties":{"OBJECTID":1216,"tipo":"Falla inversa o de cabalgamiento","nombre_falla":null,"Shape_Length":0.027700829027754809}},{"type":"Feature","id":1217,"geometry":{"type":"LineString","coordinates":[[-73.43422191999997,4.0290220680000743],[-73.509838333999937,3.9569343200000731]]},"properties":{"OBJECTID":1217,"tipo":"Falla inversa o de cabalgamiento cubierta","nombre_falla":null,"Shape_Length":0.10447241491382342}},{"type":"Feature","id":1218,"geometry":{"type":"LineString","coordinates":[[-73.313807487999952,4.1735209340000665],[-73.337665739999977,4.1155187510000246]]},"properties":{"OBJECTID":1218,"tipo":"Falla inversa o de cabalgamiento cubierta","nombre_falla":null,"Shape_Length":0.062717377346848985}},{"type":"Feature","id":1219,"geometry":{"type":"LineString","coordinates":[[-73.258693342999948,4.3056766200000425],[-73.27332593899996,4.2700764120000372]]},"properties":{"OBJECTID":1219,"tipo":"Falla inversa o de cabalgamiento cubierta","nombre_falla":null,"Shape_Length":0.038490098406515245}},{"type":"Feature","id":1220,"geometry":{"type":"LineString","coordinates":[[-73.612437628999942,3.9973097480000206],[-73.754230082999982,3.8608850080000252]]},"properties":{"OBJECTID":1220,"tipo":"Falla inversa o de cabalgamiento","nombre_falla":null,"Shape_Length":0.19676587533263937}},{"type":"Feature","id":1221,"geometry":{"type":"LineString","coordinates":[[-73.779507237999951,3.8439728290000517],[-73.837691397999947,3.8047240980000652]]},"properties":{"OBJECTID":1221,"tipo":"Falla inversa o de cabalgamiento","nombre_falla":null,"Shape_Length":0.070184466657619141}},{"type":"Feature","id":1222,"geometry":{"type":"LineString","coordinates":[[-73.754230082999982,3.8608850080000252],[-73.779507237999951,3.8439728290000517]]},"properties":{"OBJECTID":1222,"tipo":"Falla inversa o de cabalgamiento cubierta","nombre_falla":null,"Shape_Length":0.030413095262067938}},{"type":"Feature","id":1223,"geometry":{"type":"LineString","coordinates":[[-73.187780277999934,3.7851268830000322],[-73.138667755999961,3.8196222170000738],[-73.109955236999951,3.8889831340000569],[-73.00315994999994,3.9628280280000467],[-72.953549014999965,4.0220338500000707],[-72.929784155999982,4.1563894860000232],[-72.878860836999934,4.2334992170000305]]},"properties":{"OBJECTID":1223,"tipo":"Falla inferida","nombre_falla":"Falla del Meta","Shape_Length":0.57101690151458162}},{"type":"Feature","id":1224,"geometry":{"type":"LineString","coordinates":[[-73.503449442999965,3.4101663950000329],[-73.160124770999971,3.7050037410000414]]},"properties":{"OBJECTID":1224,"tipo":"Lineamiento","nombre_falla":null,"Shape_Length":0.45254932438379836}},{"type":"Feature","id":1225,"geometry":{"type":"LineString","coordinates":[[-72.129409987999964,-0.53257303299994874],[-71.948303023999983,-0.27670380699993302],[-71.731825264999941,-0.069204888999934155],[-71.532547817999955,0.16745415200006164]]},"properties":{"OBJECTID":1225,"tipo":"Lineamiento","nombre_falla":null,"Shape_Length":0.92272741919765233}},{"type":"Feature","id":1226,"geometry":{"type":"LineString","coordinates":[[-72.078859316999967,-0.70374753199996576],[-71.760960782999973,-0.87669945399994731],[-71.434652400999937,-1.0292490019999718],[-71.053472099999965,-1.2649533669999755],[-70.723063456999967,-1.4367750299999784]]},"properties":{"OBJECTID":1226,"tipo":"Lineamiento","nombre_falla":null,"Shape_Length":1.5426895053292915}},{"type":"Feature","id":1227,"geometry":{"type":"LineString","coordinates":[[-72.862875441999961,-2.2740009649999706],[-73.210813836999989,-1.7949493049999319],[-73.450769919999971,-1.5088979339999469],[-73.567012752999972,-1.3478071689999638],[-73.875601119999942,-1.0864751979999596],[-74.006304546999957,-0.94986426099995924],[-74.176539227999967,-0.81290306099992904],[-74.358143794999989,-0.58149149299993041]]},"properties":{"OBJECTID":1227,"tipo":"Lineamiento","nombre_falla":null,"Shape_Length":2.2701915652786031}},{"type":"Feature","id":1228,"geometry":{"type":"LineString","coordinates":[[-74.299434800999961,-0.19717987799992898],[-74.160250597999948,-0.27678048199993555],[-74.084652342999959,-0.29647700899994334],[-74.027545277999934,-0.33145508599994855],[-73.784840255999939,-0.42425406499995688],[-73.640644918999953,-0.46351517199997261],[-73.532401105999952,-0.54946966099993233]]},"properties":{"OBJECTID":1228,"tipo":"Lineamiento","nombre_falla":"Lineamiento La Tagua-Guaquira","Shape_Length":0.85293475645701644}},{"type":"Feature","id":1229,"geometry":{"type":"LineString","coordinates":[[-74.738162828999975,-0.025851342999942517],[-74.618569724999986,-0.096293243999980405],[-74.474361812999973,-0.14570603699996809]]},"properties":{"OBJECTID":1229,"tipo":"Lineamiento","nombre_falla":"Lineamiento La Tagua-Guaquira","Shape_Length":0.29123553601036367}},{"type":"Feature","id":1230,"geometry":{"type":"LineString","coordinates":[[-72.561216040999966,0.91723066700006939],[-72.584526136999955,1.008741111000063],[-72.692717917999971,1.2315526310000564],[-72.747768492999967,1.390143609000063],[-72.877251010999942,1.5992653880000489]]},"properties":{"OBJECTID":1230,"tipo":"Lineamiento","nombre_falla":null,"Shape_Length":0.75595946623084531}},{"type":"Feature","id":1231,"geometry":{"type":"LineString","coordinates":[[-73.795548559999986,5.0991967420000606],[-73.758505776999982,5.1851947920000612],[-73.683122535999985,5.2619247330000576],[-73.616587442999958,5.3006658170000378]]},"properties":{"OBJECTID":1231,"tipo":"Falla inversa o de cabalgamiento","nombre_falla":"Falla de Suesca","Shape_Length":0.27819332563582955}},{"type":"Feature","id":1232,"geometry":{"type":"LineString","coordinates":[[-73.616587442999958,5.3006658170000378],[-73.486654596999983,5.4106740840000498],[-73.344309227999986,5.4815632600000299],[-73.294287133999944,5.5259931430000506]]},"properties":{"OBJECTID":1232,"tipo":"Falla","nombre_falla":null,"Shape_Length":0.39617291218785367}},{"type":"Feature","id":1233,"geometry":{"type":"LineString","coordinates":[[-73.294287133999944,5.5259931430000506],[-73.266325525999946,5.5930934680000632],[-73.177341557999966,5.7068035730000588],[-73.136867150999933,5.7896907840000722]]},"properties":{"OBJECTID":1233,"tipo":"Falla","nombre_falla":"Falla de Chivatá","Shape_Length":0.30932341119014783}},{"type":"Feature","id":1234,"geometry":{"type":"LineString","coordinates":[[-73.017549298999938,5.8878118630000245],[-73.136867150999933,5.7896907840000722]]},"properties":{"OBJECTID":1234,"tipo":"Falla inversa o de cabalgamiento","nombre_falla":"Falla de Boyacá","Shape_Length":0.15448137735664938}},{"type":"Feature","id":1235,"geometry":{"type":"LineString","coordinates":[[-72.963006262999954,5.9758260650000352],[-72.972519883999951,5.9491993720000664]]},"properties":{"OBJECTID":1235,"tipo":"Falla inversa o de cabalgamiento","nombre_falla":"Falla de Boyacá","Shape_Length":0.028275250036845997}},{"type":"Feature","id":1236,"geometry":{"type":"LineString","coordinates":[[-72.963006262999954,5.9758260650000352],[-72.833115441999951,6.1651741560000346],[-72.843465004999985,6.2349449480000203],[-72.817932575999976,6.377876054000069]]},"properties":{"OBJECTID":1236,"tipo":"Falla","nombre_falla":"Falla de Boyacá","Shape_Length":0.44534568934511382}},{"type":"Feature","id":1237,"geometry":{"type":"LineString","coordinates":[[-72.817932575999976,6.377876054000069],[-72.812770981999961,6.5040572450000695],[-72.840619625999977,6.590392927000039]]},"properties":{"OBJECTID":1237,"tipo":"Falla","nombre_falla":"Falla de Boyacá","Shape_Length":0.21700274120867513}},{"type":"Feature","id":1238,"geometry":{"type":"LineString","coordinates":[[-72.898725560999935,6.3449566440000353],[-72.793021690999979,6.385255849000032],[-72.774040405999983,6.444696221000072]]},"properties":{"OBJECTID":1238,"tipo":"Falla","nombre_falla":null,"Shape_Length":0.17552279442656255}},{"type":"Feature","id":1239,"geometry":{"type":"LineString","coordinates":[[-73.010423403999937,5.9627241830000344],[-73.052043374999982,6.0887758370000711],[-73.037212548999946,6.1202659830000243],[-72.947228638999945,6.2103058570000371],[-72.887405197999954,6.344626513000037]]},"properties":{"OBJECTID":1239,"tipo":"Falla","nombre_falla":null,"Shape_Length":0.44188927717117554}},{"type":"Feature","id":1240,"geometry":{"type":"LineString","coordinates":[[-72.878954916999987,6.3457364260000304],[-72.889324502999955,6.4116771970000741]]},"properties":{"OBJECTID":1240,"tipo":"Falla","nombre_falla":null,"Shape_Length":0.06675113177985019}},{"type":"Feature","id":1241,"geometry":{"type":"LineString","coordinates":[[-72.816031228999975,6.4912571600000319],[-72.873683899999946,6.4205371100000548],[-72.912685415999988,6.3981573270000354],[-72.938447059999987,6.3265469030000645],[-73.012630006999984,6.2776372470000297]]},"properties":{"OBJECTID":1241,"tipo":"Falla","nombre_falla":null,"Shape_Length":0.30116726320691534}},{"type":"Feature","id":1242,"geometry":{"type":"LineString","coordinates":[[-73.102623411999957,6.2351278270000421],[-73.056252430999962,6.1873968500000274]]},"properties":{"OBJECTID":1242,"tipo":"Falla de rumbo dextral","nombre_falla":null,"Shape_Length":0.066547081410666509}},{"type":"Feature","id":1243,"geometry":{"type":"LineString","coordinates":[[-73.156838086999983,5.9686958320000372],[-73.080752991999987,6.2085073220000595]]},"properties":{"OBJECTID":1243,"tipo":"Falla","nombre_falla":"Falla del Encino","Shape_Length":0.25159191643848428}},{"type":"Feature","id":1244,"geometry":{"type":"LineString","coordinates":[[-73.079222744999981,6.2081321610000373],[-73.063402139999937,6.234567395000056],[-73.037181224999983,6.240067151000062]]},"properties":{"OBJECTID":1244,"tipo":"Falla","nombre_falla":"Falla del Encino","Shape_Length":0.057599165452085155}},{"type":"Feature","id":1245,"geometry":{"type":"LineString","coordinates":[[-73.037181224999983,6.240067151000062],[-73.010670058999949,6.2528691790000721]]},"properties":{"OBJECTID":1245,"tipo":"Falla","nombre_falla":null,"Shape_Length":0.029440343809038955}},{"type":"Feature","id":1246,"geometry":{"type":"LineString","coordinates":[[-73.008079554999938,6.3050774730000398],[-73.00335404599997,6.2382782270000234]]},"properties":{"OBJECTID":1246,"tipo":"Falla","nombre_falla":null,"Shape_Length":0.066966183267971061}},{"type":"Feature","id":1247,"geometry":{"type":"LineString","coordinates":[[-73.173667396999974,6.0853514290000703],[-73.144606607999947,6.0686166630000571]]},"properties":{"OBJECTID":1247,"tipo":"Falla","nombre_falla":null,"Shape_Length":0.033534785676656888}},{"type":"Feature","id":1248,"geometry":{"type":"LineString","coordinates":[[-73.348202274999949,6.1458496520000381],[-73.253168567999978,6.1271002190000559]]},"properties":{"OBJECTID":1248,"tipo":"Falla","nombre_falla":null,"Shape_Length":0.096865611565596699}},{"type":"Feature","id":1249,"geometry":{"type":"LineString","coordinates":[[-73.253168567999978,6.1271002190000559],[-73.173667396999974,6.0853514290000703]]},"properties":{"OBJECTID":1249,"tipo":"Falla cubierta","nombre_falla":null,"Shape_Length":0.089796423407810438}},{"type":"Feature","id":1250,"geometry":{"type":"LineString","coordinates":[[-73.164670308999973,6.9080895730000407],[-73.156931653999948,6.8567281110000522],[-73.109625960999949,6.7622499020000646],[-72.980084601999977,6.6625407670000527]]},"properties":{"OBJECTID":1250,"tipo":"Falla","nombre_falla":"Falla de Aratoca","Shape_Length":0.32107215724707716}},{"type":"Feature","id":1251,"geometry":{"type":"LineString","coordinates":[[-73.112753138999949,6.2891784780000535],[-73.109112481999944,6.3378089290000617],[-73.066620093999973,6.4269093450000696],[-72.99848702099996,6.5030793480000284],[-72.979865141999937,6.5730455020000704]]},"properties":{"OBJECTID":1251,"tipo":"Falla inversa o de cabalgamiento","nombre_falla":"Falla de Ocamonte","Shape_Length":0.32207843665280755}},{"type":"Feature","id":1252,"geometry":{"type":"LineString","coordinates":[[-72.979865141999937,6.5730455020000704],[-72.999355691999938,6.6221605700000623],[-73.089047199999982,6.7460228950000669]]},"properties":{"OBJECTID":1252,"tipo":"Falla","nombre_falla":null,"Shape_Length":0.20576726534807235}},{"type":"Feature","id":1253,"geometry":{"type":"LineString","coordinates":[[-73.219239467999955,6.1083580990000428],[-73.154354891999958,6.2531485790000261],[-73.11050305599997,6.2901784650000536]]},"properties":{"OBJECTID":1253,"tipo":"Falla","nombre_falla":null,"Shape_Length":0.2160591699153051}},{"type":"Feature","id":1254,"geometry":{"type":"LineString","coordinates":[[-73.348202274999949,6.1458496520000381],[-73.223835545999975,6.3874307060000319],[-73.171012109999936,6.5505217860000471],[-73.167495042999974,6.6460686380000311]]},"properties":{"OBJECTID":1254,"tipo":"Falla","nombre_falla":"Falla de Confines","Shape_Length":0.53875779349258379}},{"type":"Feature","id":1255,"geometry":{"type":"LineString","coordinates":[[-73.167495042999974,6.6460686380000311],[-73.176170882999941,6.6729731180000726]]},"properties":{"OBJECTID":1255,"tipo":"Falla","nombre_falla":"Falla de Confines","Shape_Length":0.028268732617109962}},{"type":"Feature","id":1256,"geometry":{"type":"LineString","coordinates":[[-73.144031952999967,6.7273600470000474],[-73.076688968999974,6.5554907720000415],[-73.092109772999947,6.5291206730000226],[-73.084197897999957,6.4922222040000293]]},"properties":{"OBJECTID":1256,"tipo":"Falla","nombre_falla":"Falla de Curití","Shape_Length":0.2528770095036168}},{"type":"Feature","id":1257,"geometry":{"type":"LineString","coordinates":[[-73.084197897999957,6.4922222040000293],[-73.119952667999939,6.3520491840000659]]},"properties":{"OBJECTID":1257,"tipo":"Falla","nombre_falla":"Falla de Las Cruces","Shape_Length":0.14466125643606786}},{"type":"Feature","id":1258,"geometry":{"type":"LineString","coordinates":[[-73.450073419999967,5.4086836870000639],[-73.491045498999938,5.3362234470000658],[-73.696262800999989,5.158679730000074]]},"properties":{"OBJECTID":1258,"tipo":"Falla inversa o de cabalgamiento","nombre_falla":"Falla de Chocontá","Shape_Length":0.35460118107317479}},{"type":"Feature","id":1259,"geometry":{"type":"LineString","coordinates":[[-73.820519345999969,5.0309040220000725],[-73.897539128999938,4.9325194450000254],[-73.927638394999974,4.8300477050000268],[-73.890340658999946,4.7667875160000222],[-73.948923840999953,4.7073599990000616],[-73.97416014099997,4.70152986100004],[-74.003049815999987,4.566161725000029]]},"properties":{"OBJECTID":1259,"tipo":"Falla inversa o de cabalgamiento","nombre_falla":"Falla de Chocontá-Pericos","Shape_Length":0.55294985387983719}},{"type":"Feature","id":1260,"geometry":{"type":"LineString","coordinates":[[-73.525155419999976,5.2082013110000389],[-73.573932875999958,5.0853127840000525],[-73.616902514999936,5.0472021380000456],[-73.723212253999975,4.8760022180000533],[-73.82551670099997,4.7652503370000545],[-73.825176347999957,4.6923601280000753]]},"properties":{"OBJECTID":1260,"tipo":"Falla inversa o de cabalgamiento","nombre_falla":"Falla de Machetá","Shape_Length":0.61483545757639568}},{"type":"Feature","id":1261,"geometry":{"type":"LineString","coordinates":[[-73.293983309999987,5.5260686970000279],[-73.316128600999946,5.4537427050000247],[-73.353470210999944,5.4149927440000738],[-73.364551028999983,5.3709224650000351]]},"properties":{"OBJECTID":1261,"tipo":"Falla","nombre_falla":null,"Shape_Length":0.17489641940718981}},{"type":"Feature","id":1262,"geometry":{"type":"LineString","coordinates":[[-73.364551028999983,5.3709224650000351],[-73.389654249999978,5.3247301310000239]]},"properties":{"OBJECTID":1262,"tipo":"Falla","nombre_falla":null,"Shape_Length":0.05257283923228015}},{"type":"Feature","id":1263,"geometry":{"type":"LineString","coordinates":[[-73.320849858999964,5.3460617870000533],[-73.468873891999976,5.4230640170000584]]},"properties":{"OBJECTID":1263,"tipo":"Falla","nombre_falla":null,"Shape_Length":0.16685460068743257}},{"type":"Feature","id":1264,"geometry":{"type":"LineString","coordinates":[[-73.884909192999942,4.2190677460000643],[-73.870334004999961,4.3097977050000509],[-73.790339984999946,4.3995990260000326]]},"properties":{"OBJECTID":1264,"tipo":"Falla","nombre_falla":"Falla de Quetame","Shape_Length":0.21215675336446024}},{"type":"Feature","id":1265,"geometry":{"type":"LineString","coordinates":[[-73.831436141999973,4.4280335180000634],[-73.774432746999935,4.4051123410000628],[-73.727964458999963,4.3624648930000376]]},"properties":{"OBJECTID":1265,"tipo":"Falla","nombre_falla":null,"Shape_Length":0.12451136898552174}},{"type":"Feature","id":1266,"geometry":{"type":"LineString","coordinates":[[-73.779681241999981,4.4085655820000511],[-73.776303207999945,4.4808888590000606]]},"properties":{"OBJECTID":1266,"tipo":"Falla","nombre_falla":null,"Shape_Length":0.072402123654803835}},{"type":"Feature","id":1267,"geometry":{"type":"LineString","coordinates":[[-73.896756911999944,4.5049202030000401],[-73.776303207999945,4.4808888590000606],[-73.733521750999955,4.487118505000069]]},"properties":{"OBJECTID":1267,"tipo":"Falla","nombre_falla":null,"Shape_Length":0.16606016709595781}},{"type":"Feature","id":1268,"geometry":{"type":"LineString","coordinates":[[-73.302324037999938,5.2029545930000722],[-73.240500398999984,5.2709546700000374],[-73.16049574799996,5.3189753810000298]]},"properties":{"OBJECTID":1268,"tipo":"Falla inversa o de cabalgamiento","nombre_falla":"Falla de Puente Tabla","Shape_Length":0.18521293753789614}},{"type":"Feature","id":1269,"geometry":{"type":"LineString","coordinates":[[-73.302324037999938,5.2029545930000722],[-73.444242921999944,5.0254376300000558]]},"properties":{"OBJECTID":1269,"tipo":"Falla inversa o de cabalgamiento","nombre_falla":"Falla del Río Garagoa","Shape_Length":0.22727349556988904}},{"type":"Feature","id":1270,"geometry":{"type":"LineString","coordinates":[[-73.537951481999983,4.8949218170000677],[-73.494889376999936,4.9745624950000433],[-73.444242921999944,5.0254376300000558]]},"properties":{"OBJECTID":1270,"tipo":"Lineamiento","nombre_falla":null,"Shape_Length":0.16232397522130471}},{"type":"Feature","id":1271,"geometry":{"type":"LineString","coordinates":[[-73.767202312999984,4.5444492910000349],[-73.734179757999982,4.6211590390000765],[-73.702668510999956,4.6490224430000353],[-73.641019306999965,4.7621361020000563],[-73.537951481999983,4.8949218170000677]]},"properties":{"OBJECTID":1271,"tipo":"Falla de rumbo dextral","nombre_falla":"Falla de Río Rucio","Shape_Length":0.42249423931564206}},{"type":"Feature","id":1272,"geometry":{"type":"LineString","coordinates":[[-73.841915185999937,4.498639623000031],[-73.767202312999984,4.5444492910000349]]},"properties":{"OBJECTID":1272,"tipo":"Lineamiento","nombre_falla":null,"Shape_Length":0.087638684804016251}},{"type":"Feature","id":1273,"geometry":{"type":"LineString","coordinates":[[-73.665733294999939,4.5156095020000748],[-73.583902597999952,4.6466497050000726],[-73.523922445999972,4.7098604950000436]]},"properties":{"OBJECTID":1273,"tipo":"Falla de rumbo dextral","nombre_falla":"Falla de Los Tendidos","Shape_Length":0.24163116297163462}},{"type":"Feature","id":1274,"geometry":{"type":"LineString","coordinates":[[-73.19215266599997,5.0531947370000694],[-73.240501018999964,5.0278850450000618],[-73.365219267999976,4.9132308730000318],[-73.444735517999959,4.7949807880000321]]},"properties":{"OBJECTID":1274,"tipo":"Falla","nombre_falla":"Falla de San Isidro-Quebrada Negra","Shape_Length":0.3664825969763455}},{"type":"Feature","id":1275,"geometry":{"type":"LineString","coordinates":[[-73.444735517999959,4.7949807880000321],[-73.492282570999976,4.7649594940000384],[-73.523922445999972,4.7098604950000436]]},"properties":{"OBJECTID":1275,"tipo":"Falla","nombre_falla":null,"Shape_Length":0.11976891076763362}},{"type":"Feature","id":1276,"geometry":{"type":"LineString","coordinates":[[-73.748461731999953,4.5404990850000218],[-73.665733294999939,4.5156095020000748]]},"properties":{"OBJECTID":1276,"tipo":"Falla","nombre_falla":null,"Shape_Length":0.086391467347051026}},{"type":"Feature","id":1277,"geometry":{"type":"LineString","coordinates":[[-72.063936786999989,6.1461742000000754],[-72.09086270399996,6.0750350360000311],[-72.092863077999937,5.8978696080000645],[-72.311531386999945,5.5688311080000403],[-72.477667913999937,5.4377287340000748],[-72.644139308999968,5.2387738550000336],[-72.73827320099997,5.1532541230000675],[-72.860989168999936,4.9517737280000347],[-72.914501342999984,4.9062638990000664],[-72.995839203999935,4.788656124000056],[-73.006187529999977,4.7343426660000318],[-73.140960104999976,4.5174561340000423],[-73.21459553699998,4.4260430550000365],[-73.300938709999969,4.3848935580000443],[-73.291418920999945,4.3298830480000561],[-73.30411941999995,4.3200430910000591],[-73.369181448999939,4.3273237660000632]]},"properties":{"OBJECTID":1277,"tipo":"Falla inversa o de cabalgamiento","nombre_falla":"Falla de Guaicáramo","Shape_Length":2.3567265777098414}},{"type":"Feature","id":1278,"geometry":{"type":"LineString","coordinates":[[-73.369181448999939,4.3273237660000632],[-73.424275277999982,4.2965584980000244]]},"properties":{"OBJECTID":1278,"tipo":"Falla inversa o de cabalgamiento cubierta","nombre_falla":"Falla de Guaicáramo","Shape_Length":0.063101756782202187}},{"type":"Feature","id":1279,"geometry":{"type":"LineString","coordinates":[[-73.424275277999982,4.2965584980000244],[-73.462635028999955,4.2673641850000763]]},"properties":{"OBJECTID":1279,"tipo":"Falla inversa o de cabalgamiento","nombre_falla":"Falla de Guaicáramo","Shape_Length":0.048205584824985576}},{"type":"Feature","id":1280,"geometry":{"type":"LineString","coordinates":[[-73.138974134999955,5.0681906010000262],[-73.113095998999938,5.0951476950000369],[-73.054104864999942,5.2201139240000316]]},"properties":{"OBJECTID":1280,"tipo":"Falla inversa o de cabalgamiento","nombre_falla":"Falla de San Eduardo","Shape_Length":0.17555806957143144}},{"type":"Feature","id":1281,"geometry":{"type":"LineString","coordinates":[[-73.047457539999982,5.2165927260000444],[-73.00808819699995,5.2443419540000491],[-72.921736948999978,5.3594677680000586],[-72.835173527999984,5.4209673940000584]]},"properties":{"OBJECTID":1281,"tipo":"Falla inversa o de cabalgamiento","nombre_falla":"Falla de San Eduardo","Shape_Length":0.2982632402454633}},{"type":"Feature","id":1282,"geometry":{"type":"LineString","coordinates":[[-72.749948335999989,5.6538285290000658],[-72.777289692999943,5.6082484150000482],[-72.835173527999984,5.4209673940000584]]},"properties":{"OBJECTID":1282,"tipo":"Falla inversa o de cabalgamiento","nombre_falla":null,"Shape_Length":0.24917387929085155}},{"type":"Feature","id":1283,"geometry":{"type":"LineString","coordinates":[[-72.749948335999989,5.6538285290000658],[-72.67598540299997,5.7056981960000712],[-72.608383090999951,5.7196875880000562],[-72.526180513999975,5.7144566530000702]]},"properties":{"OBJECTID":1283,"tipo":"Falla","nombre_falla":"Falla de Periquilla","Shape_Length":0.24174157142188815}},{"type":"Feature","id":1284,"geometry":{"type":"LineString","coordinates":[[-72.639040448999936,6.224304054000072],[-72.655806735999988,6.4313347430000363],[-72.69279678099997,6.5319361550000394]]},"properties":{"OBJECTID":1284,"tipo":"Falla","nombre_falla":"Falla de Chicamocha","Shape_Length":0.31489480612354326}},{"type":"Feature","id":1285,"geometry":{"type":"LineString","coordinates":[[-73.193435217999934,5.4077510200000347],[-73.252167690999954,5.3400210210000409],[-73.315138891999936,5.29592503300006],[-73.359991296999965,5.3303920510000466],[-73.389654249999978,5.3247301310000239]]},"properties":{"OBJECTID":1285,"tipo":"Falla inversa o de cabalgamiento","nombre_falla":"Falla de Soapaga","Shape_Length":0.25328841163839527}},{"type":"Feature","id":1286,"geometry":{"type":"LineString","coordinates":[[-72.639040448999936,6.224304054000072],[-72.657974862999936,6.1748202860000561],[-72.719462380999971,6.1108323790000441],[-72.715182671999969,6.0719319670000687],[-72.77114503699994,6.0213421120000703],[-72.848729643999945,5.8273811640000304],[-72.888536833999979,5.7769473150000294]]},"properties":{"OBJECTID":1286,"tipo":"Falla inversa o de cabalgamiento","nombre_falla":"Falla de Soapaga","Shape_Length":0.52945274370845175}},{"type":"Feature","id":1287,"geometry":{"type":"LineString","coordinates":[[-72.986149159999968,5.6002375820000339],[-73.141473068999971,5.4527408770000534],[-73.181294585999979,5.4310311030000662],[-73.187775094999949,5.4020309080000288]]},"properties":{"OBJECTID":1287,"tipo":"Falla inversa o de cabalgamiento","nombre_falla":"Falla de Soapaga","Shape_Length":0.28926838856524711}},{"type":"Feature","id":1288,"geometry":{"type":"LineString","coordinates":[[-72.888536833999979,5.7769473150000294],[-72.991985868999961,5.6774913300000662],[-72.986149159999968,5.6002375820000339]]},"properties":{"OBJECTID":1288,"tipo":"Falla inversa o de cabalgamiento cubierta","nombre_falla":"Falla de Soapaga","Shape_Length":0.22097721845935139}},{"type":"Feature","id":1289,"geometry":{"type":"LineString","coordinates":[[-73.065778695999938,5.2285330610000642],[-73.011873733999948,5.1986988060000385]]},"properties":{"OBJECTID":1289,"tipo":"Falla de rumbo dextral","nombre_falla":null,"Shape_Length":0.061610288910432243}},{"type":"Feature","id":1290,"geometry":{"type":"LineString","coordinates":[[-73.180574989999968,5.3893007200000511],[-73.200095335999947,5.4169211750000272]]},"properties":{"OBJECTID":1290,"tipo":"Falla","nombre_falla":null,"Shape_Length":0.033822085127392675}},{"type":"Feature","id":1291,"geometry":{"type":"LineString","coordinates":[[-73.05395348199994,6.069157295000025],[-72.963370681999947,6.0724847100000261],[-72.869387364999966,6.097623919000057]]},"properties":{"OBJECTID":1291,"tipo":"Falla","nombre_falla":null,"Shape_Length":0.18793132133632001}},{"type":"Feature","id":1292,"geometry":{"type":"LineString","coordinates":[[-72.988633763999985,4.6056986370000459],[-73.086133869999969,4.4833239480000202]]},"properties":{"OBJECTID":1292,"tipo":"Falla inversa o de cabalgamiento","nombre_falla":null,"Shape_Length":0.15646672226982045}},{"type":"Feature","id":1293,"geometry":{"type":"LineString","coordinates":[[-72.956535266999936,4.6455022420000205],[-72.969625098999984,4.6267631770000435]]},"properties":{"OBJECTID":1293,"tipo":"Falla inversa o de cabalgamiento","nombre_falla":null,"Shape_Length":0.02285817706779901}},{"type":"Feature","id":1294,"geometry":{"type":"LineString","coordinates":[[-72.969625098999984,4.6267631770000435],[-72.988633763999985,4.6056986370000459]]},"properties":{"OBJECTID":1294,"tipo":"Falla inversa o de cabalgamiento cubierta","nombre_falla":null,"Shape_Length":0.028373300662661166}},{"type":"Feature","id":1295,"geometry":{"type":"LineString","coordinates":[[-73.099760096999944,4.4749260120000258],[-73.139683112999933,4.4414724460000343]]},"properties":{"OBJECTID":1295,"tipo":"Falla inversa o de cabalgamiento","nombre_falla":null,"Shape_Length":0.052086354111716728}},{"type":"Feature","id":1296,"geometry":{"type":"LineString","coordinates":[[-73.086133869999969,4.4833239480000202],[-73.099760096999944,4.4749260120000258]]},"properties":{"OBJECTID":1296,"tipo":"Falla inversa o de cabalgamiento cubierta","nombre_falla":null,"Shape_Length":0.01600622976577689}},{"type":"Feature","id":1297,"geometry":{"type":"LineString","coordinates":[[-72.32367074299998,5.4248689220000301],[-72.341777801999967,5.4195321640000316],[-72.371519068999987,5.3647557360000633],[-72.404997887999968,5.3548508060000586],[-72.428861662999964,5.3155422350000663],[-72.494326141999977,5.2661976340000365],[-72.496894671999939,5.2339422750000608],[-72.529306093999935,5.1961723130000337],[-72.56887758299996,5.1742625380000504],[-72.614945137999939,5.0254223580000712]]},"properties":{"OBJECTID":1297,"tipo":"Falla inversa o de cabalgamiento","nombre_falla":"Falla de Cusiana","Shape_Length":0.52725012173346619}},{"type":"Feature","id":1298,"geometry":{"type":"LineString","coordinates":[[-72.593937151999967,5.1207758200000626],[-72.781382421999979,4.8725222880000274],[-72.856791089999945,4.7461620450000623]]},"properties":{"OBJECTID":1298,"tipo":"Falla inversa o de cabalgamiento","nombre_falla":null,"Shape_Length":0.45822247705668323}},{"type":"Feature","id":1299,"geometry":{"type":"LineString","coordinates":[[-72.112732037999933,5.6085592120000456],[-72.209519998999951,5.5189744030000725]]},"properties":{"OBJECTID":1299,"tipo":"Falla inversa o de cabalgamiento","nombre_falla":"Falla de Yopal","Shape_Length":0.13188384054956356}},{"type":"Feature","id":1300,"geometry":{"type":"LineString","coordinates":[[-71.797539264999955,6.1749267180000516],[-71.815693955999961,6.0814419910000765],[-71.909196850999933,5.861018270000045],[-71.946316442999944,5.7882067640000514],[-72.034575004999965,5.7067912390000402]]},"properties":{"OBJECTID":1300,"tipo":"Falla inversa o de cabalgamiento","nombre_falla":"Falla de Yopal","Shape_Length":0.53646953598255531}},{"type":"Feature","id":1301,"geometry":{"type":"LineString","coordinates":[[-71.788962005999963,6.2016938580000556],[-71.797539264999955,6.1749267180000516]]},"properties":{"OBJECTID":1301,"tipo":"Falla inversa o de cabalgamiento cubierta","nombre_falla":"Falla de Yopal","Shape_Length":0.028107813072751821}},{"type":"Feature","id":1302,"geometry":{"type":"LineString","coordinates":[[-72.919572507999987,4.5874819740000703],[-72.954852336999977,4.5565664080000374]]},"properties":{"OBJECTID":1302,"tipo":"Falla inversa o de cabalgamiento cubierta","nombre_falla":"Falla de Cusiana","Shape_Length":0.046908832381236006}},{"type":"Feature","id":1303,"geometry":{"type":"LineString","coordinates":[[-72.954852336999977,4.5565664080000374],[-72.962396396999964,4.5490315530000203]]},"properties":{"OBJECTID":1303,"tipo":"Falla inversa o de cabalgamiento","nombre_falla":"Falla de Cusiana","Shape_Length":0.010662405036138908}},{"type":"Feature","id":1304,"geometry":{"type":"LineString","coordinates":[[-72.822975391999989,4.6980520870000646],[-72.829441012999951,4.67066946500006],[-72.919572507999987,4.5874819740000703]]},"properties":{"OBJECTID":1304,"tipo":"Falla inversa o de cabalgamiento","nombre_falla":"Falla de Cusiana","Shape_Length":0.15078895772863371}},{"type":"Feature","id":1305,"geometry":{"type":"LineString","coordinates":[[-72.817164339999977,4.7074711040000352],[-72.822975391999989,4.6980520870000646]]},"properties":{"OBJECTID":1305,"tipo":"Falla inversa o de cabalgamiento cubierta","nombre_falla":"Falla de Cusiana","Shape_Length":0.011067348670417297}},{"type":"Feature","id":1306,"geometry":{"type":"LineString","coordinates":[[-72.675989467999955,4.9073746880000613],[-72.750186864999989,4.8287616320000666],[-72.763876063999987,4.7838299500000403],[-72.817164339999977,4.7074711040000352]]},"properties":{"OBJECTID":1306,"tipo":"Falla inversa o de cabalgamiento","nombre_falla":"Falla de Cusiana","Shape_Length":0.24818366750199367}},{"type":"Feature","id":1307,"geometry":{"type":"LineString","coordinates":[[-72.614945137999939,5.0254223580000712],[-72.675989467999955,4.9073746880000613]]},"properties":{"OBJECTID":1307,"tipo":"Falla inversa o de cabalgamiento cubierta","nombre_falla":"Falla de Cusiana","Shape_Length":0.1328971881477635}},{"type":"Feature","id":1308,"geometry":{"type":"LineString","coordinates":[[-71.722466750999956,6.4537142200000517],[-71.739617709999948,6.4177540930000418],[-71.745965825999974,6.2890833050000765],[-71.788962005999963,6.2016938580000556]]},"properties":{"OBJECTID":1308,"tipo":"Falla inversa o de cabalgamiento","nombre_falla":"Falla de Yopal","Shape_Length":0.26606202608674778}},{"type":"Feature","id":1309,"geometry":{"type":"LineString","coordinates":[[-71.660654610999984,6.4704936530000623],[-71.93698122099994,6.3867512580000607],[-72.073309542999937,6.3059369180000431]]},"properties":{"OBJECTID":1309,"tipo":"Falla de rumbo dextral","nombre_falla":null,"Shape_Length":0.44721866993162895}},{"type":"Feature","id":1310,"geometry":{"type":"LineString","coordinates":[[-72.069089454999983,6.3014868350000484],[-72.117141453999977,6.260237006000068]]},"properties":{"OBJECTID":1310,"tipo":"Falla","nombre_falla":null,"Shape_Length":0.063328848090132811}},{"type":"Feature","id":1311,"geometry":{"type":"LineString","coordinates":[[-72.051039912999954,6.2843148010000505],[-72.20970290799994,6.3904392630000757],[-72.314515846999939,6.4258208030000219]]},"properties":{"OBJECTID":1311,"tipo":"Falla de rumbo sinestral","nombre_falla":"Falla de Martiña","Shape_Length":0.30150678416992938}},{"type":"Feature","id":1312,"geometry":{"type":"LineString","coordinates":[[-72.726672725999947,5.1634740860000647],[-72.778794667999989,5.1364443990000268]]},"properties":{"OBJECTID":1312,"tipo":"Falla inversa o de cabalgamiento","nombre_falla":null,"Shape_Length":0.058713719156392806}},{"type":"Feature","id":1313,"geometry":{"type":"LineString","coordinates":[[-72.109962800999938,6.1208856590000664],[-72.264628688999949,6.0334666100000618],[-72.343043567999985,6.025382617000048]]},"properties":{"OBJECTID":1313,"tipo":"Falla","nombre_falla":null,"Shape_Length":0.25649202949743144}},{"type":"Feature","id":1314,"geometry":{"type":"LineString","coordinates":[[-72.424973157999943,6.0938861130000532],[-72.428653010999938,6.1151091860000406]]},"properties":{"OBJECTID":1314,"tipo":"Falla","nombre_falla":null,"Shape_Length":0.021539734113130541}},{"type":"Feature","id":1315,"geometry":{"type":"LineString","coordinates":[[-72.411792423999941,6.1188090320000583],[-72.431931924999958,6.2207201970000483]]},"properties":{"OBJECTID":1315,"tipo":"Falla","nombre_falla":null,"Shape_Length":0.10388207281424869}},{"type":"Feature","id":1316,"geometry":{"type":"LineString","coordinates":[[-72.433302331999982,6.1890999210000359],[-72.456079491999958,6.2922415740000588],[-72.439806740999984,6.3245174460000726],[-72.445041554999989,6.3901905690000262],[-72.522530191999977,6.6278351560000601],[-72.549691469999971,6.7792721010000605]]},"properties":{"OBJECTID":1316,"tipo":"Falla","nombre_falla":null,"Shape_Length":0.61146646135041949}},{"type":"Feature","id":1317,"geometry":{"type":"LineString","coordinates":[[-72.442453477999948,6.1125193160000322],[-72.408871279999971,6.1200586500000327],[-72.364441119999981,6.1003983300000755]]},"properties":{"OBJECTID":1317,"tipo":"Falla","nombre_falla":null,"Shape_Length":0.083003769293413798}},{"type":"Feature","id":1318,"geometry":{"type":"LineString","coordinates":[[-72.457123262999971,6.1738500490000661],[-72.42853207099995,6.1984499550000578]]},"properties":{"OBJECTID":1318,"tipo":"Falla","nombre_falla":null,"Shape_Length":0.037717524245243529}},{"type":"Feature","id":1319,"geometry":{"type":"LineString","coordinates":[[-72.438123616999974,6.0871690390000595],[-72.376811621999934,6.0906683810000573],[-72.349970581999969,6.107428240000047]]},"properties":{"OBJECTID":1319,"tipo":"Falla","nombre_falla":null,"Shape_Length":0.093055641871282374}},{"type":"Feature","id":1320,"geometry":{"type":"LineString","coordinates":[[-72.711634936999985,6.7449385210000514],[-72.703022698999973,6.9126001570000426],[-72.682370816999935,7.0157909900000277],[-72.697460060999958,7.1205122830000391],[-72.716770897999936,7.1578668260000313]]},"properties":{"OBJECTID":1320,"tipo":"Falla","nombre_falla":"Falla de Servitá","Shape_Length":0.42097340237942399}},{"type":"Feature","id":1321,"geometry":{"type":"LineString","coordinates":[[-72.685276470999952,6.5384761420000359],[-72.708226360999959,6.6126271450000331],[-72.711634936999985,6.7449385210000514]]},"properties":{"OBJECTID":1321,"tipo":"Falla","nombre_falla":null,"Shape_Length":0.20997659019884429}},{"type":"Feature","id":1322,"geometry":{"type":"LineString","coordinates":[[-72.698587185999941,6.5127060360000542],[-72.69279678099997,6.5319361550000394],[-72.641754802999969,6.5610858660000417],[-72.623233849999963,6.5917459590000362],[-72.612969610999983,6.7072058430000538]]},"properties":{"OBJECTID":1322,"tipo":"Falla","nombre_falla":null,"Shape_Length":0.23059729020615558}},{"type":"Feature","id":1323,"geometry":{"type":"LineString","coordinates":[[-72.256020456999977,6.7297630560000243],[-72.161050309999951,6.8238472120000324]]},"properties":{"OBJECTID":1323,"tipo":"Falla","nombre_falla":null,"Shape_Length":0.13368304765915712}},{"type":"Feature","id":1324,"geometry":{"type":"LineString","coordinates":[[-72.318134053999984,6.5918424380000715],[-72.262081641999941,6.6449523020000356],[-72.050554948999945,6.7741089570000668]]},"properties":{"OBJECTID":1324,"tipo":"Falla de rumbo dextral","nombre_falla":null,"Shape_Length":0.32505806494701633}},{"type":"Feature","id":1325,"geometry":{"type":"LineString","coordinates":[[-72.225953431999983,6.3903594470000371],[-72.219514720999939,6.259138159000031],[-72.247787460999973,6.0956769830000326]]},"properties":{"OBJECTID":1325,"tipo":"Falla inversa o de cabalgamiento","nombre_falla":"Falla de Sácama","Shape_Length":0.297267386103927}},{"type":"Feature","id":1326,"geometry":{"type":"LineString","coordinates":[[-72.246131047999938,6.6524121910000531],[-72.222030820999976,6.6058114570000726],[-72.231443755999976,6.3903957620000256]]},"properties":{"OBJECTID":1326,"tipo":"Falla inversa o de cabalgamiento","nombre_falla":"Falla de Sácama","Shape_Length":0.2680850444393707}},{"type":"Feature","id":1327,"geometry":{"type":"LineString","coordinates":[[-72.245529957999963,6.7435430690000544],[-72.226100531999975,6.6635734340000567]]},"properties":{"OBJECTID":1327,"tipo":"Falla inversa o de cabalgamiento","nombre_falla":"Falla de Sácama","Shape_Length":0.082296082025342221}},{"type":"Feature","id":1328,"geometry":{"type":"LineString","coordinates":[[-72.120336149999957,6.7274914510000485],[-72.176797070999953,6.8024928450000743]]},"properties":{"OBJECTID":1328,"tipo":"Falla","nombre_falla":null,"Shape_Length":0.093877817945001635}},{"type":"Feature","id":1329,"geometry":{"type":"LineString","coordinates":[[-72.620079342999986,7.4444739660000323],[-72.560432161999984,7.4060137230000578],[-72.501671669999951,7.2905417520000242],[-72.496012472999951,7.2092708190000394],[-72.51778384399995,7.1533004850000452],[-72.497193649999986,7.1142998310000394],[-72.366580960999954,6.9871769540000628],[-72.238697874999957,6.9012945630000218]]},"properties":{"OBJECTID":1329,"tipo":"Falla inversa o de cabalgamiento","nombre_falla":"Falla de Labateca","Shape_Length":0.72246848572981048}},{"type":"Feature","id":1330,"geometry":{"type":"LineString","coordinates":[[-72.517550121999989,7.1494434010000418],[-72.606266893999987,7.3319183820000262]]},"properties":{"OBJECTID":1330,"tipo":"Falla","nombre_falla":"Falla del Ají","Shape_Length":0.20289845816329971}},{"type":"Feature","id":1331,"geometry":{"type":"LineString","coordinates":[[-72.75824701199997,7.2469787760000486],[-72.747499437999977,7.3072949010000343]]},"properties":{"OBJECTID":1331,"tipo":"Falla","nombre_falla":null,"Shape_Length":0.061266183836593109}},{"type":"Feature","id":1332,"geometry":{"type":"LineString","coordinates":[[-72.719651881999937,7.3124010150000345],[-72.646237629999973,7.1849423660000298]]},"properties":{"OBJECTID":1332,"tipo":"Falla de rumbo sinestral","nombre_falla":"Falla de Morro Negro","Shape_Length":0.14708963118323659}},{"type":"Feature","id":1333,"geometry":{"type":"LineString","coordinates":[[-72.719651881999937,7.3124010150000345],[-72.703246459999946,7.4340657650000708],[-72.709592591999979,7.5978620080000496],[-72.685411413999987,7.6682980650000445],[-72.657978795999952,7.7036360100000252],[-72.651436714999988,7.7480764160000604]]},"properties":{"OBJECTID":1333,"tipo":"Falla inversa o de cabalgamiento","nombre_falla":"Falla de Morro Negro","Shape_Length":0.45081167653536303}},{"type":"Feature","id":1334,"geometry":{"type":"LineString","coordinates":[[-72.473478094999962,7.6540383630000406],[-72.494798381999942,7.487542564000023],[-72.440198347999967,7.3998421890000259],[-72.437208762999944,7.3582616990000247],[-72.382317926999974,7.2815502180000635],[-72.238154250999969,7.2019376280000529]]},"properties":{"OBJECTID":1334,"tipo":"Falla inversa o de cabalgamiento","nombre_falla":null,"Shape_Length":0.57186395569361226}},{"type":"Feature","id":1335,"geometry":{"type":"LineString","coordinates":[[-73.589202379999961,8.4920896290000769],[-73.531111604999978,8.5718665050000595]]},"properties":{"OBJECTID":1335,"tipo":"Falla","nombre_falla":"Falla de Besote","Shape_Length":0.098685804877982231}},{"type":"Feature","id":1336,"geometry":{"type":"LineString","coordinates":[[-73.650585250999939,8.4295695890000388],[-73.589202379999961,8.4920896290000769]]},"properties":{"OBJECTID":1336,"tipo":"Falla cubierta","nombre_falla":"Falla de Besote","Shape_Length":0.087616278474986015}},{"type":"Feature","id":1337,"geometry":{"type":"LineString","coordinates":[[-73.508042539999963,8.2667256810000254],[-73.586904138999955,8.3489477330000454],[-73.645014995999986,8.4348695860000475]]},"properties":{"OBJECTID":1337,"tipo":"Falla inversa o de cabalgamiento","nombre_falla":"Falla de Aguachica","Shape_Length":0.21765582859550958}},{"type":"Feature","id":1338,"geometry":{"type":"LineString","coordinates":[[-73.572533824999937,8.3355873770000244],[-73.504053031999945,8.2172249960000272]]},"properties":{"OBJECTID":1338,"tipo":"Falla","nombre_falla":null,"Shape_Length":0.13674528235334574}},{"type":"Feature","id":1339,"geometry":{"type":"LineString","coordinates":[[-73.506702100999973,8.2339555620000624],[-73.455170711999983,8.2713350710000668],[-73.40878838499998,8.332925274000047]]},"properties":{"OBJECTID":1339,"tipo":"Falla","nombre_falla":null,"Shape_Length":0.14076262014091478}},{"type":"Feature","id":1340,"geometry":{"type":"LineString","coordinates":[[-73.496352484999989,8.2405251920000637],[-73.478112936999935,8.1752635530000362],[-73.452712546999976,8.1393636080000533],[-73.403232933999959,7.9566704720000416],[-73.350722470999983,7.8539385700000253]]},"properties":{"OBJECTID":1340,"tipo":"Falla","nombre_falla":null,"Shape_Length":0.41638876250831719}},{"type":"Feature","id":1341,"geometry":{"type":"LineString","coordinates":[[-73.004934553999988,8.3744206570000301],[-72.895846640999935,8.2761999620000211],[-72.808272789999933,8.1683252800000332],[-72.807323827999937,8.1370406460000595],[-72.842635907999977,8.065620415000069],[-72.814230038999938,8.0312328000000548],[-72.840767516999961,7.9551793430000544],[-72.829622268999969,7.8719005580000498],[-72.80002180799994,7.8239118780000467],[-72.820152236999945,7.7547105500000271],[-72.807694036999976,7.6942875950000484],[-72.824208320999958,7.6668879770000444]]},"properties":{"OBJECTID":1341,"tipo":"Falla inversa o de cabalgamiento","nombre_falla":"Falla de Las Mercedes","Shape_Length":0.82802232322125846}},{"type":"Feature","id":1342,"geometry":{"type":"LineString","coordinates":[[-72.861420296999938,8.1409937170000717],[-72.966258309999944,8.1886113420000584],[-73.042367045999981,8.2766599070000666],[-73.182430370999953,8.3791029820000631]]},"properties":{"OBJECTID":1342,"tipo":"Falla","nombre_falla":"Falla de Haca","Shape_Length":0.40505771740695051}},{"type":"Feature","id":1343,"geometry":{"type":"LineString","coordinates":[[-73.069766343999959,7.2128139830000464],[-73.050049581999986,7.2865283040000577],[-72.982486121999955,7.3895586440000329],[-72.965964935999978,7.4428190480000467],[-72.97472457899994,7.4961397640000769]]},"properties":{"OBJECTID":1343,"tipo":"Falla","nombre_falla":"Falla de Suratá","Shape_Length":0.30931250368692986}},{"type":"Feature","id":1344,"geometry":{"type":"LineString","coordinates":[[-73.083633107999958,7.0817464300000665],[-73.069766343999959,7.2128139830000464]]},"properties":{"OBJECTID":1344,"tipo":"Falla","nombre_falla":null,"Shape_Length":0.13179905384043622}},{"type":"Feature","id":1345,"geometry":{"type":"LineString","coordinates":[[-73.085141962999955,8.0008670630000438],[-73.117643530999942,7.961366981000026],[-73.123464694999939,7.8835861190000287],[-73.035894019999944,7.7054329240000357],[-73.039234700999941,7.6587924210000438],[-72.974723455999936,7.5879408130000456],[-72.95817458099998,7.5398246460000564]]},"properties":{"OBJECTID":1345,"tipo":"Falla","nombre_falla":null,"Shape_Length":0.5211270518963288}},{"type":"Feature","id":1346,"geometry":{"type":"LineString","coordinates":[[-73.116622370999949,7.2357585250000511],[-73.092390513999987,7.3244692340000483],[-73.030117205999943,7.4290396640000722],[-72.966262810999979,7.5037103660000639],[-72.95817458099998,7.5398246460000564]]},"properties":{"OBJECTID":1346,"tipo":"Falla","nombre_falla":null,"Shape_Length":0.34892823937390316}},{"type":"Feature","id":1347,"geometry":{"type":"LineString","coordinates":[[-73.124304080999934,7.9349567450000222],[-73.170155062999982,7.9776378330000739],[-73.192515109999988,8.0331087930000535],[-73.194586153999978,8.0874495490000413],[-73.180702649999944,8.1967806700000665],[-73.116428747999976,8.3347715810000409]]},"properties":{"OBJECTID":1347,"tipo":"Falla","nombre_falla":null,"Shape_Length":0.43926464419819344}},{"type":"Feature","id":1348,"geometry":{"type":"LineString","coordinates":[[-72.643823961999942,7.8490946360000748],[-72.634630449999975,8.012316715000054],[-72.584621741999968,8.1042288520000625],[-72.536279202999935,8.2935534150000763],[-72.528316678999943,8.490752546000067]]},"properties":{"OBJECTID":1348,"tipo":"Falla inversa o de cabalgamiento","nombre_falla":null,"Shape_Length":0.66087575697044099}},{"type":"Feature","id":1349,"geometry":{"type":"LineString","coordinates":[[-72.492891141999962,7.8740806230000544],[-72.484306192999952,7.8867669050000586]]},"properties":{"OBJECTID":1349,"tipo":"Falla","nombre_falla":"Falla de Cúcuta","Shape_Length":0.015318064509473921}},{"type":"Feature","id":1350,"geometry":{"type":"LineString","coordinates":[[-72.484306192999952,7.8867669050000586],[-72.462076282999988,7.9163948170000253]]},"properties":{"OBJECTID":1350,"tipo":"Falla cubierta","nombre_falla":null,"Shape_Length":0.037040276296003739}},{"type":"Feature","id":1351,"geometry":{"type":"LineString","coordinates":[[-72.422455053999954,8.137567648000072],[-72.435528180999938,8.0842803500000286],[-72.429317683999955,8.0055734020000386],[-72.561916743999973,7.8518637150000359]]},"properties":{"OBJECTID":1351,"tipo":"Falla inversa o de cabalgamiento","nombre_falla":"Falla de Tasajero","Shape_Length":0.33681953425751676}},{"type":"Feature","id":1352,"geometry":{"type":"LineString","coordinates":[[-72.422455053999954,8.137567648000072],[-72.353925828999934,8.1556670430000509]]},"properties":{"OBJECTID":1352,"tipo":"Falla inversa o de cabalgamiento cubierta","nombre_falla":"Falla de Piedemonte Occidental","Shape_Length":0.070879071512461672}},{"type":"Feature","id":1353,"geometry":{"type":"LineString","coordinates":[[-72.615357585999959,8.0865067810000255],[-72.65502214199995,8.0644614660000684],[-72.75392691899998,7.8964975870000558],[-72.754705526999942,7.8167673670000681],[-72.782388028999947,7.760012161000077]]},"properties":{"OBJECTID":1353,"tipo":"Falla inversa o de cabalgamiento","nombre_falla":"Falla de Cuperena","Shape_Length":0.38318023224727782}},{"type":"Feature","id":1354,"geometry":{"type":"LineString","coordinates":[[-72.393277449999971,8.0332586690000767],[-72.351720825999962,8.0760271570000555]]},"properties":{"OBJECTID":1354,"tipo":"Falla inversa o de cabalgamiento","nombre_falla":"Falla de Las Blanquitas","Shape_Length":0.05963301572185032}},{"type":"Feature","id":1355,"geometry":{"type":"LineString","coordinates":[[-72.851025031999939,7.7968744200000515],[-72.884119849999934,7.8497949520000248],[-73.024120510999978,7.956395758000042]]},"properties":{"OBJECTID":1355,"tipo":"Falla de rumbo dextral","nombre_falla":"Falla de Villa Caro","Shape_Length":0.23838241175062416}},{"type":"Feature","id":1356,"geometry":{"type":"LineString","coordinates":[[-73.008830268999986,7.9357553210000447],[-72.978627821999964,8.0507663300000445],[-72.995137948999968,8.0836169380000342],[-72.993536297999981,8.2091484500000433],[-73.017156536999948,8.2512992720000398]]},"properties":{"OBJECTID":1356,"tipo":"Falla","nombre_falla":null,"Shape_Length":0.32953616854008622}},{"type":"Feature","id":1357,"geometry":{"type":"LineString","coordinates":[[-74.017116686999941,7.5201036790000444],[-73.874410510999951,7.533233861000042],[-73.829569454999955,7.5522428980000313]]},"properties":{"OBJECTID":1357,"tipo":"Falla de rumbo dextral cubierta","nombre_falla":"Falla de Cañaletal","Shape_Length":0.19201278473843991}},{"type":"Feature","id":1358,"geometry":{"type":"LineString","coordinates":[[-73.829569454999955,7.5522428980000313],[-73.712622952999936,7.6522299180000459],[-73.615988393999942,7.81055086300006],[-73.533192574999987,7.9005501380000283]]},"properties":{"OBJECTID":1358,"tipo":"Falla inferida","nombre_falla":null,"Shape_Length":0.46163642599799626}},{"type":"Feature","id":1359,"geometry":{"type":"LineString","coordinates":[[-74.321831375999977,7.324613710000051],[-74.231847502999983,7.3961135430000695],[-74.109592685999985,7.4542528230000471],[-74.017116686999941,7.5201036790000444]]},"properties":{"OBJECTID":1359,"tipo":"Falla","nombre_falla":null,"Shape_Length":0.36383288443836298}},{"type":"Feature","id":1360,"geometry":{"type":"LineString","coordinates":[[-72.728583801999946,6.8895002130000762],[-72.835678083999937,6.8204507420000482]]},"properties":{"OBJECTID":1360,"tipo":"Falla de rumbo dextral","nombre_falla":"Falla del Río Listará","Shape_Length":0.12742454505501438}},{"type":"Feature","id":1361,"geometry":{"type":"LineString","coordinates":[[-72.820937493999963,6.82992067400005],[-72.829757386999972,6.863771125000028],[-72.811956505999945,6.8893911850000222],[-72.802514089999988,7.0689129810000395],[-72.758431934999976,7.1290530960000638]]},"properties":{"OBJECTID":1361,"tipo":"Falla","nombre_falla":"Falla de Baraya","Shape_Length":0.32051353777843272}},{"type":"Feature","id":1362,"geometry":{"type":"LineString","coordinates":[[-72.799550160999956,6.5385674460000587],[-72.779909162999957,6.5702875340000446],[-72.781648480999934,6.6346782070000359],[-72.804658772999971,6.6744188760000611],[-72.80203720999998,6.8014401540000335],[-72.818017385999951,6.8310206520000634]]},"properties":{"OBJECTID":1362,"tipo":"Falla","nombre_falla":"Falla de Baraya","Shape_Length":0.30831371752581926}},{"type":"Feature","id":1363,"geometry":{"type":"LineString","coordinates":[[-72.815438487999984,6.9425977550000653],[-72.728251541999953,7.0795422160000498],[-72.741150864999952,7.1715133520000336],[-72.730269633999967,7.2449540220000586],[-72.74399916699997,7.2785649040000635]]},"properties":{"OBJECTID":1363,"tipo":"Falla","nombre_falla":"Falla de Socotá","Shape_Length":0.3657639289846002}},{"type":"Feature","id":1364,"geometry":{"type":"LineString","coordinates":[[-72.724735610999971,7.1136358820000396],[-72.722570470999983,7.1542929440000762],[-72.683688213999972,7.2372033750000355]]},"properties":{"OBJECTID":1364,"tipo":"Falla","nombre_falla":"Falla de Bábega","Shape_Length":0.13228961120647537}},{"type":"Feature","id":1365,"geometry":{"type":"LineString","coordinates":[[-75.715714500999979,2.4441693590000568],[-75.81663759099996,2.4862004170000205]]},"properties":{"OBJECTID":1365,"tipo":"Falla cubierta","nombre_falla":"Falla de Paso de Bobo","Shape_Length":0.10932556851780149}},{"type":"Feature","id":1366,"geometry":{"type":"LineString","coordinates":[[-75.614300201999981,2.6935997680000696],[-75.636830345999954,2.6472502830000622],[-75.706063091999965,2.5915103850000492],[-75.750935246999973,2.5041250690000538],[-75.78520876999994,2.4698603330000424]]},"properties":{"OBJECTID":1366,"tipo":"Falla inversa o de cabalgamiento","nombre_falla":"Falla de Pacarní","Shape_Length":0.28711458454139677}},{"type":"Feature","id":1367,"geometry":{"type":"LineString","coordinates":[[-76.10175010599994,2.0831295210000462],[-76.031127549999951,2.1069191920000208],[-75.922413379999966,2.1776989260000619],[-75.853120384999954,2.2706791030000204],[-75.824739002999934,2.3291193180000391],[-75.815588026999933,2.4218399360000262],[-75.780226500999959,2.4672700130000749]]},"properties":{"OBJECTID":1367,"tipo":"Falla inversa o de cabalgamiento","nombre_falla":"Falla de Las Minas-San Andrés","Shape_Length":0.53591581297969315}},{"type":"Feature","id":1368,"geometry":{"type":"LineString","coordinates":[[-77.196398427999952,1.9601560790000576],[-77.297663929999942,1.7655228630000579]]},"properties":{"OBJECTID":1368,"tipo":"Falla inversa o de cabalgamiento cubierta","nombre_falla":"Falla de Cali-Patía","Shape_Length":0.21940098146045856}},{"type":"Feature","id":1369,"geometry":{"type":"LineString","coordinates":[[-77.297663929999942,1.7655228630000579],[-77.338245230999974,1.6687847320000628]]},"properties":{"OBJECTID":1369,"tipo":"Falla inversa o de cabalgamiento","nombre_falla":"Falla de Cali-Patía","Shape_Length":0.10490523333098005}},{"type":"Feature","id":1370,"geometry":{"type":"LineString","coordinates":[[-77.336082644999976,2.0568077970000331],[-77.201825743999962,1.9635534190000499]]},"properties":{"OBJECTID":1370,"tipo":"Falla","nombre_falla":"Falla de Mamacón de San Jorge","Shape_Length":0.1634664934544432}},{"type":"Feature","id":1371,"geometry":{"type":"LineString","coordinates":[[-76.971037793999983,2.3780679160000204],[-77.011531784999988,2.4260016000000633]]},"properties":{"OBJECTID":1371,"tipo":"Falla","nombre_falla":null,"Shape_Length":0.062748716073912386}},{"type":"Feature","id":1372,"geometry":{"type":"LineString","coordinates":[[-76.539869788999965,2.8983485580000661],[-76.661495379999963,2.6228677150000408],[-76.773770695999985,2.4201268670000218],[-76.803772718999937,2.2771359240000493],[-76.830743034999955,2.2325662400000397]]},"properties":{"OBJECTID":1372,"tipo":"Falla cubierta","nombre_falla":"Falla de Mosquerillo","Shape_Length":0.7310878217477953}},{"type":"Feature","id":1373,"geometry":{"type":"LineString","coordinates":[[-76.971037793999983,2.3780679160000204],[-76.992249020999964,2.306997478000028],[-76.991149312999937,2.259437083000023],[-77.039325854999959,2.1658963940000717]]},"properties":{"OBJECTID":1373,"tipo":"Falla inversa o de cabalgamiento","nombre_falla":"Falla de Cali-Patía","Shape_Length":0.22695937461969876}},{"type":"Feature","id":1374,"geometry":{"type":"LineString","coordinates":[[-77.039325854999959,2.1658963940000717],[-77.121315358999937,2.0309061420000489],[-77.199278436999975,1.9621663770000737]]},"properties":{"OBJECTID":1374,"tipo":"Falla inversa o de cabalgamiento cubierta","nombre_falla":"Falla de Cali-Patía","Shape_Length":0.26187813428605572}},{"type":"Feature","id":1375,"geometry":{"type":"LineString","coordinates":[[-75.880455309999945,1.498970044000032],[-75.904128199999946,1.4869095640000296],[-75.949441169999943,1.4109604600000694],[-76.094165018999945,1.304964195000025]]},"properties":{"OBJECTID":1375,"tipo":"Falla inversa o de cabalgamiento","nombre_falla":"Falla de Florencia Norte","Shape_Length":0.29439587369268022}},{"type":"Feature","id":1376,"geometry":{"type":"LineString","coordinates":[[-75.880455309999945,1.498970044000032],[-75.794557017999978,1.5734157080000273],[-75.614458049999939,1.6904566660000455]]},"properties":{"OBJECTID":1376,"tipo":"Falla inversa o de cabalgamiento","nombre_falla":"Falla de San Antonio","Shape_Length":0.32845792986999028}},{"type":"Feature","id":1377,"geometry":{"type":"LineString","coordinates":[[-71.914987977999942,6.86612036300005],[-71.873697149999941,6.8258194780000281],[-71.855258042999935,6.7011280710000278],[-71.788981616999934,6.6049667240000645],[-71.791728947999957,6.4304420520000463]]},"properties":{"OBJECTID":1377,"tipo":"Falla inversa o de cabalgamiento","nombre_falla":null,"Shape_Length":0.47508056352308548}},{"type":"Feature","id":1378,"geometry":{"type":"LineString","coordinates":[[-71.906537391999962,6.892710523000062],[-71.892437227999949,6.868820124000024],[-71.856193288999975,6.8556411580000258]]},"properties":{"OBJECTID":1378,"tipo":"Falla inversa o de cabalgamiento","nombre_falla":null,"Shape_Length":0.066306684539790647}},{"type":"Feature","id":1379,"geometry":{"type":"LineString","coordinates":[[-72.138753095999959,7.0338047090000373],[-71.969044829999973,6.9821767950000435]]},"properties":{"OBJECTID":1379,"tipo":"Falla inversa o de cabalgamiento","nombre_falla":null,"Shape_Length":0.17738753353241291}},{"type":"Feature","id":1380,"geometry":{"type":"LineString","coordinates":[[-71.952582133999954,6.9711063740000441],[-71.89991506299998,6.9032788160000678]]},"properties":{"OBJECTID":1380,"tipo":"Falla inversa o de cabalgamiento","nombre_falla":null,"Shape_Length":0.085874315088717859}},{"type":"Feature","id":1381,"geometry":{"type":"LineString","coordinates":[[-71.969044829999973,6.9821767950000435],[-71.952582133999954,6.9711063740000441]]},"properties":{"OBJECTID":1381,"tipo":"Falla inversa o de cabalgamiento cubierta","nombre_falla":null,"Shape_Length":0.01983871418984293}},{"type":"Feature","id":1382,"geometry":{"type":"LineString","coordinates":[[-72.238697874999957,6.9012945630000218],[-72.234620476999964,6.9892684180000515],[-72.294597232999934,7.1051273040000638],[-72.281786564999948,7.1265673770000717]]},"properties":{"OBJECTID":1382,"tipo":"Falla","nombre_falla":"Falla de La Loma de San José","Shape_Length":0.24350669122414353}},{"type":"Feature","id":1383,"geometry":{"type":"LineString","coordinates":[[-72.168561197999963,7.2729640530000665],[-72.231513894999978,7.2140076800000656],[-72.281786564999948,7.1265673770000717]]},"properties":{"OBJECTID":1383,"tipo":"Falla inversa o de cabalgamiento","nombre_falla":null,"Shape_Length":0.18711105890240629}},{"type":"Feature","id":1384,"geometry":{"type":"LineString","coordinates":[[-72.827105920999941,7.4880135330000712],[-72.918205590999946,7.2594164220000721]]},"properties":{"OBJECTID":1384,"tipo":"Falla de rumbo dextral","nombre_falla":"Falla de Río Cucutilla","Shape_Length":0.24608085872667104}},{"type":"Feature","id":1385,"geometry":{"type":"LineString","coordinates":[[-72.956156644999965,7.2749170490000665],[-72.862814175999972,7.2257853970000383],[-72.802052175999961,7.2274846910000292]]},"properties":{"OBJECTID":1385,"tipo":"Falla","nombre_falla":"Falla de Río Charta","Shape_Length":0.1662691003769371}},{"type":"Feature","id":1386,"geometry":{"type":"LineString","coordinates":[[-72.949378154999977,7.1292953720000583],[-73.00108129299997,7.0068846520000534],[-73.008166716999938,6.9241560500000219]]},"properties":{"OBJECTID":1386,"tipo":"Falla","nombre_falla":"Falla de Sevilla","Shape_Length":0.2159133669940575}},{"type":"Feature","id":1387,"geometry":{"type":"LineString","coordinates":[[-73.144317143999956,7.7417446870000504],[-73.129725943999972,7.8000252000000501],[-73.172836705999941,7.9113993320000304]]},"properties":{"OBJECTID":1387,"tipo":"Falla","nombre_falla":"Falla de Veguitas","Shape_Length":0.17950598520827446}},{"type":"Feature","id":1388,"geometry":{"type":"LineString","coordinates":[[-73.119324853999956,7.8600357870000721],[-73.198526518999984,7.936637691000044],[-73.250273499999935,8.0144371820000515],[-73.340997552999966,8.2203729890000545]]},"properties":{"OBJECTID":1388,"tipo":"Falla","nombre_falla":null,"Shape_Length":0.42865654163840383}},{"type":"Feature","id":1389,"geometry":{"type":"LineString","coordinates":[[-73.229600905999973,8.4499744970000279],[-73.250092537999933,8.3762638120000474],[-73.313035719999959,8.2914435350000417],[-73.330646713999954,8.2299941420000664]]},"properties":{"OBJECTID":1389,"tipo":"Falla","nombre_falla":null,"Shape_Length":0.24605272155709743}},{"type":"Feature","id":1390,"geometry":{"type":"LineString","coordinates":[[-74.620038313999942,6.5766034450000461],[-74.684692458999962,6.5440585150000743]]},"properties":{"OBJECTID":1390,"tipo":"Falla de rumbo sinestral","nombre_falla":null,"Shape_Length":0.072383222741092948}},{"type":"Feature","id":1391,"geometry":{"type":"LineString","coordinates":[[-74.63810065399997,6.5649582520000536],[-74.758922909999967,6.7330915390000428],[-74.865044145999946,6.947905295000055]]},"properties":{"OBJECTID":1391,"tipo":"Falla","nombre_falla":null,"Shape_Length":0.44663992170246236}},{"type":"Feature","id":1392,"geometry":{"type":"LineString","coordinates":[[-74.430137314999968,7.1280325740000308],[-74.460016448999966,7.0313962700000729],[-74.463671154999986,6.8890300980000347],[-74.514809500999945,6.7865741640000579],[-74.579167892999976,6.7138489030000414]]},"properties":{"OBJECTID":1392,"tipo":"Falla inversa o de cabalgamiento","nombre_falla":null,"Shape_Length":0.45518547744040999}},{"type":"Feature","id":1393,"geometry":{"type":"LineString","coordinates":[[-75.572753448999947,8.0906101670000226],[-75.560782236999955,8.2831067780000467]]},"properties":{"OBJECTID":1393,"tipo":"Falla cubierta","nombre_falla":null,"Shape_Length":0.19286849188823807}},{"type":"Feature","id":1394,"geometry":{"type":"LineString","coordinates":[[-77.56385013199997,1.2745206540000709],[-77.410638689999985,1.5171340300000224],[-77.394592700999965,1.6094885840000757]]},"properties":{"OBJECTID":1394,"tipo":"Falla","nombre_falla":null,"Shape_Length":0.38067888585851439}},{"type":"Feature","id":1395,"geometry":{"type":"LineString","coordinates":[[-72.471427667999933,6.7039553210000236],[-72.531855478999944,6.6688069840000708]]},"properties":{"OBJECTID":1395,"tipo":"Falla","nombre_falla":null,"Shape_Length":0.069906551453460308}},{"type":"Feature","id":1396,"geometry":{"type":"LineString","coordinates":[[-72.437908370999935,6.550413413000058],[-72.373056466999969,6.5350925200000347]]},"properties":{"OBJECTID":1396,"tipo":"Falla","nombre_falla":null,"Shape_Length":0.066637070874543305}},{"type":"Feature","id":1397,"geometry":{"type":"LineString","coordinates":[[-72.506216067999958,6.9360980820000577],[-72.289974785999959,6.7953112110000689]]},"properties":{"OBJECTID":1397,"tipo":"Falla","nombre_falla":null,"Shape_Length":0.25803339916950757}},{"type":"Feature","id":1398,"geometry":{"type":"LineString","coordinates":[[-72.606266893999987,7.3319183820000262],[-72.611565713999937,7.2501326470000436],[-72.650818174999984,7.1511120550000555]]},"properties":{"OBJECTID":1398,"tipo":"Falla","nombre_falla":"Falla de Chitagá","Shape_Length":0.18847402983687961}},{"type":"Feature","id":1399,"geometry":{"type":"LineString","coordinates":[[-72.228639241999986,6.7589930230000732],[-72.271051278999948,6.7915697410000462],[-72.388747341999988,6.8266034050000712],[-72.508294623999973,6.9377700980000441],[-72.575067747999981,6.9814693640000769],[-72.617972302999988,7.033886677000055]]},"properties":{"OBJECTID":1399,"tipo":"Falla inversa o de cabalgamiento","nombre_falla":"Falla de Chitagá","Shape_Length":0.48706473910839082}},{"type":"Feature","id":1400,"geometry":{"type":"LineString","coordinates":[[-72.261417429999938,6.9155442480000602],[-72.263480022999943,6.7873237130000348]]},"properties":{"OBJECTID":1400,"tipo":"Falla inversa o de cabalgamiento","nombre_falla":"Falla de Palo de Hacha","Shape_Length":0.12823712366384551}},{"type":"Feature","id":1401,"geometry":{"type":"LineString","coordinates":[[-72.251418040999965,6.9091775370000619],[-72.216786826999964,6.8653064070000482],[-72.128514214999939,6.8002116820000538],[-72.041668836999975,6.7687441900000636],[-72.034363823999968,6.661846702000048]]},"properties":{"OBJECTID":1401,"tipo":"Falla inversa o de cabalgamiento","nombre_falla":"Falla de Cucharima","Shape_Length":0.36508861571704088}},{"type":"Feature","id":1402,"geometry":{"type":"LineString","coordinates":[[-72.161050309999951,6.8238472120000324],[-72.138418317999935,6.846701410000037]]},"properties":{"OBJECTID":1402,"tipo":"Falla","nombre_falla":null,"Shape_Length":0.032163977181190739}},{"type":"Feature","id":1403,"geometry":{"type":"LineString","coordinates":[[-72.251418040999965,6.9091775370000619],[-72.347469689999969,7.0422372840000662],[-72.387630041999955,7.120088575000068],[-72.405189617999952,7.2027996610000287]]},"properties":{"OBJECTID":1403,"tipo":"Falla inversa o de cabalgamiento","nombre_falla":"Falla de Río Colorado","Shape_Length":0.33626013308085972}},{"type":"Feature","id":1404,"geometry":{"type":"LineString","coordinates":[[-72.405189617999952,7.2027996610000287],[-72.399644534999936,7.3016772800000354]]},"properties":{"OBJECTID":1404,"tipo":"Falla","nombre_falla":null,"Shape_Length":0.099032981801961031}},{"type":"Feature","id":1405,"geometry":{"type":"LineString","coordinates":[[-72.240096513999958,6.9473247720000586],[-72.134004092999987,6.8432803860000604],[-71.984106478999934,6.8105454010000699],[-71.978870430999962,6.7467126320000261],[-71.915709612999933,6.7300590600000305]]},"properties":{"OBJECTID":1405,"tipo":"Falla inversa o de cabalgamiento","nombre_falla":"Falla de Loma de San José-Guaicáramo","Shape_Length":0.4313931814131664}},{"type":"Feature","id":1406,"geometry":{"type":"LineString","coordinates":[[-72.182419993999986,6.8879789590000655],[-72.17515272199995,6.9516497740000318],[-72.188128279999944,7.03810145500006],[-72.163666651999961,7.0870177050000507],[-72.109921247999978,7.1415623200000482]]},"properties":{"OBJECTID":1406,"tipo":"Falla inversa o de cabalgamiento","nombre_falla":"Falla de Samoré","Shape_Length":0.28277050916127827}},{"type":"Feature","id":1407,"geometry":{"type":"LineString","coordinates":[[-71.866557760999967,6.7558530490000521],[-71.98183609299997,6.8071732150000344]]},"properties":{"OBJECTID":1407,"tipo":"Falla","nombre_falla":"Falla de Esmeralda","Shape_Length":0.12618578868861802}},{"type":"Feature","id":1408,"geometry":{"type":"LineString","coordinates":[[-72.130405247999988,6.3294901530000516],[-72.114483405999977,6.3461234330000593],[-72.127661708999938,6.4466731500000378],[-72.109602999999936,6.6108480150000446],[-72.034363823999968,6.661846702000048],[-71.966594062999945,6.6695983620000447],[-71.917241224999941,6.7121956840000507]]},"properties":{"OBJECTID":1408,"tipo":"Falla inversa o de cabalgamiento","nombre_falla":"Falla de Uruguay","Shape_Length":0.51390006493219342}},{"type":"Feature","id":1409,"geometry":{"type":"LineString","coordinates":[[-71.911313460999963,6.6522620390000498],[-71.94207258199998,6.6059862250000378],[-71.916635473999975,6.5017658620000702],[-71.935545773999934,6.4344264000000635],[-71.978565021999941,6.3651691000000596]]},"properties":{"OBJECTID":1409,"tipo":"Falla inversa o de cabalgamiento","nombre_falla":"Falla de Guaicáramo","Shape_Length":0.31432045501508593}},{"type":"Feature","id":1410,"geometry":{"type":"LineString","coordinates":[[-71.915709612999933,6.7300590600000305],[-71.911313460999963,6.6522620390000498],[-71.852566836999983,6.5573805320000247],[-71.93698122099994,6.3867512580000607]]},"properties":{"OBJECTID":1410,"tipo":"Falla inversa o de cabalgamiento","nombre_falla":"Falla de Guaicáramo","Shape_Length":0.37988555163492821}},{"type":"Feature","id":1411,"geometry":{"type":"LineString","coordinates":[[-71.882341417999953,7.0188805190000494],[-71.731890131999933,6.7034047890000465],[-71.708465907999937,6.5625825620000455],[-71.715246505999971,6.4558441610000727]]},"properties":{"OBJECTID":1411,"tipo":"Falla inversa o de cabalgamiento","nombre_falla":"Falla de Yopal","Shape_Length":0.59922536945205662}},{"type":"Feature","id":1412,"geometry":{"type":"LineString","coordinates":[[-72.110904458999983,6.1688968380000233],[-72.117141453999977,6.260237006000068],[-72.106318851999958,6.3108591260000253]]},"properties":{"OBJECTID":1412,"tipo":"Falla inversa o de cabalgamiento","nombre_falla":"Falla de Agua Blanca","Shape_Length":0.14331894806231837}},{"type":"Feature","id":1413,"geometry":{"type":"LineString","coordinates":[[-71.845504036999955,6.1565829920000397],[-71.862615442999981,6.0804225110000516],[-71.90982293199994,5.9940484950000723],[-71.949292776999982,5.8383592540000677],[-72.088586992999979,5.6803216070000531],[-72.165686377999975,5.6211489770000753]]},"properties":{"OBJECTID":1413,"tipo":"Falla inversa o de cabalgamiento","nombre_falla":"Falla de Paz de Ariporo","Shape_Length":0.6449581313073478}},{"type":"Feature","id":1414,"geometry":{"type":"LineString","coordinates":[[-71.791728947999957,6.4304420520000463],[-71.848495300999957,6.1794854420000433]]},"properties":{"OBJECTID":1414,"tipo":"Falla inversa o de cabalgamiento","nombre_falla":"Falla de Paz de Ariporo","Shape_Length":0.25729679153773805}},{"type":"Feature","id":1415,"geometry":{"type":"LineString","coordinates":[[-71.848495300999957,6.1794854420000433],[-71.845504036999955,6.1565829920000397]]},"properties":{"OBJECTID":1415,"tipo":"Falla inversa o de cabalgamiento cubierta","nombre_falla":"Falla de Paz de Ariporo","Shape_Length":0.023096966820783566}},{"type":"Feature","id":1416,"geometry":{"type":"LineString","coordinates":[[-72.024357584999962,6.3407566780000479],[-72.064349763999985,6.2614464160000693]]},"properties":{"OBJECTID":1416,"tipo":"Falla inversa o de cabalgamiento","nombre_falla":"Falla de Guaicáramo","Shape_Length":0.088822812608446308}},{"type":"Feature","id":1417,"geometry":{"type":"LineString","coordinates":[[-72.064428428999975,6.2605996360000518],[-72.07679649399995,6.201547425000058],[-72.059816732999934,6.1344183400000247],[-72.073126499999944,5.9267355380000595],[-72.126524563999965,5.7929320330000564],[-72.151287170999979,5.6437496300000589],[-72.33138672299998,5.4225947640000527]]},"properties":{"OBJECTID":1417,"tipo":"Falla inversa o de cabalgamiento","nombre_falla":null,"Shape_Length":0.91818524471126739}},{"type":"Feature","id":1418,"geometry":{"type":"LineString","coordinates":[[-72.069089459999987,6.1563343260000352],[-72.10870218599996,6.0731522540000356],[-72.096668264999948,6.0259119210000449],[-72.115451091999944,5.9745661900000755],[-72.098579357999938,5.9242634210000347],[-72.186408289999974,5.8451740850000533],[-72.224250638999933,5.7395935900000268],[-72.267587128999935,5.6874869650000619],[-72.317331369999977,5.582059030000039],[-72.408506437999961,5.4936897190000309],[-72.430386628999941,5.4880546240000285],[-72.447251617999939,5.5032357210000669],[-72.484441768999943,5.4870385870000291],[-72.591116203999945,5.3745644330000459],[-72.710581778999938,5.2054942650000271]]},"properties":{"OBJECTID":1418,"tipo":"Falla inversa o de cabalgamiento","nombre_falla":"Falla de Guaicáramo","Shape_Length":1.238163534245879}},{"type":"Feature","id":1419,"geometry":{"type":"LineString","coordinates":[[-72.245410473999982,6.0447391310000285],[-72.27487567999998,5.9965895820000696],[-72.277996055999949,5.8568381960000693],[-72.375218408999956,5.6403220260000353],[-72.508628632999944,5.515786275000039],[-72.601956309999935,5.3976947400000199],[-72.691079911999964,5.3256650720000493],[-72.699581153999986,5.2318343690000688],[-72.735430406999967,5.1620942970000669]]},"properties":{"OBJECTID":1419,"tipo":"Falla inversa o de cabalgamiento","nombre_falla":"Falla de Pajarito","Shape_Length":1.053821149911059}},{"type":"Feature","id":1420,"geometry":{"type":"LineString","coordinates":[[-72.552966492999985,5.7716254600000525],[-72.488983014999974,5.8182040990000701],[-72.457960541999967,5.9146086650000598]]},"properties":{"OBJECTID":1420,"tipo":"Falla inversa o de cabalgamiento","nombre_falla":"Falla de La Palma","Shape_Length":0.18041506045682587}},{"type":"Feature","id":1421,"geometry":{"type":"LineString","coordinates":[[-72.457960541999967,5.9146086650000598],[-72.369566316999965,6.0340416910000272]]},"properties":{"OBJECTID":1421,"tipo":"Falla inversa o de cabalgamiento","nombre_falla":"Falla de San Agustín","Shape_Length":0.14858595732053498}},{"type":"Feature","id":1422,"geometry":{"type":"LineString","coordinates":[[-72.369566316999965,6.0340416910000272],[-72.352449859999979,6.0590696460000686],[-72.349970581999969,6.107428240000047]]},"properties":{"OBJECTID":1422,"tipo":"Falla","nombre_falla":"Falla de San Agustín","Shape_Length":0.078743248525529025}},{"type":"Feature","id":1423,"geometry":{"type":"LineString","coordinates":[[-72.369566316999965,6.0340416910000272],[-72.285688989999983,6.0665171470000701],[-72.159003996999957,6.1529665010000372],[-72.110904458999983,6.1688968380000233]]},"properties":{"OBJECTID":1423,"tipo":"Falla de rumbo dextral","nombre_falla":null,"Shape_Length":0.29398442645191913}},{"type":"Feature","id":1424,"geometry":{"type":"LineString","coordinates":[[-72.833063438999943,5.4232273930000474],[-72.725409209999953,5.4968568890000711],[-72.61449547999996,5.5139258590000395]]},"properties":{"OBJECTID":1424,"tipo":"Falla","nombre_falla":"Falla de Hirva","Shape_Length":0.24264466239954857}},{"type":"Feature","id":1425,"geometry":{"type":"LineString","coordinates":[[-72.415099019999957,6.0781939600000214],[-72.419076805999964,6.0943671560000325]]},"properties":{"OBJECTID":1425,"tipo":"Falla","nombre_falla":null,"Shape_Length":0.016655180885136865}},{"type":"Feature","id":1426,"geometry":{"type":"LineString","coordinates":[[-72.453314486999943,6.0526688900000636],[-72.400065926999957,6.0908078930000329]]},"properties":{"OBJECTID":1426,"tipo":"Falla","nombre_falla":null,"Shape_Length":0.065498035786607872}},{"type":"Feature","id":1427,"geometry":{"type":"LineString","coordinates":[[-72.710770137999987,6.7252783160000718],[-72.691744125999946,6.7593284360000325],[-72.601090746999944,6.7979677790000324]]},"properties":{"OBJECTID":1427,"tipo":"Falla","nombre_falla":null,"Shape_Length":0.13754970386291709}},{"type":"Feature","id":1428,"geometry":{"type":"LineString","coordinates":[[-72.703446424999981,6.5930468910000286],[-72.669165051999983,6.6163967280000406],[-72.625308258999951,6.6808343380000679],[-72.598101018999955,6.7661874240000657],[-72.602720820999934,6.7962677800000506]]},"properties":{"OBJECTID":1428,"tipo":"Falla","nombre_falla":null,"Shape_Length":0.23944187455747523}},{"type":"Feature","id":1429,"geometry":{"type":"LineString","coordinates":[[-72.556993004999981,6.3451789370000711],[-72.555013065999958,6.4686639650000757],[-72.577403394999976,6.5031445570000415],[-72.59305279299997,6.5996456900000453],[-72.611533426999983,6.62413129600003]]},"properties":{"OBJECTID":1429,"tipo":"Falla","nombre_falla":null,"Shape_Length":0.29305222573776779}},{"type":"Feature","id":1430,"geometry":{"type":"LineString","coordinates":[[-72.576597296999978,6.1531671900000333],[-72.558037500999944,6.2911759290000759]]},"properties":{"OBJECTID":1430,"tipo":"Falla","nombre_falla":null,"Shape_Length":0.13925113309393483}},{"type":"Feature","id":1431,"geometry":{"type":"LineString","coordinates":[[-72.558037500999944,6.2911759290000759],[-72.556993004999981,6.3451789370000711]]},"properties":{"OBJECTID":1431,"tipo":"Falla cubierta","nombre_falla":null,"Shape_Length":0.054013108084440736}},{"type":"Feature","id":1432,"geometry":{"type":"LineString","coordinates":[[-72.584978877999959,6.0365502030000471],[-72.59860852199995,6.108851019000042],[-72.583647529999951,6.1545112800000652]]},"properties":{"OBJECTID":1432,"tipo":"Falla","nombre_falla":null,"Shape_Length":0.12162312026476027}},{"type":"Feature","id":1433,"geometry":{"type":"LineString","coordinates":[[-72.694223655999963,5.9209503390000577],[-72.67360316099996,5.9061099730000706],[-72.643952117999959,5.9143497250000223],[-72.628753073999974,6.0037301660000253],[-72.584978877999959,6.0365502030000471]]},"properties":{"OBJECTID":1433,"tipo":"Falla","nombre_falla":"Falla de Cortizal","Shape_Length":0.20155506793265024}},{"type":"Feature","id":1434,"geometry":{"type":"LineString","coordinates":[[-72.411772848999988,6.0811286860000564],[-72.424793749999935,6.0370184320000249],[-72.469877792999966,6.0173587320000479]]},"properties":{"OBJECTID":1434,"tipo":"Falla","nombre_falla":null,"Shape_Length":0.095176028393133896}},{"type":"Feature","id":1435,"geometry":{"type":"LineString","coordinates":[[-73.07386022999998,5.41332004100002],[-73.014524237999979,5.4644921300000533]]},"properties":{"OBJECTID":1435,"tipo":"Falla","nombre_falla":null,"Shape_Length":0.078353957393685836}},{"type":"Feature","id":1436,"geometry":{"type":"LineString","coordinates":[[-73.014524237999979,5.4644921300000533],[-72.97010069199996,5.5125278240000739]]},"properties":{"OBJECTID":1436,"tipo":"Falla","nombre_falla":null,"Shape_Length":0.065428429121287851}},{"type":"Feature","id":1437,"geometry":{"type":"LineString","coordinates":[[-72.897451283999942,5.5806573210000465],[-72.779799019999984,5.6786590680000586],[-72.698255078999978,5.80174930000004]]},"properties":{"OBJECTID":1437,"tipo":"Falla","nombre_falla":null,"Shape_Length":0.30077249430766295}},{"type":"Feature","id":1438,"geometry":{"type":"LineString","coordinates":[[-72.695463383999936,5.8012605660000531],[-72.634742571999936,5.8450690010000699],[-72.60093031699995,5.9526696090000542],[-72.508806619999973,6.0206692110000404]]},"properties":{"OBJECTID":1438,"tipo":"Falla","nombre_falla":null,"Shape_Length":0.30216471097527325}},{"type":"Feature","id":1439,"geometry":{"type":"LineString","coordinates":[[-72.966711656999962,5.5237336730000379],[-72.895428298999946,5.5309855550000293]]},"properties":{"OBJECTID":1439,"tipo":"Falla cubierta","nombre_falla":null,"Shape_Length":0.071651286940991626}},{"type":"Feature","id":1440,"geometry":{"type":"LineString","coordinates":[[-72.77435643299998,5.9029910490000361],[-72.698255078999978,5.80174930000004],[-72.66627411199994,5.79731845200007],[-72.622452522999936,5.8133385820000285]]},"properties":{"OBJECTID":1440,"tipo":"Falla","nombre_falla":null,"Shape_Length":0.20559880956145393}},{"type":"Feature","id":1441,"geometry":{"type":"LineString","coordinates":[[-72.636636126999974,6.1754318560000456],[-72.576597296999978,6.1531671900000333]]},"properties":{"OBJECTID":1441,"tipo":"Falla","nombre_falla":null,"Shape_Length":0.064034181964483336}},{"type":"Feature","id":1442,"geometry":{"type":"LineString","coordinates":[[-72.895428298999946,5.5309855550000293],[-72.849962752999943,5.5397985870000639]]},"properties":{"OBJECTID":1442,"tipo":"Falla","nombre_falla":null,"Shape_Length":0.046311827928856242}},{"type":"Feature","id":1443,"geometry":{"type":"LineString","coordinates":[[-73.000347943999941,5.5070598820000214],[-72.966711656999962,5.5237336730000379]]},"properties":{"OBJECTID":1443,"tipo":"Falla","nombre_falla":null,"Shape_Length":0.037542177739939134}},{"type":"Feature","id":1444,"geometry":{"type":"LineString","coordinates":[[-72.934805630999961,5.52589935900005],[-72.897451283999942,5.5806573210000465]]},"properties":{"OBJECTID":1444,"tipo":"Falla cubierta","nombre_falla":null,"Shape_Length":0.066285606598950719}},{"type":"Feature","id":1445,"geometry":{"type":"LineString","coordinates":[[-72.97010069199996,5.5125278240000739],[-72.942495873999974,5.5259394420000376]]},"properties":{"OBJECTID":1445,"tipo":"Falla cubierta","nombre_falla":null,"Shape_Length":0.030690348225285911}},{"type":"Feature","id":1446,"geometry":{"type":"LineString","coordinates":[[-72.182124208999937,7.359997346000057],[-72.224912382999946,7.3201787100000502],[-72.309540506999952,7.2767648520000421],[-72.323946540999941,7.2406190750000405]]},"properties":{"OBJECTID":1446,"tipo":"Falla","nombre_falla":null,"Shape_Length":0.19247442268353479}},{"type":"Feature","id":1447,"geometry":{"type":"LineString","coordinates":[[-72.113492173999987,6.1860062850000759],[-72.064349763999985,6.2614464160000693]]},"properties":{"OBJECTID":1447,"tipo":"Falla","nombre_falla":null,"Shape_Length":0.090034381354593906}},{"type":"Feature","id":1448,"geometry":{"type":"LineString","coordinates":[[-76.29429231599994,3.1372224610000217],[-76.269327865999969,3.1638893230000349]]},"properties":{"OBJECTID":1448,"tipo":"Falla inversa o de cabalgamiento","nombre_falla":"Falla de Guabas-Pradera","Shape_Length":0.036528691363485369}},{"type":"Feature","id":1449,"geometry":{"type":"LineString","coordinates":[[-76.278686376999985,1.8322713290000365],[-76.256187181999962,1.8690116380000745]]},"properties":{"OBJECTID":1449,"tipo":"Falla","nombre_falla":null,"Shape_Length":0.043082062172873477}},{"type":"Feature","id":1450,"geometry":{"type":"LineString","coordinates":[[-74.923959246999971,4.4567241800000374],[-74.97493091299998,4.3827187040000695]]},"properties":{"OBJECTID":1450,"tipo":"Falla inversa o de cabalgamiento","nombre_falla":null,"Shape_Length":0.089860565393271127}},{"type":"Feature","id":1451,"geometry":{"type":"LineString","coordinates":[[-71.450270365999984,12.224917216000051],[-71.516130981999936,12.200964771000031]]},"properties":{"OBJECTID":1451,"tipo":"Falla inversa o de cabalgamiento cubierta","nombre_falla":"Falla de Ororio","Shape_Length":0.070080955768112629}},{"type":"Feature","id":1452,"geometry":{"type":"LineString","coordinates":[[-74.243624233999981,10.006413436000059],[-74.244235451999941,9.9966799050000645]]},"properties":{"OBJECTID":1452,"tipo":"Falla inversa o de cabalgamiento","nombre_falla":"Falla de Macondo","Shape_Length":0.0097527028649157816}},{"type":"Feature","id":1453,"geometry":{"type":"LineString","coordinates":[[-74.241778024999974,10.035813988000029],[-74.242510428999935,10.024150586000076]]},"properties":{"OBJECTID":1453,"tipo":"Falla inversa o de cabalgamiento","nombre_falla":"Falla de Macondo","Shape_Length":0.011686375050959341}},{"type":"Feature","id":1454,"geometry":{"type":"LineString","coordinates":[[-76.348272322999946,1.8540210330000377],[-76.322842388999959,1.8636221020000221]]},"properties":{"OBJECTID":1454,"tipo":"Falla","nombre_falla":null,"Shape_Length":0.027182017386246021}},{"type":"Feature","id":1455,"geometry":{"type":"LineString","coordinates":[[-73.07274160999998,5.0669889250000324],[-73.143852004999985,5.0007545490000211]]},"properties":{"OBJECTID":1455,"tipo":"Falla","nombre_falla":null,"Shape_Length":0.097178602794893196}},{"type":"Feature","id":1456,"geometry":{"type":"LineString","coordinates":[[-74.611368374999984,5.5340973590000431],[-74.593082466999988,5.5786306630000695]]},"properties":{"OBJECTID":1456,"tipo":"Falla inversa o de cabalgamiento cubierta","nombre_falla":"Falla de Honda","Shape_Length":0.048141350173661279}},{"type":"Feature","id":1457,"geometry":{"type":"LineString","coordinates":[[-74.62661524799995,5.497451217000048],[-74.611368374999984,5.5340973590000431]]},"properties":{"OBJECTID":1457,"tipo":"Falla inversa o de cabalgamiento","nombre_falla":"Falla de Honda","Shape_Length":0.039691395286143821}},{"type":"Feature","id":1458,"geometry":{"type":"LineString","coordinates":[[-73.568287820999956,7.1793232150000676],[-73.560474518999968,7.1983307200000581]]},"properties":{"OBJECTID":1458,"tipo":"Falla inversa o de cabalgamiento cubierta","nombre_falla":"Falla de La Tigra","Shape_Length":0.020550740484656094}},{"type":"Feature","id":1459,"geometry":{"type":"LineString","coordinates":[[-73.481983204999949,7.3278539070000761],[-73.462511860999939,7.3865343580000626],[-73.410193106999941,7.4610366810000528]]},"properties":{"OBJECTID":1459,"tipo":"Falla inversa o de cabalgamiento cubierta","nombre_falla":"Falla de La Tigra","Shape_Length":0.15286422023762253}},{"type":"Feature","id":1460,"geometry":{"type":"LineString","coordinates":[[-73.600991886999964,4.0083734840000602],[-73.612437628999942,3.9973097480000206]]},"properties":{"OBJECTID":1460,"tipo":"Falla inversa o de cabalgamiento cubierta","nombre_falla":null,"Shape_Length":0.015918896450716501}},{"type":"Feature","id":1461,"geometry":{"type":"LineString","coordinates":[[-72.972519883999951,5.9491993720000664],[-72.988623276999988,5.909023434000062],[-73.017549298999938,5.8878118630000245]]},"properties":{"OBJECTID":1461,"tipo":"Falla inversa o de cabalgamiento","nombre_falla":"Falla de Boyacá","Shape_Length":0.079152923837186945}},{"type":"Feature","id":1462,"geometry":{"type":"LineString","coordinates":[[-73.474201756999946,5.2566745720000654],[-73.525155419999976,5.2082013110000389]]},"properties":{"OBJECTID":1462,"tipo":"Falla de rumbo dextral","nombre_falla":"Falla de Machetá","Shape_Length":0.070327326162006848}},{"type":"Feature","id":1463,"geometry":{"type":"LineString","coordinates":[[-73.458124205999979,5.2734075960000268],[-73.474201756999946,5.2566745720000654]]},"properties":{"OBJECTID":1463,"tipo":"Falla inversa o de cabalgamiento","nombre_falla":"Falla de Machetá","Shape_Length":0.023205209293169826}},{"type":"Feature","id":1464,"geometry":{"type":"LineString","coordinates":[[-73.456603461999975,5.277133157000037],[-73.432354945999975,5.307197522000024],[-73.389654249999978,5.3247301310000239]]},"properties":{"OBJECTID":1464,"tipo":"Falla inversa o de cabalgamiento","nombre_falla":null,"Shape_Length":0.084784518195161682}},{"type":"Feature","id":1465,"geometry":{"type":"LineString","coordinates":[[-72.226371877999952,5.4943565260000469],[-72.263045201999944,5.4300314130000515],[-72.292626265999957,5.4175016310000501],[-72.32367074299998,5.4248689220000301]]},"properties":{"OBJECTID":1465,"tipo":"Falla inversa o de cabalgamiento","nombre_falla":"Falla de Yopal","Shape_Length":0.13807692098646321}},{"type":"Feature","id":1466,"geometry":{"type":"LineString","coordinates":[[-72.209519998999951,5.5189744030000725],[-72.226371877999952,5.4943565260000469]]},"properties":{"OBJECTID":1466,"tipo":"Falla inversa o de cabalgamiento cubierta","nombre_falla":"Falla de Yopal","Shape_Length":0.029833298406630387}},{"type":"Feature","id":1467,"geometry":{"type":"LineString","coordinates":[[-72.079633055999977,5.6637633120000714],[-72.09816899599997,5.6271230240000705]]},"properties":{"OBJECTID":1467,"tipo":"Falla inversa o de cabalgamiento","nombre_falla":"Falla de Yopal","Shape_Length":0.04106204788373731}},{"type":"Feature","id":1468,"geometry":{"type":"LineString","coordinates":[[-72.09816899599997,5.6271230240000705],[-72.112732037999933,5.6085592120000456]]},"properties":{"OBJECTID":1468,"tipo":"Falla inversa o de cabalgamiento cubierta","nombre_falla":"Falla de Yopal","Shape_Length":0.023594433840738064}},{"type":"Feature","id":1469,"geometry":{"type":"LineString","coordinates":[[-72.060013583999933,5.6706041340000297],[-72.065976468999963,5.6629012160000229]]},"properties":{"OBJECTID":1469,"tipo":"Falla inversa o de cabalgamiento cubierta","nombre_falla":"Falla de Yopal","Shape_Length":0.009741198244488259}},{"type":"Feature","id":1470,"geometry":{"type":"LineString","coordinates":[[-72.045736817999966,5.690591606000055],[-72.060013583999933,5.6706041340000297]]},"properties":{"OBJECTID":1470,"tipo":"Falla inversa o de cabalgamiento","nombre_falla":"Falla de Yopal","Shape_Length":0.024562676653198605}},{"type":"Feature","id":1471,"geometry":{"type":"LineString","coordinates":[[-72.034575004999965,5.7067912390000402],[-72.045736817999966,5.690591606000055]]},"properties":{"OBJECTID":1471,"tipo":"Falla inversa o de cabalgamiento cubierta","nombre_falla":"Falla de Yopal","Shape_Length":0.019672675943582293}},{"type":"Feature","id":1472,"geometry":{"type":"LineString","coordinates":[[-73.728005306999989,11.245948484000053],[-73.662836115999937,11.251602121000076]]},"properties":{"OBJECTID":1472,"tipo":"Falla cubierta","nombre_falla":"Falla de Buriticá","Shape_Length":0.065413966910204444}},{"type":"Feature","id":1473,"geometry":{"type":"LineString","coordinates":[[-73.652241671999946,10.415381363000051],[-73.58316076899996,10.420337396000036]]},"properties":{"OBJECTID":1473,"tipo":"Falla cubierta","nombre_falla":"Falla de Palmarito","Shape_Length":0.06925845379728271}},{"type":"Feature","id":1474,"geometry":{"type":"LineString","coordinates":[[-73.398565725999958,10.392711224000038],[-73.389186581999979,10.415266676000044]]},"properties":{"OBJECTID":1474,"tipo":"Falla","nombre_falla":null,"Shape_Length":0.024427786577930405}},{"type":"Feature","id":1475,"geometry":{"type":"LineString","coordinates":[[-73.579795419999982,8.7400184960000615],[-73.587558623999939,8.7772834230000285]]},"properties":{"OBJECTID":1475,"tipo":"Falla cubierta","nombre_falla":"Falla del Carmen","Shape_Length":0.038064972358558435}},{"type":"Feature","id":1476,"geometry":{"type":"LineString","coordinates":[[-73.670146557999942,9.0826618360000566],[-73.664228890999937,9.0709722250000482]]},"properties":{"OBJECTID":1476,"tipo":"Falla cubierta","nombre_falla":null,"Shape_Length":0.013102129142031594}},{"type":"Feature","id":1477,"geometry":{"type":"LineString","coordinates":[[-73.612785616999986,9.1040226010000538],[-73.636452280999947,9.0898824140000443]]},"properties":{"OBJECTID":1477,"tipo":"Falla de rumbo dextral","nombre_falla":null,"Shape_Length":0.027569110854039122}},{"type":"Feature","id":1478,"geometry":{"type":"LineString","coordinates":[[-73.636826060999965,9.0430873960000326],[-73.64224924499996,9.0865445570000247]]},"properties":{"OBJECTID":1478,"tipo":"Falla inversa o de cabalgamiento cubierta","nombre_falla":null,"Shape_Length":0.043794243535846433}},{"type":"Feature","id":1479,"geometry":{"type":"LineString","coordinates":[[-73.692853415999934,9.1639463280000655],[-73.663225695999984,9.0849150630000395]]},"properties":{"OBJECTID":1479,"tipo":"Falla inversa o de cabalgamiento","nombre_falla":null,"Shape_Length":0.084402266793610597}},{"type":"Feature","id":1480,"geometry":{"type":"LineString","coordinates":[[-73.663225695999984,9.0849150630000395],[-73.651771474999975,9.0490707300000395]]},"properties":{"OBJECTID":1480,"tipo":"Falla inversa o de cabalgamiento cubierta","nombre_falla":null,"Shape_Length":0.037629979895449285}},{"type":"Feature","id":1481,"geometry":{"type":"LineString","coordinates":[[-77.375923628999942,8.6397480650000489],[-77.336780235999981,8.5829390160000685]]},"properties":{"OBJECTID":1481,"tipo":"Falla","nombre_falla":null,"Shape_Length":0.068988935807356447}},{"type":"Feature","id":1482,"geometry":{"type":"LineString","coordinates":[[-77.336780235999981,8.5829390160000685],[-77.30848358999998,8.5541690610000387]]},"properties":{"OBJECTID":1482,"tipo":"Falla cubierta","nombre_falla":null,"Shape_Length":0.040353568436423549}},{"type":"Feature","id":1483,"geometry":{"type":"LineString","coordinates":[[-77.285991380999974,8.5256042670000625],[-77.273266371999966,8.5139301360000559]]},"properties":{"OBJECTID":1483,"tipo":"Falla cubierta","nombre_falla":null,"Shape_Length":0.017268792333443202}},{"type":"Feature","id":1484,"geometry":{"type":"LineString","coordinates":[[-77.858503644999985,7.3139599390000285],[-77.819672047999973,7.2523235110000428]]},"properties":{"OBJECTID":1484,"tipo":"Falla","nombre_falla":null,"Shape_Length":0.072848762392842159}},{"type":"Feature","id":1485,"geometry":{"type":"LineString","coordinates":[[-77.819672047999973,7.2523235110000428],[-77.789827508999963,7.2069700860000694]]},"properties":{"OBJECTID":1485,"tipo":"Falla cubierta","nombre_falla":null,"Shape_Length":0.054292077390272281}},{"type":"Feature","id":1486,"geometry":{"type":"LineString","coordinates":[[-77.040286684999955,6.6337478170000281],[-76.91230920199996,6.6177230190000387]]},"properties":{"OBJECTID":1486,"tipo":"Falla cubierta","nombre_falla":null,"Shape_Length":0.12897685957548549}},{"type":"Feature","id":1487,"geometry":{"type":"LineString","coordinates":[[-76.58997740999996,6.0883205570000314],[-76.568462893999936,6.0348720510000362],[-76.573623301999987,6.012961836000045]]},"properties":{"OBJECTID":1487,"tipo":"Falla","nombre_falla":"Falla de Quebrada Santa Bárbara","Shape_Length":0.080125835598431422}},{"type":"Feature","id":1488,"geometry":{"type":"LineString","coordinates":[[-76.573623301999987,6.012961836000045],[-76.57410181399996,5.9934468560000482]]},"properties":{"OBJECTID":1488,"tipo":"Falla cubierta","nombre_falla":"Falla de Quebrada Santa Bárbara","Shape_Length":0.019520845733071873}},{"type":"Feature","id":1489,"geometry":{"type":"LineString","coordinates":[[-76.639275063999946,7.11592508800004],[-76.626593001999936,7.0796307730000763]]},"properties":{"OBJECTID":1489,"tipo":"Falla de rumbo sinestral cubierta","nombre_falla":"Falla de Murindó","Shape_Length":0.038446222153661558}},{"type":"Feature","id":1490,"geometry":{"type":"LineString","coordinates":[[-75.830972724999981,6.3966820970000526],[-75.833147471999951,6.1374521000000755],[-75.820929821999982,6.0723947460000431],[-75.780605796999964,5.9925836350000736]]},"properties":{"OBJECTID":1490,"tipo":"Falla","nombre_falla":"Falla de Cauca-Almaguer","Shape_Length":0.41485322184301954}},{"type":"Feature","id":1491,"geometry":{"type":"LineString","coordinates":[[-76.36814755599994,7.0262510360000761],[-76.34906007799998,6.9161456440000393]]},"properties":{"OBJECTID":1491,"tipo":"Falla","nombre_falla":null,"Shape_Length":0.11174761368315983}},{"type":"Feature","id":1492,"geometry":{"type":"LineString","coordinates":[[-76.066807716999961,4.736442534000048],[-76.018244186999937,4.7651983360000258]]},"properties":{"OBJECTID":1492,"tipo":"Falla","nombre_falla":"Falla de Mistrató","Shape_Length":0.056438573641837915}},{"type":"Feature","id":1493,"geometry":{"type":"LineString","coordinates":[[-76.018244186999937,4.7651983360000258],[-75.955483042999958,4.8286824720000254],[-75.89648608899995,4.9633930320000559]]},"properties":{"OBJECTID":1493,"tipo":"Falla cubierta","nombre_falla":"Falla de Mistrató","Shape_Length":0.23633352604700836}},{"type":"Feature","id":1494,"geometry":{"type":"LineString","coordinates":[[-75.999995498999965,4.7272618320000674],[-76.024096687999986,4.6876416460000314]]},"properties":{"OBJECTID":1494,"tipo":"Falla cubierta","nombre_falla":"Falla de Toro","Shape_Length":0.046374847168397001}},{"type":"Feature","id":1495,"geometry":{"type":"LineString","coordinates":[[-76.199177367999937,3.4358941820000268],[-76.206537184999945,3.4873139620000302]]},"properties":{"OBJECTID":1495,"tipo":"Falla cubierta","nombre_falla":"Falla de Potrerillos","Shape_Length":0.051943822361493142}},{"type":"Feature","id":1496,"geometry":{"type":"LineString","coordinates":[[-76.197953446999975,3.414970960000062],[-76.199177367999937,3.4358941820000268]]},"properties":{"OBJECTID":1496,"tipo":"Falla","nombre_falla":"Falla de Potrerillos","Shape_Length":0.020958988560375771}},{"type":"Feature","id":1497,"geometry":{"type":"LineString","coordinates":[[-76.858948159999954,1.7509922410000627],[-76.775334859999987,1.8165721760000224],[-76.667905823999945,2.0380288890000315],[-76.653882800999952,2.0930019320000497]]},"properties":{"OBJECTID":1497,"tipo":"Falla","nombre_falla":"Falla de Silvia-Pijao","Shape_Length":0.40913514681183244}},{"type":"Feature","id":1498,"geometry":{"type":"LineString","coordinates":[[-76.574894480999944,2.3323147430000404],[-76.51954832499996,2.4222849770000607]]},"properties":{"OBJECTID":1498,"tipo":"Falla cubierta","nombre_falla":"Falla de Silvia-Pijao","Shape_Length":0.10563067731484567}},{"type":"Feature","id":1499,"geometry":{"type":"LineString","coordinates":[[-76.515738867999971,2.4308740030000422],[-76.480649568999979,2.4771620620000476]]},"properties":{"OBJECTID":1499,"tipo":"Falla cubierta","nombre_falla":"Falla de Silvia-Pijao","Shape_Length":0.058084794140108864}},{"type":"Feature","id":1500,"geometry":{"type":"LineString","coordinates":[[-76.51954832499996,2.4222849770000607],[-76.515738867999971,2.4308740030000422]]},"properties":{"OBJECTID":1500,"tipo":"Falla","nombre_falla":"Falla de Silvia-Pijao","Shape_Length":0.0093959209374663566}},{"type":"Feature","id":1501,"geometry":{"type":"LineString","coordinates":[[-76.588284440999985,2.3046835960000749],[-76.574894480999944,2.3323147430000404]]},"properties":{"OBJECTID":1501,"tipo":"Falla","nombre_falla":"Falla de Silvia-Pijao","Shape_Length":0.030704581308599297}},{"type":"Feature","id":1502,"geometry":{"type":"LineString","coordinates":[[-76.62298109599999,2.254301895000026],[-76.588284440999985,2.3046835960000749]]},"properties":{"OBJECTID":1502,"tipo":"Falla cubierta","nombre_falla":"Falla de Silvia-Pijao","Shape_Length":0.061173308426532583}},{"type":"Feature","id":1503,"geometry":{"type":"LineString","coordinates":[[-76.640465314999972,2.2848151090000215],[-76.624956378999968,2.3055248880000363]]},"properties":{"OBJECTID":1503,"tipo":"Falla cubierta","nombre_falla":"Falla de Las Estrellas","Shape_Length":0.025873191571231687}},{"type":"Feature","id":1504,"geometry":{"type":"LineString","coordinates":[[-76.640546717999939,2.3072610460000647],[-76.609294298999941,2.3718082180000692]]},"properties":{"OBJECTID":1504,"tipo":"Falla","nombre_falla":"Falla del Crucero Occidental","Shape_Length":0.071715068894546777}},{"type":"Feature","id":1505,"geometry":{"type":"LineString","coordinates":[[-76.640546717999939,2.3072610460000647],[-76.649962281999933,2.2938091980000763]]},"properties":{"OBJECTID":1505,"tipo":"Falla cubierta","nombre_falla":"Falla del Crucero Occidental","Shape_Length":0.016419654687379177}},{"type":"Feature","id":1506,"geometry":{"type":"LineString","coordinates":[[-76.641616235999948,2.1631613910000738],[-76.62298109599999,2.254301895000026]]},"properties":{"OBJECTID":1506,"tipo":"Falla","nombre_falla":"Falla de Silvia-Pijao","Shape_Length":0.093026124890717349}},{"type":"Feature","id":1507,"geometry":{"type":"LineString","coordinates":[[-76.653882800999952,2.0930019320000497],[-76.641616235999948,2.1631613910000738]]},"properties":{"OBJECTID":1507,"tipo":"Falla","nombre_falla":"Falla de Silvia-Pijao","Shape_Length":0.071223720094329479}},{"type":"Feature","id":1508,"geometry":{"type":"LineString","coordinates":[[-76.67917930699997,2.1721028800000681],[-76.640465314999972,2.2848151090000215]]},"properties":{"OBJECTID":1508,"tipo":"Falla","nombre_falla":"Falla de Las Estrellas","Shape_Length":0.11917558366844212}},{"type":"Feature","id":1509,"geometry":{"type":"LineString","coordinates":[[-76.69061832899996,2.1299715030000357],[-76.67917930699997,2.1721028800000681]]},"properties":{"OBJECTID":1509,"tipo":"Falla","nombre_falla":"Falla de Las Estrellas","Shape_Length":0.043656662174691378}},{"type":"Feature","id":1510,"geometry":{"type":"LineString","coordinates":[[-76.715784980999956,2.1359974020000436],[-76.749842262999948,2.0741239560000508]]},"properties":{"OBJECTID":1510,"tipo":"Falla","nombre_falla":"Falla del Crucero Occidental","Shape_Length":0.070627344401025041}},{"type":"Feature","id":1511,"geometry":{"type":"LineString","coordinates":[[-76.70794011299995,2.178394474000072],[-76.715784980999956,2.1359974020000436]]},"properties":{"OBJECTID":1511,"tipo":"Falla","nombre_falla":"Falla del Crucero Occidental","Shape_Length":0.043116744637241786}},{"type":"Feature","id":1512,"geometry":{"type":"LineString","coordinates":[[-76.76192204299997,2.1668747570000733],[-76.77324400599997,2.1412081350000562]]},"properties":{"OBJECTID":1512,"tipo":"Falla","nombre_falla":"Falla de Cauca-Almaguer","Shape_Length":0.02805284889392045}},{"type":"Feature","id":1513,"geometry":{"type":"LineString","coordinates":[[-76.77324400599997,2.1412081350000562],[-76.776842780999971,2.134084605000055]]},"properties":{"OBJECTID":1513,"tipo":"Falla","nombre_falla":"Falla de Cauca-Almaguer","Shape_Length":0.0079809686856637287}},{"type":"Feature","id":1514,"geometry":{"type":"LineString","coordinates":[[-76.781459815999938,2.1438837970000577],[-76.741731499999958,2.0627261990000534],[-76.706960948999949,2.0504334770000696]]},"properties":{"OBJECTID":1514,"tipo":"Falla de rumbo sinestral","nombre_falla":"Falla de Guabas","Shape_Length":0.12723937133308116}},{"type":"Feature","id":1515,"geometry":{"type":"LineString","coordinates":[[-76.795490774999962,2.168361017000052],[-76.781459815999938,2.1438837970000577]]},"properties":{"OBJECTID":1515,"tipo":"Falla de rumbo sinestral","nombre_falla":"Falla de Guabas","Shape_Length":0.028213509341953248}},{"type":"Feature","id":1516,"geometry":{"type":"LineString","coordinates":[[-76.809911280999984,2.2028559510000605],[-76.795490774999962,2.168361017000052]]},"properties":{"OBJECTID":1516,"tipo":"Falla de rumbo sinestral","nombre_falla":"Falla de Guabas","Shape_Length":0.037387851836680912}},{"type":"Feature","id":1517,"geometry":{"type":"LineString","coordinates":[[-76.818228642999941,2.2153428940000595],[-76.809911280999984,2.2028559510000605]]},"properties":{"OBJECTID":1517,"tipo":"Falla de rumbo sinestral","nombre_falla":"Falla de Guabas","Shape_Length":0.015003408150268811}},{"type":"Feature","id":1518,"geometry":{"type":"LineString","coordinates":[[-76.51664845199997,3.5296434830000294],[-76.518513733999953,3.5086543740000593]]},"properties":{"OBJECTID":1518,"tipo":"Falla cubierta","nombre_falla":"Falla de Santana","Shape_Length":0.021071828908570931}},{"type":"Feature","id":1519,"geometry":{"type":"LineString","coordinates":[[-76.133092029999943,4.3971593840000764],[-76.130132924999941,4.396559638000042]]},"properties":{"OBJECTID":1519,"tipo":"Falla cubierta","nombre_falla":"Falla de Las Cañas","Shape_Length":0.0030192710487127869}},{"type":"Feature","id":1520,"geometry":{"type":"LineString","coordinates":[[-74.972158307999962,4.961084587000073],[-75.012250278999943,4.8605147320000697]]},"properties":{"OBJECTID":1520,"tipo":"Falla","nombre_falla":null,"Shape_Length":0.10826662400474597}},{"type":"Feature","id":1521,"geometry":{"type":"LineString","coordinates":[[-74.980338510999957,4.9688047440000673],[-74.944915958999957,4.9311554140000453]]},"properties":{"OBJECTID":1521,"tipo":"Falla","nombre_falla":null,"Shape_Length":0.051693609272745328}},{"type":"Feature","id":1522,"geometry":{"type":"LineString","coordinates":[[-77.774069374999954,1.0268024150000201],[-77.865768196999966,0.89800218400006315]]},"properties":{"OBJECTID":1522,"tipo":"Falla","nombre_falla":"Falla de Cauca-Patía","Shape_Length":0.15810810688207036}},{"type":"Feature","id":1523,"geometry":{"type":"LineString","coordinates":[[-77.702482506999957,1.1260713640000404],[-77.774069374999954,1.0268024150000201]]},"properties":{"OBJECTID":1523,"tipo":"Falla cubierta","nombre_falla":"Falla de Cauca-Patía","Shape_Length":0.12238874092667854}},{"type":"Feature","id":1524,"geometry":{"type":"LineString","coordinates":[[-77.715603816999987,1.1517758050000566],[-77.686800382999934,1.1715031380000482],[-77.649408610999956,1.2512135000000626],[-77.625187640999968,1.27270352000005]]},"properties":{"OBJECTID":1524,"tipo":"Falla","nombre_falla":null,"Shape_Length":0.15533637697309877}},{"type":"Feature","id":1525,"geometry":{"type":"LineString","coordinates":[[-77.742001976999973,1.1348493470000562],[-77.715603816999987,1.1517758050000566]]},"properties":{"OBJECTID":1525,"tipo":"Falla cubierta","nombre_falla":null,"Shape_Length":0.031358696270900585}},{"type":"Feature","id":1526,"geometry":{"type":"LineString","coordinates":[[-77.346858915999974,1.1157307030000538],[-77.321623124999974,1.140298294000047]]},"properties":{"OBJECTID":1526,"tipo":"Falla cubierta","nombre_falla":null,"Shape_Length":0.035219478629568465}},{"type":"Feature","id":1527,"geometry":{"type":"LineString","coordinates":[[-75.004046668999933,3.2947098330000699],[-74.984278026999959,3.335604227000033]]},"properties":{"OBJECTID":1527,"tipo":"Falla cubierta","nombre_falla":null,"Shape_Length":0.045421918356090558}},{"type":"Feature","id":1528,"geometry":{"type":"LineString","coordinates":[[-72.562476371999935,6.8235877590000769],[-72.613099218999935,6.9607995960000721],[-72.673680397999988,7.0270010040000557],[-72.653206648999969,7.0809428430000594]]},"properties":{"OBJECTID":1528,"tipo":"Falla","nombre_falla":null,"Shape_Length":0.29368584566653133}},{"type":"Feature","id":1529,"geometry":{"type":"LineString","coordinates":[[-72.549691469999971,6.7792721010000605],[-72.562476371999935,6.8235877590000769]]},"properties":{"OBJECTID":1529,"tipo":"Falla cubierta","nombre_falla":null,"Shape_Length":0.046123001453972044}},{"type":"Feature","id":1530,"geometry":{"type":"LineString","coordinates":[[-77.139341018999971,1.9339194900000507],[-77.07822475599994,1.8971847980000689]]},"properties":{"OBJECTID":1530,"tipo":"Falla","nombre_falla":"Falla de Mamacón de San Jorge","Shape_Length":0.071306628018876772}},{"type":"Feature","id":1531,"geometry":{"type":"LineString","coordinates":[[-77.201825743999962,1.9635534190000499],[-77.139341018999971,1.9339194900000507]]},"properties":{"OBJECTID":1531,"tipo":"Falla cubierta","nombre_falla":"Falla de Mamacón de San Jorge","Shape_Length":0.069155698292341736}},{"type":"Feature","id":1532,"geometry":{"type":"LineString","coordinates":[[-72.655979138999953,7.1526094540000713],[-72.66385908999996,7.1100417720000451],[-72.642579096999953,7.051550900000052],[-72.617972302999988,7.033886677000055]]},"properties":{"OBJECTID":1532,"tipo":"Falla","nombre_falla":"Falla de Chitagá","Shape_Length":0.1358230953725002}},{"type":"Feature","id":1533,"geometry":{"type":"LineString","coordinates":[[-72.684699132999981,7.1630625850000342],[-72.638427855999964,7.1443518370000447]]},"properties":{"OBJECTID":1533,"tipo":"Falla","nombre_falla":"Falla de Chitagá","Shape_Length":0.049911152720923821}},{"type":"Feature","id":1534,"geometry":{"type":"LineString","coordinates":[[-76.991873390999956,1.6488123540000288],[-76.942751273999988,1.7145625200000723],[-76.858948159999954,1.7509922410000627]]},"properties":{"OBJECTID":1534,"tipo":"Falla","nombre_falla":"Falla de Silvia-Pijao","Shape_Length":0.1734523521587161}},{"type":"Feature","id":1535,"geometry":{"type":"LineString","coordinates":[[-73.072706785999969,10.346961575000023],[-73.057341746999953,10.350741683000024]]},"properties":{"OBJECTID":1535,"tipo":"Falla cubierta","nombre_falla":null,"Shape_Length":0.015823199422484131}},{"type":"Feature","id":1536,"geometry":{"type":"LineString","coordinates":[[-73.15113378999996,10.327101476000053],[-73.112450146999947,10.33707441200005]]},"properties":{"OBJECTID":1536,"tipo":"Falla cubierta","nombre_falla":null,"Shape_Length":0.039948512966223065}},{"type":"Feature","id":1537,"geometry":{"type":"LineString","coordinates":[[-76.409984098999985,7.1084653440000238],[-76.427245005999964,7.1668690430000765]]},"properties":{"OBJECTID":1537,"tipo":"Falla cubierta","nombre_falla":null,"Shape_Length":0.060900993155700633}},{"type":"Feature","id":1538,"geometry":{"type":"LineString","coordinates":[[-76.391639760999965,7.1547154920000366],[-76.403865060999976,7.1885253500000204]]},"properties":{"OBJECTID":1538,"tipo":"Falla cubierta","nombre_falla":null,"Shape_Length":0.035952252475600771}},{"type":"Feature","id":1539,"geometry":{"type":"LineString","coordinates":[[-74.893201648999934,5.2015672290000339],[-74.882186178999973,5.2565403070000229]]},"properties":{"OBJECTID":1539,"tipo":"Falla cubierta","nombre_falla":null,"Shape_Length":0.056065853102516217}},{"type":"Feature","id":1540,"geometry":{"type":"LineString","coordinates":[[-74.955055018999985,4.7813658320000627],[-74.879914185999951,4.6642033580000657]]},"properties":{"OBJECTID":1540,"tipo":"Falla cubierta","nombre_falla":"Falla de La Sierra","Shape_Length":0.13918760755806908}},{"type":"Feature","id":1541,"geometry":{"type":"LineString","coordinates":[[-76.018661296999937,4.4483394910000698],[-75.982447601999979,4.4235786080000707]]},"properties":{"OBJECTID":1541,"tipo":"Falla","nombre_falla":null,"Shape_Length":0.043869500025526038}},{"type":"Feature","id":1542,"geometry":{"type":"LineString","coordinates":[[-73.583135795999965,10.418387369000072],[-73.574200030999975,10.416974004000053]]},"properties":{"OBJECTID":1542,"tipo":"Falla cubierta","nombre_falla":null,"Shape_Length":0.0090468501014618254}},{"type":"Feature","id":1543,"geometry":{"type":"LineString","coordinates":[[-73.578375612999935,10.443544002000067],[-73.582012087999942,10.453808825000067]]},"properties":{"OBJECTID":1543,"tipo":"Falla cubierta","nombre_falla":null,"Shape_Length":0.010889928450040812}},{"type":"Feature","id":1544,"geometry":{"type":"LineString","coordinates":[[-76.427245005999964,7.1668690430000765],[-76.430264276999935,7.1933890840000458]]},"properties":{"OBJECTID":1544,"tipo":"Falla","nombre_falla":null,"Shape_Length":0.026691357627728837}},{"type":"Feature","id":1545,"geometry":{"type":"LineString","coordinates":[[-74.267915252999956,6.9584626840000396],[-74.223513705999949,7.0185272050000549]]},"properties":{"OBJECTID":1545,"tipo":"Falla de rumbo dextral cubierta","nombre_falla":"Falla de Casa Nueva","Shape_Length":0.074694337529394306}},{"type":"Feature","id":1546,"geometry":{"type":"LineString","coordinates":[[-76.945226146999971,1.2165427750000504],[-76.863129182999955,1.1630078590000608]]},"properties":{"OBJECTID":1546,"tipo":"Falla de rumbo dextral cubierta","nombre_falla":"Falla de Sibundoy","Shape_Length":0.098009686914844421}},{"type":"Feature","id":1547,"geometry":{"type":"LineString","coordinates":[[-76.983315607999941,1.2468694090000554],[-76.945226146999971,1.2165427750000504]]},"properties":{"OBJECTID":1547,"tipo":"Falla de rumbo dextral","nombre_falla":"Falla de Sibundoy","Shape_Length":0.04868790167011202}},{"type":"Feature","id":1548,"geometry":{"type":"LineString","coordinates":[[-73.671432489999972,9.1201345140000285],[-73.648983305999934,9.1330938350000679]]},"properties":{"OBJECTID":1548,"tipo":"Falla de rumbo dextral cubierta","nombre_falla":null,"Shape_Length":0.025921224181153859}},{"type":"Feature","id":1549,"geometry":{"type":"LineString","coordinates":[[-73.648983305999934,9.1330938350000679],[-73.634307856999953,9.1415655840000341]]},"properties":{"OBJECTID":1549,"tipo":"Falla de rumbo dextral","nombre_falla":null,"Shape_Length":0.016945186173939298}},{"type":"Feature","id":1550,"geometry":{"type":"LineString","coordinates":[[-73.721078889999944,9.192165674000023],[-73.692853415999934,9.1639463280000655]]},"properties":{"OBJECTID":1550,"tipo":"Falla inversa o de cabalgamiento cubierta","nombre_falla":null,"Shape_Length":0.039912515220047878}},{"type":"Feature","id":1551,"geometry":{"type":"LineString","coordinates":[[-73.721078889999944,9.192165674000023],[-73.71591931599994,9.1649777700000641]]},"properties":{"OBJECTID":1551,"tipo":"Falla cubierta","nombre_falla":null,"Shape_Length":0.027673151749891097}},{"type":"Feature","id":1552,"geometry":{"type":"LineString","coordinates":[[-73.779282830999989,9.3042004520000319],[-73.775088477999986,9.2955066500000498]]},"properties":{"OBJECTID":1552,"tipo":"Falla de rumbo sinestral","nombre_falla":"Falla de Saloa-El Silencio","Shape_Length":0.0096527089619195764}},{"type":"Feature","id":1553,"geometry":{"type":"LineString","coordinates":[[-73.781555606999973,9.3089113250000537],[-73.779282830999989,9.3042004520000319]]},"properties":{"OBJECTID":1553,"tipo":"Falla de rumbo sinestral cubierta","nombre_falla":"Falla de Saloa-El Silencio","Shape_Length":0.0052304717921462214}},{"type":"Feature","id":1554,"geometry":{"type":"LineString","coordinates":[[-74.503339925999967,8.3441526100000374],[-74.477739404999966,8.4479622970000605]]},"properties":{"OBJECTID":1554,"tipo":"Falla de rumbo sinestral","nombre_falla":"Falla de Amacerí","Shape_Length":0.1069197726826721}},{"type":"Feature","id":1555,"geometry":{"type":"LineString","coordinates":[[-74.525206423999975,8.2543154900000673],[-74.503339925999967,8.3441526100000374]]},"properties":{"OBJECTID":1555,"tipo":"Falla de rumbo sinestral cubierta","nombre_falla":"Falla de Amacerí","Shape_Length":0.092460001431285993}},{"type":"Feature","id":1556,"geometry":{"type":"LineString","coordinates":[[-74.249821048999934,6.2887366330000418],[-74.213616633999948,6.3564778610000303],[-74.165901072999986,6.4048155140000631]]},"properties":{"OBJECTID":1556,"tipo":"Falla inversa o de cabalgamiento","nombre_falla":"Falla del Alto del Trigo","Shape_Length":0.14473037604404593}},{"type":"Feature","id":1557,"geometry":{"type":"LineString","coordinates":[[-74.260801775999937,6.2911678330000314],[-74.213542953999934,6.2889445660000547],[-74.051918858999954,6.3934246700000585]]},"properties":{"OBJECTID":1557,"tipo":"Falla inversa o de cabalgamiento","nombre_falla":"Falla de San Fernando","Shape_Length":0.23976482458585924}},{"type":"Feature","id":1558,"geometry":{"type":"LineString","coordinates":[[-73.696262800999989,5.158679730000074],[-73.703554779999934,5.1044935160000477],[-73.785063158999947,5.0575685280000471]]},"properties":{"OBJECTID":1558,"tipo":"Falla inversa o de cabalgamiento","nombre_falla":"Falla de Chocontá-Pericos","Shape_Length":0.14872555505593871}},{"type":"Feature","id":1559,"geometry":{"type":"LineString","coordinates":[[-73.785063158999947,5.0575685280000471],[-73.820519345999969,5.0309040220000725]]},"properties":{"OBJECTID":1559,"tipo":"Falla inversa o de cabalgamiento cubierta","nombre_falla":"Falla de Chocontá-Pericos","Shape_Length":0.044363690973624442}},{"type":"Feature","id":1560,"geometry":{"type":"LineString","coordinates":[[-73.703515630999959,6.7107963150000387],[-73.674108093999962,6.7604128270000388]]},"properties":{"OBJECTID":1560,"tipo":"Falla inversa o de cabalgamiento","nombre_falla":"Falla de Arrugas","Shape_Length":0.057676698028340363}},{"type":"Feature","id":1561,"geometry":{"type":"LineString","coordinates":[[-73.674108093999962,6.7604128270000388],[-73.663063164999983,6.8167293740000332]]},"properties":{"OBJECTID":1561,"tipo":"Falla inversa o de cabalgamiento cubierta","nombre_falla":"Falla de Arrugas","Shape_Length":0.057389406013803324}},{"type":"Feature","id":1562,"geometry":{"type":"LineString","coordinates":[[-75.604792797999949,6.1118174360000239],[-75.591479482999944,5.970811455000046]]},"properties":{"OBJECTID":1562,"tipo":"Falla","nombre_falla":"Falla de Santa Isabel","Shape_Length":0.1416330859441236}},{"type":"Feature","id":1563,"geometry":{"type":"LineString","coordinates":[[-75.628387914999962,6.1279513330000555],[-75.604792797999949,6.1118174360000239]]},"properties":{"OBJECTID":1563,"tipo":"Falla","nombre_falla":"Falla de Tablacita","Shape_Length":0.028583774744633576}},{"type":"Feature","id":1564,"geometry":{"type":"LineString","coordinates":[[-81.360104638999985,13.348127503000057],[-81.367605095999977,13.337707342000044]]},"properties":{"OBJECTID":1564,"tipo":"Falla","nombre_falla":null,"Shape_Length":0.012838871074783938}},{"type":"Feature","id":1565,"geometry":{"type":"LineString","coordinates":[[-81.357884506999937,13.35075753700005],[-81.360104638999985,13.348127503000057]]},"properties":{"OBJECTID":1565,"tipo":"Falla cubierta","nombre_falla":null,"Shape_Length":0.0034418112874981871}},{"type":"Feature","id":1566,"geometry":{"type":"LineString","coordinates":[[-81.720626704999972,12.526868088000072],[-81.722137014999987,12.508607665000056]]},"properties":{"OBJECTID":1566,"tipo":"Falla","nombre_falla":null,"Shape_Length":0.018322775020057077}},{"type":"Feature","id":1567,"geometry":{"type":"LineString","coordinates":[[-81.720086538999965,12.537688349000064],[-81.723866819999955,12.528548171000068]]},"properties":{"OBJECTID":1567,"tipo":"Falla cubierta","nombre_falla":null,"Shape_Length":0.0098910756902619197}},{"type":"Feature","id":1568,"geometry":{"type":"LineString","coordinates":[[-81.726817237999967,12.506717672000036],[-81.727257133999956,12.515477899000075]]},"properties":{"OBJECTID":1568,"tipo":"Falla","nombre_falla":null,"Shape_Length":0.008771264765301311}},{"type":"Feature","id":1569,"geometry":{"type":"LineString","coordinates":[[-81.727257133999956,12.515437897000027],[-81.725186965999967,12.522118030000058]]},"properties":{"OBJECTID":1569,"tipo":"Falla cubierta","nombre_falla":null,"Shape_Length":0.0069935522051594}},{"type":"Feature","id":1570,"geometry":{"type":"LineString","coordinates":[[-81.723866819999955,12.528548171000068],[-81.725186965999967,12.522118030000058]]},"properties":{"OBJECTID":1570,"tipo":"Falla","nombre_falla":null,"Shape_Length":0.0065642591921217311}},{"type":"Feature","id":1571,"geometry":{"type":"LineString","coordinates":[[-81.718396088999953,12.566279030000032],[-81.720296277999978,12.558108861000051]]},"properties":{"OBJECTID":1571,"tipo":"Falla","nombre_falla":null,"Shape_Length":0.0083882286404270822}},{"type":"Feature","id":1572,"geometry":{"type":"LineString","coordinates":[[-81.720386306999956,12.556078803000048],[-81.719886321999979,12.553158731000053]]},"properties":{"OBJECTID":1572,"tipo":"Falla","nombre_falla":null,"Shape_Length":0.0029625673807283149}},{"type":"Feature","id":1573,"geometry":{"type":"LineString","coordinates":[[-81.719976512999949,12.539618397000027],[-81.720086538999965,12.537688349000064]]},"properties":{"OBJECTID":1573,"tipo":"Falla","nombre_falla":null,"Shape_Length":0.001933181575238131}},{"type":"Feature","id":1574,"geometry":{"type":"LineString","coordinates":[[-81.720296277999978,12.558108861000051],[-81.720386306999956,12.556078803000048]]},"properties":{"OBJECTID":1574,"tipo":"Falla cubierta","nombre_falla":null,"Shape_Length":0.0020320533221870316}},{"type":"Feature","id":1575,"geometry":{"type":"LineString","coordinates":[[-81.719666432999986,12.544568510000033],[-81.719976512999949,12.539618397000027]]},"properties":{"OBJECTID":1575,"tipo":"Falla cubierta","nombre_falla":null,"Shape_Length":0.0049598153513222927}},{"type":"Feature","id":1576,"geometry":{"type":"LineString","coordinates":[[-81.719886321999979,12.553158731000053],[-81.719226338999988,12.549818642000048]]},"properties":{"OBJECTID":1576,"tipo":"Falla cubierta","nombre_falla":null,"Shape_Length":0.0034046691598793818}},{"type":"Feature","id":1577,"geometry":{"type":"LineString","coordinates":[[-78.183306344999949,2.9503717010000514],[-78.17868612999996,2.9585117490000243]]},"properties":{"OBJECTID":1577,"tipo":"Falla","nombre_falla":null,"Shape_Length":0.0093598487214261276}},{"type":"Feature","id":1578,"geometry":{"type":"LineString","coordinates":[[-78.178565907999939,2.9878120360000366],[-78.170265600999983,2.9896919940000544]]},"properties":{"OBJECTID":1578,"tipo":"Falla","nombre_falla":null,"Shape_Length":0.0085105427779522107}},{"type":"Feature","id":1579,"geometry":{"type":"LineString","coordinates":[[-78.189256308999973,2.9851720850000447],[-78.171105758999943,2.9717818240000611]]},"properties":{"OBJECTID":1579,"tipo":"Falla","nombre_falla":null,"Shape_Length":0.022555299930421376}},{"type":"Feature","id":1580,"geometry":{"type":"LineString","coordinates":[[-78.179546158999983,2.9584517500000516],[-78.187556498999982,2.9503817350000645]]},"properties":{"OBJECTID":1580,"tipo":"Falla","nombre_falla":null,"Shape_Length":0.011370606360946245}},{"type":"Feature","id":1581,"geometry":{"type":"LineString","coordinates":[[-78.17454566899994,3.0021921500000417],[-78.166595407999978,2.9986720560000322]]},"properties":{"OBJECTID":1581,"tipo":"Falla","nombre_falla":null,"Shape_Length":0.0086946944590608338}},{"type":"Feature","id":1582,"geometry":{"type":"LineString","coordinates":[[-78.191896654999937,2.9501017660000457],[-78.178946182999937,2.9512016810000432]]},"properties":{"OBJECTID":1582,"tipo":"Falla","nombre_falla":null,"Shape_Length":0.012997097292472781}},{"type":"Feature","id":1583,"geometry":{"type":"LineString","coordinates":[[-78.192986688999952,2.9513117790000365],[-78.188736480999978,2.9592218310000362]]},"properties":{"OBJECTID":1583,"tipo":"Falla","nombre_falla":null,"Shape_Length":0.0089795985815479974}},{"type":"Feature","id":1584,"geometry":{"type":"LineString","coordinates":[[-78.197806796999942,2.9603319060000217],[-78.178726131999952,2.95841174800006]]},"properties":{"OBJECTID":1584,"tipo":"Falla","nombre_falla":null,"Shape_Length":0.019177037925254735}},{"type":"Feature","id":1585,"geometry":{"type":"LineString","coordinates":[[-78.198686876999943,2.9530618410000216],[-78.189896627999985,2.9435316860000285]]},"properties":{"OBJECTID":1585,"tipo":"Falla","nombre_falla":null,"Shape_Length":0.012965042684278108}},{"type":"Feature","id":1586,"geometry":{"type":"LineString","coordinates":[[-78.18937643199996,2.9682819250000421],[-78.189996403999942,2.9752819930000669]]},"properties":{"OBJECTID":1586,"tipo":"Falla","nombre_falla":null,"Shape_Length":0.007027468768036795}},{"type":"Feature","id":1587,"geometry":{"type":"LineString","coordinates":[[-78.179395879999959,2.9966521320000652],[-78.174495730999979,2.9933120610000401]]},"properties":{"OBJECTID":1587,"tipo":"Falla","nombre_falla":null,"Shape_Length":0.0059302221296684667}},{"type":"Feature","id":1588,"geometry":{"type":"LineString","coordinates":[[-78.192586534999975,2.9708319720000418],[-78.176196062999963,2.9548516980000272]]},"properties":{"OBJECTID":1588,"tipo":"Falla","nombre_falla":null,"Shape_Length":0.022891411697374946}},{"type":"Feature","id":1589,"geometry":{"type":"LineString","coordinates":[[-78.183736071999988,2.9915721140000642],[-78.170295657999986,2.9814319130000513]]},"properties":{"OBJECTID":1589,"tipo":"Falla","nombre_falla":null,"Shape_Length":0.016836519973322844}},{"type":"Feature","id":1590,"geometry":{"type":"LineString","coordinates":[[-78.18549632099996,2.9651618600000234],[-78.197296778999942,2.9602519020000386]]},"properties":{"OBJECTID":1590,"tipo":"Falla","nombre_falla":null,"Shape_Length":0.012781177432887494}},{"type":"Feature","id":1591,"geometry":{"type":"LineString","coordinates":[[-78.177965895999989,2.987372032000053],[-78.188436281999941,2.9850720840000236]]},"properties":{"OBJECTID":1591,"tipo":"Falla","nombre_falla":null,"Shape_Length":0.010720016035007836}},{"type":"Feature","id":1592,"geometry":{"type":"LineString","coordinates":[[-78.203737177999983,2.9358017100000211],[-78.202017074999958,2.941561752000041]]},"properties":{"OBJECTID":1592,"tipo":"Falla","nombre_falla":null,"Shape_Length":0.0060113923655579658}},{"type":"Feature","id":1593,"geometry":{"type":"LineString","coordinates":[[-75.801906412999983,7.6538959720000435],[-75.828930187999958,7.7512003200000663],[-75.739841551999973,7.9977578020000237],[-75.749462797999968,8.0929885420000574],[-75.708490869999935,8.1895054990000631],[-75.681812608999962,8.3068784290000508],[-75.701579079999988,8.391649009000048]]},"properties":{"OBJECTID":1593,"tipo":"Falla inversa o de cabalgamiento","nombre_falla":"Falla de San Francisco","Shape_Length":0.77112643923894519}},{"type":"Feature","id":1594,"geometry":{"type":"LineString","coordinates":[[-75.97960913199995,7.2745818610000583],[-75.964907600999936,7.3662129390000359],[-75.976764510999942,7.4319493170000328],[-75.950495445999934,7.4884126810000566],[-75.976386483999988,7.5816483900000549]]},"properties":{"OBJECTID":1594,"tipo":"Falla","nombre_falla":null,"Shape_Length":0.31863894908777829}},{"type":"Feature","id":1595,"geometry":{"type":"LineString","coordinates":[[-75.898100217999968,7.618047089000072],[-75.839036068999974,7.7989540320000401]]},"properties":{"OBJECTID":1595,"tipo":"Falla de rumbo dextral cubierta","nombre_falla":null,"Shape_Length":0.19030474435149325}},{"type":"Feature","id":1596,"geometry":{"type":"LineString","coordinates":[[-75.95601983499995,7.5217002850000654],[-75.898100217999968,7.618047089000072]]},"properties":{"OBJECTID":1596,"tipo":"Falla de rumbo dextral","nombre_falla":null,"Shape_Length":0.11241614063131804}},{"type":"Feature","id":1597,"geometry":{"type":"LineString","coordinates":[[-75.839036068999974,7.7989540320000401],[-75.821137066999938,7.8291856930000563]]},"properties":{"OBJECTID":1597,"tipo":"Falla","nombre_falla":null,"Shape_Length":0.035132998725090014}},{"type":"Feature","id":1598,"geometry":{"type":"LineString","coordinates":[[-75.998847004999959,7.7563552580000419],[-76.011015254999961,7.8622386260000212],[-75.998963251999953,7.9873580350000566],[-76.010476788999938,8.0132036700000526],[-76.054740550999952,8.0458960150000394],[-76.04848130299996,8.1695352340000227]]},"properties":{"OBJECTID":1598,"tipo":"Falla","nombre_falla":null,"Shape_Length":0.43939838533915276}},{"type":"Feature","id":1599,"geometry":{"type":"LineString","coordinates":[[-76.526112068999964,7.5174188540000273],[-76.405505922999964,7.7109174560000611],[-76.349140774999967,7.9387950810000234]]},"properties":{"OBJECTID":1599,"tipo":"Falla inversa o de cabalgamiento","nombre_falla":"Falla del Río Verde","Shape_Length":0.46275284529868604}},{"type":"Feature","id":1600,"geometry":{"type":"LineString","coordinates":[[-76.504349529999956,7.4538483620000306],[-76.54374379099994,7.6098120930000732],[-76.501508113999989,7.6719420540000556],[-76.512680739999951,7.7576789760000224],[-76.504323630999977,7.808023669000022],[-76.480008031999944,7.8614753110000493],[-76.427965562999987,7.912724747000027]]},"properties":{"OBJECTID":1600,"tipo":"Falla inversa o de cabalgamiento","nombre_falla":null,"Shape_Length":0.50524693565186451}},{"type":"Feature","id":1601,"geometry":{"type":"LineString","coordinates":[[-76.409067293999954,7.8985454490000393],[-76.304312529999947,7.9878755550000733]]},"properties":{"OBJECTID":1601,"tipo":"Falla","nombre_falla":null,"Shape_Length":0.13767145099356765}},{"type":"Feature","id":1602,"geometry":{"type":"LineString","coordinates":[[-76.427965562999987,7.912724747000027],[-76.422406440999964,8.0134972860000744],[-76.388654516999964,8.0758478230000605],[-76.376392988999953,8.1691090650000433]]},"properties":{"OBJECTID":1602,"tipo":"Falla inversa o de cabalgamiento","nombre_falla":"Falla del Billete","Shape_Length":0.26588938967106368}},{"type":"Feature","id":1603,"geometry":{"type":"LineString","coordinates":[[-76.32775430099997,7.9067146380000395],[-76.300031904999969,8.0280660910000279],[-76.316571479999936,8.1151075690000312]]},"properties":{"OBJECTID":1603,"tipo":"Falla inversa o de cabalgamiento","nombre_falla":null,"Shape_Length":0.2130766985619339}},{"type":"Feature","id":1604,"geometry":{"type":"LineString","coordinates":[[-76.282600339999988,8.1094070850000435],[-76.360882551999964,8.1588087300000325],[-76.369012403999989,8.1958893790000502],[-76.353811229999963,8.2498300050000353],[-76.284427602999983,8.3463206460000379],[-76.237425465999934,8.3850306680000699],[-76.177529068999945,8.4043718570000578],[-76.127228290999938,8.450791081000034]]},"properties":{"OBJECTID":1604,"tipo":"Falla inversa o de cabalgamiento","nombre_falla":"Falla de Almagritas","Shape_Length":0.49769537239552897}},{"type":"Feature","id":1605,"geometry":{"type":"LineString","coordinates":[[-76.127228290999938,8.450791081000034],[-76.030556867999962,8.4876097480000681]]},"properties":{"OBJECTID":1605,"tipo":"Falla cubierta","nombre_falla":"Falla de Almagritas","Shape_Length":0.10344553283974876}},{"type":"Feature","id":1606,"geometry":{"type":"LineString","coordinates":[[-76.364022585999976,8.1653688660000512],[-76.418084520999969,8.1872853350000696],[-76.529316478999988,8.3376333890000751],[-76.614189072999977,8.3763949840000578],[-76.743382683999982,8.4644078550000472]]},"properties":{"OBJECTID":1606,"tipo":"Falla de rumbo dextral","nombre_falla":"Falla del Congo","Shape_Length":0.49498623863517327}},{"type":"Feature","id":1607,"geometry":{"type":"LineString","coordinates":[[-76.743382683999982,8.4644078550000472],[-76.818815107999967,8.4900991420000764]]},"properties":{"OBJECTID":1607,"tipo":"Falla de rumbo dextral cubierta","nombre_falla":"Falla del Congo","Shape_Length":0.079687469643798609}},{"type":"Feature","id":1608,"geometry":{"type":"LineString","coordinates":[[-76.118189177999966,8.5387670220000587],[-76.231252952999967,8.5760135030000697]]},"properties":{"OBJECTID":1608,"tipo":"Falla","nombre_falla":"Falla de San Juan","Shape_Length":0.11904082309919958}},{"type":"Feature","id":1609,"geometry":{"type":"LineString","coordinates":[[-76.029476427999953,8.5207302380000556],[-76.118189177999966,8.5387670220000587]]},"properties":{"OBJECTID":1609,"tipo":"Falla cubierta","nombre_falla":"Falla de San Juan","Shape_Length":0.090527772476890381}},{"type":"Feature","id":1610,"geometry":{"type":"LineString","coordinates":[[-76.307406453999988,8.5113234210000428],[-76.286746244999961,8.4669225000000665]]},"properties":{"OBJECTID":1610,"tipo":"Falla cubierta","nombre_falla":null,"Shape_Length":0.048972298512229832}},{"type":"Feature","id":1611,"geometry":{"type":"LineString","coordinates":[[-76.300142635999975,8.517544368000074],[-76.307406453999988,8.5113234210000428]]},"properties":{"OBJECTID":1611,"tipo":"Falla cubierta","nombre_falla":null,"Shape_Length":0.0095636412267767756}},{"type":"Feature","id":1612,"geometry":{"type":"LineString","coordinates":[[-76.231252952999967,8.5760135030000697],[-76.300142635999975,8.517544368000074]]},"properties":{"OBJECTID":1612,"tipo":"Falla","nombre_falla":null,"Shape_Length":0.090357225341914135}},{"type":"Feature","id":1613,"geometry":{"type":"LineString","coordinates":[[-76.479558732999976,8.8247455970000601],[-76.39133163799994,8.8502203830000212],[-76.314698559999954,8.9337400900000716]]},"properties":{"OBJECTID":1613,"tipo":"Falla normal","nombre_falla":"Falla de Galilea","Shape_Length":0.20518105445648421}},{"type":"Feature","id":1614,"geometry":{"type":"LineString","coordinates":[[-76.519738379999978,8.7560150600000384],[-76.470165927999972,8.8246449470000243]]},"properties":{"OBJECTID":1614,"tipo":"Falla de rumbo dextral","nombre_falla":"Falla de San Juanito","Shape_Length":0.084661026375326978}},{"type":"Feature","id":1615,"geometry":{"type":"LineString","coordinates":[[-76.390629381999986,8.5156244830000674],[-76.373129562999964,8.448763245000066],[-76.418084520999969,8.1872853350000696]]},"properties":{"OBJECTID":1615,"tipo":"Falla inversa o de cabalgamiento","nombre_falla":"Falla del Caimán","Shape_Length":0.33442768832215897}},{"type":"Feature","id":1616,"geometry":{"type":"LineString","coordinates":[[-76.393041510999979,8.3448419020000415],[-76.305036688999962,8.4849229860000719]]},"properties":{"OBJECTID":1616,"tipo":"Falla inversa o de cabalgamiento","nombre_falla":"Falla del Pozón","Shape_Length":0.16543143229107979}},{"type":"Feature","id":1617,"geometry":{"type":"LineString","coordinates":[[-76.637718923999955,8.4604465540000433],[-76.549455952999949,8.4432352460000288],[-76.435612555999967,8.3851430110000251]]},"properties":{"OBJECTID":1617,"tipo":"Falla de rumbo dextral","nombre_falla":null,"Shape_Length":0.21773397535885564}},{"type":"Feature","id":1618,"geometry":{"type":"LineString","coordinates":[[-76.653969168999936,8.488677181000071],[-76.58921451599997,8.6823094440000546]]},"properties":{"OBJECTID":1618,"tipo":"Falla inversa o de cabalgamiento","nombre_falla":"Falla de Mulaticos","Shape_Length":0.20417301085021206}},{"type":"Feature","id":1619,"geometry":{"type":"LineString","coordinates":[[-76.623997247999966,8.559147921000033],[-76.58713569799994,8.5776577800000382]]},"properties":{"OBJECTID":1619,"tipo":"Falla","nombre_falla":null,"Shape_Length":0.041247893868711548}},{"type":"Feature","id":1620,"geometry":{"type":"LineString","coordinates":[[-76.730092279999951,8.4585876070000268],[-76.673883749999959,8.1605023780000465]]},"properties":{"OBJECTID":1620,"tipo":"Falla inversa o de cabalgamiento","nombre_falla":null,"Shape_Length":0.30333842913935366}},{"type":"Feature","id":1621,"geometry":{"type":"LineString","coordinates":[[-76.434315711999943,8.1131688970000368],[-76.499068217999934,8.0967294040000297],[-76.667073827999957,8.1326718790000427]]},"properties":{"OBJECTID":1621,"tipo":"Falla","nombre_falla":null,"Shape_Length":0.23861406051675055}},{"type":"Feature","id":1622,"geometry":{"type":"LineString","coordinates":[[-76.673883749999959,8.1605023780000465],[-76.63064322699995,8.0720205500000475]]},"properties":{"OBJECTID":1622,"tipo":"Falla","nombre_falla":null,"Shape_Length":0.09848236753620257}},{"type":"Feature","id":1623,"geometry":{"type":"LineString","coordinates":[[-76.673883749999959,8.1605023780000465],[-76.680622649999975,8.2753342090000501]]},"properties":{"OBJECTID":1623,"tipo":"Falla inversa o de cabalgamiento","nombre_falla":null,"Shape_Length":0.11502939704277167}},{"type":"Feature","id":1624,"geometry":{"type":"LineString","coordinates":[[-76.675011961999985,8.3171347770000352],[-76.635199643999954,8.3922654660000262]]},"properties":{"OBJECTID":1624,"tipo":"Falla inversa o de cabalgamiento","nombre_falla":null,"Shape_Length":0.085027296170988351}},{"type":"Feature","id":1625,"geometry":{"type":"LineString","coordinates":[[-76.675011961999985,8.3171347770000352],[-76.658131287999936,8.3223346660000743]]},"properties":{"OBJECTID":1625,"tipo":"Falla","nombre_falla":null,"Shape_Length":0.017663408513326685}},{"type":"Feature","id":1626,"geometry":{"type":"LineString","coordinates":[[-76.67588250099999,8.2738641250000455],[-76.658131287999936,8.3223346660000743]]},"properties":{"OBJECTID":1626,"tipo":"Falla inversa o de cabalgamiento","nombre_falla":null,"Shape_Length":0.051618784447221788}},{"type":"Feature","id":1627,"geometry":{"type":"LineString","coordinates":[[-76.67588250099999,8.2738641250000455],[-76.680622649999975,8.2753342090000501]]},"properties":{"OBJECTID":1627,"tipo":"Falla","nombre_falla":null,"Shape_Length":0.0049628781477217884}},{"type":"Feature","id":1628,"geometry":{"type":"LineString","coordinates":[[-76.661918818999936,8.5424881160000723],[-76.622647106999977,8.5668880300000296]]},"properties":{"OBJECTID":1628,"tipo":"Falla","nombre_falla":null,"Shape_Length":0.046234437020612931}},{"type":"Feature","id":1629,"geometry":{"type":"LineString","coordinates":[[-76.69052917199997,8.5992593430000284],[-76.602455538999948,8.6369488880000631]]},"properties":{"OBJECTID":1629,"tipo":"Falla","nombre_falla":null,"Shape_Length":0.095799095152992828}},{"type":"Feature","id":1630,"geometry":{"type":"LineString","coordinates":[[-76.574977717999957,7.8111778850000633],[-76.571952710999938,7.8470782650000501],[-76.603986921999933,7.9101633850000326],[-76.603273083999966,8.0042472730000327],[-76.661184086999981,8.0922112010000546]]},"properties":{"OBJECTID":1630,"tipo":"Falla inversa o de cabalgamiento","nombre_falla":null,"Shape_Length":0.30618216003023208}},{"type":"Feature","id":1631,"geometry":{"type":"LineString","coordinates":[[-76.540958524999951,7.7748560200000725],[-76.54925265299994,7.8146700060000285],[-76.525725718999979,7.8345674530000338],[-76.551233717999935,7.8779192510000371],[-76.534387133999985,7.9273168610000653],[-76.556552226999941,8.0142028430000209],[-76.585478355999953,8.0352781910000317]]},"properties":{"OBJECTID":1631,"tipo":"Falla inversa o de cabalgamiento","nombre_falla":null,"Shape_Length":0.29943042080019666}},{"type":"Feature","id":1632,"geometry":{"type":"LineString","coordinates":[[-76.607584722999945,8.0159927000000266],[-76.574204028999986,8.0493407820000584],[-76.549819949999971,8.1040500980000729]]},"properties":{"OBJECTID":1632,"tipo":"Falla inversa o de cabalgamiento","nombre_falla":null,"Shape_Length":0.10708172588570211}},{"type":"Feature","id":1633,"geometry":{"type":"LineString","coordinates":[[-76.146097330999964,7.6267493660000696],[-76.229926602999967,7.7037189430000694],[-76.295546809999962,7.7902154170000699],[-76.297205676999965,7.8531882610000707],[-76.28604323199994,7.8703036290000341]]},"properties":{"OBJECTID":1633,"tipo":"Falla inversa o de cabalgamiento","nombre_falla":"Falla del Sinú","Shape_Length":0.30580471081775656}},{"type":"Feature","id":1634,"geometry":{"type":"LineString","coordinates":[[-76.28604323199994,7.8703036290000341],[-76.274931296999966,8.0041554540000561],[-76.299060826999948,8.1179273990000524]]},"properties":{"OBJECTID":1634,"tipo":"Falla inversa o de cabalgamiento","nombre_falla":null,"Shape_Length":0.25061484921438842}},{"type":"Feature","id":1635,"geometry":{"type":"LineString","coordinates":[[-76.145049687999972,7.4476523320000751],[-76.128666504999956,7.5625417300000208]]},"properties":{"OBJECTID":1635,"tipo":"Falla inversa o de cabalgamiento","nombre_falla":"Falla del Sinú","Shape_Length":0.11605163703283959}},{"type":"Feature","id":1636,"geometry":{"type":"LineString","coordinates":[[-76.128666504999956,7.5625417300000208],[-76.146097330999964,7.6267493660000696]]},"properties":{"OBJECTID":1636,"tipo":"Falla inversa o de cabalgamiento cubierta","nombre_falla":"Falla del Sinú","Shape_Length":0.066531603135332171}},{"type":"Feature","id":1637,"geometry":{"type":"LineString","coordinates":[[-76.124919453999951,7.4208833950000326],[-76.124776685999962,7.3734845320000204],[-76.159145310999975,7.2879440310000518],[-76.24517889699996,7.2380942970000319],[-76.28034588099996,7.1613252380000745]]},"properties":{"OBJECTID":1637,"tipo":"Lineamiento","nombre_falla":null,"Shape_Length":0.32345853497302912}},{"type":"Feature","id":1638,"geometry":{"type":"LineString","coordinates":[[-75.877925329999982,7.2433342380000454],[-75.921548544999951,7.1435094690000369],[-75.988221268999951,7.0746027380000669]]},"properties":{"OBJECTID":1638,"tipo":"Falla","nombre_falla":null,"Shape_Length":0.20482237589190422}},{"type":"Feature","id":1639,"geometry":{"type":"LineString","coordinates":[[-75.632079944999987,8.1134318760000497],[-75.626099591999946,8.1908087730000716],[-75.648974453999983,8.306368740000039],[-75.640028319999942,8.3261296050000624]]},"properties":{"OBJECTID":1639,"tipo":"Falla inversa o de cabalgamiento","nombre_falla":"Falla de Las Lauras","Shape_Length":0.21710147954439116}},{"type":"Feature","id":1640,"geometry":{"type":"LineString","coordinates":[[-75.677383961999965,8.1784980740000606],[-75.682370723999952,8.2353505020000739],[-75.646195539999951,8.3356370990000528]]},"properties":{"OBJECTID":1640,"tipo":"Falla inversa o de cabalgamiento","nombre_falla":"Falla de El Guayabo","Shape_Length":0.16368237103617567}},{"type":"Feature","id":1641,"geometry":{"type":"LineString","coordinates":[[-75.572175675999972,8.0706382050000229],[-75.632079944999987,8.1134318760000497],[-75.677383961999965,8.1784980740000606]]},"properties":{"OBJECTID":1641,"tipo":"Falla de rumbo sinestral","nombre_falla":null,"Shape_Length":0.15290412757301669}},{"type":"Feature","id":1642,"geometry":{"type":"LineString","coordinates":[[-75.700732856999934,6.9586846390000687],[-75.734827597999981,7.0406779940000206],[-75.740062411999986,7.2043849110000338],[-75.695678575999978,7.3291494300000295]]},"properties":{"OBJECTID":1642,"tipo":"Falla","nombre_falla":null,"Shape_Length":0.38501412904828164}},{"type":"Feature","id":1643,"geometry":{"type":"LineString","coordinates":[[-75.920516784999961,7.9375868690000289],[-75.863159488999941,8.0194940220000603],[-75.837635929999976,8.1411488610000333],[-75.751484968999989,8.2509190650000619]]},"properties":{"OBJECTID":1643,"tipo":"Falla inversa o de cabalgamiento","nombre_falla":"Falla de Mantagordal","Shape_Length":0.36383693814264345}},{"type":"Feature","id":1644,"geometry":{"type":"LineString","coordinates":[[-75.764332602999957,8.2505157730000747],[-75.733517767999956,8.3122388800000522]]},"properties":{"OBJECTID":1644,"tipo":"Falla inversa o de cabalgamiento","nombre_falla":null,"Shape_Length":0.068987651023990973}},{"type":"Feature","id":1645,"geometry":{"type":"LineString","coordinates":[[-75.781249435999939,8.247514221000074],[-75.750789719999943,8.2547688130000552]]},"properties":{"OBJECTID":1645,"tipo":"Falla inversa o de cabalgamiento","nombre_falla":null,"Shape_Length":0.03131171352523824}},{"type":"Feature","id":1646,"geometry":{"type":"LineString","coordinates":[[-76.586451153999974,8.1133206580000206],[-76.552529556999957,8.1465507690000436],[-76.554448653999941,8.2295320410000272],[-76.512816133999934,8.3169828810000581]]},"properties":{"OBJECTID":1646,"tipo":"Falla","nombre_falla":null,"Shape_Length":0.22734453553020101}},{"type":"Feature","id":1647,"geometry":{"type":"LineString","coordinates":[[-76.374809735999975,8.4389531210000541],[-76.500285847999976,8.3024225200000501]]},"properties":{"OBJECTID":1647,"tipo":"Falla inversa o de cabalgamiento","nombre_falla":"Falla de Los Aburridos","Shape_Length":0.1854315498831284}},{"type":"Feature","id":1648,"geometry":{"type":"LineString","coordinates":[[-76.62739942799999,8.3862752840000212],[-76.595097959999976,8.4124553080000624],[-76.526505254999961,8.4325648150000347]]},"properties":{"OBJECTID":1648,"tipo":"Falla inversa o de cabalgamiento","nombre_falla":null,"Shape_Length":0.11305830967853076}},{"type":"Feature","id":1649,"geometry":{"type":"LineString","coordinates":[[-76.479743901999939,8.4050738340000635],[-76.496204262999981,8.4245643290000203],[-76.518003823999948,8.5268161620000456]]},"properties":{"OBJECTID":1649,"tipo":"Falla inversa o de cabalgamiento","nombre_falla":null,"Shape_Length":0.13006101865540864}},{"type":"Feature","id":1650,"geometry":{"type":"LineString","coordinates":[[-76.43173036099995,8.5568856040000583],[-76.389719945999957,8.4663937150000379]]},"properties":{"OBJECTID":1650,"tipo":"Falla","nombre_falla":null,"Shape_Length":0.099768015632584556}},{"type":"Feature","id":1651,"geometry":{"type":"LineString","coordinates":[[-75.291776818999949,7.1258922660000508],[-75.309837124999945,7.1543428370000584],[-75.305455779999988,7.2607841510000526],[-75.214948495999977,7.5179111820000344],[-75.206582337999976,7.59622932700006],[-75.211546082999973,7.5870706910000649]]},"properties":{"OBJECTID":1651,"tipo":"Falla","nombre_falla":null,"Shape_Length":0.50200229133604046}},{"type":"Feature","id":1652,"geometry":{"type":"LineString","coordinates":[[-76.53610824499998,8.2078815020000206],[-76.418084520999969,8.1872853350000696]]},"properties":{"OBJECTID":1652,"tipo":"Falla","nombre_falla":null,"Shape_Length":0.11980735170230855}},{"type":"Feature","id":1653,"geometry":{"type":"LineString","coordinates":[[-75.651527978999979,3.0212032950000207],[-75.608595703999981,3.1274938100000327],[-75.576264357999946,3.1590838030000441],[-75.55785336799994,3.2052340320000212],[-75.496730855999942,3.262964003000036],[-75.461768120999977,3.2745188780000376]]},"properties":{"OBJECTID":1653,"tipo":"Falla inversa o de cabalgamiento","nombre_falla":"Falla de El Fraile-La Pava","Shape_Length":0.33042120067925645}},{"type":"Feature","id":1654,"geometry":{"type":"LineString","coordinates":[[-77.274080789999971,2.0107870060000437],[-77.340494244999945,1.8356160470000304],[-77.353745759999981,1.6699048420000508],[-77.475451014999976,1.5062543630000391],[-77.486771300999976,1.3907112540000526]]},"properties":{"OBJECTID":1654,"tipo":"Falla","nombre_falla":"Falla de Cauca-Patía","Shape_Length":0.67361997849014532}},{"type":"Feature","id":1655,"geometry":{"type":"LineString","coordinates":[[-75.996103828999935,2.6821980890000532],[-75.967548309999984,2.743654308000032],[-75.949141073999954,2.9017966440000578]]},"properties":{"OBJECTID":1655,"tipo":"Falla","nombre_falla":"Falla de Símbola","Shape_Length":0.22697639879366122}},{"type":"Feature","id":1656,"geometry":{"type":"LineString","coordinates":[[-75.975140228999976,2.8522844580000424],[-76.003302080999958,2.7332137190000481],[-76.057027509999955,2.6782731070000523]]},"properties":{"OBJECTID":1656,"tipo":"Falla","nombre_falla":"Falla de Tálaga","Shape_Length":0.19919905383593645}},{"type":"Feature","id":1657,"geometry":{"type":"LineString","coordinates":[[-76.025980235999953,2.7082579750000377],[-75.996103828999935,2.6821980890000532]]},"properties":{"OBJECTID":1657,"tipo":"Falla","nombre_falla":null,"Shape_Length":0.039644890636283563}},{"type":"Feature","id":1658,"geometry":{"type":"LineString","coordinates":[[-72.606266893999987,7.3319183820000262],[-72.596993692999945,7.377883860000054],[-72.629048524999973,7.5173258870000268],[-72.601551254999947,7.5838764420000757]]},"properties":{"OBJECTID":1658,"tipo":"Falla","nombre_falla":null,"Shape_Length":0.26197799125197641}},{"type":"Feature","id":1659,"geometry":{"type":"LineString","coordinates":[[-72.991687678999938,7.7992626540000742],[-72.978357155999959,7.8381481780000399],[-72.937845641999957,7.8814721050000571]]},"properties":{"OBJECTID":1659,"tipo":"Falla","nombre_falla":null,"Shape_Length":0.10042097302330034}},{"type":"Feature","id":1660,"geometry":{"type":"MultiLineString","coordinates":[[[-72.797121681999954,7.6335362460000624],[-72.919063734999952,7.4882854460000203]],[[-72.919063734999952,7.4882854460000203],[-72.949434703999941,7.4175285620000295]]]},"properties":{"OBJECTID":1660,"tipo":"Falla","nombre_falla":null,"Shape_Length":0.26665097592642406}},{"type":"Feature","id":1661,"geometry":{"type":"LineString","coordinates":[[-72.800582854999959,7.6391499730000305],[-72.824208320999958,7.6668879770000444]]},"properties":{"OBJECTID":1661,"tipo":"Falla de rumbo sinestral","nombre_falla":null,"Shape_Length":0.036435690052774868}},{"type":"Feature","id":1662,"geometry":{"type":"LineString","coordinates":[[-72.95817458099998,7.5398246460000564],[-72.910791453999934,7.6019510140000648],[-72.824208320999958,7.6668879770000444]]},"properties":{"OBJECTID":1662,"tipo":"Falla inversa o de cabalgamiento","nombre_falla":"Falla de Las Mercedes","Shape_Length":0.18636220021738659}},{"type":"Feature","id":1663,"geometry":{"type":"LineString","coordinates":[[-72.796748703999981,7.6433056090000377],[-72.791900853999948,7.5543899650000412],[-72.827105920999941,7.4880135330000712]]},"properties":{"OBJECTID":1663,"tipo":"Falla inversa o de cabalgamiento","nombre_falla":"Falla de Cuperena","Shape_Length":0.16418243170370433}},{"type":"Feature","id":1664,"geometry":{"type":"LineString","coordinates":[[-72.782388028999947,7.760012161000077],[-72.796748703999981,7.6433056090000377]]},"properties":{"OBJECTID":1664,"tipo":"Falla","nombre_falla":"Falla de Cuperena","Shape_Length":0.11758676909497288}},{"type":"Feature","id":1665,"geometry":{"type":"LineString","coordinates":[[-72.751540901999988,7.3760437850000358],[-72.747499437999977,7.3072949010000343]]},"properties":{"OBJECTID":1665,"tipo":"Falla inversa o de cabalgamiento","nombre_falla":"Falla de Mutiscua","Shape_Length":0.068867572067766697}},{"type":"Feature","id":1666,"geometry":{"type":"LineString","coordinates":[[-72.79602693399994,7.6432780530000741],[-72.779315575999988,7.6258547480000516],[-72.744397185999958,7.5150104090000696],[-72.734537943999953,7.3962557280000283],[-72.751540901999988,7.3760437850000358]]},"properties":{"OBJECTID":1666,"tipo":"Falla","nombre_falla":null,"Shape_Length":0.28593219493615213}},{"type":"Feature","id":1667,"geometry":{"type":"LineString","coordinates":[[-72.770666098999982,7.6041366370000674],[-72.76583003099995,7.6439240210000321],[-72.71871675899996,7.7007645940000202],[-72.717608757999983,7.7323813500000256],[-72.663062518999936,7.7808249460000525],[-72.643823961999942,7.8490946360000748]]},"properties":{"OBJECTID":1667,"tipo":"Falla de rumbo dextral","nombre_falla":null,"Shape_Length":0.28942514722567791}},{"type":"Feature","id":1668,"geometry":{"type":"LineString","coordinates":[[-72.601551299999983,7.5838764220000598],[-72.59518652099996,7.6505548840000301],[-72.536006381999982,7.6940359300000409],[-72.506458901999963,7.7591174960000444],[-72.476080854999964,7.7803422390000492]]},"properties":{"OBJECTID":1668,"tipo":"Falla","nombre_falla":null,"Shape_Length":0.24895103628911805}},{"type":"Feature","id":1669,"geometry":{"type":"LineString","coordinates":[[-72.715608715999963,7.8076887430000284],[-72.684770979999939,7.8281800080000608],[-72.492891141999962,7.8740806230000544]]},"properties":{"OBJECTID":1669,"tipo":"Falla","nombre_falla":null,"Shape_Length":0.23431863261320474}},{"type":"Feature","id":1670,"geometry":{"type":"LineString","coordinates":[[-72.651436714999988,7.7480764160000604],[-72.644031999999982,7.7602774550000504],[-72.59225235599996,7.7665342840000449]]},"properties":{"OBJECTID":1670,"tipo":"Falla","nombre_falla":null,"Shape_Length":0.066428479424474732}},{"type":"Feature","id":1671,"geometry":{"type":"LineString","coordinates":[[-73.26488429799997,9.0114623700000607],[-73.256005778999963,8.9079508550000241],[-73.234614977999968,8.8650195540000709],[-73.251666987999954,8.8054294280000249]]},"properties":{"OBJECTID":1671,"tipo":"Falla","nombre_falla":null,"Shape_Length":0.21383869940264849}}]}